https://www.usatoday.com/https://www.usatoday.com/story/sports/nfl/2021/02/09/reich-adds-mawae-milanovich-to-revamped-coaching-staff/115456610/, Reich adds Mawae| Milanovich to revamped coaching staff, 0
https://www.usatoday.com/https://www.usatoday.com/story/money/food/2021/02/09/aunt-jemima-pancake-mix-renamed-pearl-milling-company/4460628001/, Aunt Jemima being renamed Pearl Milling Company, 0
https://www.usatoday.com/https://www.usatoday.com/story/sports/golf/2021/02/09/column-a-shot-for-kamaiu-johnson-a-boost-for-minority-tour/43381461/, Column: A shot for Kamaiu Johnson| a boost for minority tour, 0
https://www.usatoday.com/https://www.usatoday.com/story/nletter/For-the-love-of-the-game/2021/02/09/tom-brady-enjoys-seventh-super-bowl-title-surrounded-family/4423784001/, Tom Brady enjoys seventh Super Bowl title surrounded by family, 0
https://www.usatoday.com/https://www.usatoday.com/videos/news/nation/2021/02/10/republicans-criticize-trump-lawyers-performance/4461103001/, Republicans criticize Trump lawyers' performance, 0
https://www.usatoday.com/https://www.usatoday.com/videos/news/politics/2021/02/10/trump-impeachment-trial-biggest-moments-first-day/4461049001/, Trump impeachment trial: Biggest moments from the first day, 0
https://www.usatoday.com/https://www.usatoday.com/story/sports/nfl/2021/02/09/chiefs-assistant-coach-britt-reid-on-leave-after-crash/43381465/, Chiefs assistant coach Britt Reid on leave after crash, 0
https://www.usatoday.com/https://www.usatoday.com/story/sports/tennis/2021/02/09/the-latest-serena-williams-djokovic-headline-day-3/43381467/, The Latest: Kyrgios saves match points in win over Humbert, 0
https://www.usatoday.com/https://www.usatoday.com/story/news/2021/02/09/black-history-reporter-civil-rights-activists/3899761001/, USA TODAY writer blessed to hear Black history from civil rights vets, 0
https://www.usatoday.com/https://www.usatoday.com/story/sports/nba/2021/02/09/once-a-knick-always-a-knick-rose-back-in-new-york-lineup/115456688/, Once a Knick| always a Knick: Rose back in New York lineup, 0
https://www.usatoday.com/https://www.usatoday.com/story/sports/nfl/chiefs/2021/02/09/britt-reid-placed-administrative-leave-kansas-city-chiefs/4461224001/, Britt Reid placed on administrative leave by Kansas City Chiefs, 0
https://www.usatoday.com/https://www.usatoday.com/story/news/factcheck/2021/02/09/fact-check-teeth-fuggler-dolls-arent-real-viral-meme-claims/4449850001/, Fact check: Teeth on Fuggler dolls aren't real| as viral meme claims, 0
https://www.usatoday.com/https://www.usatoday.com/videos/news/nation/2021/02/10/ohio-officer-posts-bail-death-andre-hill/4461344001/, Ohio officer posts bail in death of Andre Hill, 0
https://www.usatoday.com/https://www.usatoday.com/story/nletter/in-california/2021/02/09/california-why-kobe-bryants-helicopter-crashed-schools-reopen/4460941001/, In California: Why Kobe Bryant's helicopter crashed. Will schools reopen?, 0
https://www.usatoday.com/https://www.usatoday.com/videos/entertainment/2021/02/10/robin-wrights-weighty-directorial-debut-land/4461786001/, Robin Wright's weighty directorial debut 'Land', 0
https://www.usatoday.com/https://www.usatoday.com/story/sports/nhl/jackets/2021/02/09/john-tortorella-patrik-laine-benching-explanation/4461375001/, John Tortorella benched Patrik Laine for mouthing off to CBJ assistant, 0
https://www.usatoday.com/https://www.usatoday.com/videos/news/nation/2021/02/10/robin-wrights-weighty-directorial-debut-land/4461784001/, Robin Wright's weighty directorial debut 'Land', 0
https://www.usatoday.com/https://www.usatoday.com/videos/tech/2021/02/10/zoom-cat-filter-fail-lawyer-appears-court-talking-kitten/4461688001/, Cat filter Zoom fail: Lawyer appears in court as talking kitten, 0
https://www.usatoday.com/https://www.usatoday.com/story/sports/ncaab/2021/02/09/petty-no-11-alabama-hold-off-south-carolina-81-78/115456738/, Petty| No. 11 Alabama hold off South Carolina 81-78, 0
https://www.usatoday.com/https://www.usatoday.com/story/sports/ncaab/2021/02/09/adaway-carries-st-bonaventure-past-la-salle-86-73/115456754/, Adaway carries St. Bonaventure past La Salle 86-73, 0
https://www.usatoday.com/https://www.usatoday.com/story/sports/ncaab/2021/02/09/randolph-lifts-florida-am-over-nc-central-60-47/115456756/, Randolph lifts Florida A&M over NC Central 60-47, 0
https://www.usatoday.com/https://www.usatoday.com/story/sports/ncaab/2021/02/09/syracuse-sweeps-season-series-with-nc-state-77-68/43381479/, Syracuse sweeps season series with N.C. State| 77-68, 0
https://www.usatoday.com/https://www.usatoday.com/story/sports/tennis/2021/02/09/andreescus-comeback-stalls-with-loss-at-australian-open/115456764/, Djokovic holds off Tiafoe; Venus hobbles out in Australia, 0
https://www.usatoday.com/https://www.usatoday.com/story/sports/nascar/2021/02/09/kyle-busch-streaks-past-elliott-blaney-to-win-busch-clash/115456776/, Kyle Busch streaks past Elliott| Blaney to win Busch Clash, 0
https://www.usatoday.com/https://www.usatoday.com/story/sports/nascar/2021/02/09/clash-daytona-2021-kyle-busch-chase-elliott-ryan-blaney/4461734001/, Kyle Busch wins Daytona Clash after Chase Elliott crashes Ryan Blaney, 0
https://www.usatoday.com/https://www.usatoday.com/story/sports/nba/2021/02/09/grant-scores-32-pistons-beat-durant-less-nets-122-111/115456788/, Grant scores 32| Pistons beat Durant-less Nets 122-111, 0
https://www.usatoday.com/https://www.usatoday.com/story/sports/ncaab/acc/2021/02/09/duke-notre-dame-mike-krzyzewski/4462069001/, Coach K after Duke falls below .500: 'We're not accustomed to losing', 0
https://www.usatoday.com/https://www.usatoday.com/story/sports/nhl/2021/02/09/bobrovsky-shines-as-panthers-edge-red-wings-2-1/115456812/, Bobrovsky shines as Panthers edge Red Wings 2-1, 0
https://www.usatoday.com/https://www.usatoday.com/story/sports/ncaab/2021/02/09/michigan-st-edges-penn-st-60-58-behind-henrys-20-points/115456858/, Michigan St. edges Penn St. 60-58 behind Henry's 20 points, 0
https://www.usatoday.com/https://www.usatoday.com/videos/news/nation/2021/02/10/us-senate-agrees-hear-trump-impeachment-case/4462933001/, US Senate agrees to hear Trump impeachment case, 0
https://www.usatoday.com/https://www.usatoday.com/story/sports/ncaab/2021/02/09/arkansas-ends-8-game-losing-streak-to-kentucky-81-80/115456872/, Arkansas ends 8-game losing streak to Kentucky| 81-80, 0
https://www.usatoday.com/https://www.usatoday.com/videos/sports/nfl/sportspulse/2021/02/10/next-brady-seahawks-russell-wilson-says-he-wants-20-plus-year-career/4463013001/, The next Brady? Seahawks Russell Wilson says he wants a '20-plus year' career, 0
https://www.usatoday.com/https://www.usatoday.com/story/sports/ncaab/2021/02/09/pippen-lifts-kent-st-past-bowling-green-71-67/115456892/, Pippen lifts Kent St. past Bowling Green 71-67, 0
https://www.usatoday.com/https://www.usatoday.com/story/news/factcheck/2021/02/09/fact-check-joe-biden-misquoted-executive-orders-dictators/4312016001/, Fact check: Joe Biden misquoted on executive orders| dictators, 0
https://www.usatoday.com/https://www.usatoday.com/videos/news/2021/02/10/youtube-teenagers-job-and-hes-turning-into-career/4463056001/, YouTube is this teenager's job| and he's turning it into a career, 0
https://www.usatoday.com/https://www.usatoday.com/story/sports/nhl/2021/02/09/oilers-offense-comes-from-defensemen-in-3-2-win-over-sens/115456902/, Oilers' offense comes from defensemen in 3-2 win over Sens, 0
https://www.usatoday.com/https://www.usatoday.com/story/sports/nba/2021/02/09/heat-dig-deep-hold-off-knicks-98-96-to-sweep-home-and-home/115456920/, Heat dig deep| hold off Knicks 98-96 to sweep home-and-home, 0
https://www.usatoday.com/https://www.usatoday.com/story/sports/nba/mavericks/2021/02/09/mavericks-not-playing-national-anthem-mark-cuban/4462288001/, Mark Cuban: National anthem won't be played before Mavericks games, 0
https://www.usatoday.com/https://www.usatoday.com/story/sports/mlb/2021/02/09/mlb-opens-harassment-hotline-after-porter-callaway-scandals/115456930/, MLB opens harassment hotline after Porter| Callaway scandals, 0
https://www.usatoday.com/https://www.usatoday.com/story/sports/nascar/2021/02/09/dale-earnhardt-20th-anniversary-daytona-500-crash-death-memories/4463057001/, Dale Earnhardt memories are a daily occurrence for NASCAR fans, 0
https://www.usatoday.com/https://www.usatoday.com/story/sports/nba/2021/02/09/mavs-owner-cuban-stops-playing-national-anthem-at-home-games/43381503/, Mavs owner Cuban stops playing national anthem at home games, 0
https://www.usatoday.com/https://www.usatoday.com/story/sports/nba/2021/02/09/hart-gives-pelicans-a-boost-in-130-101-win-over-rockets/43381507/, Hart gives Pelicans a boost in 130-101 win over Rockets, 0
https://www.usatoday.com/https://www.usatoday.com/story/entertainment/celebrities/2021/02/09/pedro-pascal-supports-sister-after-she-comes-out-trans/4461384001/, Pedro Pascal supports sister Lux after she comes out as trans, 0
https://www.usatoday.com/https://www.usatoday.com/story/sports/ncaab/2021/02/09/jones-scores-24-no-13-texas-outlasts-kansas-state-80-77/115456974/, Jones scores 24| No. 13 Texas outlasts Kansas State 80-77, 0
https://www.usatoday.com/https://www.usatoday.com/videos/news/nation/2021/02/10/today-history-february-10th/4463945001/, Today in History for February 10th, 0
https://www.usatoday.com/https://www.usatoday.com/story/sports/ncaab/2021/02/09/auburn-snaps-3-game-skid-beating-vanderbilt-73-67/43381521/, Auburn snaps 3-game skid beating Vanderbilt 73-67, 0
https://www.usatoday.com/https://www.usatoday.com/story/sports/nba/2021/02/09/curry-leads-warriors-to-114-91-victory-ending-spurs-streak/115456990/, Curry leads Warriors to 114-91 victory| ending Spurs' streak, 0
https://www.usatoday.com/https://www.usatoday.com/story/sports/nhl/2021/02/09/blackhawks-beat-stars-2-1-in-ot-for-second-straight-victory/115457010/, Blackhawks beat Stars 2-1 in OT for second straight victory, 0
https://www.usatoday.com/https://www.usatoday.com/story/sports/ncaab/2021/02/09/bishop-leads-no-19-creighton-past-cold-shooting-hoyas-63-48/43381523/, Bishop leads No. 19 Creighton past cold-shooting Hoyas 63-48, 0
https://www.usatoday.com/https://www.usatoday.com/story/sports/ncaab/2021/02/09/no-14-west-virginia-sweeps-no-7-texas-tech-with-82-71-win/115457028/, No. 14 West Virginia sweeps No. 7 Texas Tech with 82-71 win, 0
https://www.usatoday.com/https://www.usatoday.com/story/sports/media/2021/02/09/colin-cowherd-medical-emergency-blood-clot/4463952001/, Colin Cowherd misses shows following weekend medical emergency, 0
https://www.usatoday.com/https://www.usatoday.com/story/sports/ncaab/2021/02/09/nembhard-scores-20-tcu-rallies-late-to-beat-iowa-st-79-76/115457038/, Nembhard scores 20; TCU rallies late to beat Iowa St. 79-76, 0
https://www.usatoday.com/https://www.usatoday.com/story/sports/ncaab/2021/02/09/no-14-west-virginia-sweeps-no-7-texas-tech-with-road-win/115457040/, No. 14 West Virginia sweeps No. 7 Texas Tech with road win, 0
https://www.usatoday.com/https://www.usatoday.com/story/entertainment/music/2021/02/09/korean-american-k-pop-stars-promote-mental-health-awareness/4464604001/, Korean American K-pop stars promote mental health awareness, 0
https://www.usatoday.com/https://www.usatoday.com/story/sports/tennis/aus/2021/02/09/serena-williams-nina-stojanovic-second-round-australian-open/4464610001/, Serena Williams cruises into third round of Australian Open, 0
https://www.usatoday.com/https://www.usatoday.com/story/sports/nhl/2021/02/09/stamkos-joseph-lead-lightning-past-preds-6-1-for-6th-in-row/43381525/, Stamkos| Joseph lead Lightning past Preds 6-1 for 6th in row, 0
https://www.usatoday.com/https://www.usatoday.com/story/sports/ncaab/2021/02/09/nze-thompson-double-up-to-send-butler-past-st-johns-in-ot/43381549/, Nze| Thompson double up to send Butler past St. John's in OT, 0
https://www.usatoday.com/https://www.usatoday.com/story/money/shopping/2021/02/10/online-grocery-shopping-aldi-instacart-curbside-pickup/4440664001/, Aldi curbside pickup: Grocer adding Instacart service at 500 stores, 0
https://www.usatoday.com/https://www.usatoday.com/story/sports/ncaab/big12/2021/02/09/chris-beard-ejection-tirade-texas-tech-west-virginia/4464775001/, Chris Beard ejected following tirade late in Texas Tech's loss to WVU, 0
https://www.usatoday.com/https://www.usatoday.com/story/sports/nba/2021/02/10/lillard-has-36-and-portland-downs-orlando-106-97/43381569/, Lillard has 36 and Portland downs Orlando 106-97, 0
https://www.usatoday.com/https://www.usatoday.com/story/sports/nba/2021/02/10/embiid-helps-76ers-pull-away-late-for-119-111-win-over-kings/43381579/, Embiid helps 76ers pull away late for 119-111 win over Kings, 0
https://www.usatoday.com/https://www.usatoday.com/story/sports/nhl/rangers/2021/02/09/rangers-alexandar-georgiev-discusses-tony-deangelo-altercation/4465072001/, Rangers' Alexandar Georgiev discusses altercation with Tony DeAngelo, 0
https://www.usatoday.com/https://www.usatoday.com/story/sports/nhl/2021/02/10/lindholms-late-goal-lifts-flames-past-jets-3-2/115457064/, Lindholm's late goal lifts Flames past Jets 3-2, 0
https://www.usatoday.com/https://www.usatoday.com/story/sports/nhl/2021/02/10/whitecloud-scores-late-lifts-vegas-to-5-4-win-over-ducks/115457086/, Whitecloud scores late| lifts Vegas to 5-4 win over Ducks, 0
https://www.usatoday.com/https://www.usatoday.com/story/sports/nba/2021/02/10/mitchell-scores-36-leads-jazz-to-122-108-win-over-celtics/43381819/, Mitchell scores 36| leads Jazz to 122-108 win over Celtics, 0
https://www.usatoday.com/https://www.usatoday.com/videos/news/nation/2021/02/10/virus-affects-small-businesses-mardi-gras-nears/4465471001/, Virus affects small businesses as Mardi Gras nears, 0
https://www.usatoday.com/https://www.usatoday.com/story/sports/nhl/2021/02/10/sharks-score-late-then-sink-kings-4-3-in-shootout/43381603/, Sharks score late| then sink Kings 4-3 in shootout, 0
https://www.usatoday.com/https://www.usatoday.com/videos/news/nation/2021/02/10/ap-explains-tax-season-and-pandemic/4465539001/, AP Explains: Tax season and the pandemic, 0
https://www.usatoday.com/https://www.usatoday.com/story/sports/tennis/2021/02/10/wawrinka-wastes-big-lead-loses-another-australia-5-setter/115457122/, Wawrinka wastes big lead| loses another Australia 5-setter, 0
https://www.usatoday.com/https://www.usatoday.com/story/sports/nhl/2021/02/10/suter-scores-winner-as-blackhawks-edge-stars-2-1-in-ot-again/43381627/, Suter scores winner as Blackhawks edge Stars 2-1 in OT again, 0
https://www.usatoday.com/https://www.usatoday.com/story/sports/nhl/2021/02/10/hey-ref-how-was-breakfast-unique-season-forges-new-bonds/43381625/, Hey ref| how was breakfast? Unique season forges new bonds, 0
https://www.usatoday.com/https://www.usatoday.com/story/sports/nfl/2021/02/10/a-look-back-at-the-bucs-impressive-run-to-super-bowl-title/115457146/, A look back at the Bucs' impressive run to Super Bowl title, 0
https://www.usatoday.com/https://www.usatoday.com/story/sports/ncaab/2021/02/10/oregon-plays-at-arizona-in-pac-12s-marquee-game-this-week/43381667/, Oregon plays at Arizona in Pac-12's marquee game this week, 0
https://www.usatoday.com/https://www.usatoday.com/story/opinion/2021/02/10/trump-senate-impeachment-trial-hard-choices-both-parties-column/4449874001/, Trump Senate impeachment trial forces hard choices on both parties, 0
https://www.usatoday.com/https://www.usatoday.com/story/sports/tennis/2021/02/10/venus-finishes-australian-open-loss-on-injured-ankle-knee/43381655/, Venus finishes Australian Open loss on injured ankle| knee, 0
https://www.usatoday.com/https://www.usatoday.com/story/news/health/2021/02/10/covid-news-california-new-york-deaths-vaccines-coronavirus/4457822001/, COVID news: Pregnant women; vaccinations; CDC; masks; French nun, 0
https://www.usatoday.com/https://www.usatoday.com/story/news/politics/2021/02/10/trump-impeachment-trial-puts-former-president-spotlight/4389726001/, Trump impeachment trial puts the former president in the spotlight, 0
https://www.usatoday.com/https://www.usatoday.com/story/opinion/2021/02/10/republican-filibusters-irresponsible-biden-deserves-votes-column/4402321001/, Irresponsible Republicans could force Democrats to kill the filibuster, 0
https://www.usatoday.com/https://www.usatoday.com/story/news/2021/02/10/impeachment-trial-serena-williams-winter-weather-super-bowl-parade/4395322001/, Impeachment trial| Super Bowl boat parade: 5 things to know Wednesday, 0
https://www.usatoday.com/https://www.usatoday.com/story/opinion/2021/02/10/covid-open-schools-spend-money-prioritize-public-health-column/4434132001/, COVID will close schools until we get serious about safety and money, 0
https://www.usatoday.com/https://www.usatoday.com/story/sports/sports-betting/2021/02/10/houston-at-south-florida-odds-picks-and-prediction/115457158/, Houston at South Florida odds| picks and prediction, 0
https://www.usatoday.com/https://www.usatoday.com/story/news/nation/2021/02/10/covid-rent-relief-emergency-rental-assistance-not-enough-big-states/4413471001/, COVID-19 relief: Emergency rental assistance leaner in big states, 0
https://www.usatoday.com/https://www.usatoday.com/videos/news/nation/2021/02/10/etiquette-and-intimacy-scenes-bridgerton/4466004001/, Etiquette and intimacy scenes in 'Bridgerton', 0
https://www.usatoday.com/https://www.usatoday.com/videos/entertainment/2021/02/10/etiquette-and-intimacy-scenes-bridgerton/4466005001/, Etiquette and intimacy scenes in 'Bridgerton', 0
https://www.usatoday.com/https://www.usatoday.com/story/sports/sports-betting/2021/02/10/rhode-island-at-saint-louis-odds-picks-and-prediction/115457162/, Rhode Island at Saint Louis odds| picks and prediction, 0
https://www.usatoday.com/https://www.usatoday.com/videos/news/nation/2021/02/10/ap-top-stories-february-10/4466015001/, AP Top Stories February 10, 0
https://www.usatoday.com/https://www.usatoday.com/picture-gallery/entertainment/celebrities/2021/02/10/carole-king-iconic-singer-songwriter-career-pictures/4388603001/, Carole King: The award-winning singer's career in pictures, 0
https://www.usatoday.com/https://www.usatoday.com/story/entertainment/music/2021/02/10/carole-king-rock-album-tapestry-turns-50-legacy/4376691001/, Carole King rock album 'Tapestry' turns 50: Why it matters, 0
https://www.usatoday.com/https://www.usatoday.com/in-depth/news/2021/02/10/trump-blamed-capitol-riot-some-who-were-arrested/4361411001/, Trump blamed for Capitol riot by some who were arrested, 0
https://www.usatoday.com/https://www.usatoday.com/story/money/investing/2021/02/10/what-to-do-if-massive-capital-gains-on-a-stock/43377105/, How to handle your gains during tax season if you made money on stocks, 0
https://www.usatoday.com/https://www.usatoday.com/story/opinion/2021/02/10/these-reforms-protect-democracy-donna-brazile-michael-steele/4433213001/, These reforms will protect democracy: Donna Brazile| Michael Steele, 0
https://www.usatoday.com/https://www.usatoday.com/story/news/education/2021/02/10/slavery-and-history-states-threaten-funding-schools-teach-1619-project/4454195001/, Slavery history: States threaten funds for schools teaching 1619 Project, 0
https://www.usatoday.com/https://www.usatoday.com/videos/sports/nfl/sportspulse/2021/02/10/virtual-radio-row-troy-aikman-talks-dak-prescott-and-if-cowboys-can-contenders-next-year/4460021001/, Virtual Radio Row: Troy Aikman talks Dak Prescott and if the Cowboys can be contenders next year, 0
https://www.usatoday.com/https://www.usatoday.com/story/news/2021/02/10/muslim-travel-ban-biden-reversal-gives-relief-divided-families/4396674001/, Muslim travel ban: Biden reversal gives relief to divided families, 0
https://www.usatoday.com/https://www.usatoday.com/videos/news/nation/2021/02/10/fishermen-rescued-ice-lake-superior/4466039001/, Fishermen rescued from ice on Lake Superior, 0
https://www.usatoday.com/https://www.usatoday.com/videos/entertainment/2021/02/10/day-10-february-1942/4466042001/, On This Day: 10 February 1942, 0
https://www.usatoday.com/https://www.usatoday.com/videos/news/nation/2021/02/10/day-10-february-1942/4466040001/, On This Day: 10 February 1942, 0
https://www.usatoday.com/https://www.usatoday.com/story/sports/soccer/2021/02/10/atletico-chelsea-match-in-champions-league-moved-to-romania/115457562/, Atletico-Chelsea match in Champions League moved to Romania, 0
https://www.usatoday.com/https://www.usatoday.com/videos/news/nation/2021/02/10/sacramento-police-seek-driver-after-hit-and-run-leaves-mother-and-child-hurt/4466075001/, Sacramento Police seek driver after hit-and-run leaves mother and child hurt, 0
https://www.usatoday.com/https://www.usatoday.com/story/entertainment/movies/2021/02/10/wizard-oz-remake-planned-watchmen-director-nicole-kassell/4466102001/, ‘Wizard of Oz’ remake planned with ‘Watchmen’ director Nicole Kassell, 0
https://www.usatoday.com/https://www.usatoday.com/story/nletter/2021/02/10/impeachment-trial-serena-williams-winter-weather-super-bowl-parade/4466027001/, Impeachment trial| Super Bowl boat parade: Daily Briefing, 0
https://www.usatoday.com/https://www.usatoday.com/in-depth/entertainment/music/2021/02/10/best-essential-hip-hop-and-rap-songs-come-out-atlanta/4407478001/, The best essential hip-hop and rap songs to come out of Atlanta, 0
https://www.usatoday.com/https://www.usatoday.com/story/opinion/2021/02/10/remote-learning-public-school-teacher-union-column/4436558001/, Remote learning is failing students. Teacher unions fail children., 0
https://www.usatoday.com/https://www.usatoday.com/story/money/columnist/2021/02/10/whats-store-small-business-chinese-new-year/4438943001/, Lunar New Year: What's in store for small business in year of Ox, 0
https://www.usatoday.com/https://www.usatoday.com/picture-gallery/travel/advice/2021/02/10/2021-camping-guide-what-know-if-you-want-camp-during-covid/4457737001/, 2021 camping guide: What to know if you want to camp during COVID, 0
https://www.usatoday.com/https://www.usatoday.com/story/travel/news/2021/02/10/camping-how-far-ahead-should-you-reserve-a-spot/4453435001/, Camping: Here's how far ahead you need to book spring| summer trips, 0
https://www.usatoday.com/https://www.usatoday.com/in-depth/entertainment/music/2021/02/10/atlanta-hip-hop-how-outkast-goodie-mob-changed-rap-forever/4407393001/, Atlanta hip-hop: How OutKast| Goodie Mob changed rap forever, 0
https://www.usatoday.com/https://www.usatoday.com/story/news/politics/2021/02/10/trump-impeachment-trial-democrats-try-connect-trump-riots/4422675001/, Trump impeachment trial: Day 2 of Trump's impeachment trial wraps up, 0
https://www.usatoday.com/https://www.usatoday.com/story/money/investing/2021/02/10/should-you-buy-bitcoin-or-just-mine-it-its-complicated/115451462/, Should you buy Bitcoin or just mine it? It's complicated., 0
https://www.usatoday.com/https://www.usatoday.com/videos/entertainment/2021/02/10/biopic-pick-riz-ahmed/4466179001/, Biopic Pick: Riz Ahmed, 0
https://www.usatoday.com/https://www.usatoday.com/videos/news/nation/2021/02/10/biopic-pick-riz-ahmed/4466177001/, Biopic Pick: Riz Ahmed, 0
https://www.usatoday.com/https://www.usatoday.com/videos/news/nation/2021/02/10/biopic-pick-gary-oldman/4466260001/, Biopic Pick: Gary Oldman, 0
https://www.usatoday.com/https://www.usatoday.com/videos/entertainment/2021/02/10/biopic-pick-gary-oldman/4466263001/, Biopic Pick: Gary Oldman, 0
https://www.usatoday.com/https://www.usatoday.com/story/sports/sports-betting/2021/02/10/indiana-at-northwestern-odds-picks-and-prediction/115457234/, Indiana at Northwestern odds| picks and prediction, 0
https://www.usatoday.com/https://www.usatoday.com/videos/sports/nfl/sportspulse/2021/02/10/cowboys-super-bowl-contenders-troy-aikman-believes-theyll-thick-things-next-year/4459941001/, Are Cowboys Super Bowl contenders? Troy Aikman believes they'll be in the 'thick of things next year', 0
https://www.usatoday.com/https://www.usatoday.com/story/sports/nfl/cowboys/2021/02/10/troy-aikman-dak-prescott-dallas-cowboys-rebuild-2021-jerry-jones/4464609001/, Troy Aikman: Dallas Cowboys| Dak Prescott need not rebuild in 2021, 0
https://www.usatoday.com/https://www.usatoday.com/story/entertainment/tv/2021/02/10/trump-impeachment-explicit-language-forces-tv-make-tough-calls/4466103001/, Trump impeachment: Explicit language forces TV to make tough calls, 0
https://www.usatoday.com/https://www.usatoday.com/story/sports/sports-betting/2021/02/10/new-orleans-pelicans-at-chicago-bulls-odds-picks-and-prediction/115457262/, New Orleans Pelicans at Chicago Bulls odds| picks and prediction, 0
https://www.usatoday.com/https://www.usatoday.com/story/sports/nba/jazz/2021/02/10/utah-jazz-nbas-best-record-championship/4465932001/, Utah Jazz| with NBA's best record| set sights on an championship, 0
https://www.usatoday.com/https://www.usatoday.com/story/sports/soccer/2021/02/10/hollywood-actors-finalize-takeover-of-welsh-soccer-club/43381723/, Hollywood actors finalize takeover of Welsh soccer club, 0
https://www.usatoday.com/https://www.usatoday.com/videos/news/nation/2021/02/10/showbiz-minute-caine-obama-kitten-lawyer/4466348001/, ShowBiz Minute: Caine| Obama| Kitten Lawyer, 0
https://www.usatoday.com/https://www.usatoday.com/videos/entertainment/2021/02/10/showbiz-minute-caine-obama-kitten-lawyer/4466351001/, ShowBiz Minute: Caine| Obama| Kitten Lawyer, 0
https://www.usatoday.com/https://www.usatoday.com/story/travel/news/2021/02/10/england-lying-high-risk-travel-could-mean-10-years-prison/4466307001/, England: Lying about high-risk travel could mean 10 years in prison, 0
https://www.usatoday.com/https://www.usatoday.com/videos/money/business/2021/02/10/aunt-jemima-rebranded-pearl-milling-company/4466349001/, Aunt Jemima to be rebranded as Pearl Milling Company, 0
https://www.usatoday.com/https://www.usatoday.com/story/sports/ftw/2021/02/10/super-bowl-2021-chiefs-patrick-mahomes-loss/4466314001/, Super Bowl 2021: Chiefs loss could make Patrick Mahomes better?, 0
https://www.usatoday.com/https://www.usatoday.com/videos/news/world/2021/02/10/europes-oldest-person-survives-covid-19-117th-birthday-week/4466321001/, Europe’s oldest person survives COVID-19; 117th birthday is this week, 0
https://www.usatoday.com/https://www.usatoday.com/story/sports/tennis/2021/02/10/australian-open-on-thursday-ash-barty-kenin-in-2nd-round/43381735/, Australian Open on Thursday: Ash Barty| Kenin in 2nd round, 0
https://www.usatoday.com/https://www.usatoday.com/story/sports/sports-betting/2021/02/10/los-angeles-clippers-at-minnesota-timberwolves-odds-picks-and-prediction/115457284/, Los Angeles Clippers at Minnesota Timberwolves odds| picks and prediction, 0
https://www.usatoday.com/https://www.usatoday.com/story/entertainment/music/2021/02/10/mary-wilson-supremes-beloved-inside-motown-tight-knit-family/4466449001/, Mary Wilson was beloved inside Motown's tight-knit family, 0
https://www.usatoday.com/https://www.usatoday.com/story/sports/nba/2021/02/10/nba-says-its-discussions-help-former-aba-players/4466523001/, NBA says it's in discussions to help former ABA players, 0
https://www.usatoday.com/https://www.usatoday.com/story/money/2021/02/10/daily-money-02-10-21/4466483001/, Daily Money 02-10-21, 0
https://www.usatoday.com/https://www.usatoday.com/story/sports/columnist/nancy-armour/2021/02/10/mark-cubans-call-not-play-national-anthem-games-long-overdue/4466404001/, Mark Cuban's call to not play national anthem at games is long overdue, 0
https://www.usatoday.com/https://www.usatoday.com/story/sports/olympics/2021/02/10/nbc-will-air-opening-ceremony-of-tokyo-olympics-live/43381745/, Tokyo Olympics opening ceremonies will air live in US, 0
https://www.usatoday.com/https://www.usatoday.com/story/sports/sports-betting/2021/02/10/oklahoma-city-thunder-at-los-angeles-lakers-odds-picks-and-prediction/115457322/, Oklahoma City Thunder at Los Angeles Lakers odds| picks and prediction, 0
https://www.usatoday.com/https://www.usatoday.com/story/sports/sports-betting/2021/02/10/rutgers-at-iowa-odds-picks-and-prediction/115457326/, Rutgers at Iowa odds| picks and prediction, 0
https://www.usatoday.com/https://www.usatoday.com/story/entertainment/music/2021/02/10/stevie-wonder-israel-wolf-prize-recipient-music-contributions/4466550001/, Stevie Wonder is Israel's Wolf Prize recipient for music contributions, 0
https://www.usatoday.com/https://www.usatoday.com/story/life/health-wellness/2021/02/10/covid-dating-during-pandemic-pros-cons-singles/4466293001/, COVID dating is tough on Tinder| apps: How singles are finding love, 0
https://www.usatoday.com/https://www.usatoday.com/story/sports/sports-betting/2021/02/10/virginia-at-georgia-tech-odds-picks-and-prediction/115457350/, Virginia at Georgia Tech odds| picks and prediction, 0
https://www.usatoday.com/https://www.usatoday.com/story/tech/2021/02/10/ohio-states-apple-app-development-and-coding-program-open-public/4466302001/, Ohio State's Apple app development and coding program open to public, 0
https://www.usatoday.com/https://www.usatoday.com/story/entertainment/music/2021/02/10/2021-rock-and-roll-hall-of-fame-nominees/4466824001/, 2021 Rock and Roll Hall of Fame: Jay-Z| Foo Fighters nominated, 0
https://www.usatoday.com/https://www.usatoday.com/videos/entertainment/celebrities/2021/02/10/michelle-obama-announces-childrens-cooking-show-waffles-mochi/4467066001/, Michelle Obama announces children’s cooking show| ‘Waffles + Mochi’, 0
https://www.usatoday.com/https://www.usatoday.com/videos/news/have-you-seen/2021/02/10/us-ambassador-releases-rap-ahead-lunar-new-year/4466774001/, US ambassador releases rap ahead of Lunar New Year, 0
https://www.usatoday.com/https://www.usatoday.com/story/sports/sports-betting/2021/02/10/georgia-at-tennessee-odds-picks-and-prediction/115457462/, Georgia at Tennessee odds| picks and prediction, 0
https://www.usatoday.com/https://www.usatoday.com/videos/sports/nba/mavericks/2021/02/10/dallas-mavericks-stop-playing-national-anthem-home-games/4467342001/, Dallas Mavericks stop playing national anthem at home games, 0
https://www.usatoday.com/https://www.usatoday.com/story/entertainment/celebrities/2021/02/10/princess-leonor-heir-spanish-throne-study-wales/4466906001/, Princess Leonor| the heir to the Spanish throne| will study in Wales, 0
https://www.usatoday.com/https://www.reviewed.com/style/features/10-things-instagram-influencers-gymshark-spanx?utm_source=usat&utm_medium=referral&utm_campaign=collab, 10 things everyone is wearing on Instagram—and where to buy them, 0
https://www.usatoday.com/https://www.usatoday.com/story/entertainment/books/2021/02/10/elizabeth-warren-picture-book-pinkie-promises-debuting-fall/4466929001/, Elizabeth Warren's picture book 'Pinkie Promises' out this fall, 0
https://www.usatoday.com/https://www.usatoday.com/story/sports/nba/2021/02/10/atlanta-krispy-kreme-owned-shaquille-oneal-damaged-raging-fire/4467447001/, Atlanta Krispy Kreme owned by Shaquille O’Neal damaged by raging fire, 0
https://www.usatoday.com/https://www.usatoday.com/story/sports/nfl/2021/02/10/super-bowl-champion-buccaneers-celebrating-with-boat-parade/115457940/, Brady-Brate trophy pass wows Bucs' Super Bowl boat parade, 0
https://www.usatoday.com/https://www.usatoday.com/story/sports/sports-betting/2021/02/10/indiana-pacers-at-brooklyn-nets-odds-picks-and-prediction/115457532/, Indiana Pacers at Brooklyn Nets odds| picks and prediction, 0
https://www.usatoday.com/https://www.usatoday.com/story/tech/2021/02/10/zoom-cat-filters-how-to-add-to-next-meeting/4466701001/, Zoom cat filters: Want your own? Here's how to add to next video call, 0
https://www.usatoday.com/https://www.usatoday.com/videos/news/nation/2021/02/10/george-washingtons-hair-and-other-presidential-keepsakes-set-fetch-thousands-auction/4466759001/, George Washington’s hair and other presidential keepsakes set to fetch thousands at auction, 0
https://www.usatoday.com/https://www.usatoday.com/story/sports/olympics/2021/02/10/pandemic-shakes-up-olympic-gymnastics-qualification/115459386/, Pandemic shakes up Olympic gymnastics qualification, 0
https://www.usatoday.com/https://www.reviewed.com/cutlery/features/hast-powder-steel-knives-review?utm_source=usat&utm_medium=referral&utm_campaign=collab, This knife set is perfect for the minimalist home chef, 0
https://www.usatoday.com/https://www.usatoday.com/story/money/restaurants/2021/02/10/mcdonalds-hi-c-drink-orange-lavaburst-fanta-coming-back/4454968001/, McDonald's Hi-C Orange Lavaburst| Fanta Orange coming back by June, 0
https://www.usatoday.com/https://www.usatoday.com/story/news/world/2021/02/10/nun-worlds-second-oldest-person-survives-covid-19-116/6702095002/, Nun| world's second-oldest person survives COVID-19 at 116, 0
https://www.usatoday.com/https://www.usatoday.com/videos/news/weather/2021/02/10/snow-blankets-much-vermont-during-early-february-storm/4414200001/, Snow blankets much of Vermont during early February storm, 0
https://www.usatoday.com/https://www.reviewed.com/beauty/features/what-eczema-and-how-can-you-treat?utm_source=usat&utm_medium=referral&utm_campaign=collab, What is eczema—and how can you treat it?, 0
https://www.usatoday.com/https://www.usatoday.com/story/sports/sports-betting/2021/02/10/missouri-at-ole-miss-odds-picks-and-prediction/115457686/, Missouri at Ole Miss odds| picks and prediction, 0
https://www.usatoday.com/https://www.usatoday.com/story/news/world/2021/02/10/powerful-undersea-earthquakes-new-zealand-indonesia/4467428001/, Earthquake: 7.7 magnitude strikes near New Zealand; 6.2 near Indonesia, 0
https://www.usatoday.com/https://www.usatoday.com/story/tech/2021/02/10/zoom-cat-filters-how-to-add-to-next-meeting/4466701001/, Zoom filters, 0
https://www.usatoday.com/https://www.usatoday.com/videos/news/nation/2021/02/10/waterston-the-world-come-echoes-life-lockdown/6702844002/, Waterston: 'The World to Come' echoes life in lockdown, 0
https://www.usatoday.com/https://www.usatoday.com/videos/entertainment/2021/02/10/waterston-the-world-come-echoes-life-lockdown/6702855002/, Waterston: 'The World to Come' echoes life in lockdown, 0
https://www.usatoday.com/https://www.usatoday.com/story/news/politics/2021/02/10/who-is-trump-impeachment-lawyer-bruce-castor/4466093001/, Bruce Castor: Who is the lawyer who opened Trump impeachment defense?, 0
https://www.usatoday.com/https://www.usatoday.com/story/tech/2021/02/22/t-mobile-5-g-wireless-plan-more-hot-spot-data-4-k-video-streaming/4539115001/, 5G 📲 cost, 0
https://www.usatoday.com/https://www.usatoday.com/story/tech/columnist/2021/01/30/apple-watch-tips-how-find-phone-screenshot-larger-text/4294610001/, Apple Watch, 0
https://www.usatoday.com/https://www.usatoday.com/story/money/restaurants/2021/02/10/mcdonalds-hi-c-drink-orange-lavaburst-fanta-coming-back/4454968001/, Hi-C Orange 🥤, 0
https://www.usatoday.com/https://www.usatoday.com/story/money/2021/02/09/covid-vaccine-appointments-cvs-walgreens-kroger-rite-aid/4450224001/, COVID vaccine, 0
https://www.usatoday.com/https://www.usatoday.com/story/sports/sports-betting/2021/02/10/toronto-raptors-at-washington-wizards-odds-picks-and-prediction/115457724/, Toronto Raptors at Washington Wizards odds| picks and prediction, 0
https://www.usatoday.com/https://www.usatoday.com/story/sports/nfl/2021/02/10/qb-heinicke-re-signs-with-washington-for-875m-over-2-years/43382009/, QB Heinicke re-signs with Washington for $8.75M over 2 years, 0
https://www.usatoday.com/https://www.usatoday.com/story/money/cars/2021/02/18/consumer-reports-2021-top-picks-new-cars-trucks-suvs/6763979002/, Consumer Reports, 0
https://www.usatoday.com/https://www.usatoday.com/story/money/shopping/2021/02/03/sears-kmart-closing-stores-list-2021/4371235001/, Sears| Kmart, 0
https://www.usatoday.com/https://www.usatoday.com/videos/news/have-you-seen/2021/02/10/krispy-kreme-store-owned-shaquille-oneal-goes-up-flames/6702845002/, Krispy Kreme store owned by Shaquille O'Neal goes up in flames, 0
https://www.usatoday.com/https://www.usatoday.com/picture-gallery/entertainment/2021/02/10/rock-roll-hall-fame-2021-nominees-in-photos/6702534002/, Rock & Roll Hall of Fame 2021 nominees: See who's up for induction, 0
https://www.usatoday.com/https://www.usatoday.com/story/entertainment/movies/2021/02/10/minari-movie-review-korean-family-movingly-tackles-american-dream/4445239001/, 'MInari' review: A Korean family movingly tackles the American Dream, 0
https://www.usatoday.com/https://www.usatoday.com/story/news/politics/2021/02/10/biden-i-am-not-watching-trump-impeachment-trial-focuses-covid/4457383001/, Biden: 'I am not' watching Trump impeachment trial| focuses on COVID, 0
https://www.usatoday.com/https://www.usatoday.com/story/money/2021/02/10/babe-wine-launches-babe-100-calorie-canned-wine-zero-sugar/4443791001/, Babe Wine launches Babe 100-calorie canned wine with zero sugar, 0
https://www.usatoday.com/https://www.usatoday.com/story/sports/2021/02/10/national-anthem-sports-why-played-mark-cuban-colin-kaepernick/6702871002/, National anthem at sporting events: How song became U.S. sports staple, 0
https://www.usatoday.com/https://www.usatoday.com/story/travel/cruises/2021/02/10/cruising-oceanias-2023-around-world-cruise-sells-out-1-day/4466641001/, Cruising: Oceania's 2023 around-the-world cruise sells out in 1 day, 0
https://www.usatoday.com/https://www.usatoday.com/story/news/nation/2021/02/10/new-iberia-girl-found-safe-after-louisiana-amber-alert/4466863001/, Louisiana sanitation worker helps find missing 10-year-old girl, 0
https://www.usatoday.com/https://www.usatoday.com/picture-gallery/entertainment/celebrities/2021/02/10/emma-roberts-through-the-years/4461807001/, Emma Roberts: 'American Horror Story' star through the years, 0
https://www.usatoday.com/https://www.usatoday.com/videos/news/nation/2021/02/10/poll-1-3-americans-skeptical-covid-shots/6703921002/, Poll: 1 in 3 Americans skeptical of COVID shots, 0
https://www.usatoday.com/https://www.usatoday.com/story/entertainment/tv/2021/02/10/netflix-vanishing-cecil-hotel-you-wont-want-check-out/4448854001/, Netflix’s 'Vanishing at the Cecil Hotel': You won’t want to check out, 0
https://www.usatoday.com/https://www.usatoday.com/story/money/restaurants/2021/02/10/popeyes-chicken-cajun-flounder-sandwich-lent-season/6703386002/, Popeyes fish sandwich 2021: Cajun Flounder Sandwich arrives Thursday, 0
https://www.usatoday.com/https://www.usatoday.com/story/entertainment/books/2021/02/10/aubrey-plaza-legend-of-the-christmas-wish-book-debut-october/6702247002/, Aubrey Plaza: 'Parks and Recreation' star's book to debut in October, 0
https://www.usatoday.com/https://www.usatoday.com/story/entertainment/music/2021/02/10/bruce-springsteen-faces-drunken-driving-charge-new-jersey/6704466002/, Bruce Springsteen initially refused breath test before arrest: Police, 0
https://www.usatoday.com/https://www.usatoday.com/story/sports/ncaaf/bigten/2021/02/10/jim-harbaugh-larger-burden-michigan-football-coaching-staff/6703965002/, Michigan's Jim Harbaugh adding burden this college football season, 0
https://www.usatoday.com/https://www.usatoday.com/videos/news/nation/2021/02/10/queer-online-series-meets-eager-russian-lgbtq-audience/6704531002/, Queer online series meets eager Russian LGBTQ audience, 0
https://www.usatoday.com/https://www.usatoday.com/videos/entertainment/2021/02/10/queer-online-series-meets-eager-russian-lgbtq-audience/6704537002/, Queer online series meets eager Russian LGBTQ audience, 0
https://www.usatoday.com/https://www.10best.com/interests/festivals-events/mardi-gras-celebrate-at-home-10-ways/, Here are 10 ways to celebrate Mardi Gras at home, 0
https://www.usatoday.com/https://www.usatoday.com/story/sports/nascar/2021/02/10/2017-nascar-champion-truex-signs-extension-with-joe-gibbs/115458464/, 2017 NASCAR champion Truex signs extension with Joe Gibbs, 0
https://www.usatoday.com/https://www.usatoday.com/story/news/politics/elections/2021/02/10/georgia-prosecutors-investigating-election-meddling-after-trump-calls/6703517002/, Georgia prosecutors investigating election meddling after Trump calls, 0
https://www.usatoday.com/https://www.usatoday.com/story/news/nation/2021/02/10/dearborn-michigan-man-sick-days-died-covid-19/6704525002/, Michigan COVID-19 deaths: Dearborn man used first sick day in 25 years, 0
https://www.usatoday.com/https://www.usatoday.com/story/sports/nba/2021/02/10/tests-await-heat-who-open-longest-road-trip-since-2009/115458482/, Tests await Heat| who open longest road trip since 2009, 0
https://www.usatoday.com/https://www.usatoday.com/story/entertainment/music/2021/02/10/rebecca-black-opens-up-remixing-friday-video-10-years-later/4461140001/, Rebecca Black opens up about making new 'Friday' video 10 years later, 0
https://www.usatoday.com/https://www.usatoday.com/story/nletter/health/2021/02/10/coronavirus-watch-up-4-us-cases-b-1-1-7-variant-strain-officials-say/4467475001/, Coronavirus Watch: Up to 4% of US cases are of B.1.1.7 variant strain| officials say, 0
https://www.usatoday.com/https://www.usatoday.com/story/news/nation/2021/02/10/winter-storm-bring-ice-snow-millions-along-1-500-mile-stretch/6703408002/, Winter storm to bring ice| snow to millions along 1|500-mile stretch, 0
https://www.usatoday.com/https://www.usatoday.com/story/sports/nfl/2021/02/10/nfl-carousel-will-spin-soon-and-not-just-for-quarterbacks/115458596/, NFL carousel will spin soon| and not just for quarterbacks, 0
https://www.usatoday.com/https://www.usatoday.com/story/sports/sports-betting/2021/02/10/boston-bruins-at-new-york-rangers-odds-picks-and-prediction/115458550/, Boston Bruins at New York Rangers odds| picks and prediction, 0
https://www.usatoday.com/https://www.usatoday.com/videos/sports/mlb/whatimhearing/2021/02/10/mlbs-new-2021-covid-19-protocols-stricter/6703663002/, MLB's new 2021 COVID-19 protocols are stricter, 0
https://www.usatoday.com/https://www.usatoday.com/sitemap/2021/february/10/, 1, 0
https://www.usatoday.com/https://www.usatoday.com/sitemap/2021/february/10/?page=2, 2, 0
