https://www.usatoday.com/https://www.usatoday.com/story/sports/soccer/2021/02/10/matchday-chelsea-faces-second-tier-barnsley-in-fa-cup/43382853/, MATCHDAY: Chelsea faces second-tier Barnsley in FA Cup, 0
https://www.usatoday.com/https://www.usatoday.com/story/sports/nfl/2021/02/10/lions-add-jett-modkins-deontae-pannell-to-coaching-staff/43382855/, Lions add Jett Modkins| DeOn'tae Pannell to coaching staff, 0
https://www.usatoday.com/https://www.usatoday.com/story/sports/tennis/2021/02/10/the-latest-temperature-rising-for-day-4-at-australian-open/115459864/, The Latest: Nadal beats Mmoh in straight sets in Melbourne, 0
https://www.usatoday.com/https://www.usatoday.com/videos/news/nation/2021/02/11/chilling-video-reveals-police-battle-rioters/6713897002/, Chilling video reveals police battle with rioters, 0
https://www.usatoday.com/https://www.usatoday.com/videos/news/nation/2021/02/11/zoom-cat-tastrophe-brings-attorney-internet-fame/6713930002/, Zoom 'cat-tastrophe' brings attorney Internet fame, 0
https://www.usatoday.com/https://www.usatoday.com/videos/news/nation/2021/02/11/some-iowa-bars-wont-fully-ease-virus-restrictions/6713963002/, Some Iowa bars won't fully ease virus restrictions, 0
https://www.usatoday.com/https://www.usatoday.com/videos/news/politics/2021/02/11/trump-impeachment-trial-never-seen-before-capitol-riot-footage-shown/6713846002/, Trump impeachment trial: Never-seen-before Capitol riot footage shown, 0
https://www.usatoday.com/https://www.usatoday.com/story/news/nation/2021/02/10/south-african-variant-covid-19-identified-california-newsom-says/6709139002/, South African variant of COVID-19 identified in California| Newsom says, 0
https://www.usatoday.com/https://www.usatoday.com/videos/news/nation/2021/02/11/senators-stunned-footage-capitol-siege/6714124002/, Senators stunned by footage of Capitol siege, 0
https://www.usatoday.com/https://www.usatoday.com/story/sports/ncaab/2021/02/10/forbes-scores-20-to-lift-tulane-over-tulsa-58-48/115459894/, Forbes scores 20 to lift Tulane over Tulsa 58-48, 0
https://www.usatoday.com/https://www.usatoday.com/videos/news/politics/2021/02/11/trump-impeachment-rioters-got-within-feet-representatives/6713965002/, Trump impeachment: Rioters got within feet of representatives, 0
https://www.usatoday.com/https://www.usatoday.com/story/sports/ncaab/2021/02/10/miller-scores-22-to-lead-unc-greensboro-over-furman-64-58/115459900/, Miller scores 22 to lead UNC Greensboro over Furman 64-58, 0
https://www.usatoday.com/https://www.usatoday.com/story/sports/mlb/2021/02/10/inf-lowrie-joins-as-for-a-third-stint-on-minor-league-deal/115459906/, INF Lowrie joins A's for a third stint| on minor league deal, 0
https://www.usatoday.com/https://www.usatoday.com/story/money/business/2021/02/10/salesforce-workers-remote-post-covid-least-part-time/6714241002/, Salesforce workers will be remote post-COVID| at least part-time, 0
https://www.usatoday.com/https://www.usatoday.com/story/entertainment/celebrities/2021/02/10/rihannas-fenty-fashion-collection-hold-lvmh/6712296002/, Rihanna's Fenty fashion collection on hold at LVMH, 0
https://www.usatoday.com/https://www.usatoday.com/story/tech/reviewedcom/2021/02/10/coach-outlet-get-up-75-off-leather-bags-and-more-plus-extra-15-off/6713478002/, Coach Outlet: Get up to 75% off leather bags and more plus an extra 15% off, 0
https://www.usatoday.com/https://www.usatoday.com/story/news/politics/2021/02/10/top-takeaways-day-2-donald-trump-impeachment-trial/4459682001/, Trump impeachment trial takeaways: New video| withdrawn comments, 0
https://www.usatoday.com/https://www.usatoday.com/videos/news/nation/2021/02/11/dems-lay-blame-capitol-attack-squarely-trump/6714312002/, Dems lay blame for Capitol attack squarely on Trump, 0
https://www.usatoday.com/https://www.usatoday.com/story/sports/nhl/golden-knights/2021/02/10/golden-knights-tomas-nosek-pulled-midgame-positive-covid-19-test/6713456002/, Golden Knights' Tomas Nosek pulled midgame after positive COVID test, 0
https://www.usatoday.com/https://www.usatoday.com/story/sports/ncaaw/2021/02/10/no-2-uconn-struggles-early-but-beats-seton-hall-70-49/115460000/, No. 2 UConn struggles early| but beats Seton Hall 70-49, 0
https://www.usatoday.com/https://www.usatoday.com/videos/news/nation/2021/02/11/new-york-landmark-lit-up-honor-chinese-new-year/6714598002/, New York landmark lit up to honor Chinese New Year, 0
https://www.usatoday.com/https://www.usatoday.com/story/sports/mlb/2021/02/10/albert-almora-and-mets-finalize-125m-1-year-contract/43382865/, Albert Almora and Mets finalize $1.25M| 1-year contract, 0
https://www.usatoday.com/https://www.usatoday.com/videos/news/nation/2021/02/11/graphic-new-video-shows-rioters-looking-pence/6714630002/, Graphic new video shows rioters looking for Pence, 0
https://www.usatoday.com/https://www.usatoday.com/story/sports/nba/raptors/2021/02/10/masai-ujiri-alan-strickland-lawsuits-dropped/6714581002/, Lawsuit against Raptors President Masai Ujiri dropped, 0
https://www.usatoday.com/https://www.usatoday.com/videos/entertainment/2021/02/11/larry-flynt-king-smut-and-free-speech-champion-dies-78/6714647002/, Larry Flynt| 'King of Smut' and free speech champion| dies at 78, 0
https://www.usatoday.com/https://www.usatoday.com/videos/sports/nfl/buccaneers/2021/02/11/watch-tom-brady-toss-lombardi-trophy-another-boat/6714800002/, Watch Tom Brady toss the Lombardi Trophy to another boat, 0
https://www.usatoday.com/https://www.usatoday.com/story/sports/ncaaw/2021/02/10/no-7-baylor-women-extend-decade-long-streak-over-texas-tech/43382869/, No. 7 Baylor women extend decade-long streak over Texas Tech, 0
https://www.usatoday.com/https://www.usatoday.com/story/sports/mls/2021/02/10/mls-2021-schedule-season-begin-april-17/6714851002/, MLS 2021 schedule: Season set to begin April 17, 0
https://www.usatoday.com/https://www.usatoday.com/story/sports/ncaab/2021/02/10/indiana-hands-northwestern-10th-straight-loss-79-76-in-2ot/43382883/, Indiana hands Northwestern 10th straight loss| 79-76 in 2OT, 0
https://www.usatoday.com/https://www.usatoday.com/story/sports/ncaab/2021/02/10/murphy-clark-lead-no-9-virginia-past-georgia-tech-57-49/115460032/, Murphy| Clark lead No. 9 Virginia past Georgia Tech 57-49, 0
https://www.usatoday.com/https://www.usatoday.com/story/sports/ncaaw/2021/02/10/morris-no-22-depaul-women-hold-off-st-johns-81-76/115460034/, Morris| No. 22 DePaul women hold off St. John's 81-76, 0
https://www.usatoday.com/https://www.usatoday.com/story/sports/nascar/2021/02/10/bowman-byron-give-hendrick-sweep-of-daytona-500-front-row/43382905/, Bowman| Byron give Hendrick sweep of Daytona 500 front row, 0
https://www.usatoday.com/https://www.usatoday.com/story/sports/nascar/2021/02/10/daytona-500-alex-bowman-wins-pole-position-during-nascar-qualifying/6714834002/, Daytona 500: Alex Bowman wins pole position during NASCAR qualifying, 0
https://www.usatoday.com/https://www.usatoday.com/story/sports/ncaab/2021/02/10/grimes-scores-29-points-no-8-houston-beats-south-florida/43382921/, Grimes scores 29 points| No. 8 Houston beats South Florida, 0
https://www.usatoday.com/https://www.usatoday.com/story/sports/tennis/2021/02/10/a-1st-for-rogers-she-reaches-3rd-round-at-australian-open/43382933/, Feeling pressure: 2020 champ Kenin loses at Australian Open, 0
https://www.usatoday.com/https://www.usatoday.com/story/sports/Ad-Meter/2021/02/10/jeep-pulls-bruce-springsteen-super-bowl-commercial-over-his-dwi-arrest/6714853002/, Jeep pulls Bruce Springsteen Super Bowl commercial over his DWI arrest, 0
https://www.usatoday.com/https://www.usatoday.com/story/sports/ncaab/2021/02/10/dubose-returns-to-lead-wake-forest-to-69-65-win-over-bc/43382941/, Dubose returns to lead Wake Forest to 69-65 win over BC, 0
https://www.usatoday.com/https://www.usatoday.com/story/entertainment/movies/2021/02/10/critics-slam-sia-film-music-nonsensical-and-cringe-inducing/6712473002/, 'Music': Critics slam Sia's film as 'nonsensical|' 'cringe-inducing', 0
https://www.usatoday.com/https://www.usatoday.com/story/sports/ncaaw/2021/02/10/no-19-west-virginia-women-beat-kansas-win-11th-straight/115460594/, No. 19 West Virginia women beat Kansas| win 11th straight, 0
https://www.usatoday.com/https://www.usatoday.com/story/sports/nba/2021/02/10/raptors-hit-19-3-pointers-in-137-115-rout-of-the-wizards/43382955/, Raptors hit 19 3-pointers in 137-115 rout of the Wizards, 0
https://www.usatoday.com/https://www.usatoday.com/story/sports/ncaab/2021/02/10/wieskamp-leads-no-15-iowa-to-79-66-win-over-no-25-rutgers/115460104/, Wieskamp leads No. 15 Iowa to 79-66 win over No. 25 Rutgers, 0
https://www.usatoday.com/https://www.usatoday.com/story/news/politics/2021/02/10/joe-biden-call-china-xi-jinping-raises-human-rights-trade/6715322002/, Biden in call with China's Xi raises human rights| trade, 0
https://www.usatoday.com/https://www.usatoday.com/story/sports/ncaaw/2021/02/10/wisconsin-women-take-down-no-12-ohio-state-75-70/43382985/, Wisconsin women take down No. 12 Ohio State 75-70, 0
https://www.usatoday.com/https://www.usatoday.com/story/sports/ncaab/2021/02/10/tahvanainen-carries-bradley-past-valparaiso-76-52/115460116/, Tahvanainen carries Bradley past Valparaiso 76-52, 0
https://www.usatoday.com/https://www.usatoday.com/story/sports/ncaaw/2021/02/10/sluggish-uconn-ovecomes-early-deficit-to-beat-seton-hall/43382993/, Sluggish UConn ovecomes early deficit to beat Seton Hall, 0
https://www.usatoday.com/https://www.usatoday.com/story/sports/nhl/2021/02/10/brad-marchand-scores-in-ot-bruins-beat-rangers-3-2/43382995/, Brad Marchand scores in OT| Bruins beat Rangers 3-2, 0
https://www.usatoday.com/https://www.usatoday.com/videos/news/have-you-seen/2021/02/11/rebel-fox-excited-play-snow-uk-wildlife-center/6715500002/, Rebel the fox was excited to play in snow at a UK wildlife center, 0
https://www.usatoday.com/https://www.usatoday.com/story/sports/ncaab/2021/02/10/gilbert-scores-17-wades-dunk-helps-wichita-state-beat-ucf/43383017/, Gilbert scores 17; Wade's dunk helps Wichita State beat UCF, 0
https://www.usatoday.com/https://www.usatoday.com/story/news/nation/2021/02/10/coast-guard-cubans-33-days-island-coconuts-rats-florida/6715331002/, Coast Guard rescues 3 Cubans stranded 33 days on island off Florida, 0
https://www.usatoday.com/https://www.usatoday.com/story/sports/ncaab/2021/02/10/smith-jean-baptiste-lead-chattanooga-over-wofford-78-66/115460134/, Smith| Jean-Baptiste lead Chattanooga over Wofford 78-66, 0
https://www.usatoday.com/https://www.usatoday.com/story/sports/ncaab/2021/02/10/kensmil-lifts-stephen-f-austin-over-texas-am-cc-80-68/115460146/, Kensmil lifts Stephen F. Austin over Texas A&M-CC 80-68, 0
https://www.usatoday.com/https://www.usatoday.com/story/sports/ncaab/2021/02/10/monroe-carries-sam-houston-state-past-se-louisiana-79-61/43383021/, Monroe carries Sam Houston State past SE Louisiana 79-61, 0
https://www.usatoday.com/https://www.usatoday.com/story/sports/nba/2021/02/10/kyrie-irving-has-35-points-nets-use-defense-to-rout-pacers/115460154/, Kyrie Irving has 35 points| Nets use defense to rout Pacers, 0
https://www.usatoday.com/https://www.usatoday.com/story/sports/ncaab/2021/02/10/cork-scores-23-to-carry-western-carolina-past-vmi-74-72/43383023/, Cork scores 23 to carry Western Carolina past VMI 74-72, 0
https://www.usatoday.com/https://www.usatoday.com/story/sports/ncaab/2021/02/10/no-16-tennessee-holds-on-to-beat-georgia/115460158/, No. 16 Tennessee holds on to beat Georgia, 0
https://www.usatoday.com/https://www.usatoday.com/story/sports/nba/2021/02/10/doncic-mavericks-rally-in-4th-for-118-117-win-over-hawks/115460178/, Doncic| Mavericks rally in 4th for 118-117 win over Hawks, 0
https://www.usatoday.com/https://www.usatoday.com/story/sports/ncaab/2021/02/10/no-16-tennessee-edges-georgia-behind-springer/43383025/, Mississippi upends No. 10 Missouri, 0
https://www.usatoday.com/https://www.usatoday.com/story/sports/ncaab/2021/02/10/old-dominion-tops-charlotte-in-ot-on-last-second-basket/43383027/, Old Dominion tops Charlotte in OT on last-second basket, 0
https://www.usatoday.com/https://www.usatoday.com/story/sports/nhl/2021/02/10/nhl-leading-maple-leafs-beat-canadiens-4-2/115460188/, NHL-leading Maple Leafs beat Canadiens 4-2, 0
https://www.usatoday.com/https://www.usatoday.com/story/sports/ncaab/2021/02/10/miller-scores-16-to-carry-george-mason-past-fordham-77-45/43383029/, Miller scores 16 to carry George Mason past Fordham 77-45, 0
https://www.usatoday.com/https://www.usatoday.com/story/sports/nhl/2021/02/10/bruins-beat-rangers-in-ot-nhl-leading-leafs-top-canadiens/115460206/, Bruins beat Rangers in OT; NHL-leading Leafs top Canadiens, 0
https://www.usatoday.com/https://www.usatoday.com/story/entertainment/tv/2021/02/10/star-wars-gina-carano-out-mandalorian-after-social-media-posts/6715378002/, 'Star Wars': Gina Carano out of 'Mandalorian|' joins Daily Wire, 0
https://www.usatoday.com/https://www.usatoday.com/story/sports/ncaab/2021/02/10/gayman-lifts-abilene-christian-over-houston-baptist-88-59/115460214/, Gayman lifts Abilene Christian over Houston Baptist 88-59, 0
https://www.usatoday.com/https://www.usatoday.com/story/sports/ncaab/2021/02/10/hervey-lifts-missouri-state-over-southern-illinois-65-53/115460216/, Hervey lifts Missouri State over Southern Illinois 65-53, 0
https://www.usatoday.com/https://www.usatoday.com/story/sports/ncaab/2021/02/10/johnson-lyons-carry-nicholls-state-past-lamar-76-71/43383031/, Johnson| Lyons carry Nicholls State past Lamar 76-71, 0
https://www.usatoday.com/https://www.usatoday.com/story/sports/nba/2021/02/10/clippers-beat-timberwolves-119-112-spoil-towns-return/43383033/, Clippers beat Timberwolves 119-112| spoil Towns' return, 0
https://www.usatoday.com/https://www.usatoday.com/story/sports/olympics/2021/02/10/reports-mori-to-resign-tokyo-olympics-over-sexist-remarks/115460224/, Reports: Mori to resign Tokyo Olympics over sexist remarks, 0
https://www.usatoday.com/https://www.usatoday.com/story/sports/ncaab/2021/02/10/alvarez-scores-23-to-lift-mercer-over-samford-77-70-in-ot/43383041/, Alvarez scores 23 to lift Mercer over Samford 77-70 in OT, 0
https://www.usatoday.com/https://www.usatoday.com/story/sports/ncaab/2021/02/10/brown-carries-the-citadel-past-east-tennessee-state-79-71/115460230/, Brown carries The Citadel past East Tennessee State 79-71, 0
https://www.usatoday.com/https://www.usatoday.com/videos/news/nation/2021/02/11/today-history-february-11-th/6716447002/, Today in History for February 11th, 0
https://www.usatoday.com/https://www.usatoday.com/story/sports/tennis/2021/02/10/defending-champion-sofia-kenin-loses-in-second-round-at-australian-open/43383051/, Defending champion Sofia Kenin loses in second round at Australian Open, 0
https://www.usatoday.com/https://www.usatoday.com/story/sports/ncaab/2021/02/10/robinson-earl-leads-no-5-villanova-past-marquette-96-64/115460240/, Robinson-Earl leads No. 5 Villanova past Marquette 96-64, 0
https://www.usatoday.com/https://www.usatoday.com/story/sports/nhl/bruins/2021/02/10/bruins-tuukka-rask-leaves-net-gets-score-wrong/6715776002/, Bruins' Tuukka Rask leaves net early when he gets score wrong, 0
https://www.usatoday.com/https://www.usatoday.com/story/sports/ncaab/2021/02/10/joiner-helps-mississippi-beat-no-10-missouri-80-59/115460236/, Joiner helps Mississippi beat No. 10 Missouri 80-59, 0
https://www.usatoday.com/https://www.usatoday.com/story/sports/ncaab/2021/02/10/gregg-scores-15-to-lift-northwestern-st-over-uiw-68-67/43383049/, Gregg scores 15 to lift Northwestern St. over UIW 68-67, 0
https://www.usatoday.com/https://www.usatoday.com/story/sports/nba/2021/02/10/millsap-scores-22-nuggets-rout-cavs-to-end-3-game-skid/43383053/, Millsap scores 22 on 36th birthday| Nuggets rout Cavs 133-95, 0
https://www.usatoday.com/https://www.usatoday.com/story/entertainment/music/2021/02/10/morgan-wallen-asks-fans-not-defend-him-after-racial-slur/6716507002/, Morgan Wallen asks fans to not defend him after racial slur video, 0
https://www.usatoday.com/https://www.usatoday.com/story/sports/mlb/2021/02/10/red-sox-trade-andrew-benintendi-royals/6716411002/, Boston Red Sox trade Andrew Benintendi to Kansas City Royals, 0
https://www.usatoday.com/https://www.usatoday.com/story/sports/mlb/2021/02/10/benintendi-goes-to-royals-in-3-team-trade/115460270/, Benintendi goes to Royals in 3-team trade, 0
https://www.usatoday.com/https://www.usatoday.com/story/sports/ncaab/2021/02/10/thomas-smart-lead-lsu-to-94-80-win-over-mississippi-st/115460272/, Thomas| Smart lead LSU to 94-80 win over Mississippi St., 0
https://www.usatoday.com/https://www.usatoday.com/story/sports/nba/2021/02/10/anderson-leads-grizzlies-3-point-spree-in-win-over-hornets/43383085/, Anderson leads Grizzlies' 3-point spree in win over Hornets, 0
https://www.usatoday.com/https://www.usatoday.com/story/sports/tennis/aus/2021/02/10/australian-open-defending-womens-champ-sofia-kenin-upset/6716582002/, Australian Open defending women's champ Sofia Kenin upset, 0
https://www.usatoday.com/https://www.usatoday.com/story/sports/ncaab/2021/02/10/no-21-wisconsin-beats-huskers-61-48-despite-cold-shooting/115460304/, No. 21 Wisconsin beats Huskers 61-48 despite cold shooting, 0
https://www.usatoday.com/https://www.usatoday.com/videos/sports/sportskind/2021/02/11/deserving-basketball-player-gets-full-scholarship/4459201001/, Deserving basketball player gets full scholarship, 0
https://www.usatoday.com/https://www.usatoday.com/story/news/nation/2021/02/11/nyc-indoor-dining-can-restaurant-industry-survive-despite-covid-risk/4436811001/, New York restaurants reopen indoors after Cuomo lifts ban amid COVID, 0
https://www.usatoday.com/https://www.usatoday.com/story/news/health/2021/02/11/lancet-commission-donald-trump-covid-19-health-medicare-for-all/4453762001/, Lancet Commission: Donald Trump presidency worsened US health care, 0
https://www.usatoday.com/https://www.usatoday.com/story/money/2021/02/11/job-market-coronavirus-hiring-near-me-temporary-jobs-economy/4464132001/, Hiring near me: Bosses add lots of temporary jobs| offer more hours, 0
https://www.usatoday.com/https://www.usatoday.com/videos/news/nation/2021/02/11/trump-trial-video-unveils-scope-us-capitol-riot/6716988002/, Trump trial video unveils scope of US Capitol riot, 0
https://www.usatoday.com/https://www.usatoday.com/story/sports/nba/2021/02/11/lavine-scores-46-points-bulls-hit-25-3s-to-beat-pelicans/115460476/, LaVine scores 46 points| Bulls hit 25 3s to beat Pelicans, 0
https://www.usatoday.com/https://www.usatoday.com/story/news/nation/2021/02/10/chinese-lunar-new-year-2021-ox-covid-19-celebrations/6712236002/, Lunar New Year 2021: COVID-19 celebrations in Year of the Ox, 0
https://www.usatoday.com/https://www.usatoday.com/story/sports/nba/2021/02/11/suns-rally-to-beat-bucks-125-124-despite-giannis-47-points/115460378/, Suns rally to beat Bucks 125-124 despite Giannis' 47 points, 0
https://www.usatoday.com/https://www.usatoday.com/story/sports/nba/2021/02/11/lebron-leads-lakers-past-thunder-again-in-ot-114-113/115460398/, LeBron leads Lakers past Thunder again in OT| 114-113, 0
https://www.usatoday.com/https://www.usatoday.com/videos/news/nation/2021/02/11/californians-release-pandemic-stress-rage-room/6717241002/, Californians release pandemic stress in rage room, 0
https://www.usatoday.com/https://www.usatoday.com/videos/news/nation/2021/02/11/critical-aeroshell-guards-nasas-latest-mars-rover/6717240002/, Critical aeroshell guards NASA's latest Mars rover, 0
https://www.usatoday.com/https://www.usatoday.com/story/sports/ncaab/2021/02/11/schakel-lifts-san-diego-st-over-san-jose-st-77-55/43383081/, Schakel lifts San Diego St. over San Jose St. 77-55, 0
https://www.usatoday.com/https://www.usatoday.com/story/sports/tennis/2021/02/11/at-39-feliciano-lopez-is-not-just-showing-up-hes-winning/115460418/, At 39| Feliciano Lopez is not just showing up| he's winning, 0
https://www.usatoday.com/https://www.usatoday.com/story/sports/nba/twolves/2021/02/10/timberwolves-karl-anthony-towns-returns-after-lengthy-covid-absence/6717276002/, Timberwolves' Karl-Anthony Towns returns after lengthy COVID absence, 0
https://www.usatoday.com/https://www.usatoday.com/story/sports/nascar/2021/02/11/deegan-ready-to-move-on-from-slur-and-shine-in-nascar/115460428/, Deegan ready to move on from slur and shine in NASCAR, 0
https://www.usatoday.com/https://www.usatoday.com/story/sports/ncaab/2021/02/11/no-3-michigan-returns-to-action-sunday-at-no-21-wisconsin/115460438/, No. 3 Michigan returns to action Sunday at No. 21 Wisconsin, 0
https://www.usatoday.com/https://www.usatoday.com/story/sports/ncaab/2021/02/11/midyear-enrollees-seize-chance-to-play-with-free-eligibility/115460456/, Midyear enrollees seize chance to play with free eligibility, 0
https://www.usatoday.com/https://www.usatoday.com/story/sports/nba/2021/02/11/the-gubble-opens-g-leagues-bubble-season-begins/115460468/, The Gubble opens: G League's bubble season begins, 0
https://www.usatoday.com/https://www.usatoday.com/story/news/50-states/2021/02/11/cocktail-carryout-pandemic-bias-wellness-studies-news-around-states/115460432/, Cocktail carryout| pandemic ‘bias’: News from around our 50 states, 0
https://www.usatoday.com/https://www.usatoday.com/story/opinion/2021/02/11/capitol-attack-domestic-terrorism-must-be-biden-priority-column/4467077001/, After Capitol attack| domestic terrorism threat must be a top priority, 0
https://www.usatoday.com/https://www.usatoday.com/story/opinion/voices/2021/02/11/gofundme-ceo-congress-pass-covid-relief-desperate-americans-column/4440425001/, GoFundMe CEO: We weren't meant to replace COVID relief, 0
https://www.usatoday.com/https://www.usatoday.com/story/news/health/2021/02/11/covid-news-los-angeles-vaccine-who-new-york-coronavirus/6711165002/, COVID news: Joe Biden 200M more vaccine doses; 475K US deaths, 0
https://www.usatoday.com/https://www.usatoday.com/story/sports/tennis/2021/02/11/australian-open-djokovic-faces-american-fritz-in-3rd-round/43383103/, Australian Open: Djokovic faces American Fritz in 3rd round, 0
https://www.usatoday.com/https://www.usatoday.com/story/news/2021/02/11/trump-impeachment-trial-coronavirus-pandemic-nba-national-anthem/4395470001/, Trump impeachment trial| coronavirus pandemic: things to know Thursday, 0
https://www.usatoday.com/https://www.usatoday.com/story/sports/sports-betting/2021/02/11/pittsburgh-penguins-at-new-york-islanders-odds-picks-and-prediction/115460504/, Pittsburgh Penguins at New York Islanders odds| picks and prediction, 0
https://www.usatoday.com/https://www.usatoday.com/story/tech/columnist/komando/2021/02/11/rebooting-your-pc-helps-keep-running-smoothly-kim-komando-advises/4457132001/, Rebooting your PC helps keep it running smoothly| Kim Komando advises., 0
https://www.usatoday.com/https://www.usatoday.com/story/opinion/2021/02/11/covid-deaths-lies-price-of-republican-cowardice-on-trump-column/6707215002/, Republican cowardice on Trump has cost America in deaths and despair, 0
https://www.usatoday.com/https://www.usatoday.com/story/news/nation/2021/02/11/amid-covid-19-pandemic-remote-court-hearings-home-crazy-moments/6709895002/, Amid COVID-19 pandemic| remote court hearings home to crazy moments, 0
https://www.usatoday.com/https://www.usatoday.com/story/news/education/2021/02/11/education-secretary-nominee-miguel-cardona-covid-school-reopening/4393049001/, Biden's Education Secretary Miguel Cardona on COVID| school reopening, 0
https://www.usatoday.com/https://www.usatoday.com/story/sports/sports-betting/2021/02/11/anaheim-ducks-at-vegas-golden-knights-odds-picks-and-prediction/115460516/, Anaheim Ducks at Vegas Golden Knights odds| picks and prediction, 0
https://www.usatoday.com/https://www.usatoday.com/story/sports/sports-betting/2021/02/11/indiana-pacers-at-detroit-pistons-odds-picks-and-prediction/115460530/, Indiana Pacers at Detroit Pistons odds| picks and prediction, 0
https://www.usatoday.com/https://www.usatoday.com/videos/news/nation/2021/02/11/day-11-february-2012/6717543002/, On This Day: 11 February 2012, 0
https://www.usatoday.com/https://www.usatoday.com/videos/entertainment/2021/02/11/day-11-february-2012/6717544002/, On This Day: 11 February 2012, 0
https://www.usatoday.com/https://www.usatoday.com/story/opinion/2021/02/11/how-joe-biden-can-deliver-equity-home-ownership-renting/4466705001/, How joe Biden can deliver equity in home ownership| renting, 0
https://www.usatoday.com/https://www.usatoday.com/story/news/politics/2021/02/11/cutting-child-poverty-delauro-18-year-push-brink-passing/6704011002/, Cutting child poverty: Congresswoman's 18-year push on brink of success, 0
https://www.usatoday.com/https://www.usatoday.com/story/money/personalfinance/retirement/2021/02/11/retire-millionaire-index-funds/43378729/, How to become a millionaire with index funds in 3 steps, 0
https://www.usatoday.com/https://www.usatoday.com/videos/news/nation/2021/02/11/ap-top-stories-february-11/6717548002/, AP Top Stories February 11, 0
https://www.usatoday.com/https://www.usatoday.com/videos/news/nation/2021/02/11/michigan-governor-proposing-67-b-state-budget/6717556002/, Michigan Governor Gretchen Whitmer proposes a $67B state budget, 0
https://www.usatoday.com/https://www.usatoday.com/videos/entertainment/celebrities/2021/02/11/gina-carano-fired-lucasfilm/6717557002/, Gina Carano fired from Lucasfilm, 0
https://www.usatoday.com/https://www.usatoday.com/story/sports/soccer/2021/02/11/defender-jules-kound-is-sevillas-latest-discovery/43383563/, Defender Jules Koundé is Sevilla's latest discovery, 0
https://www.usatoday.com/https://www.usatoday.com/videos/news/weather/2021/02/11/polar-vortex-brings-freezing-temperatures-snow-and-ice-us/6717603002/, Polar vortex brings freezing temperatures| snow and ice to US, 0
https://www.usatoday.com/https://www.usatoday.com/story/sports/soccer/2021/02/11/english-soccer-heads-ask-zuckerberg-dorsey-to-act-on-racism/115460618/, English soccer heads ask Zuckerberg| Dorsey to act on racism, 0
https://www.usatoday.com/https://www.usatoday.com/videos/news/nation/2021/02/11/showbiz-minute-flint-carano-wallen/6717660002/, ShowBiz Minute: Flint| Carano| Wallen, 0
https://www.usatoday.com/https://www.usatoday.com/videos/entertainment/2021/02/11/showbiz-minute-flint-carano-wallen/6717661002/, ShowBiz Minute: Flint| Carano| Wallen, 0
https://www.usatoday.com/https://www.usatoday.com/story/sports/columnist/mike-freeman/2021/02/11/marty-schottenheimer-understood-nfl-coaches-race/4452643001/, Marty Schottenheimer got it when it came to NFL coaches and race, 0
https://www.usatoday.com/https://www.usatoday.com/videos/news/nation/2021/02/11/us-rescues-3-cubans-stranded-island-33-days/6717709002/, US rescues 3 Cubans stranded on island for 33 days, 0
https://www.usatoday.com/https://www.usatoday.com/story/entertainment/tv/2021/02/11/fox-news-abruptly-cuts-off-impeachment-manager-during-testimony-video/6717697002/, Fox News abruptly cuts off impeachment manager during testimony| video, 0
https://www.usatoday.com/https://www.usatoday.com/story/news/politics/2021/02/11/trump-impeachment-trial-house-prosecutors-wrap-up-arguments/4422691001/, Trump impeachment trial: House prosecutors wrap up arguments, 0
https://www.usatoday.com/https://www.usatoday.com/picture-gallery/money/2021/02/11/what-it-costs-to-retire-in-every-state/115433232/, Retirement: Each state's estimated costs for a comfortable retirement, 0
https://www.usatoday.com/https://www.usatoday.com/story/money/2021/02/11/retirement-costs-comfortable-in-every-state-life-expectancy/115432956/, Retirement: Here's the costs of a comfortable retirement| by state, 0
https://www.usatoday.com/https://www.usatoday.com/story/money/personalfinance/retirement/2021/02/11/still-time-to-contribute-to-your-roth-ira-for-2020/115454134/, You can contribute to your Roth IRA for 2020 until April 15, 0
https://www.usatoday.com/https://www.usatoday.com/in-depth/news/investigations/2021/02/11/investigation-us-marshals-kill-more-people-but-face-less-scrutiny/4397533001/, Investigation: US marshals kill more people| but face less scrutiny, 0
https://www.usatoday.com/https://www.usatoday.com/story/opinion/2021/02/11/andrew-cuomo-nursing-homes-new-york-coronavirus-covid-19-deaths-column/4448747001/, Cuomo nursing home deaths: New York's undercount forgets my dad, 0
https://www.usatoday.com/https://www.usatoday.com/story/travel/columnist/cox/2021/02/11/ask-captain-why-arent-black-boxes-made-more-indestructible/6708231002/, Ask the Captain: Why aren't black boxes made more indestructible?, 0
https://www.usatoday.com/https://www.usatoday.com/in-depth/entertainment/music/2021/02/11/black-music-moved-movement-best-25-protest-songs-all-time/4407532001/, Top 25 protest songs of all time including ‘Strange Fruit’, 0
https://www.usatoday.com/https://www.usatoday.com/story/nletter/2021/02/11/trump-impeachment-trial-coronavirus-pandemic-nba-national-anthem/6717538002/, Trump impeachment trial| coronavirus pandemic: Daily Briefing, 0
https://www.usatoday.com/https://www.usatoday.com/in-depth/life/health-wellness/2021/02/11/covid-pandemic-mental-health-professionals-struggling-burnout/4134511001/, COVID pandemic: Mental health professionals struggling with burnout, 0
https://www.usatoday.com/https://www.usatoday.com/story/sports/soccer/2021/02/11/italian-federation-investigates-conte-and-agnelli-spat/115460730/, Italian federation investigates Conte and Agnelli spat, 0
https://www.usatoday.com/https://www.usatoday.com/picture-gallery/entertainment/books/2021/02/11/loved-bridgerton-books-historical-romance-series-binge-read-next-per-goodreads/4362693001/, Loved Bridgerton? Historical romance series to binge-read next, 0
https://www.usatoday.com/https://www.usatoday.com/story/sports/ncaab/2021/02/11/five-college-basketball-players-watch-march-madness/6702529002/, Five college basketball players to watch in March Madness, 0
https://www.usatoday.com/https://www.usatoday.com/story/sports/tennis/aus/2021/02/11/australian-open-fan-curses-flips-off-rafael-nadal/6717738002/, Australian Open fan gives Rafael Nadal middle finger| gets ejected, 0
https://www.usatoday.com/https://www.usatoday.com/story/sports/ftw/2021/02/11/tom-brady-bucs-super-bowl-parade/115460760/, Tom Brady had himself A DAY at the Bucs' Super Bowl parade, 0
https://www.usatoday.com/https://www.usatoday.com/videos/entertainment/celebrities/2021/02/11/bruce-springsteen-hot-water-over-drunk-driving/6717638002/, Bruce Springsteen in hot water over drunk driving, 0
https://www.usatoday.com/https://www.usatoday.com/story/entertainment/tv/2021/02/11/bachelors-chris-harrison-apologizes-rachael-kirkconnell-defense/6717654002/, 'Bachelor's Rachael Kirkconnell sorry for 'offensive and racist' actions, 0
https://www.usatoday.com/https://www.usatoday.com/story/sports/nascar/2021/02/11/2021-cup-season-storylines-kyle-busch-michael-jordan-covid-schedule/4461190001/, 2021 NASCAR stories to watch: Jordan| Busch| new tracks| COVID-19, 0
https://www.usatoday.com/https://www.usatoday.com/story/life/health-wellness/2021/02/11/valentines-day-during-pandemic-even-more-special-meaningful/4435131001/, Valentine's Day during the pandemic is even more special| meaningful, 0
https://www.usatoday.com/https://www.usatoday.com/story/sports/olympics/2021/02/11/simone-biles-olympics-simone-vs-herself-docuseries/6717868002/, Simone Biles' Olympics preparation highlighted in new Facebook show, 0
https://www.usatoday.com/https://www.usatoday.com/story/sports/soccer/2021/02/11/bales-homecoming-at-tottenham-proving-a-major-letdown/115460826/, Bale's homecoming at Tottenham proving a major letdown, 0
https://www.usatoday.com/https://www.usatoday.com/story/news/nation/2021/02/11/winter-weather-ice-storm-knocks-out-power-sleet-freezing-rain/6717720002/, Winter weather: Ice storm knocks out power| with sleet| freezing rain, 0
https://www.usatoday.com/https://www.usatoday.com/story/sports/sports-betting/2021/02/11/usc-at-washington-odds-picks-and-prediction/115460852/, USC at Washington odds| picks and prediction, 0
https://www.usatoday.com/https://www.usatoday.com/story/entertainment/tv/2021/02/11/abc-news-series-soul-nation-showcases-black-life-america/6709121002/, Jemele Hill to guest host ABC News series 'Soul of a Nation', 0
https://www.usatoday.com/https://www.usatoday.com/story/sports/sports-betting/2021/02/11/orlando-magic-at-golden-state-warriors-odds-picks-and-prediction/115460924/, Orlando Magic at Golden State Warriors odds| picks and prediction, 0
https://www.usatoday.com/https://www.usatoday.com/story/entertainment/music/2021/02/11/taylor-swift-re-recorded-love-story-fearless-album-coming-soon/6717560002/, Taylor Swift's re-recorded 'Love Story' debuts| 'Fearless' album next, 0
https://www.usatoday.com/https://www.usatoday.com/story/nletter/2021/02/11/daily-money-02-11-21/6718092002/, Daily Money 02-11-21, 0
https://www.usatoday.com/https://www.usatoday.com/story/travel/airline-news/2021/02/11/winter-storm-shirley-airlines-issue-waivers-feb-11-12/6717910002/, Winter Storm Shirley: Airlines issue waivers for Feb. 11-12, 0
https://www.usatoday.com/https://www.usatoday.com/story/money/2021/02/11/unemployment-claims-dip-793-k-job-cuts-remain-high/6718278002/, Unemployment claims dip to 793|000 as job cuts remain high, 0
https://www.usatoday.com/https://www.usatoday.com/videos/entertainment/tv/2021/02/11/mandalorian-star-gina-carano-let-go-after-controversial-social-media-posts/6718354002/, Gina Carano: Former MMA fighter is no longer part of 'The Mandalorian', 0
https://www.usatoday.com/https://www.usatoday.com/story/sports/olympics/2021/02/11/tokyo-2020-yoshiro-mori-resign-after-sexist-comments/6716700002/, Olympics: Tokyo 2020's Yoshiro Mori to resign after sexist comments, 0
https://www.usatoday.com/https://www.usatoday.com/story/sports/nfl/2021/02/11/matthew-stafford-opens-up-leaving-detroit-lions-la-rams/6718344002/, Matthew Stafford opens up about leaving Detroit Lions for LA Rams, 0
https://www.usatoday.com/https://www.usatoday.com/story/sports/ncaab/2021/02/11/bracketology-2021-ncaa-tournament-bubble-watch-march-madness/6718067002/, Bracketology 2021: March Madness bids could be dominated by Big Ten, 0
https://www.usatoday.com/https://www.usatoday.com/story/money/cars/2021/02/11/gda-car-recalls-20210211/43383363/, Car recalls for February 4-11, 0
https://www.usatoday.com/https://www.usatoday.com/story/sports/gaming/2021/02/11/call-duty-league-2021-season/6715782002/, Call of Duty League schedule| 2021 season preview and 5 things to know, 0
https://www.usatoday.com/https://www.usatoday.com/videos/news/nation/2021/02/11/wis-houses-homeless-sick-high-risk-covid/6718838002/, Wis. houses homeless sick| at high risk for COVID, 0
https://www.usatoday.com/https://www.usatoday.com/story/sports/soccer/2021/02/11/tiktok-signed-as-4th-chinese-sponsor-of-soccers-euro-2020/43383377/, TikTok signed as 4th Chinese sponsor of soccer's Euro 2020, 0
https://www.usatoday.com/https://www.usatoday.com/story/news/factcheck/2021/02/11/fact-check-gorilla-glue-tweet-hair-scandal-altered/6705804002/, Fact check: Gorilla Glue tweet about hair scandal is altered, 0
https://www.usatoday.com/https://www.usatoday.com/story/sports/mlb/2021/02/11/pirates-sign-veteran-catcher-wolters-to-minor-league-deal/115461314/, Pirates sign vets Wolters| Goodwin to minor league deals, 0
https://www.usatoday.com/https://www.usatoday.com/videos/news/nation/2021/02/11/people-color-left-out-chaotic-vaccine-rollout-chicago/6704028002/, People of color left out in chaotic vaccine rollout in Chicago, 0
https://www.usatoday.com/https://www.usatoday.com/story/sports/mlb/2021/02/11/buehler-dodgers-avoid-arbitration-with-8m-2-year-deal/43383389/, Buehler| Dodgers avoid arbitration with $8M| 2-year deal, 0
https://www.usatoday.com/https://www.usatoday.com/story/sports/sports-betting/2021/02/11/toronto-raptors-at-boston-celtics-odds-picks-and-prediction/115461322/, Toronto Raptors at Boston Celtics odds| picks and prediction, 0
https://www.usatoday.com/https://www.usatoday.com/story/entertainment/tv/2021/02/11/clarice-review-cbs-series-no-the-silence-lambs/4433740001/, 'Clarice' review: CBS series is no 'The Silence of the Lambs', 0
https://www.usatoday.com/https://www.usatoday.com/story/travel/cruises/2021/02/11/cruise-ship-strangling-case-hector-bianco-sentenced-3-years-prison/6718270002/, Cruise ship strangling case: N.D man sentenced to 3 years in prison, 0
https://www.usatoday.com/https://www.usatoday.com/story/money/markets/2021/02/11/hedge-funds-gamestop-what-are-hedge-funds-best-hedge-funds/4371758001/, Hedge funds Gamestop: Why do Americans hate hedge funds?, 0
https://www.usatoday.com/https://www.usatoday.com/story/tech/2021/02/11/instagram-bans-robert-kennedy-jr-over-covid-19-vaccine-info/6718238002/, Instagram bans Robert F. Kennedy Jr. over false COVID-19 vaccine info, 0
https://www.usatoday.com/https://www.usatoday.com/videos/sports/nfl/sportspulse/2021/02/11/youre-messing-culture-cowboys-stars-past-and-present-talk-dak-prescotts-contract/6718345002/, 'You're messing with culture': Cowboys stars| past and present| talk Dak Prescott's contract, 0
https://www.usatoday.com/https://www.usatoday.com/videos/tech/2021/02/11/object-farfarout-solar-system-has-just-been-confirmed/6718111002/, The object FarFarOut in the solar system has just been confirmed, 0
https://www.usatoday.com/https://www.usatoday.com/videos/news/health/2021/02/11/lifestyle-habits-help-reduce-and-manage-stress/6718995002/, Lifestyle habits to help reduce and manage stress, 0
https://www.usatoday.com/https://www.usatoday.com/picture-gallery/entertainment/celebrities/2021/02/11/kelly-rowland-life-career-photos/6705514002/, Kelly Rowland: Her life and career in photos, 0
https://www.usatoday.com/https://www.usatoday.com/story/nletter/american-south/2021/02/11/whimsical-art-and-southern-culture-front-and-center/6718282002/, Whimsical art and Southern culture front and center, 0
https://www.usatoday.com/https://www.usatoday.com/story/entertainment/celebrities/2021/02/11/marilyn-manson-game-of-thrones-star-esme-bianco-alleges-abuse/6714959002/, Marilyn Manson: 'Game of Thrones' star Esmé Bianco alleges abuse, 0
https://www.usatoday.com/https://www.usatoday.com/story/sports/soccer/2021/02/11/romanian-officials-face-lesser-charge-in-psg-baakehir-case/43383521/, Romanian officials face lesser charge in PSG-Baakehir case, 0
https://www.usatoday.com/https://www.usatoday.com/story/news/nation/2021/02/11/alabama-lethal-injection-first-execution-year/6718335002/, Alabama lethal injection: Court stays first state execution of year, 0
https://www.usatoday.com/https://www.usatoday.com/story/sports/soccer/2021/02/11/bayern-midfielder-mller-out-of-club-world-cup-with-virus/115461406/, Bayern midfielder Müller out of Club World Cup with virus, 0
https://www.usatoday.com/https://www.usatoday.com/story/tech/gaming/2021/02/11/metahuman-epic-games-tool-creates-realistic-humans-video-games/6717744002/, MetaHuman: Epic Games tool creates realistic humans for video games, 0
https://www.usatoday.com/https://www.reviewed.com/style/features/8-celebrity-approved-bags-under-200-madewell-longchamp-and-more?utm_source=usat&utm_medium=referral&utm_campaign=collab, 8 celebrity-approved bags you can buy for under $200, 0
https://www.usatoday.com/https://www.usatoday.com/videos/sports/sportskind/2021/02/11/surfer-takes-massive-wave/6719863002/, Surfer takes on massive wave, 0
https://www.usatoday.com/https://www.usatoday.com/story/sports/soccer/2021/02/11/psg-forward-neymar-out-for-up-to-4-weeks-with-injury/115461426/, PSG forward Neymar out for up to 4 weeks with injury, 0
https://www.usatoday.com/https://www.usatoday.com/story/sports/mlb/2021/02/11/7-negro-leagues-recommended-for-major-league-status/115461428/, 7 Negro Leagues recommended for major league status, 0
https://www.usatoday.com/https://www.usatoday.com/videos/entertainment/movies/2021/02/11/oscars-held-multiple-locations-amid-covid-19/6720029002/, Oscars to be held in multiple locations amid Covid-19, 0
https://www.usatoday.com/https://www.usatoday.com/story/sports/mlb/2021/02/11/nl-east-teams-at-the-start-of-spring-training/115461478/, NL East teams at the start of spring training, 0
https://www.usatoday.com/https://www.usatoday.com/story/sports/mlb/2021/02/11/nl-central-teams-at-the-start-of-spring-training/43383567/, NL Central teams at the start of spring training, 0
https://www.usatoday.com/https://www.usatoday.com/story/sports/mlb/2021/02/11/nl-west-teams-at-the-start-of-spring-training/43383569/, NL West teams at the start of spring training, 0
https://www.usatoday.com/https://www.usatoday.com/story/sports/sports-betting/2021/02/11/detroit-red-wings-at-nashville-predators-odds-picks-and-prediction/115461474/, Detroit Red Wings at Nashville Predators odds| picks and prediction, 0
https://www.usatoday.com/https://www.usatoday.com/story/sports/mls/2021/02/11/austin-fc-signs-argentinas-pochettino-as-designated-player/43383571/, Austin FC signs Argentina's Pochettino as designated player, 0
https://www.usatoday.com/https://www.usatoday.com/story/entertainment/tv/2021/02/11/in-treatment-why-hbo-drama-back-uzo-aduba-its-center/6706777002/, 'In Treatment': Why HBO drama is back with Uzo Aduba at its center, 0
https://www.usatoday.com/https://www.usatoday.com/story/entertainment/movies/2021/02/11/minari-american-film-even-if-golden-globes-disagree/4340916001/, 'Minari' is an American film| even if the Golden Globes disagree, 0
https://www.usatoday.com/https://www.usatoday.com/story/sports/sports-betting/2021/02/11/ucla-at-washington-state-odds-picks-and-prediction/115461506/, UCLA at Washington State odds| picks and prediction, 0
https://www.usatoday.com/https://www.usatoday.com/story/money/markets/2021/02/11/stocks-edge-higher-solid-earnings-reports-continue/6720682002/, US stock indexes wobble as investor caution offsets optimism, 0
https://www.usatoday.com/https://www.usatoday.com/sitemap/2021/february/11/, 1, 0
https://www.usatoday.com/https://www.usatoday.com/sitemap/2021/february/11/?page=2, 2, 0
