https://www.usatoday.com/https://www.usatoday.com/story/sports/soccer/2021/02/12/matchday-man-city-hosts-tottenham-barcelona-plays-alaves/115467026/, MATCHDAY: Man City hosts Tottenham; Barcelona plays Alaves, 0
https://www.usatoday.com/https://www.usatoday.com/story/sports/ncaaw/2021/02/12/franklins-double-double-leads-no-25-missouri-state-women/115467030/, Franklin's double-double leads No. 25 Missouri State women, 0
https://www.usatoday.com/https://www.usatoday.com/videos/news/nation/2021/02/13/trump-didnt-incite-riot-get-real-dem-says/6747259002/, Trump didn't incite riot? 'Get real|' Dem says, 0
https://www.usatoday.com/https://www.usatoday.com/story/sports/nfl/2021/02/12/falcons-hire-former-texans-executive-olsen-as-senior-vp/43386965/, Falcons hire former Texans executive Olsen as senior VP, 0
https://www.usatoday.com/https://www.usatoday.com/videos/news/nation/2021/02/13/ap-top-stories-feb-12-p/6747311002/, AP Top Stories Feb. 12 P, 0
https://www.usatoday.com/https://www.usatoday.com/videos/news/nation/2021/02/13/larry-wilmore-talks-amend-docuseries-hosted-smith/6747307002/, Larry Wilmore talks 'Amend' docuseries hosted by Will Smith, 0
https://www.usatoday.com/https://www.usatoday.com/videos/entertainment/2021/02/13/larry-wilmore-talks-amend-docuseries-hosted-smith/6747313002/, Larry Wilmore talks 'Amend' docuseries hosted by Will Smith, 0
https://www.usatoday.com/https://www.usatoday.com/story/news/politics/2021/02/12/eugene-goodman-awarded-congressional-gold-medal/6747099002/, Eugene Goodman to be awarded Congressional Gold Medal, 0
https://www.usatoday.com/https://www.usatoday.com/story/sports/mlb/2021/02/12/dodgers-could-defer-money-if-bauer-opts-out-after-2021/43386967/, Dodgers could defer money if Bauer opts out after 2021, 0
https://www.usatoday.com/https://www.usatoday.com/story/sports/mlb/2021/02/12/phillies-to-defer-95m-of-28m-in-gregorius-2-year-deal/115467058/, Phillies to defer $9.5M of $28M in Gregorius' 2-year deal, 0
https://www.usatoday.com/https://www.usatoday.com/story/sports/ncaab/2021/02/12/hill-scores-25-to-lead-longwood-over-gardner-webb-78-71/43386975/, Hill scores 25 to lead Longwood over Gardner-Webb 78-71, 0
https://www.usatoday.com/https://www.usatoday.com/videos/news/nation/2021/02/13/today-history-february-13-th/6747514002/, Today in History for February 13th, 0
https://www.usatoday.com/https://www.usatoday.com/videos/news/nation/2021/02/13/tensions-flare-between-trump-lawyer-house-manager/6747513002/, Tensions flare between Trump lawyer| House manager, 0
https://www.usatoday.com/https://www.usatoday.com/videos/news/nation/2021/02/13/capitol-officer-awarded-congressional-gold-medal/6747548002/, US Capitol Police officer awarded Congressional Gold Medal, 0
https://www.usatoday.com/https://www.usatoday.com/story/sports/nfl/bills/2021/02/12/jj-watt-texans-part-ways-bills-stefon-diggs-recruiting/6747391002/, J.J. Watt being recruited by Buffalo Bills WR Stefon Diggs, 0
https://www.usatoday.com/https://www.usatoday.com/story/sports/mlb/2021/02/12/martn-prez-finalizes-5m-1-year-contract-with-red-sox/43386977/, Martín Pérez finalizes $5M| 1-year contract with Red Sox, 0
https://www.usatoday.com/https://www.usatoday.com/story/entertainment/tv/2021/02/12/mtvs-the-real-world-reunites-original-cast-members-paramount/6746292002/, MTV's "The Real World" reunites original cast members for Paramount+, 0
https://www.usatoday.com/https://www.usatoday.com/story/sports/ncaaw/2021/02/12/williams-busts-out-of-slump-no-2-uconn-beats-georgetown/115467118/, Williams busts out of slump| No. 2 UConn beats Georgetown, 0
https://www.usatoday.com/https://www.usatoday.com/story/sports/ncaab/2021/02/12/jeanlouis-junior-joseph-carry-iona-past-manhattan-85-67/115467116/, JeanLouis| Junior Joseph carry Iona past Manhattan 85-67, 0
https://www.usatoday.com/https://www.usatoday.com/story/sports/ncaaw/2021/02/12/williams-helps-no-2-uconn-women-beat-georgetown-64-40/43386979/, Williams helps No. 2 UConn women beat Georgetown 64-40, 0
https://www.usatoday.com/https://www.usatoday.com/story/sports/ncaab/2021/02/12/akuchie-lifts-youngstown-state-over-purdue-fort-wayne-84-70/115467124/, Akuchie lifts Youngstown State over Purdue Fort Wayne 84-70, 0
https://www.usatoday.com/https://www.usatoday.com/story/sports/tennis/2021/02/12/the-latest-day-6-underway-at-australian-open-without-fans/43386981/, The Latest: Greek player tested negative in Australia, 0
https://www.usatoday.com/https://www.usatoday.com/story/entertainment/tv/2021/02/12/blake-shelton-brad-paisley-host-grand-ole-opry-nbc-special-sunday/4467614001/, Blake Shelton| Brad Paisley host Grand Ole Opry NBC special Sunday, 0
https://www.usatoday.com/https://www.usatoday.com/story/news/politics/2021/02/12/trump-impeachment-trial-tommy-tuberville-stands-account-call/6747256002/, Trump Impeachment trial: Tommy Tuberville stands by account of call, 0
https://www.usatoday.com/https://www.usatoday.com/story/sports/ncaab/2021/02/12/kinsey-carries-marshall-over-middle-tennessee-107-79/115467502/, Kinsey carries Marshall over Middle Tennessee 107-79, 0
https://www.usatoday.com/https://www.usatoday.com/story/news/politics/2021/02/12/president-joe-biden-pfizer-covid-19-vaccine-facility/4467943001/, President Joe Biden expected to visit Michigan Pfizer plant next week, 0
https://www.usatoday.com/https://www.usatoday.com/story/tech/reviewedcom/2021/02/12/amazon-fire-stick-get-lite-version-streaming-device-23/6746219002/, Amazon Fire Stick: Get the lite version of this streaming device for $23, 0
https://www.usatoday.com/https://www.usatoday.com/story/sports/ncaab/maac/2021/02/12/iona-ends-51-day-division-1-long-covid-layoff-defeats-manhattan/4467828001/, Iona ends 51-day| Division 1-long layoff| defeats Manhattan, 0
https://www.usatoday.com/https://www.usatoday.com/story/sports/ncaab/2021/02/12/preston-leads-liberty-past-north-florida-73-61/43386989/, Preston leads Liberty past North Florida 73-61, 0
https://www.usatoday.com/https://www.usatoday.com/story/sports/ncaab/2021/02/12/carter-lifts-murray-state-past-se-missouri-80-60/115467186/, Carter lifts Murray State past SE Missouri 80-60, 0
https://www.usatoday.com/https://www.usatoday.com/story/sports/ncaab/2021/02/12/jones-scores-20-to-carry-stetson-past-kennesaw-state-74-61/43387173/, Jones scores 20 to carry Stetson past Kennesaw State 74-61, 0
https://www.usatoday.com/https://www.usatoday.com/videos/news/politics/2021/02/13/trump-impeachment-highlights-defense-ends-arguments-q-portion-fourth-day-trial/4468081001/, Trump impeachment trial: Biggest moments from the fourth day, 0
https://www.usatoday.com/https://www.usatoday.com/story/sports/ncaab/2021/02/12/manjon-lifts-uc-davis-over-long-beach-state-68-66/115467188/, Manjon lifts UC Davis over Long Beach State 68-66, 0
https://www.usatoday.com/https://www.usatoday.com/story/sports/mlb/cubs/2021/02/12/jake-arrieta-cubs-reunite-free-agent/6747512002/, Jake Arrieta| Chicago Cubs to reunite for 2021 MLB season, 0
https://www.usatoday.com/https://www.usatoday.com/story/sports/ncaab/2021/02/12/charleston-southern-beats-high-point-69-68/43387175/, Charleston Southern beats High Point 69-68, 0
https://www.usatoday.com/https://www.usatoday.com/story/sports/tennis/2021/02/12/no-fans-as-svitolina-advances-at-australian-open/115467212/, Medvedev in 5| finally| advances to 4th round in Australia, 0
https://www.usatoday.com/https://www.usatoday.com/story/sports/nfl/2021/02/12/jets-hire-scarnecchia-who-has-ties-to-2-nfl-video-scandals/115467214/, Jets hire Scarnecchia| who has ties to 2 NFL video scandals, 0
https://www.usatoday.com/https://www.usatoday.com/story/tech/reviewedcom/2021/02/12/always-pan-get-cookware-discount-presidents-day-2021/4468071001/, Always Pan: Get this cookware at a discount for Presidents Day 2021, 0
https://www.usatoday.com/https://www.usatoday.com/story/sports/ncaab/2021/02/12/green-scores-18-to-lift-ucf-past-tulane-53-49/43386993/, Green scores 18 to lift UCF past Tulane 53-49, 0
https://www.usatoday.com/https://www.usatoday.com/story/sports/mlb/2021/02/12/ap-source-chicago-cubs-rhp-jake-arrieta-agree-to-reunion/43386995/, AP source: Chicago Cubs| RHP Jake Arrieta agree to reunion, 0
https://www.usatoday.com/https://www.usatoday.com/story/tech/reviewedcom/2021/02/12/macys-bra-sale-shop-slew-top-rated-styles-priced-just-17/4468614001/, Macy's bra sale: Shop a slew of top-rated styles priced at just $17, 0
https://www.usatoday.com/https://www.usatoday.com/story/sports/ncaab/2021/02/12/campbell-tops-south-carolina-upstate-64-49/115467280/, Campbell tops South Carolina Upstate 64-49, 0
https://www.usatoday.com/https://www.usatoday.com/story/sports/nba/2021/02/12/randle-knicks-outmuscle-beal-less-wizards-in-109-91-win/115467282/, Randle| Knicks outmuscle Beal-less Wizards in 109-91 win, 0
https://www.usatoday.com/https://www.usatoday.com/story/sports/ncaab/2021/02/12/reid-carries-merrimack-past-central-connecticut-72-52/43387003/, Reid carries Merrimack past Central Connecticut 72-52, 0
https://www.usatoday.com/https://www.usatoday.com/story/sports/ncaab/2021/02/12/falden-scores-14-to-carry-winthrop-over-radford-55-47/43387005/, Falden scores 14 to carry Winthrop over Radford 55-47, 0
https://www.usatoday.com/https://www.usatoday.com/story/entertainment/tv/2021/02/12/donald-glover-phoebe-waller-bridge-remake-mr-and-mrs-smith/4468014001/, Donald Glover| Phoebe Waller-Bridge to remake 'Mr. and Mrs. Smith', 0
https://www.usatoday.com/https://www.usatoday.com/story/sports/ncaab/2021/02/12/lofton-carries-louisiana-tech-over-uab-70-58/43387011/, Lofton carries Louisiana Tech over UAB 70-58, 0
https://www.usatoday.com/https://www.usatoday.com/story/sports/nba/2021/02/12/derozan-leads-spurs-to-strong-start-125-114-win-over-hawks/43387013/, DeRozan leads Spurs to strong start| 125-114 win over Hawks, 0
https://www.usatoday.com/https://www.usatoday.com/story/entertainment/celebrities/2021/02/12/ashley-judd-icu-after-shattering-leg-african-rainforest/6746786002/, Ashley Judd shares update after shattering leg in African rainforest, 0
https://www.usatoday.com/https://www.usatoday.com/story/sports/ncaab/2021/02/12/love-scores-21-to-lift-wright-st-past-milwaukee-92-81/43387025/, Love scores 21 to lift Wright St. past Milwaukee 92-81, 0
https://www.usatoday.com/https://www.usatoday.com/story/sports/ncaab/2021/02/12/williams-leads-cs-bakersfield-over-uc-san-diego-76-71/43387027/, Williams leads CS Bakersfield over UC San Diego 76-71, 0
https://www.usatoday.com/https://www.usatoday.com/story/sports/ncaab/2021/02/12/pickett-lifts-uc-riverside-past-uc-irvine-86-65/115467346/, Pickett lifts UC Riverside past UC Irvine 86-65, 0
https://www.usatoday.com/https://www.usatoday.com/story/sports/nhl/2021/02/12/halak-ritchie-lead-bruins-past-rangers-1-0-for-5th-straight/43387029/, Halak| Ritchie lead Bruins past Rangers 1-0 for 5th straight, 0
https://www.usatoday.com/https://www.usatoday.com/story/sports/sports-betting/2021/02/12/ufc-258-kelvin-gastelum-vs-ian-heinisch-odds-picks-and-prediction/115467352/, UFC 258: Kelvin Gastelum vs. Ian Heinisch odds| picks and prediction, 0
https://www.usatoday.com/https://www.usatoday.com/story/sports/nba/2021/02/12/doncic-williamson-hit-career-highs-as-mavs-top-pels-143-130/43387053/, Doncic| Williamson hit career highs as Mavs top Pels 143-130, 0
https://www.usatoday.com/https://www.usatoday.com/story/sports/ncaab/2021/02/12/james-scores-26-to-lead-jacksonville-over-lipscomb-66-60/43387067/, James scores 26 to lead Jacksonville over Lipscomb 66-60, 0
https://www.usatoday.com/https://www.usatoday.com/story/sports/nba/2021/02/12/rozier-scores-41-points-hornets-beat-timberwolves-120-114/115467550/, Rozier scores 41 points| Hornets beat Timberwolves 120-114, 0
https://www.usatoday.com/https://www.usatoday.com/story/sports/nascar/2021/02/12/michael-jordan-arrives-daytona-speedweeks-denny-hamlin-bubba-wallace/4469361001/, Michael Jordan arrives at Daytona Speedweeks| golfs with Denny Hamlin, 0
https://www.usatoday.com/https://www.usatoday.com/story/sports/nba/2021/02/12/leonard-scores-33-as-clippers-beat-bulls-125-106/43387069/, Leonard scores 33 as Clippers beat Bulls 125-106, 0
https://www.usatoday.com/https://www.usatoday.com/story/sports/sports-betting/2021/02/12/ufc-258-maycee-barber-vs-alexa-grasso-odds-picks-and-prediction/115467366/, UFC 258: Maycee Barber vs. Alexa Grasso odds| picks and prediction, 0
https://www.usatoday.com/https://www.usatoday.com/story/sports/ncaab/2021/02/12/daley-leads-umass-lowell-past-albany-79-71/115467372/, Daley leads UMass Lowell past Albany 79-71, 0
https://www.usatoday.com/https://www.usatoday.com/story/sports/nascar/2021/02/12/rhodes-wins-truck-series-opener-with-first-daytona-victory/43387083/, Rhodes wins Truck Series opener with first Daytona victory, 0
https://www.usatoday.com/https://www.usatoday.com/story/sports/nba/2021/02/12/bey-scores-30-hits-7-3s-to-lead-pistons-past-boston-108-102/43387093/, Bey scores 30| hits 7 3s to lead Pistons past Boston 108-102, 0
https://www.usatoday.com/https://www.usatoday.com/story/entertainment/celebrities/2021/02/12/paul-newman-camp-ill-children-partially-destroyed-fire/4470024001/, Paul Newman's camp for ill children partially destroyed by fire, 0
https://www.usatoday.com/https://www.usatoday.com/story/sports/ncaab/2021/02/12/simms-honors-late-3-help-clemson-beat-georgia-tech-74-72/115467382/, Simms| Honor's late 3 help Clemson beat Georgia Tech 74-72, 0
https://www.usatoday.com/https://www.usatoday.com/story/sports/sports-betting/2021/02/12/ufc-258-gilbert-burns-vs-kamaru-usman-odds-picks-and-prediction/115467384/, UFC 258: Gilbert Burns vs. Kamaru Usman odds| picks and prediction, 0
https://www.usatoday.com/https://www.usatoday.com/videos/news/health/2021/02/13/covid-iowa-hospital-housekeeping-frontline-workers-essential-heroes-fighting-coronavirus/6729412002/, COVID-19 essential workers: Hospital housekeepers are unsung heroes, 0
https://www.usatoday.com/https://www.usatoday.com/picture-gallery/sports/nascar/2013/02/14/history-of-the-daytona-500/1913949/, History of Daytona, 0
https://www.usatoday.com/https://www.usatoday.com/story/sports/nfl/2021/02/12/embattled-jacksonville-jaguars-strength-coach-chris-doyle-resigns-hours-after-diversity-group-blaste/115467406/, Embattled Jacksonville Jaguars strength coach Chris Doyle resigns| hours after diversity group blasted hiring, 0
https://www.usatoday.com/https://www.usatoday.com/videos/news/nation/2021/02/13/trump-defense-targets-democrats-jan-6-speech/4470705001/, Trump defense targets Democrats| Jan. 6 speech, 0
https://www.usatoday.com/https://www.usatoday.com/story/sports/ncaab/2021/02/12/spear-cheeks-lift-robert-morris-past-oakland-88-82-in-2ot/43387197/, Spear| Cheeks lift Robert Morris past Oakland 88-82 in 2OT, 0
https://www.usatoday.com/https://www.usatoday.com/story/sports/nba/2021/02/12/jokic-helps-nuggets-rally-to-beat-thunder-97-95/115467412/, Jokic helps Nuggets rally to beat Thunder 97-95, 0
https://www.usatoday.com/https://www.usatoday.com/story/sports/nfl/jaguars/2021/02/12/chris-doyle-resigns-day-after-urban-meyer-announced-jaguars-hiring/4470694001/, Chris Doyle resigns day after Urban Meyer announced Jaguars' hiring, 0
https://www.usatoday.com/https://www.usatoday.com/story/sports/nhl/2021/02/12/faulk-scores-twice-blues-beat-coyotes-4-1-in-unique-series/115467438/, Faulk scores twice| Blues beat Coyotes 4-1 in unique series, 0
https://www.usatoday.com/https://www.usatoday.com/story/sports/ncaab/2021/02/12/bassey-leads-western-kentucky-over-rice-77-71/115467454/, Bassey leads Western Kentucky over Rice 77-71, 0
https://www.usatoday.com/https://www.usatoday.com/story/sports/nhl/2021/02/12/blues-beat-coyotes-4-1-in-game-5-of-marathon-series/43387123/, Blues beat Coyotes 4-1 in Game 5 of marathon series, 0
https://www.usatoday.com/https://www.usatoday.com/story/sports/nba/nets/2021/02/12/nets-james-harden-sorry-rockets/4470321001/, James Harden sorry for how his tenure with the Rockets ended, 0
https://www.usatoday.com/https://www.usatoday.com/story/sports/ncaab/2021/02/13/hamlet-lifts-north-texas-over-southern-miss-65-49/115467462/, Hamlet lifts North Texas over Southern Miss 65-49, 0
https://www.usatoday.com/https://www.usatoday.com/story/sports/nba/2021/02/13/gobert-jazz-beat-bucks-129-115-for-6th-straight-win/43387129/, Gobert| Jazz beat Bucks 129-115 for 6th straight win, 0
https://www.usatoday.com/https://www.usatoday.com/story/sports/ncaab/2021/02/13/dosunmu-gets-hot-late-no-6-illinois-tops-nebraska-in-ot/43387139/, Dosunmu gets hot late| No. 6 Illinois tops Nebraska in OT, 0
https://www.usatoday.com/https://www.usatoday.com/story/sports/nba/2021/02/13/vucevic-scores-42-carter-williams-helps-magic-beat-kings/43387159/, Vucevic scores 42| Carter-Williams helps Magic beat Kings, 0
https://www.usatoday.com/https://www.usatoday.com/story/sports/nba/2021/02/13/davis-propels-lakers-past-grizz-115-105-for-7th-straight-win/115467512/, Davis propels Lakers past Grizz 115-105 for 7th straight win, 0
https://www.usatoday.com/https://www.usatoday.com/story/sports/nba/mavericks/2021/02/12/dallas-mavericks-defeat-new-orleans-pelicans-keep-winning-run-going/4471312001/, Dallas Mavericks defeat New Orleans Pelicans to keep winning run going, 0
https://www.usatoday.com/https://www.usatoday.com/story/sports/ncaab/2021/02/13/graves-nickelberry-carry-buffalo-past-w-michigan-86-54/115467536/, Graves| Nickelberry carry Buffalo past W. Michigan 86-54, 0
https://www.usatoday.com/https://www.usatoday.com/story/sports/ncaab/2021/02/13/omier-lifts-arkansas-st-over-ualr-73-62/115467542/, Omier lifts Arkansas St. over UALR 73-62, 0
https://www.usatoday.com/https://www.usatoday.com/story/sports/nba/2021/02/13/trent-has-26-points-blazers-rout-cavaliers-129-110/115467638/, Trent has 26 points| Blazers rout Cavaliers 129-110, 0
https://www.usatoday.com/https://www.usatoday.com/story/sports/ncaab/2021/02/13/davis-outduels-patton-as-detroit-tops-cleveland-st-89-83/115467548/, Davis outduels Patton as Detroit tops Cleveland St. 89-83, 0
https://www.usatoday.com/https://www.usatoday.com/story/sports/ncaab/2021/02/13/boum-scores-22-to-lead-utep-past-fiu-75-59/43387181/, Boum scores 22 to lead UTEP past FIU 75-59, 0
https://www.usatoday.com/https://www.usatoday.com/story/sports/ncaab/2021/02/13/portland-st-routs-simpson-university-ca-99-66/115467574/, Portland St. routs Simpson University (CA) 99-66, 0
https://www.usatoday.com/https://www.usatoday.com/story/sports/ncaab/2021/02/13/davenport-scores-12-to-lead-cincinnati-over-temple-71-69/43387185/, Davenport scores 12 to lead Cincinnati over Temple 71-69, 0
https://www.usatoday.com/https://www.usatoday.com/story/sports/ncaab/2021/02/13/sow-mclaughlin-score-14-apiece-hawaii-beats-ucsb-59-50/43387187/, Sow| McLaughlin score 14 apiece| Hawaii beats UCSB 59-50, 0
https://www.usatoday.com/https://www.usatoday.com/story/sports/tennis/2021/02/13/australian-open-day-7-features-serena-other-slam-winners/115467590/, Australian Open: Day 7 features Serena| other Slam winners, 0
https://www.usatoday.com/https://www.usatoday.com/story/sports/nascar/2021/02/13/party-in-a-pandemic-nascar-fans-power-through-at-daytona/43387247/, Party in a pandemic: NASCAR fans power through at Daytona, 0
https://www.usatoday.com/https://www.usatoday.com/story/sports/tennis/2021/02/13/djokovic-skips-practice-scheduled-to-play-raonic-at-night/115467600/, Djokovic skips practice; scheduled to play Raonic at night, 0
https://www.usatoday.com/https://www.usatoday.com/story/sports/nfl/2021/02/13/analysis-texans-self-destructing-with-each-bad-move/43387189/, Analysis: Texans self-destructing with each bad move, 0
https://www.usatoday.com/https://www.usatoday.com/story/news/2021/02/13/trump-impeachment-trial-valentines-day-daytona-500-winter-storm/4395751001/, Trump impeachment trial| Valentine's Day: Things to know this weekend, 0
https://www.usatoday.com/https://www.usatoday.com/story/sports/sports-betting/2021/02/13/vegas-golden-knights-at-san-jose-sharks-odds-picks-and-prediction/115467612/, Vegas Golden Knights at San Jose Sharks odds| picks and prediction, 0
https://www.usatoday.com/https://www.usatoday.com/story/news/world/2021/02/13/young-americans-may-get-covid-vaccine-before-poorer-nations-elderly/6721043002/, Young Americans may get COVID vaccine before poorer nations' elderly, 0
https://www.usatoday.com/https://www.usatoday.com/story/sports/tennis/2021/02/13/australian-open-goes-quiet-as-lockdown-keeps-crowds-away/115467616/, Australian Open goes quiet as lockdown keeps crowds away, 0
https://www.usatoday.com/https://www.usatoday.com/story/news/nation/2021/02/13/minimum-wage-15-pay-law-could-make-difference-gen-z-workers/6720428002/, Minimum wage: $15 pay law could make a difference for Gen Z workers, 0
https://www.usatoday.com/https://www.usatoday.com/story/money/usaandmain/2021/02/13/cookies-charity-new-york-bakery-batter-that-matters-order-online/6736577002/, Cookies for charity: New York baker's business donates; how to buy, 0
https://www.usatoday.com/https://www.usatoday.com/story/opinion/2021/02/13/covid-economic-mental-health-impact-damage-young-people-column/6720443002/, COVID economic and mental health impact may damage young people forever, 0
https://www.usatoday.com/https://www.usatoday.com/in-depth/news/education/2021/02/13/michigan-liberal-arts-college-tuition-discount/6721119002/, US liberal arts colleges offering cheap tuitions amid COVID are dying, 0
https://www.usatoday.com/https://www.usatoday.com/story/travel/news/2021/02/13/world-war-monument-sabin-howard-eventually-washington-dc/4403160001/, World War I monument by Sabin Howard will eventually be in Washington, 0
https://www.usatoday.com/https://www.usatoday.com/story/opinion/2021/02/13/whistleblowers-protect-democracy-we-must-protect-them-column/4406728001/, Government abuses would stay hidden but for whistleblowers' moral choices, 0
https://www.usatoday.com/https://www.usatoday.com/story/news/nation/2021/02/13/catholic-priests-turn-defamation-lawsuits-fight-sex-abuse-claims/6740329002/, Catholic priests turn to defamation lawsuits to fight sex abuse claims, 0
https://www.usatoday.com/https://www.usatoday.com/story/news/politics/2021/02/13/trump-impeachment-trial-senate-readies-closing-arguments/6743661002/, Trump impeachment trial: Senate votes to acquit. Again., 0
https://www.usatoday.com/https://www.usatoday.com/picture-gallery/money/2021/02/13/best-donut-shop-in-every-state-near-me/115451506/, Donuts near me: Where you can find some of the best in your state, 0
https://www.usatoday.com/https://www.usatoday.com/story/money/2021/02/13/best-donut-shop-in-every-state-doughnuts-near-me/43378973/, Donuts: Where to get some of the best in US; top shops| by state, 0
https://www.usatoday.com/https://www.usatoday.com/story/entertainment/books/2021/02/13/new-books-stan-lee-biography-bill-gates-climate-change/6713591002/, 5 books not to miss: Stan Lee biography| Bill Gates on climate change, 0
https://www.usatoday.com/https://www.usatoday.com/story/opinion/2021/02/13/covid-19-generosity-rent-charity-mental-health-column/6732795002/, COVID-19 job loss: A stranger's generosity kept my family safe, 0
https://www.usatoday.com/https://www.usatoday.com/story/nletter/2021/02/13/your-weekend-long-reads/6724534002/, Your weekend long reads, 0
https://www.usatoday.com/https://www.usatoday.com/story/news/nation/2021/02/13/biden-immigration-plan-creates-confusion-us-mexico-border/6729933002/, Biden immigration plan creates confusion at US-Mexico border, 0
https://www.usatoday.com/https://www.usatoday.com/story/sports/sports-betting/2021/02/13/colorado-at-california-odds-picks-and-prediction/115467806/, Colorado at California odds| picks and prediction, 0
https://www.usatoday.com/https://www.usatoday.com/story/sports/sports-betting/2021/02/13/indiana-at-ohio-state-odds-picks-and-prediction/115467810/, Indiana at Ohio State odds| picks and prediction, 0
https://www.usatoday.com/https://www.usatoday.com/story/sports/sports-betting/2021/02/13/gonzaga-at-san-francisco-odds-picks-and-prediction/115467874/, Gonzaga at San Francisco odds| picks and prediction, 0
https://www.usatoday.com/https://www.usatoday.com/story/money/2021/02/13/land-contract-homeowners-covid-relief-stimulus/6737779002/, COVID relief limited for land contract homeowners, 0
https://www.usatoday.com/https://www.usatoday.com/story/life/2021/02/13/covid-19-weddings-postponed-look-very-different-during-pandemic/6740661002/, COVID-19 weddings are postponed or look very different during pandemic, 0
https://www.usatoday.com/https://www.usatoday.com/story/news/health/2021/02/13/covid-news-coronavirus-restrictions-rolled-back-nevada-ohio/6745057002/, COVID news: Coronavirus restrictions rolled back in Ohio| Nevada, 0
https://www.usatoday.com/https://www.usatoday.com/story/tech/2021/02/13/talking-tech-zoom-cat-filter-during-legal-hearing-leads-laughs/6741450002/, Talking Tech: Zoom cat filter during legal hearing leads to laughs, 0
https://www.usatoday.com/https://www.usatoday.com/story/news/factcheck/2021/02/13/fact-check-quote-critiquing-socialism-misattributed-henry-ford/6739219002/, Fact check: Quote critiquing socialism misattributed to Henry Ford, 0
https://www.usatoday.com/https://www.usatoday.com/story/life/health-wellness/2021/02/13/how-make-valentines-day-work-you-year/6741601002/, How to make Valentine's Day work for you this year, 0
https://www.usatoday.com/https://www.usatoday.com/story/sports/soccer/2021/02/13/jorge-almirn-resigns-as-coach-of-spanish-club-elche/43387297/, Jorge Almirón resigns as coach of Spanish club Elche, 0
https://www.usatoday.com/https://www.usatoday.com/story/news/factcheck/2021/02/13/fact-check-yasuke-african-expatriate-became-16th-century-samurai/4438335001/, Fact check: Yasuke| an African expatriate| became 16th century samurai, 0
https://www.usatoday.com/https://www.usatoday.com/story/sports/nba/2021/02/13/while-not-famous-jackie-robinson-barksdale-left-mark-nba/6724849002/, While not as famous as Jackie Robinson| Barksdale left a mark on NBA, 0
https://www.usatoday.com/https://www.usatoday.com/story/sports/mlb/2021/02/13/mets-lugo-needs-elbow-surgery-will-miss-start-of-season/115468154/, Mets' Lugo needs elbow surgery| will miss start of season, 0
https://www.usatoday.com/https://www.usatoday.com/story/sports/soccer/2021/02/13/slumping-liverpool-collapses-in-3-1-loss-at-leicester-in-epl/43387305/, Slumping Liverpool collapses in 3-1 loss at Leicester in EPL, 0
https://www.usatoday.com/https://www.usatoday.com/story/news/politics/2021/02/13/jaime-herrera-beutler-trump-told-kevin-mccarthy-rioters-upset-about-election/4472480001/, Rep. Jaime Herrera Beutler: Trump rebuffed McCarthy plea amid riot, 0
https://www.usatoday.com/https://www.usatoday.com/videos/news/nation/2021/02/13/dwayne-johnson-gets-political-young-rock/4472702001/, Dwayne Johnson gets political in 'Young Rock', 0
https://www.usatoday.com/https://www.usatoday.com/videos/entertainment/2021/02/13/dwayne-johnson-gets-political-young-rock/4472704001/, Dwayne Johnson gets political in 'Young Rock', 0
https://www.usatoday.com/https://www.usatoday.com/story/sports/sports-betting/2021/02/13/boston-bruins-at-new-york-islanders-odds-picks-and-prediction/115468180/, Boston Bruins at New York Islanders odds| picks and prediction, 0
https://www.usatoday.com/https://www.usatoday.com/story/sports/soccer/2021/02/13/english-soccer-at-breaking-point-over-abuse-on-social-media/115468240/, English soccer at breaking point over abuse on social media, 0
https://www.usatoday.com/https://www.usatoday.com/story/sports/sports-betting/2021/02/13/tcu-at-texas-odds-picks-and-prediction/115468366/, TCU at Texas odds| picks and prediction, 0
https://www.usatoday.com/https://www.usatoday.com/story/sports/soccer/2021/02/13/atltico-wins-2-1-at-granada-to-resume-title-march/115468388/, Messi nets 2 in record-tying 505th Liga match| Atlético win, 0
https://www.usatoday.com/https://www.usatoday.com/story/sports/sports-betting/2021/02/13/kansas-at-iowa-state-odds-picks-and-prediction/115468394/, Kansas at Iowa State odds| picks and prediction, 0
https://www.usatoday.com/https://www.usatoday.com/story/sports/sports-betting/2021/02/13/montreal-canadiens-at-toronto-maple-leafs-odds-picks-and-prediction/115468400/, Montreal Canadiens at Toronto Maple Leafs odds| picks and prediction, 0
https://www.usatoday.com/https://www.usatoday.com/story/tech/reviewedcom/2021/02/13/nespresso-vertuoplus-deluxe-machine-huge-discount/4472710001/, Nespresso VertuoPlus: This deluxe machine is at a huge discount, 0
https://www.usatoday.com/https://www.usatoday.com/story/sports/nfl/columnist/nate-davis/2021/02/13/super-bowl-breakthrough-12-nfl-teams-browns-titans-bills/4455709001/, Super Bowl breakthrough: Of 12 NFL teams without title| who's closest?, 0
https://www.usatoday.com/https://www.usatoday.com/story/sports/ncaab/acc/2021/02/13/duke-mike-krzyzewski-impressive-coaching-career-numbers-age-74/6744008002/, Duke coach Mike Krzyzewski turns 74. His impressive career in numbers., 0
https://www.usatoday.com/https://www.usatoday.com/story/sports/sports-betting/2021/02/13/philadelphia-76ers-at-phoenix-suns-odds-picks-and-prediction/115468544/, Philadelphia 76ers at Phoenix Suns odds| picks and prediction, 0
https://www.usatoday.com/https://www.usatoday.com/story/sports/highschool/2021/02/13/covid-19-long-hauler-coaches-high-school-basketball/4458149001/, COVID-19 long hauler coaches high school basketball but it's not easy, 0
https://www.usatoday.com/https://www.usatoday.com/story/entertainment/music/2021/02/13/guantanamo-in-mauritanian-scarily-accurate-including-iguanas/6730430002/, Guantanamo: 'The Mauritanian' is scarily accurate| down to the iguanas, 0
https://www.usatoday.com/https://www.usatoday.com/story/entertainment/movies/2021/02/13/saint-maud-ending-interview-spoilers/6704043002/, 'Saint Maud' ending: Why A24's shocking horror movie is a 'tragedy', 0
https://www.usatoday.com/https://www.usatoday.com/story/tech/reviewedcom/2021/02/13/dyson-v-11-torque-drive-get-best-cordless-vacuum-ever-100-off/4472925001/, Dyson V11 Torque Drive: Get the best cordless vacuum ever for $100 off, 0
https://www.usatoday.com/https://www.usatoday.com/story/news/nation/2021/02/13/texas-police-officer-struck-killed-intoxicated-driver-struck/4472913001/, Texas Police: Officer struck| killed by intoxicated driver struck, 0
https://www.usatoday.com/https://www.usatoday.com/videos/news/nation/2021/02/13/skaters-revel-netherlands-frozen-canals-lakes/4473105001/, Skaters revel in Netherlands' frozen canals| lakes, 0
https://www.usatoday.com/https://www.usatoday.com/story/news/nation/2021/02/13/tennessee-businessman-leaves-5-million-pet-dog/4472984001/, Tennessee businessman leaves $5 million to pet dog in will, 0
https://www.usatoday.com/https://www.usatoday.com/story/news/politics/2021/02/13/leahy-scolds-chamber-laughing-trump-lawyer-during-impeachment-trial/4472974001/, Leahy scolds chamber for laughing at Trump lawyer during impeachment trial, 0
https://www.usatoday.com/https://www.usatoday.com/story/sports/mlb/2021/02/13/mets-include-tim-tebow-on-virus-limited-spring-roster/115468744/, Mets include Tim Tebow on virus-limited spring roster, 0
https://www.usatoday.com/https://www.usatoday.com/story/sports/sports-betting/2021/02/13/brooklyn-nets-at-golden-state-warriors-odds-picks-and-prediction/115468740/, Brooklyn Nets at Golden State Warriors odds| picks and prediction, 0
https://www.usatoday.com/https://www.usatoday.com/videos/news/nation/2021/02/13/senators-consider-witnesses-trump-trial/4473214001/, Senators to consider witnesses in Trump trial, 0
https://www.usatoday.com/https://www.usatoday.com/story/entertainment/movies/2021/02/13/judas-and-black-messiah-fact-check-was-fred-hampton-drugged/4390689001/, 'Judas and the Black Messiah' fact check: Was Fred Hampton drugged?, 0
https://www.usatoday.com/https://www.usatoday.com/videos/news/nation/2021/02/13/fight-over-witnesses-could-delay-trump-trial/4473293001/, Fight over witnesses could delay Trump trial, 0
https://www.usatoday.com/https://www.usatoday.com/videos/news/politics/2021/02/13/trump-impeachment-trial-witnesses/4473211001/, Impeachment trial: Impassioned arguments for and against witnesses, 0
https://www.usatoday.com/https://www.usatoday.com/videos/news/nation/2021/02/13/trial-managers-trump-lawyers-spar-over-witnesses/4473291001/, Trial managers| Trump lawyers spar over witnesses, 0
https://www.usatoday.com/https://www.usatoday.com/story/news/politics/2021/02/13/trump-impeachment-trial-lindsey-graham-switches-vote-witnesses/4473014001/, Trump impeachment trial: Lindsey Graham switches vote on witnesses, 0
https://www.usatoday.com/https://www.usatoday.com/story/sports/sports-betting/2021/02/13/miami-heat-at-utah-jazz-odds-picks-and-prediction/115468808/, Miami Heat at Utah Jazz odds| picks and prediction, 0
https://www.usatoday.com/https://www.usatoday.com/story/sports/tennis/2021/02/13/facing-a-grand-slam-great-dream-come-true-big-loss-both/43387561/, Facing a Grand Slam great: Dream come true? Big loss? Both?, 0
https://www.usatoday.com/https://www.usatoday.com/story/news/nation/2021/02/13/snow-ice-blast-us-winter-storms-forecasted-nationwide/4472634001/, Snow| ice blast US; winter storms forecasted nationwide, 0
https://www.usatoday.com/https://www.usatoday.com/story/sports/soccer/2021/02/13/dortmunds-bundesliga-slump-continues-in-2-2-with-hoffenheim/43387569/, Dortmund's Bundesliga slump continues in 2-2 with Hoffenheim, 0
https://www.usatoday.com/https://www.usatoday.com/story/sports/nascar/2021/02/13/dale-earnhardt-jr-2001-daytona-500-death-nascar-safety/4467968001/, Dale Earnhardt Jr. reflects on 2001 Daytona 500 and father's death, 0
https://www.usatoday.com/https://www.usatoday.com/videos/news/nation/2021/02/13/vaccine-bus-set-up-london-deliver-jabs/4473642001/, Vaccine bus set up in London to deliver jabs, 0
https://www.usatoday.com/https://www.usatoday.com/story/tech/reviewedcom/2021/02/13/best-weighted-blanket-get-gravity-blanket-sale-now/4473145001/, Best weighted blanket: Get the Gravity Blanket on sale now, 0
https://www.usatoday.com/https://www.usatoday.com/story/sports/soccer/2021/02/13/burnley-end-winless-streak-with-easy-victory-at-palace/115468878/, Burnley end winless streak with easy victory at Palace, 0
https://www.usatoday.com/https://www.usatoday.com/story/news/politics/2021/02/13/trump-impeachment-trial-wish-list-witnesses-could-get-lengthy/4473908001/, Trump impeachment trial: Wish list for witnesses could get lengthy, 0
https://www.usatoday.com/https://www.usatoday.com/story/sports/sports-betting/2021/02/13/north-carolina-at-virginia-odds-picks-and-prediction/115468920/, North Carolina at Virginia odds| picks and prediction, 0
https://www.usatoday.com/https://www.usatoday.com/videos/tech/2021/02/13/video-fitness-health-home-workout-apps-tech-products-consider/4473588001/, Health and fitness at home: Some apps and tech products to consider, 0
https://www.usatoday.com/https://www.usatoday.com/story/news/politics/2021/02/13/tina-smith-mismatched-shoes-reflect-chaotic-day-trump-impeachment-trial/4473590001/, Impeachment trial: Sen. Smith's mismatched shoes reflect chaotic day, 0
https://www.usatoday.com/https://www.usatoday.com/videos/news/nation/2021/02/13/cruz-call-witnesses-causing-trial-chaos/4474053001/, Cruz: Call for witnesses causing trial 'chaos', 0
https://www.usatoday.com/https://www.usatoday.com/story/sports/sports-betting/2021/02/13/utah-at-stanford-odds-picks-and-prediction/115468936/, Utah at Stanford odds| picks and prediction, 0
https://www.usatoday.com/https://www.usatoday.com/story/news/nation/2021/02/13/japan-earthquake-hits-near-fukushima/4473861001/, Japan earthquake: 7.3-magnitude earthquake hits near Fukushima, 0
https://www.usatoday.com/https://www.usatoday.com/story/sports/nhl/2021/02/13/blue-jackets-activate-d-zach-werenski-off-injured-reserve/115468944/, Blue Jackets activate D Zach Werenski off injured reserve, 0
https://www.usatoday.com/https://www.usatoday.com/story/sports/nfl/2021/02/13/nfl-alumni-group-updates-its-playbook-to-address-money-game/115468966/, NFL alumni group updates its playbook to address money game, 0
https://www.usatoday.com/https://www.usatoday.com/story/news/politics/2021/02/13/trump-impeachment-trial-jaime-herrera-beutler-plays-unexpected-role/4473284001/, Trump impeachment trial: Jaime Herrera Beutler plays unexpected role, 0
https://www.usatoday.com/https://www.usatoday.com/videos/news/nation/2021/02/13/pro-democracy-protesters-and-bangkok-police-clash/4474148001/, Pro-democracy protesters and Bangkok police clash, 0
https://www.usatoday.com/https://www.usatoday.com/videos/news/nation/2021/02/13/behind-plastic-much-needed-hugs-during-pandemic/4474145001/, Behind plastic| much needed hugs during pandemic, 0
https://www.usatoday.com/https://www.usatoday.com/story/news/nation/2021/02/13/glittering-blue-ice-draws-many-michigans-straits-mackinac/4473525001/, Glittering blue ice draws many to Michigan's Straits of Mackinac, 0
https://www.usatoday.com/https://www.usatoday.com/story/sports/ncaab/2021/02/13/cbs-march-madness-top-16/4473701001/, College basketball: March Madness preview on CBS reveals top 16 seeds, 0
https://www.usatoday.com/https://www.usatoday.com/story/sports/mlb/2021/02/13/ap-source-lhp-hill-rhp-mchugh-agree-to-deals-with-rays/115468986/, AP source: LHP Hill| RHP McHugh agree to deals with Rays, 0
https://www.usatoday.com/https://www.usatoday.com/story/sports/mlb/2021/02/13/jay-bruce-agrees-to-minor-league-contract-with-yankees/115468992/, Jay Bruce agrees to minor league contract with Yankees, 0
https://www.usatoday.com/https://www.usatoday.com/story/sports/nascar/2021/02/13/rain-washes-out-nascars-final-practices-for-daytona-500/43387615/, Rain washes out NASCAR's final practices for Daytona 500, 0
https://www.usatoday.com/https://www.usatoday.com/story/sports/ncaab/2021/02/13/gonzaga-baylor-top-ncaa-committees-initial-rankings/115469002/, Gonzaga| Baylor top NCAA committee's initial rankings, 0
https://www.usatoday.com/https://www.usatoday.com/story/tech/columnist/2021/02/13/healthy-apps-best-fitness-programs-find-way-connect-you/4452357001/, Healthy apps: The best fitness programs find a way to connect with you, 0
https://www.usatoday.com/https://www.usatoday.com/story/nletter/health/2021/02/13/coronavirus-watch-states-cities-roll-back-coronavirus-restrictions/4474456001/, Coronavirus Watch: States| cities roll back coronavirus restrictions, 0
https://www.usatoday.com/https://www.usatoday.com/story/sports/nascar/2021/02/13/ready-to-retire-kurt-busch-leaves-nascar-fans-guessing/43387621/, Ready to retire? Kurt Busch leaves NASCAR fans guessing, 0
https://www.usatoday.com/https://www.usatoday.com/story/sports/columnist/nancy-armour/2021/02/13/urban-meyer-jacksonville-jaguars-chris-doyle/4474263001/, Jaguars coach Urban Meyer learning he's not in college anymore, 0
https://www.usatoday.com/https://www.usatoday.com/videos/entertainment/movies/2021/02/13/mauritanian-benedict-cumberbatch-jodie-foster/4468177001/, 'The Mauritanian': Benedict Cumberbatch| Jodie Foster makes legal waves, 0
https://www.usatoday.com/https://www.usatoday.com/story/sports/soccer/2021/02/13/insigne-ends-penalty-hoodoo-as-napoli-beats-juventus-1-0/43387629/, American-owned Spezia stuns Serie A leader AC Milan 2-0, 0
https://www.usatoday.com/https://www.usatoday.com/story/sports/ncaab/2021/02/13/cunninghams-15-lead-no-23-oklahoma-st-past-kansas-st/115469204/, Cunningham's 15 lead No. 23 Oklahoma St. past Kansas St., 0
https://www.usatoday.com/https://www.usatoday.com/videos/news/nation/2021/02/13/house-manager-close-trump-lit-match-riot/4474782001/, House manager close: Trump 'lit the match' on riot, 0
https://www.usatoday.com/https://www.usatoday.com/story/sports/ncaab/2021/02/13/no-22-loyola-chicago-races-past-drake-81-54/43387651/, No. 22 Loyola Chicago races past Drake| 81-54, 0
https://www.usatoday.com/https://www.usatoday.com/story/entertainment/celebrities/2021/02/13/cardi-b-men-deserve-grass-valentines-day/4473338001/, Cardi B: Men deserve 'grass' for Valentine's Day, 0
https://www.usatoday.com/https://www.usatoday.com/story/sports/ncaab/2021/02/13/liddells-19-points-power-no-4-ohio-st-over-indiana-78-59/43387663/, Liddell's 19 points power No. 4 Ohio St over Indiana 78-59, 0
https://www.usatoday.com/https://www.usatoday.com/story/news/politics/2021/02/13/supreme-court-ruling-sends-americans-japan-carlos-ghosn-case/6744963002/, Supreme Court ruling sends Americans to Japan in Carlos Ghosn case, 0
https://www.usatoday.com/https://www.usatoday.com/story/sports/ncaab/2021/02/13/ncaa-tournament-selection-sunday-early-reveal-snubs-southern-cal-virginia-tech/4474089001/, NCAA Tournament: Selection Sunday early reveal snubs Southern Cal| FSU, 0
https://www.usatoday.com/https://www.usatoday.com/story/sports/soccer/2021/02/13/klopp-concedes-epl-title-after-another-liverpool-collapse/43387787/, Klopp concedes EPL title after another Liverpool collapse, 0
https://www.usatoday.com/https://www.usatoday.com/videos/news/nation/2021/02/13/cicilline-makes-closing-impeachment-arguments/4475194001/, Cicilline makes closing impeachment arguments, 0
https://www.usatoday.com/https://www.usatoday.com/story/news/politics/2021/02/13/trump-impeachment-trial-senate-readies-closing-arguments/6743661002/, Senate fails to reach two-thirds vote necessary to convict Trump of inciting Capitol riot, 0
https://www.usatoday.com/https://www.usatoday.com/videos/news/politics/2021/02/13/house-managers-backtrack-calling-witnesses/4474744001/, Impeachment trial: House managers backtrack on calling witnesses, 0
https://www.usatoday.com/https://www.usatoday.com/story/sports/ncaab/2021/02/13/cole-scores-season-high-24-to-lead-uconn-over-xavier-80-72/43387795/, Cole scores season-high 24 to lead UConn over Xavier 80-72, 0
https://www.usatoday.com/https://www.usatoday.com/sitemap/2021/february/13/, 1, 0
https://www.usatoday.com/https://www.usatoday.com/sitemap/2021/february/13/?page=2, 2, 0
