https://www.usatoday.com/https://www.usatoday.com/story/sports/soccer/2021/02/15/matchday-bara-hosts-psg-leipzig-plays-liverpool-in-cl/115475434/, MATCHDAY: Barça hosts PSG| Leipzig plays Liverpool in CL, 0
https://www.usatoday.com/https://www.usatoday.com/story/sports/mlb/2021/02/15/ap-source-lefty-justin-wilson-agrees-to-deal-with-yankees/43390483/, AP source: LHP Justin Wilson agrees to deal with Yankees, 0
https://www.usatoday.com/https://www.usatoday.com/story/sports/ncaab/2021/02/15/kensmil-lifts-stephen-f-austin-past-new-orleans-89-79/43390485/, Kensmil lifts Stephen F. Austin past New Orleans 89-79, 0
https://www.usatoday.com/https://www.usatoday.com/story/entertainment/celebrities/2021/02/15/olivia-wilde-praises-harry-styles-joining-dont-worry-darling/6757784002/, Olivia Wilde praises Harry Styles for joining 'Don't Worry Darling', 0
https://www.usatoday.com/https://www.usatoday.com/story/sports/ncaab/acc/2021/02/15/jalen-johnson-opts-out-duke-blue-devils/6759140002/, Jalen Johnson opts out of rest of Duke Blue Devils basketball season, 0
https://www.usatoday.com/https://www.usatoday.com/story/sports/tennis/2021/02/15/american-tennis-player-gibbs-announces-retirement-at-age-27/115475454/, American tennis player Gibbs announces retirement at age 27, 0
https://www.usatoday.com/https://www.usatoday.com/story/sports/ncaab/2021/02/15/moreno-lifts-e-kentucky-over-tennessee-tech-83-72/43390487/, Moreno lifts E. Kentucky over Tennessee Tech 83-72, 0
https://www.usatoday.com/https://www.usatoday.com/story/sports/nba/2021/02/15/nba-all-star-game-break-guidelines-memo/6758812002/, NBA outlines extensive protocols for All-Star break in memo to teams, 0
https://www.usatoday.com/https://www.usatoday.com/story/sports/ncaab/2021/02/15/williams-carries-murray-state-over-siu-edwardsville-86-57/43390489/, Williams carries Murray State over SIU-Edwardsville 86-57, 0
https://www.usatoday.com/https://www.usatoday.com/pages/interactives/graphics/nasa-mars-mission-landing-2021-perseverance-rover/, Mars rover endured 'seven minutes of terror' for successful landing, 0
https://www.usatoday.com/https://www.usatoday.com/story/sports/nhl/2021/02/15/nashville-predators-dallas-stars-game-postponed-power-outages-ice-storm/6759557002/, NHL postpones Predators at Stars game amid winter storm| power outages, 0
https://www.usatoday.com/https://www.usatoday.com/story/sports/nhl/2021/02/15/predators-stars-postponed-at-city-request-extreme-weather/43390491/, Predators-Stars postponed at city request| extreme weather, 0
https://www.usatoday.com/https://www.usatoday.com/videos/sports/sportspulse/2021/02/16/olympic-cyclist-cant-wait-watch-olympic-table-tennis/6759657002/, This Olympic Cyclist can’t wait to watch Olympic Table Tennis, 0
https://www.usatoday.com/https://www.usatoday.com/story/sports/ncaab/2021/02/15/dukes-johnson-is-foregoing-season-declaring-for-nba-draft/115475484/, Duke's Johnson is forgoing season| declaring for NBA draft, 0
https://www.usatoday.com/https://www.usatoday.com/story/entertainment/tv/2021/02/15/bridgerton-casts-simone-ashley-lord-anthonys-love-interest/6759133002/, 'Bridgerton' casts Simone Ashley as Lord Anthony's love interest, 0
https://www.usatoday.com/https://www.usatoday.com/story/news/nation/2021/02/15/new-covid-19-cases-plummet-california/6757688002/, New COVID-19 cases plummet in California, 0
https://www.usatoday.com/https://www.usatoday.com/story/sports/tennis/2021/02/15/the-latest-osaka-takes-court-in-australian-open-quarters/43390497/, The Latest: Djokovic advances to 9th semifinal in Australia, 0
https://www.usatoday.com/https://www.usatoday.com/story/sports/mlb/2021/02/15/brewers-acquire-outfielder-derek-fisher-from-blue-jays/115475500/, Brewers acquire outfielder Derek Fisher from Blue Jays, 0
https://www.usatoday.com/https://www.usatoday.com/videos/sports/sportspulse/2021/02/16/olympian-carissa-moore-her-hopes-olympics/6759825002/, Olympian Carissa Moore on her hopes for the Olympics, 0
https://www.usatoday.com/https://www.usatoday.com/videos/tech/problemsolved/2021/02/16/5-tips-cook-meat-perfectly/6755001002/, 5 tips to cook meat perfectly, 0
https://www.usatoday.com/https://www.usatoday.com/videos/news/nation/2021/02/16/cuomo-ny-should-have-released-death-data-faster/6760093002/, Cuomo: NY should have released death data faster, 0
https://www.usatoday.com/https://www.usatoday.com/story/sports/ncaab/acc/2021/02/15/florida-state-routs-virginia-acc-top-teams/6760050002/, Florida State routs Virginia in ACC men's college basketball showdown, 0
https://www.usatoday.com/https://www.usatoday.com/story/sports/ncaaw/2021/02/15/no-19-depaul-women-hold-off-seton-hall-82-76/115475528/, No. 19 DePaul women hold off Seton Hall 82-76, 0
https://www.usatoday.com/https://www.usatoday.com/story/sports/ncaaw/2021/02/15/howard-no-17-kentucky-women-defeat-florida-85-73/43390511/, Howard| No. 17 Kentucky women defeat Florida 85-73, 0
https://www.usatoday.com/https://www.usatoday.com/story/sports/mlb/2021/02/15/jared-hughes-retires-after-pitching-10-major-league-seasons/115475536/, Jared Hughes retires after pitching 10 major league seasons, 0
https://www.usatoday.com/https://www.usatoday.com/story/sports/nba/2021/02/15/beal-outduels-ex-teammate-wall-wizards-top-rockets-131-119/115475542/, Beal outduels ex-teammate Wall| Wizards top Rockets 131-119, 0
https://www.usatoday.com/https://www.usatoday.com/story/sports/ncaab/2021/02/15/munoz-scores-21-to-carry-longwood-past-hampton-83-73/115475544/, Munoz scores 21 to carry Longwood past Hampton 83-73, 0
https://www.usatoday.com/https://www.usatoday.com/story/sports/nhl/2021/02/15/islanders-beat-sabres-3-1-in-buffalos-1st-game-in-2-weeks/115475558/, Islanders beat Sabres 3-1 in Buffalo's 1st game in 2 weeks, 0
https://www.usatoday.com/https://www.usatoday.com/story/sports/ncaab/2021/02/15/presbyterian-beats-south-carolina-upstate-75-65/115475582/, Presbyterian beats South Carolina Upstate 75-65, 0
https://www.usatoday.com/https://www.usatoday.com/story/sports/ncaab/2021/02/15/no-16-florida-st-routs-no-7-virginia-81-60-in-acc-showdown/115475586/, No. 16 Florida St routs No. 7 Virginia 81-60 in ACC showdown, 0
https://www.usatoday.com/https://www.usatoday.com/story/sports/nascar/2021/02/15/2021-daytona-500-wrecks-make-messy-race/6760116002/, 2021 Daytona 500: Wrecks diminish prestige of NASCAR's crown jewel, 0
https://www.usatoday.com/https://www.usatoday.com/story/sports/ncaaw/2021/02/15/uconn-in-line-for-top-seed-in-ncaa-womens-tournament/115475588/, NCAA women's tournament: UConn| South Carolina| Stanford eye top seeds, 0
https://www.usatoday.com/https://www.usatoday.com/story/sports/nhl/2021/02/15/maple-leafs-acquire-f-galchenyuk-in-trade-with-hurricanes/43390513/, Maple Leafs acquire F Galchenyuk in trade with Hurricanes, 0
https://www.usatoday.com/https://www.usatoday.com/story/sports/ncaab/2021/02/15/chattanooga-tops-e-tennessee-st-53-51-after-late-3-nixed/115475592/, Chattanooga tops E. Tennessee St. 53-51 after late 3 nixed, 0
https://www.usatoday.com/https://www.usatoday.com/story/entertainment/tv/2021/02/16/bachelor-recap-chris-harrison-rachael-racism-controversy-looms-aloe-blacc/4482782001/, 'Bachelor' recap: Chris Harrison| Rachael racism controversy looms, 0
https://www.usatoday.com/https://www.usatoday.com/story/sports/nhl/2021/02/15/panthers-close-in-on-central-leading-lightning-with-6-4-win/115475606/, Panthers close in on Central-leading Lightning with 6-4 win, 0
https://www.usatoday.com/https://www.usatoday.com/story/sports/nba/2021/02/15/bulls-run-past-pacers-with-late-flurry-for-120-112-ot-win/43390519/, Bulls run past Pacers with late flurry for 120-112 OT win, 0
https://www.usatoday.com/https://www.usatoday.com/story/sports/nba/2021/02/15/john-wall-returns-to-washington-wizards-defeat-rockets/6760160002/, John Wall returns to Washington in Rockets' loss to Wizards, 0
https://www.usatoday.com/https://www.usatoday.com/story/sports/nhl/2021/02/15/sens-rally-from-4-down-to-win-for-1st-time-beat-leafs-in-ot/115475626/, Sens rally from 4 down to win for 1st time| beat Leafs in OT, 0
https://www.usatoday.com/https://www.usatoday.com/story/sports/nhl/2021/02/15/hurricanes-erase-early-deficit-beat-blue-jackets-7-3/115475650/, Hurricanes erase early deficit| beat Blue Jackets 7-3, 0
https://www.usatoday.com/https://www.usatoday.com/story/sports/nba/2021/02/15/randle-scores-44-points-knicks-beat-slumping-hawks-123-112/43390529/, Randle scores 44 points| Knicks beat slumping Hawks 123-112, 0
https://www.usatoday.com/https://www.usatoday.com/story/sports/nhl/2021/02/15/kubalik-scores-2-lifts-blackhakws-to-3-2-win-over-red-wings/115475662/, Kubalik scores 2| lifts Blackhawks to 3-2 win over Red Wings, 0
https://www.usatoday.com/https://www.usatoday.com/story/sports/tennis/2021/02/15/osaka-advances-to-australian-open-semis-by-beating-hsieh/115475688/, Serena tops Halep at Australian Open| sets up Osaka showdown, 0
https://www.usatoday.com/https://www.usatoday.com/story/sports/mlb/2021/02/15/braves-invite-2-time-all-star-2b-kipnis-to-spring-training/115475700/, Braves invite 2-time All-Star 2B Kipnis to spring training, 0
https://www.usatoday.com/https://www.usatoday.com/story/sports/mlb/2021/02/15/indians-veteran-reliever-parker-agree-to-minor-league-deal/43390543/, Indians| veteran reliever Parker agree to minor league deal, 0
https://www.usatoday.com/https://www.usatoday.com/videos/news/nation/2021/02/16/today-history-february-16th/6760605002/, Today in History for February 16th, 0
https://www.usatoday.com/https://www.usatoday.com/story/sports/ncaab/2021/02/15/tsohonis-scores-29-hits-winner-as-washington-nips-rival-wsu/43390545/, Tsohonis scores 29| hits winner as Washington nips rival WSU, 0
https://www.usatoday.com/https://www.usatoday.com/videos/entertainment/movies/2021/02/16/barb-star-go-vista-del-mar-trailer-kristen-wiig-annie-mumolo/6760235002/, 'Barb & Star Go to Vista Del Mar': Watch the trailer, 0
https://www.usatoday.com/https://www.usatoday.com/story/sports/ncaaw/2021/02/15/williams-lifts-no-6-stanford-over-no-13-oregon-63-61/43390563/, Williams lifts No. 6 Stanford over No. 13 Oregon 63-61, 0
https://www.usatoday.com/https://www.usatoday.com/sports/ncaab/polls/coaches-poll/, Men's basketball, 0
https://www.usatoday.com/https://www.usatoday.com/story/sports/ncaab/2021/03/08/march-madness-bracketology-ncaa-tournament-michigan/4625774001/, NCAA Bracketology, 0
https://www.usatoday.com/https://www.usatoday.com/story/sports/ncaaw/2021/02/15/williams-no-6-stanford-hold-off-no-13-oregon-63-61/43390585/, Williams| No. 6 Stanford hold off No. 13 Oregon 63-61, 0
https://www.usatoday.com/https://www.usatoday.com/story/sports/tennis/aus/2021/02/15/australian-open-naomi-osaka-advances-semifinals/6760738002/, Australian Open: Naomi Osaka advances to semifinals, 0
https://www.usatoday.com/https://www.usatoday.com/story/sports/nhl/2021/02/16/wheelers-3rd-period-goal-lifts-jets-to-6-5-win-over-oilers/43390589/, Wheeler's 3rd-period goal lifts Jets to 6-5 win over Oilers, 0
https://www.usatoday.com/https://www.usatoday.com/story/money/taxes/2021/02/16/taxes-2021-when-you-file-how-wfh-could-affect-returns/6752273002/, Taxes 2021: When you file| here's how #WFH could affect your returns, 0
https://www.usatoday.com/https://www.usatoday.com/videos/news/nation/2021/02/16/hospitals-still-ration-masks-stockpiles-swell/6760867002/, Hospitals still ration masks as stockpiles swell, 0
https://www.usatoday.com/https://www.usatoday.com/story/sports/nba/2021/02/16/clarkson-40-streaking-jazz-win-showdown-vs-simmons-76ers/43390601/, Clarkson| streaking Jazz win showdown vs Simmons| 76ers, 0
https://www.usatoday.com/https://www.usatoday.com/story/sports/nba/2021/02/16/morris-comes-up-big-in-clippers-125-118-win-over-heat/115475792/, Morris comes up big in Clippers' 125-118 win over Heat, 0
https://www.usatoday.com/https://www.usatoday.com/story/sports/nba/2021/02/16/irving-scores-40-harden-triple-double-as-nets-thump-kings/115475806/, Irving scores 40| Harden triple-double as Nets thump Kings, 0
https://www.usatoday.com/https://www.usatoday.com/story/sports/nba/2021/02/16/curry-nets-36-warriors-deal-cavs-8th-straight-loss-129-98/115475820/, Curry nets 36| Warriors deal Cavs 8th straight loss| 129-98, 0
https://www.usatoday.com/https://www.usatoday.com/story/news/politics/2021/02/16/ron-johnson-questions-whether-capitol-attack-armed-insurrection/6760929002/, Ron Johnson questions whether Capitol attack was armed insurrection, 0
https://www.usatoday.com/https://www.usatoday.com/story/sports/nfl/chiefs/2021/02/15/britt-reid-car-accident-5-year-old-injured-crash-awakens-coma/6760838002/, Britt Reid car accident: 5-year-old injured in crash awakens from coma, 0
https://www.usatoday.com/https://www.usatoday.com/story/sports/nhl/2021/02/16/gaudreau-scores-early-in-ot-flames-edge-canucks-4-3/115475842/, Gaudreau scores early in OT| Flames edge Canucks 4-3, 0
https://www.usatoday.com/https://www.usatoday.com/story/sports/nhl/2021/02/16/sharks-beat-ducks-3-2-for-2nd-regulation-win-of-season/115475864/, Sharks beat Ducks 3-2 for 2nd regulation win of season, 0
https://www.usatoday.com/https://www.usatoday.com/story/sports/olympics/2021/02/16/tokyo-olympics-to-pick-mori-replacement-is-a-woman-likely/115475884/, Tokyo Olympics to pick Mori replacement; is a woman likely?, 0
https://www.usatoday.com/https://www.usatoday.com/videos/news/nation/2021/02/16/latinos-struggle-access-vaccines/6761085002/, Latinos struggle with access to vaccines, 0
https://www.usatoday.com/https://www.usatoday.com/story/sports/tennis/2021/02/16/australian-open-eyeing-21st-major-nadal-meets-tsitsipas/115475974/, Australian Open: Eyeing 21st major| Nadal meets Tsitsipas, 0
https://www.usatoday.com/https://www.usatoday.com/story/sports/nba/2021/02/16/analysis-griffin-and-pistons-breaking-up-will-be-a-win-win/43390643/, Analysis: Griffin and Pistons breaking up will be a win-win, 0
https://www.usatoday.com/https://www.usatoday.com/story/news/2021/02/16/biden-wisconsin-bill-gates-australian-open-5-things-know-tuesday/6739364002/, Biden in Wisconsin| Bill Gates| Australian Open: 5 things to know Tuesday, 0
https://www.usatoday.com/https://www.usatoday.com/story/sports/ncaab/2021/02/16/no-3-michigan-no-4-ohio-state-meet-to-top-ap-top-25-slate/43390651/, No. 3 Michigan| No. 4 Ohio State meet to top AP Top 25 slate, 0
https://www.usatoday.com/https://www.usatoday.com/videos/news/nation/2021/02/16/south-africa-medics-hope-vaccine-stop-variant/6761229002/, South Africa medics hope vaccine will stop variant, 0
https://www.usatoday.com/https://www.usatoday.com/story/sports/nba/2021/02/16/draymond-green-slams-nba-over-star-players-on-trading-block/43390655/, Draymond Green slams NBA over star players on trading block, 0
https://www.usatoday.com/https://www.usatoday.com/story/opinion/2021/02/16/ban-trump-from-politics-insurrection-exclusion-column/4488397001/, Insurrection exclusion in 14th Amendment would ban Trump from politics, 0
https://www.usatoday.com/https://www.usatoday.com/story/news/health/2021/02/16/covid-news-winter-storm-vaccine-texas-florida-coronavirus/6757208002/, COVID news: Winter storm delays vaccine shipments to Texas| Florida, 0
https://www.usatoday.com/https://www.usatoday.com/story/opinion/2021/02/16/climate-change-clean-energy-jobs-economic-stability-column/4451356001/, Climate change: Clean energy shift means jobs and economic stability, 0
https://www.usatoday.com/https://www.usatoday.com/story/news/politics/2021/02/16/mortgage-relief-ban-home-foreclosures-extended-joe-biden/6755036002/, Mortgage relief| ban on home foreclosures to be extended by Joe Biden, 0
https://www.usatoday.com/https://www.usatoday.com/story/sports/tennis/2021/02/16/the-name-is-karatsev-russian-reaches-semis-on-major-debut/43390657/, The name is Karatsev; Russian reaches semis on major debut, 0
https://www.usatoday.com/https://www.usatoday.com/story/sports/tennis/aus/2021/02/16/serena-williams-books-australian-open-semis-beats-simona-halep/6761290002/, Serena Williams books Australian Open semis with win vs. Simona Halep, 0
https://www.usatoday.com/https://www.usatoday.com/in-depth/news/nation/2021/02/16/nasas-perseverance-rover-still-has-face-seven-minutes-terror/6751179002/, Mars landing: Rover still has to face 'seven minutes of terror', 0
https://www.usatoday.com/https://www.usatoday.com/story/opinion/2021/02/16/trump-impeachment-trial-criminal-charges-column/6752601002/, Trump impeachment over: But he isn't likely to face criminal charges, 0
https://www.usatoday.com/https://www.usatoday.com/story/news/politics/2021/02/16/president-joe-biden-hopes-build-support-covid-relief-town-hall/6749528002/, Biden CNN town hall: President hopes to build support for COVID relief, 0
https://www.usatoday.com/https://www.usatoday.com/story/sports/sports-betting/2021/02/16/la-salle-at-saint-louis-odds-picks-and-prediction/115475916/, La Salle at Saint Louis odds| picks and prediction, 0
https://www.usatoday.com/https://www.usatoday.com/story/news/health/2021/02/16/covid-19-us-fourth-wave-variants-coronavirus/4460958001/, COVID variants could bring 'staggering' fourth wave of pandemic, 0
https://www.usatoday.com/https://www.usatoday.com/story/sports/olympics/2021/02/16/olympic-boxing-qualification-events-canceled-postponed/115475926/, Olympic boxing qualification events canceled| postponed, 0
https://www.usatoday.com/https://www.usatoday.com/videos/news/nation/2021/02/16/day-16-february-1991/6761347002/, On This Day: 16 February 1991, 0
https://www.usatoday.com/https://www.usatoday.com/videos/entertainment/2021/02/16/day-16-february-1991/6761348002/, On This Day: 16 February 1991, 0
https://www.usatoday.com/https://www.usatoday.com/videos/news/nation/2021/02/16/ap-top-stories-february-16/6761362002/, AP Top Stories February 16, 0
https://www.usatoday.com/https://www.usatoday.com/story/money/personalfinance/retirement/2021/02/16/retirement-strategies-savings-contributions-growth/115468404/, Strategies to set effective goals| maximize a retirement savings plan, 0
https://www.usatoday.com/https://www.usatoday.com/story/opinion/2021/02/16/vanderbilt-chancellor-how-universities-can-restore-reason-politics-column/4487894001/, Vanderbilt chancellor: How universities can restore reason to politics, 0
https://www.usatoday.com/https://www.usatoday.com/videos/money/2021/02/16/most-common-money-fights-couples-have-and-how-avoid-them/6751385002/, The most common money fights couples have and how to avoid them, 0
https://www.usatoday.com/https://www.usatoday.com/story/entertainment/music/2021/02/16/johnny-pacheco-salsa-icon-and-fania-records-co-founder-dies-85/6761344002/, Johnny Pacheco| salsa icon and Fania Records co-founder| dies at 85, 0
https://www.usatoday.com/https://www.usatoday.com/story/news/education/2021/02/16/day-care-preschool-permanently-closed-covid/6734968002/, Day care| preschool permanently closed: After pandemic| what's left?, 0
https://www.usatoday.com/https://www.usatoday.com/videos/news/weather/2021/02/16/millions-without-power-after-storm-slams-texas/6759385002/, Millions without power after storm slams Texas, 0
https://www.usatoday.com/https://www.usatoday.com/videos/news/nation/2021/02/16/millions-texas-lose-power-during-winter-storm/6761408002/, Millions in Texas lose power during winter storm, 0
https://www.usatoday.com/https://www.usatoday.com/story/sports/2021/02/16/lebron-james-and-stephen-curry-may-collision-course-nba-mvpit-could-lebron-james-vs-stephen-curry-nb/4480532001/, It could be LeBron James vs. Stephen Curry for NBA's MVP award, 0
https://www.usatoday.com/https://www.usatoday.com/story/sports/nba/warriors/2021/02/16/draymond-green-blasts-nba-double-standard-player-treatment/6761136002/, Draymond Green blasts NBA teams for double standard with players, 0
https://www.usatoday.com/https://www.usatoday.com/videos/news/weather/2021/02/16/frigid-temperatures-and-significant-wintry-mix-impact-much-country/6761401002/, Frigid temperatures and significant wintry mix to impact much of the country, 0
https://www.usatoday.com/https://www.usatoday.com/videos/news/weather/2021/02/16/record-cold-temperatures-continue-threaten-central-us/6761459002/, Record-breaking cold temperatures continue to threaten the central US, 0
https://www.usatoday.com/https://www.usatoday.com/story/news/nation/2021/02/16/deadly-winter-storm-texas-tornado-north-carolina/6761409002/, Winter storm: Tornado kills 3 in North Carolina; Texas power outages, 0
https://www.usatoday.com/https://www.usatoday.com/story/sports/sports-betting/2021/02/16/2021-genesis-invitational-fantasy-golf-power-rankings/115475992/, 2021 Genesis Invitational Fantasy Golf Power Rankings, 0
https://www.usatoday.com/https://www.usatoday.com/story/money/columnist/2021/02/16/how-deal-boss-often-makes-condescending-remarks-ask-hr/6711208002/, How to deal with a boss that often makes condescending remarks? Ask HR, 0
https://www.usatoday.com/https://www.usatoday.com/story/tech/2021/02/16/netflix-amazon-streaming-video-disney-hulu-hbo-max-peacock/6759020002/, Amazon| Netflix are streaming TV favorites| but we subscribe to more, 0
https://www.usatoday.com/https://www.usatoday.com/story/money/taxes/2021/02/16/file-your-own-taxes/115470524/, Should you file your own taxes this year? Ask yourself these questions, 0
https://www.usatoday.com/https://www.usatoday.com/videos/news/health/2021/02/16/covid-19-how-pandemic-impacting-black-communities/4323416001/, COVID-19: How the pandemic is impacting Black communities, 0
https://www.usatoday.com/https://www.usatoday.com/story/news/2021/02/16/black-history-covid-vaccine-fears-medical-experiments/4358844001/, History of abuses behind Black Americans' COVID-19 vaccine skepticism, 0
https://www.usatoday.com/https://www.usatoday.com/story/entertainment/books/2021/02/16/review-talib-kwelis-memoir-speaks-history-black-liberation/6760661002/, Review: Talib Kweli's memoir speaks to the history of Black liberation, 0
https://www.usatoday.com/https://www.usatoday.com/story/opinion/2021/02/16/capitol-hill-building-wire-fence-insurrection-column/6750151002/, Security fencing: Keep Capitol Hill a neighborhood| not a war zone, 0
https://www.usatoday.com/https://www.usatoday.com/in-depth/travel/news/2021/02/16/trump-plaza-last-atlantic-city-hotel-set-for-implosion/6753196002/, Donald Trump's last Atlantic City hotel set for implosion Wednesday, 0
https://www.usatoday.com/https://www.usatoday.com/story/sports/soccer/europe/2021/02/16/uefa-champions-league-round-16-schedule-how-watch-tv-odds/6759235002/, UEFA Champions League Round of 16 schedule| how to watch| odds to win, 0
https://www.usatoday.com/https://www.usatoday.com/story/nletter/2021/02/16/biden-wisconsin-bill-gates-australian-open-daily-briefing/6761365002/, Biden in Wisconsin| Bill Gates| Australian Open: Daily Briefing, 0
https://www.usatoday.com/https://www.usatoday.com/story/sports/hockey/2021/02/16/longest-hockey-game-takes-252-hours-played-frigid-conditions/6761554002/, Longest hockey game takes 252 hours| played in frigid conditions, 0
https://www.usatoday.com/https://www.usatoday.com/story/sports/sports-betting/2021/02/16/northwestern-at-illinois-odds-picks-and-prediction/115476054/, Northwestern at Illinois odds| picks and prediction, 0
https://www.usatoday.com/https://www.usatoday.com/videos/news/nation/2021/02/16/showbiz-minute-tyson-winfrey-jordan/6761597002/, ShowBiz Minute: Tyson| Winfrey| Jordan, 0
https://www.usatoday.com/https://www.usatoday.com/videos/entertainment/2021/02/16/showbiz-minute-tyson-winfrey-jordan/6761598002/, ShowBiz Minute: Tyson| Winfrey| Jordan, 0
https://www.usatoday.com/https://www.usatoday.com/story/sports/sports-betting/2021/02/16/portland-trail-blazers-at-oklahoma-city-thunder-odds-picks-and-prediction/115476088/, Portland Trail Blazers at Oklahoma City Thunder odds| picks and prediction, 0
https://www.usatoday.com/https://www.usatoday.com/story/sports/ftw/2021/02/16/patrick-mahomes-play-nfl-wrong/115476098/, NFL got it wrong with that wild Patrick Mahomes play, 0
https://www.usatoday.com/https://www.usatoday.com/story/sports/sports-betting/2021/02/16/brooklyn-nets-at-phoenix-suns-odds-picks-and-prediction/115476146/, Brooklyn Nets at Phoenix Suns odds| picks and prediction, 0
https://www.usatoday.com/https://www.usatoday.com/story/opinion/2021/02/16/joe-biden-global-response-covid-19-vaccine-column/4436315001/, Joe Biden needs a global response to produce the COVID-19 vaccine, 0
https://www.usatoday.com/https://www.usatoday.com/story/entertainment/movies/2021/02/16/barb-star-go-vista-del-mar-reba-mcentire-reveals-cameo/6757814002/, 'Barb & Star Go to Vista Del Mar': Reba McEntire reveals her cameo, 0
https://www.usatoday.com/https://www.usatoday.com/in-depth/graphics/2021/02/16/how-polar-vortex-creates-record-low-temperatures-and-winter-storms/6750206002/, How the polar vortex creates record low temperatures and winter storms, 0
https://www.usatoday.com/https://www.usatoday.com/story/news/politics/2021/02/16/nevada-bill-would-make-its-presidential-primary-first-us/6761730002/, Nevada bill would make its presidential primary first in US, 0
https://www.usatoday.com/https://www.usatoday.com/story/money/food/2021/02/16/ihop-pancake-day-free-pancakes-coronavirus-changes/6706550002/, IHOP National Pancake Day canceled: But free pancakes still for grabs, 0
https://www.usatoday.com/https://www.usatoday.com/story/sports/nfl/eagles/2021/02/16/carson-wentz-wont-be-only-eagles-veteran-traded-or-released/6761796002/, Carson Wentz won't be only Philadelphia Eagles player traded| released, 0
https://www.usatoday.com/https://www.usatoday.com/story/sports/soccer/2021/02/16/david-alaba-to-leave-bayern-munich-after-13-years/115476244/, David Alaba to leave Bayern Munich after 13 years, 0
https://www.usatoday.com/https://www.usatoday.com/story/travel/airline-news/2021/02/16/winter-storm-tuesday-airport-closures-canceled-flights/6761614002/, Winter storm: 2|800 flights canceled Tuesday; get airport closure info, 0
https://www.usatoday.com/https://www.usatoday.com/videos/news/2021/02/16/michael-jordan-gives-10-m-open-north-carolina-health-clinics/6761955002/, Michael Jordan gives $10M to open North Carolina health clinics, 0
https://www.usatoday.com/https://www.usatoday.com/story/news/politics/2021/02/16/adam-kinzinger-censured-party-family-frets-republican-party-future/6761681002/, Adam Kinzinger| censured by party and family| frets over GOP's future, 0
https://www.usatoday.com/https://www.usatoday.com/videos/news/weather/2021/02/16/texas-baby-man-snowboards-down-street-after-winter-storm-slams-texas/6760354002/, 'Texas baby!' Man snowboards down street after winter storm slams Texas, 0
https://www.usatoday.com/https://www.usatoday.com/story/life/health-wellness/2021/02/16/covid-19-pandemic-isolation-good-gender-exploration-lgbtq/6761634002/, COVID-19 pandemic isolation good for gender exploration| transitions, 0
https://www.usatoday.com/https://www.usatoday.com/story/news/factcheck/2021/02/16/fact-check-kamala-harris-misquoted-viral-post-veterans-jobs/4482012001/, Fact check: Kamala Harris misquoted in viral post on veterans| jobs, 0
https://www.usatoday.com/https://www.usatoday.com/videos/money/2021/02/16/ihop-cancels-pancake-day-amid-coronavirus-pandemic/6762040002/, IHOP cancels Pancake Day amid coronavirus pandemic, 0
https://www.usatoday.com/https://www.usatoday.com/videos/news/weather/2021/02/16/athens-greece-sees-winter-storm-dump-snow-greek-capital/6762100002/, Athens| Greece sees winter storm dump snow on Greek capital, 0
https://www.usatoday.com/https://www.usatoday.com/story/money/2021/02/16/nestle-kitkat-vegan-treat-coming-later-year-but-not-us/6761557002/, Nestlé KitKat vegan treat coming later this year| but not in US, 0
https://www.usatoday.com/https://www.usatoday.com/story/sports/tennis/2021/02/16/smashing-success-djokovic-beats-zverev-into-australian-sf/43390767/, Smashing success: Djokovic beats Zverev| into Australian SF, 0
https://www.usatoday.com/https://www.usatoday.com/story/sports/soccer/2021/02/16/club-brugge-hit-by-virus-cases-ahead-of-europa-league-match/115476424/, Club Brugge hit by virus cases ahead of Europa League match, 0
https://www.usatoday.com/https://www.usatoday.com/videos/news/weather/2021/02/16/snow-plows-synchronize-clear-kentucky-road-during-winter-storm/6761262002/, Snow plows synchronize to clear Kentucky road during winter storm, 0
https://www.usatoday.com/https://www.usatoday.com/story/sports/soccer/2021/02/16/de-bruyne-set-for-return-for-man-city-gundogan-to-miss-out/43390777/, De Bruyne set for return for Man City| Gundogan misses out, 0
https://www.usatoday.com/https://www.usatoday.com/story/sports/nfl/2021/02/16/girl-hurt-in-crash-involving-chiefs-coach-britt-reid-awake/115476474/, Girl hurt in crash involving Chiefs coach Britt Reid awake, 0
https://www.usatoday.com/https://www.usatoday.com/story/travel/hotels/2021/02/16/marriott-ceo-dies-arne-sorenson-pancreatic-cancer/6762023002/, Marriott CEO dies: Arne Sorenson was battling pancreatic cancer, 0
https://www.usatoday.com/https://www.usatoday.com/videos/news/weather/2021/02/16/what-polar-vortex/4501412002/, What is a polar vortex?, 0
https://www.usatoday.com/https://www.usatoday.com/story/money/2021/02/16/daily-money-02-16-21/6762511002/, Daily Money 02-16-21, 0
https://www.usatoday.com/https://www.usatoday.com/story/travel/experience/america/national-parks/2021/02/16/national-park-service-bring-own-toilet-paper-bathroom-theft/6762636002/, National Park Service: BYO toilet paper after bathroom theft, 0
https://www.usatoday.com/https://www.usatoday.com/story/sports/golf/2021/02/16/on-the-pga-tour-the-stars-come-out-in-los-angeles/115476600/, On the PGA Tour| the stars come out in Los Angeles, 0
https://www.usatoday.com/https://www.usatoday.com/videos/news/nation/2021/02/16/vaccine-rollout-uneven-grocery-store-workers/6762816002/, Vaccine rollout uneven for grocery store workers, 0
https://www.usatoday.com/https://www.usatoday.com/story/sports/soccer/2021/02/16/ukraine-challenges-european-soccers-pandemic-rules-in-court/43390793/, Ukraine challenges European soccer's pandemic rules in court, 0
https://www.usatoday.com/https://www.usatoday.com/videos/entertainment/entertainthis/2021/02/16/kenan-thompson-talks-snl-and-his-weekly-commute-between-nyc-and-la-interview/6755442002/, Kenan Thompson talks 'SNL' and his weekly commute between NYC and LA, 0
https://www.usatoday.com/https://www.usatoday.com/picture-gallery/entertainment/tv/2021/02/16/kenan-tv-shows-starring-former-snl-cast-members/6737391002/, 'Kenan': TV shows starring former 'SNL' cast members, 0
https://www.usatoday.com/https://www.usatoday.com/story/entertainment/tv/2021/02/16/kenan-thompson-adds-nbc-sitcom-saturday-night-live-duties/6725611002/, Kenan Thompson adds NBC sitcom to 'Saturday Night Live' duties, 0
https://www.usatoday.com/https://www.usatoday.com/story/money/2021/02/16/winter-weather-storm-how-often-should-start-my-car/6762112002/, Winter storm weather: When it's cold| how often should I start my car?, 0
https://www.usatoday.com/https://www.usatoday.com/videos/money/cars/2021/02/16/new-car-smell-has-potential-cause-cancer/6761896002/, That ‘new car smell’ has the potential to cause cancer, 0
https://www.usatoday.com/https://www.usatoday.com/story/sports/ncaab/2021/02/16/ncaa-tournament-march-madness-10-bubble-teams-trouble/6761710002/, College basketball: 10 NCAA Tournament bubble teams in trouble, 0
https://www.usatoday.com/https://www.usatoday.com/story/money/2021/02/16/yakkity-yak-coffee-shak-blind-refugee-culinary-career-sioux-falls-south-dakota/6760080002/, The chef: Blind refugee enjoys culinary career with wife as his eyes, 0
https://www.usatoday.com/https://www.usatoday.com/story/news/factcheck/2021/02/16/fact-check-magic-johnson-2012-photo-used-false-blood-donation-claim/6747567002/, Fact check: Old Magic Johnson photo used in false blood donation claim, 0
https://www.usatoday.com/https://www.usatoday.com/story/sports/mlb/2021/02/16/yankees-partner-with-cuny-to-increase-diverse-hiring/43390811/, Yankees partner with CUNY to increase diverse hiring, 0
https://www.usatoday.com/https://www.usatoday.com/story/entertainment/music/2021/02/16/elvis-week-2021-schedule-tickets-graceland/6763378002/, Elvis Week 2021: Concerts| tours and more planned at Graceland, 0
https://www.usatoday.com/https://www.usatoday.com/story/sports/nfl/2021/02/16/tom-brady-motivation-buccaneers-bruce-arians/6762150002/, Bruce Arians thinks he knows Tom Brady's motivation for joining Bucs, 0
https://www.usatoday.com/https://www.usatoday.com/story/sports/sports-betting/2021/02/16/washington-capitals-at-pittsburgh-penguins-odds-picks-and-prediction/115476682/, Washington Capitals at Pittsburgh Penguins odds| picks and prediction, 0
https://www.usatoday.com/https://www.usatoday.com/story/opinion/2021/02/16/protect-press-freedom-ban-aid-levy-sanctions-schiff-klobuchar-column/6748728002/, Honor Khashoggi by punishing countries| leaders who target journalists, 0
https://www.usatoday.com/https://www.usatoday.com/videos/news/nation/2021/02/16/clintons-arrive-cicely-tysons-new-york-funeral/6763536002/, Bill and Hillary Clinton arrive at Cicely Tyson's New York funeral, 0
https://www.usatoday.com/https://www.usatoday.com/videos/news/have-you-seen/2021/02/16/synchronized-snow-plows-oddly-satisfying-they-clear-roads/6763317002/, Synchronized snow plows are oddly satisfying as they clear roads, 0
https://www.usatoday.com/https://www.usatoday.com/story/sports/sports-betting/2021/02/16/toronto-raptors-at-milwaukee-bucks-odds-picks-and-prediction/115476704/, Toronto Raptors at Milwaukee Bucks odds| picks and prediction, 0
https://www.usatoday.com/https://www.usatoday.com/story/life/2021/02/16/fat-tuesday-mardi-gras-paczki-king-cake-pancakes/6763249002/, Fat Tuesday| Mardi Gras foods from King Cake to Pączki, 0
https://www.usatoday.com/https://www.usatoday.com/story/sports/sports-betting/2021/02/16/los-angeles-lakers-at-minnesota-timberwolves-odds-picks-and-prediction/115476728/, Los Angeles Lakers at Minnesota Timberwolves odds| picks and prediction, 0
https://www.usatoday.com/https://www.usatoday.com/story/news/politics/2021/02/16/bennie-thompson-sues-trump-giuliani-capitol-riot-ku-klux-klan-act/6763594002/, Bennie Thompson sues Trump| Giuliani over riot| cites Ku Klux Klan Act, 0
https://www.usatoday.com/https://www.usatoday.com/story/news/pr/2021/02/16/gannett-and-mcclatchy-collaborate-offer-local-reach-national-advertisers/6743048002/, Gannett and McClatchy Collaborate to Offer Local Reach for National Advertisers, 0
https://www.usatoday.com/https://www.reviewed.com/style/features/lululemon-plus-sized-clothing-review-extended-sizes?utm_source=usat&utm_medium=referral&utm_campaign=collab, I tried Lululemon's new plus sizes—are they actually worth it?, 0
https://www.usatoday.com/https://www.usatoday.com/story/news/nation/2021/02/16/amy-cooper-charges-dropped-central-park-911-call/6763384002/, Amy Cooper: Charges dropped for white woman in Central Park 911 call, 0
https://www.usatoday.com/https://www.usatoday.com/story/sports/nhl/2021/02/16/stars-scrap-2nd-game-in-row-with-predators-in-frigid-dallas/115476832/, Stars scrap 2nd game in row with Predators in frigid Dallas, 0
https://www.usatoday.com/https://www.usatoday.com/story/entertainment/music/2021/02/16/acm-awards-2021-nashville-ryman-opry-house-bluebird/6764302002/, ACM Awards: Show returns to Nashville in 2021, 0
https://www.usatoday.com/https://www.usatoday.com/story/news/politics/2021/02/16/yemen-why-biden-focusing-years-long-war-humanitarian-crisis/6705275002/, Yemen: Why Biden is focusing on years-long war| humanitarian crisis, 0
https://www.usatoday.com/https://www.usatoday.com/story/sports/sports-betting/2021/02/16/missouri-at-georgia-odds-picks-and-prediction/115476828/, Missouri at Georgia odds| picks and prediction, 0
https://www.usatoday.com/https://www.usatoday.com/story/sports/nfl/2021/02/16/jags-add-3-to-personnel-staff-including-davis-maccracken/43390845/, Jags add 3 to personnel staff| including Davis| MacCracken, 0
https://www.usatoday.com/https://www.usatoday.com/story/sports/nba/2021/02/16/spurs-hornets-have-more-games-called-over-virus-concerns/115476858/, Spurs have 4 players positive| Atlanta has All-Star concerns, 0
https://www.usatoday.com/https://www.usatoday.com/story/sports/sports-betting/2021/02/16/colorado-avalanche-at-vegas-golden-knights-odds-picks-and-prediction/115476844/, Colorado Avalanche at Vegas Golden Knights odds| picks and prediction, 0
https://www.usatoday.com/https://www.usatoday.com/in-depth/entertainment/music/2021/02/16/black-country-music-singers-deford-bailey-mickey-guyton/6747547002/, Black country music singers: From DeFord Bailey to Mickey Guyton, 0
https://www.usatoday.com/https://www.usatoday.com/story/news/politics/2021/02/16/arizona-senators-kyrsten-sinema-mark-kelly-hold-keys-immigration-reform-championed-by-john-mccain/6764620002/, Ariz. Sens. Kyrsten Sinema| Mark Kelly hold keys to immigration debate, 0
https://www.usatoday.com/https://www.usatoday.com/story/travel/advice/2021/02/16/family-travel-how-to-plan-trip-to-costa-rica/6762008002/, Family travel: How to plan a post-COVID trip to Costa Rica, 0
https://www.usatoday.com/https://www.usatoday.com/story/sports/sports-betting/2021/02/16/michigan-state-at-purdue-odds-picks-and-prediction/115476864/, Michigan State at Purdue odds| picks and prediction, 0
https://www.usatoday.com/https://www.usatoday.com/story/news/nation/2021/02/16/mardi-gras-celebrations-toned-down-amid-covid-new-orleans/6761698002/, Mardi Gras 2021: Celebrations toned down in New Orleans| US amid COVID, 0
https://www.usatoday.com/https://www.usatoday.com/story/money/markets/2021/02/16/stocks-slightly-higher-natural-gas-prices-climb-sharply/6764789002/, Stocks end wobbly day mostly lower; natural gas prices surge, 0
https://www.usatoday.com/https://www.10best.com/interests/explore/wander-prague-czech-republic-virtual-tour/, See what it's like to visit Prague on this virtual tour, 0
https://www.usatoday.com/https://www.10best.com/interests/food-travel/regional-pizza-types-chicago-california-colorado/, 10 unique styles of pizza across the United States, 0
https://www.usatoday.com/https://www.usatoday.com/story/nletter/health/2021/02/16/coronavirus-watch-storm-delays-vaccinations-florida-texas/6764037002/, Coronavirus Watch: Storm delays vaccinations in Florida| Texas, 0
https://www.usatoday.com/https://www.usatoday.com/story/sports/soccer/2021/02/16/epl-winner-demarai-gray-seeking-new-spark-in-germany/115476990/, EPL winner Demarai Gray seeking new spark in Germany, 0
https://www.usatoday.com/https://www.usatoday.com/story/life/health-wellness/2021/02/16/couples-struggling-pandemic-usa-today-wants-hear-your-story/6761818002/, Couples struggling in the pandemic| USA TODAY wants to hear your story, 0
https://www.usatoday.com/https://www.usatoday.com/story/sports/tennis/2021/02/16/on-the-move-serenas-court-coverage-brings-her-near-no-24/43390887/, On the move: Serena's court coverage brings her near No. 24, 0
https://www.usatoday.com/https://www.usatoday.com/story/sports/motor/irl/indy500/2021/02/16/bob-jenkins-longtime-ims-announcer-brain-cancer-battle/6765111002/, Bob Jenkins| longtime Indy 500 broadcaster| battling brain cancer, 0
https://www.usatoday.com/https://www.usatoday.com/story/money/cars/2021/02/16/winter-storm-gm-ford-toyota-nissan-fiat-chrysler-plants/6765293002/, Winter storm shuts down GM| Ford| Toyota| Nissan plants, 0
https://www.usatoday.com/https://www.usatoday.com/story/sports/tennis/2021/02/16/not-normal-djokovic-raises-quarantine-injury-connection/43390903/, 'Not normal': Djokovic raises quarantine-injury connection, 0
https://www.usatoday.com/https://www.usatoday.com/story/news/politics/2021/02/16/covid-vaccine-bidens-white-house-says-states-receive-more-doses/6762203002/, COVID vaccine: Biden's White House says states to receive more doses, 0
https://www.usatoday.com/https://www.usatoday.com/story/sports/mlb/2021/02/16/mlb-spring-training-2021-baseball-cactus-grapefruit-league/6764995002/, MLB spring training 2021: What to watch for as baseball returns, 0
https://www.usatoday.com/https://www.usatoday.com/videos/news/nation/2021/02/16/heavy-snowfall-has-blanketed-central-athens/6765813002/, Heavy snowfall has blanketed central Athens, 0
https://www.usatoday.com/https://www.reviewed.com/home-outdoors/features/heres-what-do-when-theres-power-outage?utm_source=usat&utm_medium=referral&utm_campaign=collab, When the power goes out| here’s what to do, 0
https://www.usatoday.com/https://www.usatoday.com/story/sports/nfl/patriots/2021/02/16/patriots-quarterback-issue-dictates-offseason-cam-newton/6765559002/, Patriots quarterback issue shapes offseason with Cam Newton free agent, 0
https://www.usatoday.com/https://www.usatoday.com/story/sports/nfl/2021/02/16/ap-source-panthers-to-release-2-time-pro-bowl-dt-short/115477194/, AP source: Panthers to release 2-time Pro Bowl DT Short, 0
https://www.usatoday.com/https://www.reviewed.com/refrigerators/content/bosch-b36cd50sns-french-door-refrigerator-review?utm_source=usat&utm_medium=referral&utm_campaign=collab, A near-perfect French-door fridge, 0
https://www.usatoday.com/https://www.usatoday.com/story/tech/reviewedcom/2021/02/16/north-face-get-up-50-off-north-face-coats-and-jackets/6763805002/, The North Face: Get up to 50% off on The North Face coats and jackets, 0
https://www.usatoday.com/https://www.usatoday.com/story/tech/reviewedcom/2021/02/16/8-useful-robot-vacuum-accessories-irobot-eufy-and-more/6766047002/, 8 useful robot vacuum accessories for iRobot| Eufy| and more, 0
https://www.usatoday.com/https://www.usatoday.com/story/sports/nfl/2021/02/16/dolphins-kicker-sanders-signs-22-million-deal-through-2026/115477266/, Dolphins kicker Sanders signs $22 million deal through 2026, 0
https://www.usatoday.com/https://www.usatoday.com/videos/entertainment/tv/2021/02/16/new-episode-bachelor-ruined-recent-racism-controversy/6766687002/, New episode of 'The Bachelor' ruined by recent racism controversy, 0
https://www.usatoday.com/https://www.usatoday.com/sitemap/2021/february/16/, 1, 0
https://www.usatoday.com/https://www.usatoday.com/sitemap/2021/february/16/?page=2, 2, 0
