https://www.usatoday.com/https://www.usatoday.com/story/sports/soccer/2021/02/16/matchday-ronaldo-back-in-portugal-as-juventus-faces-porto/115478218/, MATCHDAY: Ronaldo back in Portugal as Juventus faces Porto, 0
https://www.usatoday.com/https://www.usatoday.com/story/sports/ncaaw/2021/02/16/hillmon-no-11-michigan-women-beat-rival-michigan-state/115478224/, Hillmon| No. 11 Michigan women beat rival Michigan State, 0
https://www.usatoday.com/https://www.usatoday.com/story/sports/2021/02/16/draymond-greens-rant-exposes-nbas-double-standard-player-trades/6772369002/, Draymond Green's rant exposes NBA's double standard on player trades, 0
https://www.usatoday.com/https://www.usatoday.com/story/sports/ncaab/2021/02/16/trimble-scores-22-to-carry-akron-over-northern-illinois/115478248/, Trimble scores 22 to carry Akron over Northern Illinois, 0
https://www.usatoday.com/https://www.usatoday.com/story/sports/tennis/2021/02/16/the-latest-barty-faces-muchova-in-australian-quarterfinals/43391223/, The Latest: Fans to return after 5-day lockdown in Melbourne, 0
https://www.usatoday.com/https://www.usatoday.com/videos/news/nation/2021/02/17/trump-faces-new-legal-fights-over-us-capitol-riot/6774680002/, Trump faces new legal fights over US Capitol riot, 0
https://www.usatoday.com/https://www.usatoday.com/videos/news/nation/2021/02/17/rover-visit-red-planet-looking-life/6774679002/, Rover will visit the red planet| looking for life, 0
https://www.usatoday.com/https://www.usatoday.com/story/news/nation/2021/02/16/immigration-joe-biden-liberian-deportation-protections/6773593002/, Immigration: Joe Biden brings 'hope' for 10K Liberians living in US, 0
https://www.usatoday.com/https://www.usatoday.com/story/news/politics/2021/02/16/pat-toomey-faces-censure-over-impeachment-vote-republican-party/6759842002/, Toomey| Republicans face censures by state GOP over impeachment vote, 0
https://www.usatoday.com/https://www.usatoday.com/videos/news/nation/2021/02/17/black-man-sues-officer-use-excessive-force/6775021002/, Black man sues officer for use of excessive force, 0
https://www.usatoday.com/https://www.usatoday.com/story/sports/nba/2021/02/16/t-wolves-russell-to-have-knee-surgery-miss-4-6-weeks/43391237/, T-wolves: Russell to have knee surgery| miss 4-6 weeks, 0
https://www.usatoday.com/https://www.usatoday.com/story/sports/mlb/2021/02/16/red-sox-sign-rhp-hirokazu-sawamura-to-2-year-deal/43391241/, Red Sox sign RHP Hirokazu Sawamura to 2-year deal, 0
https://www.usatoday.com/https://www.usatoday.com/story/sports/ftw/2021/02/16/ryan-leaf-rips-nfl-vincent-jackson-death/115477732/, Ryan Leaf rips NFL after death of former Pro Bowl WR Vincent Jackson, 0
https://www.usatoday.com/https://www.usatoday.com/story/sports/nba/twolves/2021/02/16/t-wolves-russell-to-have-knee-surgery-miss-4-6-weeks/6775146002/, Timberwolves' D'Angelo Russell to have knee surgery| miss 4-6 weeks, 0
https://www.usatoday.com/https://www.usatoday.com/story/news/factcheck/2021/02/16/fact-check-cdc-not-inflating-covid-19-deaths/6764078002/, Fact check: CDC not inflating COVID-19 deaths, 0
https://www.usatoday.com/https://www.usatoday.com/story/sports/ncaab/2021/02/16/bouknight-scores-18-to-carry-uconn-over-providence-73-61/43391259/, Bouknight scores 18 to carry UConn over Providence 73-61, 0
https://www.usatoday.com/https://www.usatoday.com/story/sports/ncaab/2021/02/16/no-24-arkansas-tops-florida-75-64-for-7th-straight-sec-win/43391269/, No. 24 Arkansas tops Florida 75-64 for 7th straight SEC win, 0
https://www.usatoday.com/https://www.usatoday.com/story/nletter/in-california/2021/02/16/covid-19-more-counties-could-move-into-red-tier-soon/6774412002/, COVID-19: More counties could move into red tier soon, 0
https://www.usatoday.com/https://www.usatoday.com/story/sports/tennis/aus/2021/02/16/karolina-muchova-upsets-ash-barty-australian-open-quarterfinals/6775576002/, Australian Open: Ash Barty upset by Karolina Muchova in quarterfinals, 0
https://www.usatoday.com/https://www.usatoday.com/story/sports/ncaab/2021/02/16/wiggins-helps-maryland-pull-away-to-beat-nebraska-64-50/115478368/, Wiggins helps Maryland pull away to beat Nebraska 64-50, 0
https://www.usatoday.com/https://www.usatoday.com/story/sports/ncaab/2021/02/16/camara-rallies-georgia-over-no-20-missouri-80-70/43391295/, Camara rallies Georgia over No. 20 Missouri 80-70, 0
https://www.usatoday.com/https://www.usatoday.com/story/sports/tennis/2021/02/16/no-1-barty-upset-in-australian-quarterfinals-by-muchova/43391301/, Muchova upsets Barty and will face Brady in Australian semis, 0
https://www.usatoday.com/https://www.usatoday.com/videos/news/nation/2021/02/17/federally-backed-vaccine-sites-open-california/6775851002/, Federally-backed vaccine sites open in California, 0
https://www.usatoday.com/https://www.usatoday.com/story/sports/ncaab/2021/02/16/st-francis-ny-defeats-fairleigh-dickinson-83-75/115478396/, St. Francis (N.Y.) defeats Fairleigh Dickinson 83-75, 0
https://www.usatoday.com/https://www.usatoday.com/story/sports/nhl/2021/02/16/sorokin-stops-20-shots-for-1st-nhl-win-isles-beat-sabres/43391317/, Sorokin stops 20 shots for 1st NHL win; Isles blank Sabres, 0
https://www.usatoday.com/https://www.usatoday.com/story/sports/sports-betting/2021/02/16/2021-genesis-invitational-matchups-and-prop-bet-predictions/115478398/, 2021 Genesis Invitational matchups and prop bet predictions, 0
https://www.usatoday.com/https://www.usatoday.com/story/sports/ncaab/2021/02/16/santiago-scores-22-to-lead-kent-st-past-w-michigan-76-69/43391327/, Santiago scores 22 to lead Kent St. past W. Michigan 76-69, 0
https://www.usatoday.com/https://www.usatoday.com/story/sports/ncaab/2021/02/16/joiner-scores-17-to-lift-tulsa-over-temple-72-66/43391329/, Joiner scores 17 to lift Tulsa over Temple 72-66, 0
https://www.usatoday.com/https://www.usatoday.com/story/sports/ncaab/2021/02/16/turner-lifts-bowling-green-over-ball-st-75-62/43391331/, Turner lifts Bowling Green over Ball St. 75-62, 0
https://www.usatoday.com/https://www.usatoday.com/story/news/factcheck/2021/02/16/fact-check-mcconnell-said-trump-was-responsible-for-capitol-riot/6767311002/, Fact check: McConnell said Trump was 'responsible' for Capitol riot, 0
https://www.usatoday.com/https://www.usatoday.com/story/sports/nhl/2021/02/16/devils-deal-rangers-fourth-straight-loss-with-5-2-victory/43391335/, Devils deal Rangers fourth straight loss with 5-2 victory, 0
https://www.usatoday.com/https://www.usatoday.com/story/sports/ncaab/2021/02/16/jackson-triple-double-leads-toledo-past-miami-ohio-87-75/43391333/, Jackson triple-double leads Toledo past Miami (Ohio) 87-75, 0
https://www.usatoday.com/https://www.usatoday.com/story/sports/ncaab/2021/02/16/williams-takes-lead-late-lifting-purdue-past-michigan-st/115478430/, Williams takes lead late lifting Purdue past Michigan St., 0
https://www.usatoday.com/https://www.usatoday.com/story/sports/ncaab/2021/02/16/reed-jr-lifts-se-missouri-over-austin-peay-86-81-in-ot/115478460/, Reed Jr. lifts SE Missouri over Austin Peay 86-81 in OT, 0
https://www.usatoday.com/https://www.usatoday.com/story/sports/ncaab/2021/02/16/camara-helps-georgia-rally-to-beat-no-20-missouri-80-70/43391433/, Camara helps Georgia rally to beat No. 20 Missouri 80-70, 0
https://www.usatoday.com/https://www.usatoday.com/story/news/nation/2021/02/16/california-riverside-study-commute-traffic-cancer-carcinogens/6774238002/, California study links longer commutes with increased risk of cancer, 0
https://www.usatoday.com/https://www.usatoday.com/story/sports/nba/2021/02/16/brown-scores-27-celtics-outlast-jokic-nuggets-112-99/115478614/, Brown scores 27| Celtics outlast Jokic| Nuggets 112-99, 0
https://www.usatoday.com/https://www.usatoday.com/story/sports/nba/2021/02/16/lillard-scores-31-as-trail-blazers-top-thunder-115-104/43391351/, Lillard scores 31 as Trail Blazers top Thunder 115-104, 0
https://www.usatoday.com/https://www.usatoday.com/story/sports/nba/2021/02/16/williamson-strong-inside-pelicans-trounce-grizzlies-144-113/115478476/, Williamson strong inside| Pelicans trounce Grizzlies 144-113, 0
https://www.usatoday.com/https://www.usatoday.com/story/sports/nba/2021/02/16/raptors-beat-bucks-124-113-despite-losing-lowry-to-injury/43391361/, Raptors beat Bucks 124-113 despite losing Lowry to injury, 0
https://www.usatoday.com/https://www.usatoday.com/story/sports/nba/2021/02/16/james-lakers-minus-davis-fend-off-timberwolves-112-104/115478490/, James| Lakers| minus Davis| fend off Timberwolves 112-104, 0
https://www.usatoday.com/https://www.usatoday.com/story/sports/nhl/2021/02/16/sheary-vrana-score-as-capitals-beat-penguins-3-1/43391461/, Sheary| Vrana score as Capitals beat Penguins 3-1, 0
https://www.usatoday.com/https://www.usatoday.com/story/tech/reviewedcom/2021/02/16/amazon-deals-shop-price-cuts-vacuums-tablets-and-more/4456575001/, Amazon deals: Shop price cuts on vacuums| tablets and more, 0
https://www.usatoday.com/https://www.usatoday.com/story/sports/tennis/aus/2021/02/16/jennifer-brady-jessica-pegula-australian-open-quarterfinals/6776006002/, Jennifer Brady beats Jessica Pegula| advances to Australian Open semis, 0
https://www.usatoday.com/https://www.usatoday.com/videos/news/nation/2021/02/17/today-history-february-17th/6777103002/, Today in History for February 17th, 0
https://www.usatoday.com/https://www.usatoday.com/story/sports/olympics/2021/02/16/rural-governor-talks-of-canceling-local-olympic-torch-relay/115478516/, Rural governor talks of canceling local Olympic torch relay, 0
https://www.usatoday.com/https://www.usatoday.com/story/entertainment/celebrities/2021/02/16/larry-king-handwritten-contested-wife-shawn-king/6775796002/, Larry King's handwritten will contested by widow Shawn King, 0
https://www.usatoday.com/https://www.usatoday.com/story/sports/ncaab/2021/02/16/scott-scores-37-leads-lmu-past-santa-clara-76-73/43391389/, Scott scores 37| leads LMU past Santa Clara 76-73, 0
https://www.usatoday.com/https://www.usatoday.com/story/news/politics/2021/02/16/president-joe-biden-recommits-school-reopening-goal/6776406002/, School reopening: Biden recommits to original '5 days a week' goal, 0
https://www.usatoday.com/https://www.usatoday.com/story/news/politics/2021/02/16/joe-biden-pitch-coronavirus-relief-plan-tonight-milwaukee/6777314002/, President Joe Biden pitches COVID relief plan in CNN town hall, 0
https://www.usatoday.com/https://www.usatoday.com/story/money/cars/2021/02/17/van-life-coronavirus-pandemic-remote-work-mercedes-sprinter-van-life/4371726001/, Van life takes off during virus: Americans convert vehicles into homes, 0
https://www.usatoday.com/https://www.usatoday.com/videos/money/cars/2021/02/17/home-life-road-during-pandemic/6764907002/, Van life: people trading home living for life on road during pandemic, 0
https://www.usatoday.com/https://www.usatoday.com/picture-gallery/money/cars/2021/02/17/van-life-photos-mercedes-ram/6735961002/, Van life photos: Americans convert Mercedes| Ram vans for life on road, 0
https://www.usatoday.com/https://www.usatoday.com/story/money/cars/2021/02/17/vanlife-tips-budget-finances-van-renovation-conversion-pandemic/6723403002/, Van life tips: How to handle budget| renovations| bathroom on the road, 0
https://www.usatoday.com/https://www.usatoday.com/story/sports/tennis/aus/2021/02/16/sofia-kenin-2020-australian-open-winner-appendix-removed/6777412002/, Sofia Kenin| 2020 Australian Open winner| had her appendix removed, 0
https://www.usatoday.com/https://www.usatoday.com/story/sports/ncaab/2021/02/17/cockburn-dosunmu-lead-no-5-illini-past-northwestern-73-66/115478658/, Cockburn| Dosunmu lead No. 5 Illini past Northwestern 73-66, 0
https://www.usatoday.com/https://www.usatoday.com/story/sports/ncaab/bigten/2021/02/16/illinois-mens-basketball-defeats-northwestern-six-straight-win/6777576002/, Illinois men's basketball defeats Northwestern for six straight win, 0
https://www.usatoday.com/https://www.usatoday.com/story/sports/nhl/2021/02/17/kadri-scores-with-41-seconds-left-avalanche-edge-vegas-3-2/43391397/, Kadri scores with 41 seconds left| Avalanche edge Vegas 3-2, 0
https://www.usatoday.com/https://www.usatoday.com/story/sports/nhl/2021/02/17/jonathan-quick-makes-28-saves-kings-blank-wild-4-0/115478598/, Jonathan Quick makes 28 saves| Kings blank Wild 4-0, 0
https://www.usatoday.com/https://www.usatoday.com/story/sports/nhl/2021/02/17/isles-beat-buffalo-3-0-complete-2-game-sweep-of-sabres/43391469/, Isles beat Buffalo 3-0| complete 2-game sweep of Sabres, 0
https://www.usatoday.com/https://www.usatoday.com/story/sports/nba/2021/02/17/harden-scores-38-nets-rally-from-24-down-stun-suns-128-124/43391417/, Harden scores 38| Nets rally from 24 down| stun Suns 128-124, 0
https://www.usatoday.com/https://www.usatoday.com/story/sports/tennis/2021/02/17/australian-open-serena-williams-vs-naomi-osaka-in-semis/43391429/, Australian Open: Serena Williams vs. Naomi Osaka in semis, 0
https://www.usatoday.com/https://www.usatoday.com/videos/news/nation/2021/02/17/native-americans-embrace-vaccine-north-carolina/6777763002/, Native Americans embrace vaccine in North Carolina, 0
https://www.usatoday.com/https://www.usatoday.com/story/sports/nba/lakers/2021/02/16/lebron-james-draymond-green-nba-double-standard-trade-narratives/6777566002/, LeBron James lends support to Draymond Green's argument on NBA teams, 0
https://www.usatoday.com/https://www.usatoday.com/videos/news/nation/2021/02/17/biden-only-one-president-havent-spoken/6777908002/, Biden: only one president I haven't spoken to, 0
https://www.usatoday.com/https://www.usatoday.com/story/sports/tennis/2021/02/17/australian-open-semifinalist-brady-thinks-quarantine-helped/43391511/, Australian Open semifinalist Brady thinks quarantine helped, 0
https://www.usatoday.com/https://www.usatoday.com/videos/news/nation/2021/02/17/water-main-break-floods-philadelphia-streets/6777983002/, Water main break floods Philadelphia streets, 0
https://www.usatoday.com/https://www.usatoday.com/story/sports/tennis/2021/02/17/cramping-at-end-medvedev-beats-rublev-in-australian-open-qf/43391473/, Cramping at end| Medvedev beats Rublev in Australian Open QF, 0
https://www.usatoday.com/https://www.usatoday.com/story/sports/ncaab/2021/02/17/colorado-and-oregon-face-off-to-stay-in-pac-12-race/115478646/, Colorado and Oregon face off to stay in Pac-12 race, 0
https://www.usatoday.com/https://www.usatoday.com/story/money/2021/02/17/unemployment-coronavirus-cities-lose-jobs-suburbs-gain-during-covid/6760123002/, Jobs near me: Cities lose 400K jobs as suburbs gain during COVID, 0
https://www.usatoday.com/https://www.usatoday.com/story/sports/nhl/2021/02/17/tahoe-outdoor-nhl-games-could-lead-to-more-picturesque-sites/43391533/, Tahoe outdoor NHL games could lead to more picturesque sites, 0
https://www.usatoday.com/https://www.usatoday.com/story/opinion/2021/02/17/after-trump-republicans-no-credibility-spare-us-lectures-column/4479730001/, After Trump| Republicans have no standing to pontificate on anything, 0
https://www.usatoday.com/https://www.usatoday.com/story/news/2021/02/17/winter-weather-trump-plaza-ash-wednesday-5-things-know/6739576002/, Winter weather| Trump Plaza| Ash Wednesday: 5 things to know, 0
https://www.usatoday.com/https://www.usatoday.com/story/opinion/voices/2021/02/17/covid-fallout-racism-against-asian-americans-column/6761944002/, COVID-19 fallout includes rising racism against Asian Americans like me, 0
https://www.usatoday.com/https://www.usatoday.com/story/news/health/2021/02/17/covid-news-joe-biden-variant-vaccine-teachers/6771794002/, COVID news: Vaccination timeline; school reopenings; Ash Wednesday, 0
https://www.usatoday.com/https://www.usatoday.com/videos/news/nation/2021/02/17/ap-top-stories-february-17/6778063002/, AP Top Stories February 17, 0
https://www.usatoday.com/https://www.usatoday.com/story/opinion/2021/02/17/education-improve-after-pandemic-covid-charter-school-individualized-column/6712875002/, Education can improve after the COVID pandemic, 0
https://www.usatoday.com/https://www.usatoday.com/story/news/nation/2021/02/17/ash-wednesday-2021-during-covid-19-drive-thru-ashes-baggies/6764371002/, Ash Wednesday 2021 during COVID means drive-thru ashes| DIY baggies, 0
https://www.usatoday.com/https://www.usatoday.com/story/news/politics/2021/02/17/supreme-court-advocates-ask-joe-biden-name-black-women-judges/6722856002/, Supreme Court: Advocates ask Joe Biden to name Black women as judges, 0
https://www.usatoday.com/https://www.usatoday.com/story/sports/sports-betting/2021/02/17/arizona-state-at-usc-odds-picks-and-prediction/115478674/, Arizona State at USC odds| picks and prediction, 0
https://www.usatoday.com/https://www.usatoday.com/story/news/health/2021/02/17/covid-19-likely-become-endemic-experts-say-heres-what-means/4487953001/, COVID-19 likely to become endemic| experts say. Here's what it means., 0
https://www.usatoday.com/https://www.usatoday.com/story/sports/sports-betting/2021/02/17/kansas-at-kansas-state-odds-picks-and-prediction/115478682/, Kansas at Kansas State odds| picks and prediction, 0
https://www.usatoday.com/https://www.usatoday.com/story/news/politics/2021/02/17/lincoln-project-founders-knew-alleged-harassment-months-before-they-claimed/6768370002/, Lincoln Project founders knew of alleged harassment months before they claimed, 0
https://www.usatoday.com/https://www.usatoday.com/story/news/investigations/2021/02/17/universal-covid-19-vaccine-we-may-need-one-end-pandemic/6705537002/, Universal COVID-19 Vaccine? We may need one to end this pandemic., 0
https://www.usatoday.com/https://www.usatoday.com/story/money/investing/2021/02/17/warren-buffett-mistakes-winners/43389815/, Warren Buffett's investing mistakes: Let your winners keep winning, 0
https://www.usatoday.com/https://www.usatoday.com/videos/news/weather/2021/02/17/northeast-remains-under-threat-constant-winter-storms/6778135002/, Northeast remains under threat of constant winter storms, 0
https://www.usatoday.com/https://www.usatoday.com/videos/news/weather/2021/02/17/historic-low-temperatures-grip-central-states/6778131002/, Historic low temperatures grip Central states, 0
https://www.usatoday.com/https://www.usatoday.com/videos/news/nation/2021/02/17/lee-daniels-billie-holiday-had-little-bit-darkness/6778183002/, Lee Daniels: Billie Holiday had a 'little bit of darkness', 0
https://www.usatoday.com/https://www.usatoday.com/videos/entertainment/2021/02/17/lee-daniels-billie-holiday-had-little-bit-darkness/6778184002/, Lee Daniels: Billie Holiday had a 'little bit of darkness', 0
https://www.usatoday.com/https://www.usatoday.com/story/sports/2021/02/17/jackie-robinson-spring-training-story-75-years-ago/4488581001/, Jackie Robinson story you may not know from 75 years ago this month, 0
https://www.usatoday.com/https://www.usatoday.com/videos/news/nation/2021/02/17/anger-builds-amid-texas-power-outages/6778207002/, Anger builds amid Texas power outages, 0
https://www.usatoday.com/https://www.usatoday.com/story/news/education/2021/02/17/where-do-take-sat-how-student-testing-different-amid-covid/6768970002/, Where do I take the SAT? How is student testing different amid COVID?, 0
https://www.usatoday.com/https://www.usatoday.com/picture-gallery/entertainment/celebrities/2021/02/17/paris-hilton-through-the-years/6761663002/, Paris Hilton turns 40: Photos through the years, 0
https://www.usatoday.com/https://www.usatoday.com/story/travel/news/2021/02/17/covid-travel-is-taking-amtrak-trains-safer-than-flying/6761950002/, COVID travel: Is taking Amtrak trains safer than flying?, 0
https://www.usatoday.com/https://www.usatoday.com/in-depth/entertainment/music/2021/02/17/top-blues-songs-mississippi-delta/4467721001/, Top blues songs to emerge out of the Mississippi Delta, 0
https://www.usatoday.com/https://www.usatoday.com/story/money/personalfinance/retirement/2021/02/17/7-myths-about-social-security-divorce/115473494/, Social Security and divorce: 7 myths about claiming your ex's benefits, 0
https://www.usatoday.com/https://www.usatoday.com/story/life/health-wellness/2021/02/17/flox-telehealth-lgbtq-hormone-therapy-provider-launches-website/6762318002/, LGBTQ telehealth provider FOLX boosts privacy during hormone therapy, 0
https://www.usatoday.com/https://www.usatoday.com/story/money/usaandmain/2021/02/17/advantages-older-workers-job-candidates/4482652001/, 5 advantages older workers have over other job candidates, 0
https://www.usatoday.com/https://www.usatoday.com/story/opinion/2021/02/17/muslim-ban-donald-trump-travel-joe-biden-executive-order-column/6763302002/, Muslim ban: Protesting at JFK airport was easy. True justice is harder, 0
https://www.usatoday.com/https://www.usatoday.com/in-depth/entertainment/music/2021/02/17/mississippi-delta-roots-blues-music-ripples-through-generations/4467698001/, With Mississippi Delta roots| blues music ripples through generations, 0
https://www.usatoday.com/https://www.usatoday.com/story/sports/ncaaf/2021/02/17/college-football-gus-malzahn-terry-bowden-we-rank-coaching-hires/6762491002/, College football: Gus Malzahn to Terry Bowden| we rank coaching hires, 0
https://www.usatoday.com/https://www.usatoday.com/story/money/food/2021/02/17/mcdonalds-burger-king-new-chicken-sandwich-war-2021/6770207002/, McDonald's chicken hoodie| Burger King heat up Chicken Sandwich War, 0
https://www.usatoday.com/https://www.usatoday.com/story/nletter/2021/02/17/winter-weather-trump-plaza-ash-wednesday-daily-briefing/6778112002/, Winter weather| Trump Plaza| Ash Wednesday: Daily Briefing, 0
https://www.usatoday.com/https://www.usatoday.com/story/travel/news/2021/02/17/watch-trump-casino-tower-atlantic-city-implosion/6778261002/, Watch: Trump Plaza Hotel implosion in Atlantic City signals end of era, 0
https://www.usatoday.com/https://www.usatoday.com/videos/news/weather/2021/02/17/weather-impacts-covid-19-vaccine-testing-appointments/6778099002/, Weather impacts COVID-19 vaccine| testing appointments, 0
https://www.usatoday.com/https://www.usatoday.com/story/news/world/2021/02/17/dubai-princess-sheikha-latifa-says-she-hostage-after-flee-attempt/6778014002/, Dubai princess Sheikha Latifa says she is 'hostage' after flee attempt, 0
https://www.usatoday.com/https://www.usatoday.com/story/sports/sports-betting/2021/02/17/denver-nuggets-at-washington-wizards-odds-picks-and-prediction/115478804/, Denver Nuggets at Washington Wizards odds| picks and prediction, 0
https://www.usatoday.com/https://www.usatoday.com/story/sports/nba/2021/02/17/james-harden-brooklyn-nets-stun-phoenix-suns-huge-rally/6778330002/, James Harden| Brooklyn Nets stun Phoenix Suns with huge rally, 0
https://www.usatoday.com/https://www.usatoday.com/story/sports/soccer/2021/02/17/big-loss-to-psg-a-reality-check-for-barcelona/115478826/, Big loss to PSG a reality check for Barcelona, 0
https://www.usatoday.com/https://www.usatoday.com/videos/entertainment/2021/02/17/showbiz-minute-pacheco-hasel-harington/6778369002/, ShowBiz Minute: Pacheco| Hasél| Harington, 0
https://www.usatoday.com/https://www.usatoday.com/videos/news/nation/2021/02/17/showbiz-minute-pacheco-hasel-harington/6778366002/, ShowBiz Minute: Pacheco| Hasél| Harington, 0
https://www.usatoday.com/https://www.usatoday.com/story/sports/sports-betting/2021/02/17/portland-trail-blazers-at-new-orleans-pelicans-odds-picks-and-prediction/115479502/, Portland Trail Blazers at New Orleans Pelicans odds| picks and prediction, 0
https://www.usatoday.com/https://www.usatoday.com/story/sports/sports-betting/2021/02/17/miami-heat-at-golden-state-warriors-odds-picks-and-prediction/115479496/, Miami Heat at Golden State Warriors odds| picks and prediction, 0
https://www.usatoday.com/https://www.usatoday.com/story/sports/tennis/2021/02/17/rafael-nadals-bid-for-a-21st-grand-slam-title-ends-in-a-5-set-quarterfinal-loss-to-tsitsipas-at-the/43391553/, Rafael Nadal's bid for a 21st Grand Slam title ends in a 5-set quarterfinal loss to Tsitsipas at the Australian Open, 0
https://www.usatoday.com/https://www.usatoday.com/story/sports/ftw/2021/02/17/joe-buck-fox-sports-drinks/115478820/, Joe Buck: What's not to like?, 0
https://www.usatoday.com/https://www.usatoday.com/story/sports/tennis/2021/02/17/rafael-nadal-upset-australian-open-stefanos-tsitsipas/6778373002/, Rafael Nadal upset at Australian Open by Stefanos Tsitsipas, 0
https://www.usatoday.com/https://www.usatoday.com/story/sports/olympics/2021/02/17/report-hashimoto-will-be-offered-job-to-head-tokyo-olympics/115478852/, Report: Hashimoto will be offered job to head Tokyo Olympics, 0
https://www.usatoday.com/https://www.usatoday.com/story/sports/sports-betting/2021/02/17/minnesota-at-indiana-odds-picks-and-prediction/115478846/, Minnesota at Indiana odds| picks and prediction, 0
https://www.usatoday.com/https://www.usatoday.com/story/sports/sports-betting/2021/02/17/duke-at-wake-forest-odds-picks-and-prediction/115478860/, Duke at Wake Forest odds| picks and prediction, 0
https://www.usatoday.com/https://www.usatoday.com/story/entertainment/celebrities/2021/02/17/time-100-next-list-entertainers-honored-amanda-gorman/6778107002/, Time100 Next: Amanda Gorman| 'Bridgerton' star Regé-Jean Page honored, 0
https://www.usatoday.com/https://www.usatoday.com/videos/news/nation/2021/02/17/day-17-february-2011/6778540002/, On This Day: 17 February 2011, 0
https://www.usatoday.com/https://www.usatoday.com/videos/entertainment/2021/02/17/day-17-february-2011/6778544002/, On This Day: 17 February 2011, 0
https://www.usatoday.com/https://www.usatoday.com/story/sports/mlb/columnist/bob-nightengale/2021/02/17/tony-la-russa-chicago-white-sox-manager-spring-training/6763758002/, White Sox manager Tony La Russa knows 'what's at stake' in Chicago, 0
https://www.usatoday.com/https://www.usatoday.com/story/money/food/2021/02/17/cosmic-wings-flamin-hot-cheetos-wings-applebees-uber-eats/6707247002/, Applebee's debuts new Cosmic Wings concept with Cheetos chicken wings, 0
https://www.usatoday.com/https://www.usatoday.com/videos/tech/2021/02/17/could-drones-use-facial-recognition-were-close-happening/6778648002/, Could drones use facial recognition? We're close to that happening., 0
https://www.usatoday.com/https://www.usatoday.com/videos/entertainment/celebrities/2021/02/17/kit-harington-and-rose-leslie-welcome-baby-boy/6778731002/, Kit Harington and Rose Leslie welcome a baby boy, 0
https://www.usatoday.com/https://www.usatoday.com/story/entertainment/celebrities/2021/02/17/rihanna-criticized-wearing-hindu-god-necklace-topless-instagram/6778244002/, Rihanna criticized for wearing Hindu god necklace in topless Instagram, 0
https://www.usatoday.com/https://www.usatoday.com/story/sports/soccer/2021/02/17/referee-apologizes-for-squaring-up-to-player-during-match/43391599/, Referee charged by English FA after squaring up to player, 0
https://www.usatoday.com/https://www.usatoday.com/videos/travel/2021/02/17/watch-adorable-polar-bear-play-and-nap-freshly-fallen-snow/6778532002/, Watch this adorable polar bear play and nap in freshly fallen snow, 0
https://www.usatoday.com/https://www.usatoday.com/story/money/2021/02/17/covid-vaccine-jobs-linkedin-pharmacist-nurse-job-listings/6748331002/, COVID vaccine jobs: LinkedIn provides free job listings, 0
https://www.usatoday.com/https://www.usatoday.com/story/tech/2021/02/17/amazons-build-lets-consumers-pick-next-tech-device-they-create/6778211002/, Amazon's Build It lets consumers pick the next tech device they create, 0
https://www.usatoday.com/https://www.usatoday.com/story/tech/2021/02/17/google-maps-feature-lets-you-pay-parking-transit-within-app/6778446002/, Google Maps feature lets you pay for parking| transit within the app, 0
https://www.usatoday.com/https://www.reviewed.com/smarthome/content/ring-video-doorbell-wired-review?utm_source=usat&utm_medium=referral&utm_campaign=collab, Ding dong: Ring's most affordable smart doorbell is here—and we love it, 0
https://www.usatoday.com/https://www.usatoday.com/story/news/nation/2021/02/17/weather-updates-texas-power-outages-another-winter-storm-south-midwest/6778122002/, Weather updates: Texas power outages| another winter storm coming, 0
https://www.usatoday.com/https://www.usatoday.com/videos/news/weather/2021/02/17/snownado-filmed-over-texas-lake/6777423002/, 'Snownado' filmed over Texas lake, 0
https://www.usatoday.com/https://www.usatoday.com/story/entertainment/celebrities/2021/02/17/prince-philip-hospitalized-queen-99-year-old-husband-palace/6779234002/, Prince Philip hospitalized: Queen's 99-year-old husband felt unwell, 0
https://www.usatoday.com/https://www.usatoday.com/videos/news/nation/2021/02/17/trump-plaza-hotel-implosion-casino-comes-down-atlantic-city/6779360002/, Trump Plaza Hotel implosion: Casino comes down in Atlantic City, 0
https://www.usatoday.com/https://www.usatoday.com/story/travel/airline-news/2021/02/17/winter-storm-airport-updates-flight-cancellations/6778323002/, Winter storm: 2|400+ flights canceled; new waivers for East Coast, 0
https://www.usatoday.com/https://www.reviewed.com/bakeware/best-right-now/best-muffin-pans?utm_source=usat&utm_medium=referral&utm_campaign=collab, The best muffin pans of 2021, 0
https://www.usatoday.com/https://www.usatoday.com/story/money/markets/2021/02/17/gamestops-saga-may-over-its-effect-wall-street-isnt/6779718002/, GameStop’s saga may be over; its effect on Wall Street isn’t, 0
https://www.usatoday.com/https://www.usatoday.com/story/sports/sports-betting/2021/02/17/chicago-blackhawks-at-detroit-red-wings-odds-picks-and-prediction/115479112/, Chicago Blackhawks at Detroit Red Wings odds| picks and prediction, 0
https://www.usatoday.com/https://www.usatoday.com/story/money/2021/02/17/daily-money-02-17-21/6779319002/, Daily Money 02-17-21, 0
https://www.usatoday.com/https://www.usatoday.com/story/news/politics/2021/02/17/biden-cnn-town-hall-said-he-wont-support-50-k-student-loan-plan/6778938002/, Biden at CNN town hall said he won't support $50K student loan plan, 0
https://www.usatoday.com/https://www.usatoday.com/story/life/health-wellness/2021/02/17/covid-19-vaccine-rollout-has-some-feeling-envy-resentment-anger/6775042002/, Meghan McCain isn't alone. Vaccine envy is real as rollout angers some., 0
https://www.usatoday.com/https://www.usatoday.com/story/money/2021/02/17/tribune-agrees-purchase-hedge-fund-630-m/6779611002/, Tribune agrees to purchase by hedge fund for $630M, 0
https://www.usatoday.com/https://www.usatoday.com/story/entertainment/movies/2021/02/17/cruella-trailer-emma-stone-takes-on-de-vil-disney-movie/6779149002/, 'Cruella' trailer: Emma Stone takes on de Vil in new Disney movie, 0
https://www.usatoday.com/https://www.usatoday.com/story/news/nation/2021/02/17/uk-variant-covid-michigan-prison-bellamy-creek/6779162002/, B.1.1.7: UK variant reported in 90 people at Ionia| Michigan prison, 0
https://www.usatoday.com/https://www.usatoday.com/story/sports/soccer/2021/02/17/matchday-man-utd-back-in-europa-league-faces-sociedad-test/115480750/, MATCHDAY: Man Utd back in Europa League| faces Sociedad test, 0
https://www.usatoday.com/https://www.usatoday.com/story/sports/mlb/2021/02/17/reliever-curtiss-acquired-by-marlins-from-rays-for-prospect/115479512/, Reliever Curtiss acquired by Marlins from Rays for prospect, 0
https://www.usatoday.com/https://www.usatoday.com/story/sports/ncaab/2021/02/17/ncaa-tournament-bubble-tracker-march-madness-race-has-duke-trouble/6778379002/, NCAA Tournament Bubble Tracker: March Madness race has Duke in trouble, 0
https://www.usatoday.com/https://www.usatoday.com/videos/news/politics/2021/02/17/president-biden-pushes-reopening-schools-covid-19-relief-town-hall/6780031002/, President Biden pushes reopening schools| COVID-19 relief at town hall, 0
https://www.usatoday.com/https://www.usatoday.com/picture-gallery/entertainment/music/2021/02/17/ed-sheeran-singer-life-photos/6752173002/, Ed Sheeran: His life in photos, 0
https://www.usatoday.com/https://www.reviewed.com/home-outdoors/features/how-stay-warm-without-heat?utm_source=usat&utm_medium=referral&utm_campaign=collab, How to stay warm when you lose heat in your home, 0
https://www.usatoday.com/https://www.usatoday.com/story/sports/sports-betting/2021/02/17/ottawa-senators-at-toronto-maple-leafs-odds-picks-and-prediction/115479774/, Ottawa Senators at Toronto Maple Leafs odds| picks and prediction, 0
https://www.usatoday.com/https://www.usatoday.com/story/sports/ncaab/2021/02/17/no-9-oklahoma-vs-no-12-texas-postponed-due-to-weather/115479868/, No. 9 Oklahoma vs. No. 12 Texas postponed due to weather, 0
https://www.usatoday.com/https://www.usatoday.com/story/sports/sports-betting/2021/02/17/new-york-knicks-at-orlando-magic-odds-picks-and-prediction/115479874/, New York Knicks at Orlando Magic odds| picks and prediction, 0
https://www.usatoday.com/https://www.usatoday.com/story/sports/nfl/2021/02/17/lions-hire-antwaan-randle-el-to-coach-wide-receivers/43391717/, Lions hire Antwaan Randle El to coach wide receivers, 0
https://www.usatoday.com/https://www.usatoday.com/story/sports/golf/2021/02/17/former-lpga-commissioner-mike-whan-hired-as-next-ceo-of-usga/43391719/, Former LPGA Commissioner Mike Whan hired as next CEO of USGA, 0
https://www.usatoday.com/https://www.usatoday.com/story/news/politics/2021/02/17/biden-uses-potus-account-twitter-sell-policy-not-settle-scores/4387176001/, Biden uses @POTUS account on Twitter to sell policy| not settle scores, 0
https://www.usatoday.com/https://www.usatoday.com/story/entertainment/celebrities/2021/02/17/paris-hilton-announces-engagement-carter-reum/6780369002/, Paris Hilton is engaged to Carter Reum| shares details on birthday, 0
https://www.usatoday.com/https://www.usatoday.com/story/entertainment/celebrities/2021/02/17/fka-twigs-life-after-shia-labeouf-feeling-empowered-abuse-lawsuit/6779380002/, FKA twigs on Shia LaBeouf abuse lawsuit| feeling empowered, 0
https://www.usatoday.com/https://www.usatoday.com/story/tech/reviewedcom/2021/02/17/all-clad-shop-high-quality-all-clad-cookware-more-than-half-off/6779973002/, All-Clad: Shop high-quality All-Clad cookware at more than half off, 0
https://www.usatoday.com/https://www.usatoday.com/story/nletter/health/2021/02/17/coronavirus-watch-ash-wednesday-priests-told-skip-marking-worshippers-foreheads/6779871002/, Coronavirus Watch: This Ash Wednesday| priests told to skip marking worshippers' foreheads, 0
https://www.usatoday.com/https://www.usatoday.com/story/entertainment/books/2021/02/17/the-rise-and-fall-stan-lee-review-shocking-bio-marvel-icon/6758639002/, 'The Rise and Fall of Stan Lee' review: Shocking bio of Marvel icon, 0
https://www.usatoday.com/https://www.usatoday.com/story/opinion/todaysdebate/2021/02/17/joe-biden-make-reopening-schools-urgent-priority-editorials-debates/6735785002/, Has Biden learned nothing from science? Don't fail reopening schools., 0
https://www.usatoday.com/https://www.usatoday.com/story/sports/soccer/2021/02/17/bundesliga-head-says-cash-burning-clubs-chase-super-league/115480084/, Bundesliga head says 'cash-burning' clubs chase Super League, 0
https://www.usatoday.com/https://www.usatoday.com/story/news/politics/2021/02/17/slavery-reparations-house-committee-debates-commission-study/6768395002/, Slavery reparations: House debates compensation| apology bill, 0
https://www.usatoday.com/https://golfweek.usatoday.com/2021/02/17/usga-ceo-mike-whan-lpga-commissioner/, Former LPGA commissioner hired as next CEO of USGA, 0
https://www.usatoday.com/https://www.usatoday.com/story/sports/mlb/mets/2021/02/17/ryan-ellis-former-mets-employee-accused-sexual-harassment-2018/6780035002/, Ryan Ellis| former Mets employee| accused of sexual harassment in 2018, 0
https://www.usatoday.com/https://www.usatoday.com/story/entertainment/tv/2021/02/17/msnbcs-trymaine-lee-talks-into-america-podcast-black-american-history/6763020002/, MSNBC's Trymaine Lee talks 'Into America' podcast| Black history, 0
https://www.usatoday.com/https://www.usatoday.com/story/sports/sports-betting/2021/02/17/vancouver-canucks-at-calgary-flames-odds-picks-and-prediction/115480252/, Vancouver Canucks at Calgary Flames odds| picks and prediction, 0
https://www.usatoday.com/https://www.usatoday.com/videos/sports/nba/whatimhearing/2021/02/17/julius-randle-one-few-potential-all-star-surprises/6781654002/, Julius Randle is one of a few potential NBA All-Star surprises, 0
https://www.usatoday.com/https://www.usatoday.com/story/sports/nba/2021/02/17/usa-basketball-called-isaiah-thomas-who-hopes-nba-does-next/115480268/, USA Basketball called Isaiah Thomas| who hopes NBA does next, 0
https://www.usatoday.com/https://www.10best.com/interests/drinks/vote-best-beer-bar-brewery-cider/, What are your picks for the best of the American craft beer scene?, 0
https://www.usatoday.com/https://www.usatoday.com/story/tech/reviewedcom/2021/02/17/22-things-you-need-if-you-just-bought-your-first-house/43391669/, 22 things you need if you just bought your first house, 0
https://www.usatoday.com/https://www.usatoday.com/videos/news/nation/2021/02/17/texas-drivers-struggle-control-cars-sliding-icy-conditions/6781683002/, Texas drivers struggle to control cars sliding in icy conditions, 0
https://www.usatoday.com/https://www.usatoday.com/story/opinion/2021/02/17/texas-winter-storms-frozen-living-room-column/6775599002/, Texas rolled by winter storms: A dispatch from my frozen living room, 0
https://www.usatoday.com/https://www.usatoday.com/story/sports/ncaab/2021/02/17/texas-am-mens-womens-games-postponed-due-to-storm/115480290/, Texas A&M men's & women's games postponed due to storm, 0
https://www.usatoday.com/https://www.usatoday.com/story/sports/nfl/cardinals/2021/02/17/deandre-hopkins-recruits-jj-watt-arizona-cardinals/6781868002/, DeAndre Hopkins makes pitch for J.J. Watt to pick Arizona Cardinals, 0
https://www.usatoday.com/https://www.reviewed.com/home-outdoors/features/netflix-bridgerton-regency-era-home-decor?utm_source=usat&utm_medium=referral&utm_campaign=collab, 10 glam décor pieces to give your home a "Bridgerton" vibe, 0
https://www.usatoday.com/https://www.usatoday.com/story/sports/nhl/2021/02/17/nhl-covid-19-issues-spread-transmission/4487371001/, NHL copes with COVID-19 crisis; is on-ice transmission to blame?, 0
https://www.usatoday.com/https://www.usatoday.com/story/money/restaurants/2021/02/17/wendys-jalapeno-popper-chicken-sandwich-salad-spicy-chicken-war/6780637002/, Wendy's Jalapeno Popper Chicken Sandwich is here; McDonald's trolled, 0
https://www.usatoday.com/https://www.reviewed.com/ovens/features/electrolux-debuts-sustainable-kitchen-appliances?utm_source=usat&utm_medium=referral&utm_campaign=collab, New Electrolux appliances focus on sustainability for 2021, 0
https://www.usatoday.com/https://www.usatoday.com/story/news/politics/2021/02/17/us-charges-north-korean-intel-operatives-global-hacking-campaign/6781478002/, US charges North Korean intel operatives in global hacking campaign, 0
https://www.usatoday.com/https://www.usatoday.com/story/news/nation/2021/02/17/worlds-oldest-dna-discovered-ancient-mammoth-teeth/6779728002/, World's oldest DNA discovered in ancient mammoth teeth| study says, 0
https://www.usatoday.com/https://www.usatoday.com/story/news/2021/02/17/biden-may-get-chance-expand-medicaid-states-opposed-obamacare/6764890002/, Biden may get chance to expand Medicaid in states opposed to Obamacare, 0
https://www.usatoday.com/https://www.usatoday.com/story/entertainment/celebrities/2021/02/17/lourdes-leon-madonna-daughter-stars-marc-jacobs-campaign/6779657002/, Lourdes Leon| Madonna's daughter| stars in Marc Jacobs campaign, 0
https://www.usatoday.com/https://www.usatoday.com/videos/entertainment/movies/2021/02/17/cruella-trailer-emma-stone-takes-early-days-classic-disney-villain/6782367002/, 'Cruella': Emma Stone takes on early days of classic Disney villain, 0
https://www.usatoday.com/https://www.usatoday.com/story/sports/sports-betting/2021/02/17/winnipeg-jets-at-edmonton-oilers-odds-picks-and-prediction/115480380/, Winnipeg Jets at Edmonton Oilers odds| picks and prediction, 0
https://www.usatoday.com/https://www.usatoday.com/story/entertainment/celebrities/2021/02/17/rush-limbaugh-conservative-radio-host-has-died-lung-cancer-70/5998621002/, Rush Limbaugh. conservative radio host| dies of lung cancer at 70, 0
https://www.usatoday.com/https://www.usatoday.com/story/entertainment/music/2021/02/17/24-kgoldn-swae-lee-featured-hulus-your-attention-please-concert/6763944002/, 24kGoldn| Swae Lee featured on Hulu's 'Your Attention Please' concert, 0
https://www.usatoday.com/https://www.usatoday.com/videos/entertainment/2021/02/17/rush-limbaugh-radio-host-has-died-after-battle-lung-cancer/3716753001/, Rush Limbaugh: Radio host has died after battle with lung cancer, 0
https://www.usatoday.com/https://www.usatoday.com/videos/news/2021/02/17/long-grocery-lines-form-after-winter-storm-punches-texas/6771389002/, Long grocery lines form after winter storm punches Texas, 0
https://www.usatoday.com/https://www.usatoday.com/story/sports/soccer/2021/02/17/brazil-born-atalanta-captain-toli-cleared-to-play-for-italy/43391879/, Brazil-born Atalanta captain Tolói cleared to play for Italy, 0
https://www.usatoday.com/https://www.usatoday.com/story/sports/mlb/2021/02/17/ap-sources-chicago-cubs-agree-to-deals-with-workman-strop/115480436/, AP sources: Chicago Cubs agree to deals with Workman| Strop, 0
https://www.usatoday.com/https://www.usatoday.com/story/sports/mlb/2021/02/17/twins-bench-coach-mike-bell-takes-leave-for-kidney-cancer/115480448/, Twins bench coach Mike Bell takes leave for kidney cancer, 0
https://www.usatoday.com/https://www.usatoday.com/story/entertainment/celebrities/2021/02/17/rush-limbaugh-dead-celebrities-react-trump-bill-oreilly/6782639002/, Rush Limbaugh dies at 70: Donald Trump| Bill O'Reilly| more react, 0
https://www.usatoday.com/https://www.usatoday.com/story/sports/nfl/jaguars/2021/02/17/jacksonville-jaguars-switch-teal-home-jersey-color/6783013002/, Jacksonville Jaguars reverting to teal as primary home jersey color, 0
https://www.usatoday.com/https://www.usatoday.com/story/sports/nfl/buccaneers/2021/02/17/vincent-jacksons-family-says-alcoholism-concussions-led-death/6780018002/, Vincent Jackson's family says alcoholism| concussions led to death, 0
https://www.usatoday.com/https://www.usatoday.com/story/entertainment/celebrities/2021/02/17/nicki-minaj-father-robert-maraj-man-arrested-death/6783652002/, Man arrested in the hit-and-run death of Nicki Minaj's father, 0
https://www.usatoday.com/https://www.usatoday.com/sitemap/2021/february/17/, 1, 0
https://www.usatoday.com/https://www.usatoday.com/sitemap/2021/february/17/?page=2, 2, 0
