https://www.usatoday.com/https://www.usatoday.com/story/sports/soccer/2021/02/01/matchday-man-united-looks-to-move-level-with-man-city/115426848/, MATCHDAY: Man United looks to move level with Man City, 0
https://www.usatoday.com/https://www.usatoday.com/story/news/politics/2021/02/01/cowboy-trump-leader-griffin-ordered-detained-riot-case/4346434001/, Cowboys for Trump leader Griffin ordered detained in riot case, 0
https://www.usatoday.com/https://www.usatoday.com/story/sports/ncaaf/2021/02/01/vince-young-returns-to-texas-as-special-assistant-to-ad/115426858/, Vince Young returns to Texas as special assistant to AD, 0
https://www.usatoday.com/https://www.usatoday.com/videos/news/nation/2021/02/02/ap-explains-former-green-beret-faces-extradition/4349121001/, AP Explains: Former Green Beret faces extradition, 0
https://www.usatoday.com/https://www.usatoday.com/story/sports/ncaaf/2021/02/01/bruschi-returns-to-arizona-as-senior-football-advisor/115426970/, Bruschi returns to Arizona as senior football advisor, 0
https://www.usatoday.com/https://www.usatoday.com/videos/entertainment/2021/02/02/indie-series-these-days-feature-film-john-and-hole-premiere-sundance/4349226001/, Indie series 'These Days|' feature film 'John and the Hole' premiere at Sundance, 0
https://www.usatoday.com/https://www.usatoday.com/videos/news/nation/2021/02/02/indie-series-these-days-feature-film-john-and-hole-premiere-sundance/4349224001/, Indie series 'These Days|' feature film 'John and the Hole' premiere at Sundance, 0
https://www.usatoday.com/https://www.usatoday.com/videos/news/nation/2021/02/02/ralph-fiennes-carey-mulligan-star-the-dig/4349260001/, Ralph Fiennes| Carey Mulligan star in 'The Dig', 0
https://www.usatoday.com/https://www.usatoday.com/videos/entertainment/2021/02/02/ralph-fiennes-carey-mulligan-star-the-dig/4349264001/, Ralph Fiennes| Carey Mulligan star in 'The Dig', 0
https://www.usatoday.com/https://www.usatoday.com/story/sports/nhl/rangers/2021/02/01/rangers-tony-deangelo-played-last-game-jeff-gorton/4348754001/, Rangers' Tony DeAngelo has played last game with team| GM says, 0
https://www.usatoday.com/https://www.usatoday.com/story/tech/reviewedcom/2021/02/01/qled-tv-get-huge-discounts-top-tier-samsung-quantum-dot-models/6696159002/, QLED TV: Get huge discounts on top-tier Samsung quantum dot models, 0
https://www.usatoday.com/https://www.usatoday.com/story/sports/nba/2021/02/01/warriors-rookie-wiseman-out-at-least-a-week-with-hurt-wrist/115427042/, Warriors rookie Wiseman out at least a week with hurt wrist, 0
https://www.usatoday.com/https://www.usatoday.com/story/tech/2021/02/01/mypillow-twitter-account-suspended-ban-evasion-mike-lindell-trump/4348778001/, Twitter ban: MyPillow account suspended for ban evasion, 0
https://www.usatoday.com/https://www.usatoday.com/videos/news/nation/2021/02/02/gop-senators-wh-covid-relief-meeting-excellent/4349400001/, GOP Senators: WH COVID relief meeting 'excellent', 0
https://www.usatoday.com/https://www.usatoday.com/story/sports/ncaaf/2021/02/01/texas-tech-adds-5th-p5-transfer-signing-former-ucla-cb/43369057/, Texas Tech adds 5th P5 transfer| signing former UCLA CB, 0
https://www.usatoday.com/https://www.usatoday.com/story/sports/ncaaf/big12/2021/02/01/vince-young-texas-longhorns-special-assistant/4349580001/, Vince Young returns to Texas as athletics department special assistant, 0
https://www.usatoday.com/https://www.usatoday.com/story/sports/nfl/2021/02/01/hard-knocks-2021-broncos-cardinals-cowboys-giants-panthers/4349567001/, Hard Knocks 2021: Broncos| Cardinals| Cowboys| Giants or Panthers?, 0
https://www.usatoday.com/https://www.usatoday.com/story/sports/ncaab/2021/02/01/key-scores-19-to-carry-indiana-state-past-bradley-67-55/43368927/, Key scores 19 to carry Indiana State past Bradley 67-55, 0
https://www.usatoday.com/https://www.usatoday.com/story/sports/ncaab/big12/2021/02/01/texas-basketball-shaka-smart-returns-after-battling-covid-19/4349573001/, Texas coach Shaka Smart ‘glad to be back’ after battling COVID-19, 0
https://www.usatoday.com/https://www.usatoday.com/videos/news/nation/2021/02/02/myanmar-coup-test-bidens-foreign-policy-wit/4349803001/, Myanmar coup will test Biden's foreign policy wit, 0
https://www.usatoday.com/https://www.usatoday.com/story/sports/nfl/super-bowl/2021/02/01/chiefs-travis-kelce-emotional-domestic-abuse-claims-chad-wheeler/4349397001/, Chiefs' Travis Kelce emotional about abuse claims against ex-Seahawk, 0
https://www.usatoday.com/https://www.usatoday.com/story/sports/ncaaf/pac12/2021/02/01/ted-bruschi-senior-advisor-arizona-wildcats-football/4349740001/, Tedy Bruschi to serve as senior advisor for Arizona football, 0
https://www.usatoday.com/https://www.usatoday.com/story/sports/ncaaw/2021/02/01/no-4-nc-state-women-top-louisville-for-2nd-win-over-no-1/115427096/, No. 4 NC State women top Louisville for 2nd win over No. 1, 0
https://www.usatoday.com/https://www.usatoday.com/story/news/politics/2021/02/01/mitch-mcconnell-condemns-marjorie-taylor-greene-defends-liz-cheney/4349663001/, Mitch McConnell condemns Marjorie Taylor Greene| defends Liz Cheney, 0
https://www.usatoday.com/https://www.usatoday.com/story/sports/nba/2021/02/01/nba-calls-off-detroit-denver-game-because-of-virus-issues/43368935/, NBA calls off Detroit-Denver game because of virus issues, 0
https://www.usatoday.com/https://www.usatoday.com/story/sports/ncaab/2021/02/01/hawkins-scores-20-to-lead-fiu-past-florida-memorial-90-74/115427110/, Hawkins scores 20 to lead FIU past Florida Memorial 90-74, 0
https://www.usatoday.com/https://www.usatoday.com/story/sports/ncaab/2021/02/01/williams-leads-murray-state-past-se-missouri-77-60/115427114/, Williams leads Murray State past SE Missouri 77-60, 0
https://www.usatoday.com/https://www.usatoday.com/story/sports/mlb/columnist/bob-nightengale/2021/02/01/mickey-callaway-allegations-mlb-launching-investigation/4349906001/, Mickey Callaway allegations being investigated immediately by MLB, 0
https://www.usatoday.com/https://www.usatoday.com/story/sports/ncaab/2021/02/01/miami-ends-skid-hangs-on-to-defeat-duke-77-75/115427126/, Miami ends skid| hangs on to defeat Duke 77-75, 0
https://www.usatoday.com/https://www.usatoday.com/story/sports/nba/2021/02/01/pistons-nuggets-game-postponed-positive-covid-19-test/4349969001/, Pistons-Nuggets game postponed over positive COVID-19 test, 0
https://www.usatoday.com/https://www.usatoday.com/story/sports/nhl/2021/02/01/bruins-erase-3-goal-deficit-against-capitals-win-5-3/115427152/, Bruins erase 3-goal deficit against Capitals| win 5-3, 0
https://www.usatoday.com/https://www.usatoday.com/story/sports/nhl/2021/02/01/rangers-snap-three-game-skid-vs-pittsburgh-top-pens-3-1/43368941/, Rangers snap three-game skid vs. Pittsburgh| top Pens 3-1, 0
https://www.usatoday.com/https://www.usatoday.com/story/sports/mlb/2021/02/01/astros-sign-of-steven-souza-jr-to-minor-league-deal/43368939/, Astros sign OF Steven Souza Jr. to minor league deal, 0
https://www.usatoday.com/https://www.usatoday.com/story/sports/nhl/2021/02/01/stamkos-gourde-lead-lighting-to-5-2-victory-over-predators/115427174/, Stamkos| Gourde lead Lightning to 5-2 victory over Predators, 0
https://www.usatoday.com/https://www.usatoday.com/story/sports/mlb/columnist/bob-nightengale/2021/02/01/nolan-arenado-trade-puts-cardinals-path-greatness-rockies/4341703001/, Nolan Arenado trade puts Cardinals on path to greatness, 0
https://www.usatoday.com/https://www.usatoday.com/story/entertainment/tv/2021/02/02/bachelor-recap-fact-checking-victoria-anna-matt-mj-claims/4332774001/, 'Bachelor' recap: Fact-checking Victoria| Matt| Anna| MJ's claims, 0
https://www.usatoday.com/https://www.usatoday.com/story/sports/mlb/2021/02/01/mlb-players-reject-offer-for-delayed-season-vow-to-play-as-scheduled/115427186/, MLB players reject offer for delayed season| vow to play as scheduled, 0
https://www.usatoday.com/https://www.usatoday.com/videos/news/nation/2021/02/02/hut-penthouse-sundance-directors-share-their-watch-plans/4350238001/, From hut to penthouse| Sundance directors share their watch plans, 0
https://www.usatoday.com/https://www.usatoday.com/videos/entertainment/2021/02/02/hut-penthouse-sundance-directors-share-their-watch-plans/4350239001/, From hut to penthouse| Sundance directors share their watch plans, 0
https://www.usatoday.com/https://www.usatoday.com/story/sports/ncaab/2021/02/01/krutwig-carries-loyola-of-chicago-past-missouri-state-70-50/43368953/, Krutwig carries Loyola of Chicago past Missouri State 70-50, 0
https://www.usatoday.com/https://www.usatoday.com/story/entertainment/celebrities/2021/02/01/gayle-king-dishes-daughters-super-small-wedding-oprahs-house/4349151001/, Gayle King dishes on daughter's 'super small' wedding at Oprah's house, 0
https://www.usatoday.com/https://www.usatoday.com/story/sports/mlb/2021/02/01/done-deal-arenado-traded-from-rockies-to-cardinals/43368955/, Done deal: Arenado traded from Rockies to Cardinals, 0
https://www.usatoday.com/https://www.usatoday.com/story/sports/2021/02/01/no-4-nc-state-women-top-louisville-for-2nd-win-over-no-1/4350272001/, No. 4 NC State women top Louisville for 2nd win over No. 1, 0
https://www.usatoday.com/https://www.usatoday.com/story/sports/nba/2021/02/01/road-warriors-james-davis-lead-lakers-past-hawks-107-99/115427192/, James jaws with Atlanta fans| leads Lakers past Hawks 107-99, 0
https://www.usatoday.com/https://www.usatoday.com/story/sports/nba/2021/02/01/bucks-sizzle-from-3-point-range-to-blast-blazers-134-106/115427226/, Bucks sizzle from 3-point range to blast Blazers 134-106, 0
https://www.usatoday.com/https://www.usatoday.com/story/sports/nba/2021/02/01/monk-runs-wild-scores-36-as-hornets-top-heat-129-121-in-ot/115427228/, Monk runs wild| scores 36 as Hornets top Heat 129-121 in OT, 0
https://www.usatoday.com/https://www.usatoday.com/story/sports/ncaaw/2021/02/01/no-22-northwestern-women-top-no-11-buckeyes-behind-burton/115427242/, No. 22 Northwestern women top No. 11 Buckeyes behind Burton, 0
https://www.usatoday.com/https://www.usatoday.com/story/sports/nba/2021/02/01/rockets-hit-11-3s-in-48-point-first-quarter-rout-thunder/43368957/, Rockets hit 11 3s in 48-point first quarter| rout Thunder, 0
https://www.usatoday.com/https://www.usatoday.com/story/sports/nhl/2021/02/01/bruins-rally-from-3-goals-down-beat-capitals-5-3/43368969/, Bruins rally from 3 goals down| beat Capitals 5-3, 0
https://www.usatoday.com/https://www.usatoday.com/story/news/nation/2021/02/01/effort-recall-governor-newsom-gains-steam-amid-covid-19-frustration/4347125001/, Effort to recall Governor Newsom gains steam amid COVID-19 frustration, 0
https://www.usatoday.com/https://www.usatoday.com/story/sports/mlb/2021/02/01/mlb-players-reject-delay-vow-to-start-season-on-time/43368973/, MLB to start on time after players reject delay, 0
https://www.usatoday.com/https://www.usatoday.com/story/sports/boxing/2021/02/01/keyshawn-davis-skips-olympics-sets-pro-boxing-debut-feb-27/43368975/, Keyshawn Davis skips Olympics| sets pro boxing debut Feb. 27, 0
https://www.usatoday.com/https://www.usatoday.com/story/sports/ncaab/acc/2021/02/01/florida-state-basketball-three-games-postponed-coronavirus-issues/4350376001/, Florida State's next three basketball games postponed due to COVID-19, 0
https://www.usatoday.com/https://www.usatoday.com/story/sports/nba/2021/02/01/sexton-scores-26-points-cavaliers-edge-timberwolves-100-98/43368981/, Sexton scores 26 points| Cavaliers edge Timberwolves 100-98, 0
https://www.usatoday.com/https://www.usatoday.com/story/sports/ncaab/2021/02/01/no-25-drake-routs-illinois-state-95-60-after-return-to-poll/115427416/, No. 25 Drake routs Illinois State 95-60 after return to poll, 0
https://www.usatoday.com/https://www.usatoday.com/story/sports/nba/2021/02/01/foxs-4th-quarter-outburst-lead-kings-past-pelicans-118-109/43368999/, Fox's 4th-quarter outburst lead Kings past Pelicans| 118-109, 0
https://www.usatoday.com/https://www.usatoday.com/story/sports/ncaab/2021/02/01/nolley-ii-scores-20-to-carry-memphis-over-ucf-96-69/43369001/, Nolley II scores 20 to carry Memphis over UCF 96-69, 0
https://www.usatoday.com/https://www.usatoday.com/story/sports/nhl/2021/02/01/gaudreau-nets-shootout-winner-as-flames-beat-jets-4-3/115427262/, Gaudreau nets shootout winner as Flames beat Jets 4-3, 0
https://www.usatoday.com/https://www.usatoday.com/story/sports/nba/2021/02/01/grizzlies-dominate-spurs-133-102-for-7th-straight-victory/43369017/, Grizzlies dominate Spurs 133-102 for 7th straight victory, 0
https://www.usatoday.com/https://www.usatoday.com/story/sports/ncaab/2021/02/01/murphy-leads-wofford-past-e-tennessee-st-67-62/43369027/, Murphy leads Wofford past E. Tennessee St. 67-62, 0
https://www.usatoday.com/https://www.usatoday.com/story/entertainment/movies/2021/02/01/judas-and-black-messiah-review-daniel-kaluuya-oscar-ready/4335158001/, 'Judas and the Black Messiah' review: Daniel Kaluuya is Oscar-ready, 0
https://www.usatoday.com/https://www.usatoday.com/story/sports/ncaaw/2021/02/01/cunane-leads-no-4-nc-state-past-no-1-louisville-74-60/115427288/, Cunane leads No. 4 NC State past No. 1 Louisville 74-60, 0
https://www.usatoday.com/https://www.usatoday.com/story/sports/ncaab/2021/02/01/jarrett-leads-jackson-st-past-ark-pine-bluff-63-55/43369035/, Jarrett leads Jackson St. past Ark.-Pine Bluff 63-55, 0
https://www.usatoday.com/https://www.usatoday.com/story/sports/nba/2021/02/01/booker-hits-winning-3-in-return-as-suns-edge-mav-109-108/115427294/, Booker hits winning 3 in return as Suns edge Mavs 109-108, 0
https://www.usatoday.com/https://www.usatoday.com/story/sports/ftw/2021/02/01/lakers-lebron-james-fans-ejected-hawks-game/4350440001/, Lakers' LeBron James yelled at during Hawks game; fans ejected, 0
https://www.usatoday.com/https://www.usatoday.com/story/news/politics/2021/02/01/alexandria-ocasio-cortez-describes-capitol-attack-emotional-instagram-video/4349947001/, Alexandria Ocasio-Cortez describes Capitol riot in emotional Instagram, 0
https://www.usatoday.com/https://www.usatoday.com/videos/news/nation/2021/02/02/today-history-february-2nd/4350730001/, Today in History for February 2nd, 0
https://www.usatoday.com/https://www.usatoday.com/story/sports/ncaab/2021/02/01/no-13-texas-tech-wins-57-52-to-end-no-9-oklahoma-streak/115427320/, No. 13 Texas Tech wins 57-52 to end No. 9 Oklahoma streak, 0
https://www.usatoday.com/https://www.usatoday.com/story/sports/ncaab/2021/02/01/purdues-plane-diverted-to-indy-because-of-mechanical-issues/43369039/, Purdue's plane diverted to Indy because of mechanical issues, 0
https://www.usatoday.com/https://www.usatoday.com/story/sports/nhl/2021/02/01/canadiens-stop-canucks-4-game-win-streak-with-6-2-victory/115427450/, Canadiens stop Canucks' 4-game win streak with 6-2 victory, 0
https://www.usatoday.com/https://www.usatoday.com/story/sports/ncaab/2021/02/01/shannon-no-13-texas-tech-outlast-no-9-oklahoma-57-52/115427354/, Shannon| No. 13 Texas Tech outlast No. 9 Oklahoma 57-52, 0
https://www.usatoday.com/https://www.usatoday.com/story/money/markets/2021/02/02/gamestop-stock-reddit-wallstreetbets-users-discuss-gme-short-squeeze/4310623001/, GameStop stock: Reddit WallStreetBets users discuss GME short squeeze, 0
https://www.usatoday.com/https://www.usatoday.com/story/sports/nba/2021/02/02/markkanen-lavine-lead-way-as-bulls-beat-knicks-110-102/115427588/, Markkanen| LaVine lead way as Bulls beat Knicks 110-102, 0
https://www.usatoday.com/https://www.usatoday.com/story/sports/ncaab/2021/02/02/mack-scores-24-to-lead-prairie-view-past-alabama-st-87-63/43369049/, Mack scores 24 to lead Prairie View past Alabama St. 87-63, 0
https://www.usatoday.com/https://www.usatoday.com/story/sports/mlb/columnist/bob-nightengale/2021/02/01/mlbpa-formally-rejects-mlb-proposal-delay-start-2021-season/4350776001/, MLBPA formally rejects MLB proposal to delay start of 2021 season, 0
https://www.usatoday.com/https://www.usatoday.com/story/sports/ncaab/2021/02/02/grambling-st-beats-mississippi-valley-st-85-72/115427388/, Grambling St. beats Mississippi Valley St. 85-72, 0
https://www.usatoday.com/https://www.usatoday.com/story/sports/ncaab/2021/02/02/palmer-scores-17-to-lead-nc-central-past-sc-state-91-77/43369059/, Palmer scores 17 to lead NC Central past SC State 91-77, 0
https://www.usatoday.com/https://www.usatoday.com/story/sports/mlb/2021/02/02/report-coach-ex-manager-callaway-pursued-women-in-media/43369063/, Report: Coach| ex-manager Callaway pursued women in media, 0
https://www.usatoday.com/https://www.usatoday.com/story/tech/reviewedcom/2021/02/02/best-valentines-day-gifts-15-amazing-presents-buy-sale-now/4344345001/, Best Valentine's Day gifts: 14 amazing presents to buy on sale now, 0
https://www.usatoday.com/https://www.usatoday.com/story/sports/tennis/2021/02/02/nadal-sidelined-team-djokovic-wins-to-open-atp-cup-defense/43369069/, Nadal sidelined; team Djokovic wins to open ATP Cup defense, 0
https://www.usatoday.com/https://www.usatoday.com/story/entertainment/movies/2021/02/02/sundance-judas-and-black-messiah-explores-buried-history/4350987001/, Sundance: 'Judas and the Black Messiah' explores a 'buried' history, 0
https://www.usatoday.com/https://www.usatoday.com/story/news/50-states/2021/02/02/mask-angels-nyc-oases-sugar-tax-news-around-states/115427428/, Mask angels| NYC oases: News from around our 50 states, 0
https://www.usatoday.com/https://www.usatoday.com/story/sports/ncaab/2021/02/02/no-2-baylor-and-no-6-texas-highlight-week-in-top-25-hoops/115427578/, No. 2 Baylor and No. 6 Texas highlight week in Top 25 hoops, 0
https://www.usatoday.com/https://www.usatoday.com/story/sports/nfl/2021/02/02/black-coordinators-make-super-bowl-history-with-buccaneers/43369255/, Black coordinators make Super Bowl history with Buccaneers, 0
https://www.usatoday.com/https://www.usatoday.com/story/sports/nfl/2021/02/02/gronk-kelce-revolutionized-tight-end-spot-in-different-ways/115427580/, Gronk| Kelce revolutionized tight end spot in different ways, 0
https://www.usatoday.com/https://www.usatoday.com/story/sports/nba/2021/02/02/in-the-nba-theres-not-much-home-court-advantage-these-days/43369263/, In the NBA| there's not much home-court advantage these days, 0
https://www.usatoday.com/https://www.usatoday.com/story/sports/ncaab/2021/02/02/a-look-at-who-is-unbeaten-and-winless-in-college-basketball/115427610/, A look at who is unbeaten and winless in college basketball, 0
https://www.usatoday.com/https://www.usatoday.com/story/opinion/2021/02/02/fight-hate-before-it-becomes-violent-crimes-extremism-column/4331399001/, Don't let local hate incidents escalate to crime and violent extremism, 0
https://www.usatoday.com/https://www.usatoday.com/story/news/politics/2021/02/02/bidens-unity-pledge-faces-major-test-push-covid-19-relief/4339765001/, Biden's 'unity' pledge faces major test in push for COVID-19 relief, 0
https://www.usatoday.com/https://www.usatoday.com/story/opinion/2021/02/02/washington-lincoln-san-francisco-schools-distort-history-column/4338031001/, San Francisco school renaming distorts history on Washington| Lincoln, 0
https://www.usatoday.com/https://www.usatoday.com/story/news/world/2021/02/02/daniel-pearl-murder-pakistan-orders-man-acquitted-off-death-row/4351181001/, Daniel Pearl murder: Pakistan orders man acquitted off death row, 0
https://www.usatoday.com/https://www.usatoday.com/story/news/2021/02/02/honor-fallen-officer-impeachment-trial-5-things-know-tuesday/4334384001/, Honor for fallen officer| impeachment trial: 5 things to know Tuesday, 0
https://www.usatoday.com/https://www.usatoday.com/story/news/nation/2021/02/02/nashville-tennessee-elderly-newlyweds-receive-first-covid-19-vaccine/4345982001/, Nashville newlyweds in their 80s receive first COVID-19 vaccine dose, 0
https://www.usatoday.com/https://www.usatoday.com/story/news/2021/02/02/biden-immigration-package-some-push-pardons-if-congress-doesnt-act/4294393001/, Biden immigration package: Some push pardons if Congress doesn't act, 0
https://www.usatoday.com/https://www.usatoday.com/story/opinion/2021/02/02/covid-vaccine-rollout-needs-equity-shot-column/4339949001/, COVID-19 vaccine rollout needs a shot of equity, 0
https://www.usatoday.com/https://www.usatoday.com/story/news/politics/2021/02/02/immigration-biden-task-force-reunite-families-separated-border/4341970001/, Immigration: Biden to introduce task force to reunite families, 0
https://www.usatoday.com/https://www.usatoday.com/story/sports/soccer/2021/02/02/indian-soccer-club-sacks-coach-for-rape-analogy/115427636/, Indian soccer club sacks coach for rape analogy, 0
https://www.usatoday.com/https://www.usatoday.com/story/news/nation/2021/02/02/bidens-federal-eviction-moratorium-may-not-protect-all-renters/4300051001/, Joe Biden's federal eviction moratorium may not protect all renters, 0
https://www.usatoday.com/https://www.usatoday.com/videos/news/nation/2021/02/02/ap-top-stories-february-2/4351210001/, AP Top Stories February 2, 0
https://www.usatoday.com/https://www.usatoday.com/videos/news/nation/2021/02/02/myanmar-lawmakers-say-army-guarding-their-housing-after-coup/4351213001/, Myanmar lawmakers say army guarding their housing after coup, 0
https://www.usatoday.com/https://www.usatoday.com/story/sports/olympics/2021/02/02/fiba-holds-draws-for-olympic-basketball-tournaments/43369269/, FIBA holds draws for Olympic basketball tournaments, 0
https://www.usatoday.com/https://www.usatoday.com/story/sports/soccer/2021/02/02/european-fans-unite-to-oppose-elite-super-league-plan/43369285/, European fans unite to oppose elite Super League plan, 0
https://www.usatoday.com/https://www.usatoday.com/story/opinion/2021/02/02/michael-mann-biden-takes-good-first-steps-climate-change-war-column/4336625001/, Michael Mann: Joe Biden takes good first steps in climate change war, 0
https://www.usatoday.com/https://www.usatoday.com/in-depth/tech/2021/02/02/black-lives-matter-blm-facebook-instagram-tiktok-influencers-john-legend/4014707001/, Black Lives Matter influencers to know: John Legend| Roxane Gay| more, 0
https://www.usatoday.com/https://www.usatoday.com/story/money/investing/2021/02/02/amazon-visa-microsoft-robinhood-stocks-buy-february/43368275/, Alternatives to GameStop stock: 3 top Robinhood stocks to buy in Feb., 0
https://www.usatoday.com/https://www.usatoday.com/videos/sports/nfl/sportspulse/2021/02/02/how-tua-tagovailoa-feels-all-qb-movement-nfl/4348915001/, How Tua Tagovailoa feels about all of the QB movement in the NFL, 0
https://www.usatoday.com/https://www.usatoday.com/story/sports/nfl/dolphins/2021/02/02/dolphins-qb-tua-tagovailoa-says-trade-rumors-eat-out-nfl-super-bowl/4350483001/, Dolphins QB Tua Tagovailoa says trade rumors will eat out of the NFL, 0
https://www.usatoday.com/https://www.usatoday.com/story/entertainment/celebrities/2021/02/02/silento-watch-me-whip-nae-nae-rapper-charged-murder/4351235001/, Silento| 'Watch Me (Whip/Nae Nae)' rapper| charged with murder, 0
https://www.usatoday.com/https://www.usatoday.com/story/sports/nfl/super-bowl/2021/02/02/super-bowl-2021-covid-19-protocols/4350660001/, Super Bowl 2021 COVID-19 protocols: How NFL will handle positive tests, 0
https://www.usatoday.com/https://www.usatoday.com/videos/entertainment/2021/02/02/day-2-february-1959/4351338001/, On This Day: 2 February 1959, 0
https://www.usatoday.com/https://www.usatoday.com/videos/news/nation/2021/02/02/day-2-february-1959/4351337001/, On This Day: 2 February 1959, 0
https://www.usatoday.com/https://www.usatoday.com/story/sports/nba/spurs/2021/02/02/spurs-coach-gregg-popovich-rejuvenated-he-nears-wins-record/4332522001/, Spurs coach Gregg Popovich| 72| rejuvenated as he nears NBA record, 0
https://www.usatoday.com/https://www.usatoday.com/story/news/health/2021/02/02/covid-news-california-washington-struggle-vaccine-equity-50-m-shots-distributed/4349572001/, COVID news: One dose AstraZeneca/Oxford vaccine; pharmacies; variants, 0
https://www.usatoday.com/https://www.usatoday.com/story/sports/sports-betting/2021/02/02/2021-waste-management-phoenix-open-fantasy-golf-power-rankings/115427752/, 2021 Waste Management Phoenix Open Fantasy Golf Power Rankings, 0
https://www.usatoday.com/https://www.usatoday.com/story/nletter/2021/02/02/honor-brian-sicknick-impeachment-trial-groundhog-day-daily-briefing/4351243001/, Honor for Brian Sicknick| impeachment trial| Groundhog Day: Daily Briefing, 0
https://www.usatoday.com/https://www.usatoday.com/story/money/columnist/2021/02/02/how-get-over-anxiety-sending-emails-high-level-employees/4317808001/, How to get over the anxiety of sending emails to high-level employees?, 0
https://www.usatoday.com/https://www.usatoday.com/story/sports/highschool/sports-awards/2021/02/02/nominate-your-favorite-ellis-county-high-school-band-win/4295353001/, Nominate your favorite Ellis County high school band to win, 0
https://www.usatoday.com/https://www.usatoday.com/story/sports/highschool/sports-awards/2021/02/02/nominate-your-favorite-se-tarrant-county-high-school-band-win/4294736001/, Nominate your favorite SE Tarrant County high school band to win, 0
https://www.usatoday.com/https://www.usatoday.com/story/money/taxes/2021/02/02/lower-taxes-gamestop-stock/115425026/, How much will I have to pay in capital gains taxes for GameStop stock, 0
https://www.usatoday.com/https://www.usatoday.com/story/travel/destinations/10greatplaces/2021/02/02/green-book-sites-where-visit-black-history-month/4276258001/, Green Book sites: Where to visit for Black History Month, 0
https://www.usatoday.com/https://www.usatoday.com/picture-gallery/travel/destinations/10greatplaces/2021/02/02/black-travelers-found-welcome-these-green-book-sites-you-can-visit/4347652001/, Black travelers found welcome at these Green Book sites you can visit, 0
https://www.usatoday.com/https://www.usatoday.com/story/opinion/2021/02/02/polio-vaccine-science-prevail-courage-column/4339919001/, The polio epidemic's last gasp: Mom survived with gumption and grace, 0
https://www.usatoday.com/https://www.usatoday.com/videos/news/nation/2021/02/02/showbiz-minute-holbrook-silento-manson/4351396001/, ShowBiz Minute: Holbrook| Silento| Manson, 0
https://www.usatoday.com/https://www.usatoday.com/videos/entertainment/2021/02/02/showbiz-minute-holbrook-silento-manson/4351397001/, ShowBiz Minute: Holbrook| Silento| Manson, 0
https://www.usatoday.com/https://www.usatoday.com/story/sports/soccer/2021/02/02/real-madrid-president-prez-tests-positive-for-covid-19/43369355/, Real Madrid president Pérez tests positive for COVID-19, 0
https://www.usatoday.com/https://www.usatoday.com/story/sports/sports-betting/2021/02/02/michigan-state-at-iowa-odds-picks-and-prediction/115427856/, Michigan State at Iowa odds| picks and prediction, 0
https://www.usatoday.com/https://www.usatoday.com/story/sports/nfl/super-bowl/2021/02/02/did-tom-brady-really-cheat-mysteries-still-surround-deflategate/4296463001/, Did Tom Brady really cheat? Mysteries still surround Deflategate, 0
https://www.usatoday.com/https://www.usatoday.com/story/news/nation/2021/02/02/groundhog-day-punxsutawney-phil-sees-shadow-six-more-weeks-winte/4351413001/, Groundhog Day: Punxsutawney Phil sees shadow. Six more weeks of winter, 0
https://www.usatoday.com/https://www.usatoday.com/story/sports/sports-betting/2021/02/02/minnesota-wild-at-colorado-avalanche-odds-picks-and-prediction/115427946/, Minnesota Wild at Colorado Avalanche odds| picks and prediction, 0
https://www.usatoday.com/https://www.usatoday.com/story/news/politics/elections/2021/02/02/politics-live-updates-trump-impeachment-trial-biden-immigration/4344395001/, Politics live updates: Trump says Senate has no grounds to hold trial, 0
https://www.usatoday.com/https://www.usatoday.com/story/sports/columnist/mike-freeman/2021/02/02/nfl-needs-an-oprah-winfrey-correct-head-coaching-wrongs/4334230001/, NFL needs someone like Oprah Winfrey to correct head-coaching wrongs, 0
https://www.usatoday.com/https://www.usatoday.com/story/sports/sports-betting/2021/02/02/tennessee-at-ole-miss-odds-picks-and-prediction/115427964/, Tennessee at Ole Miss odds| picks and prediction, 0
https://www.usatoday.com/https://www.usatoday.com/story/sports/ftw/2021/02/02/lebron-james-hecklers-banned-for-life/115427882/, LeBron James hecklers need to be banned for life, 0
https://www.usatoday.com/https://www.usatoday.com/story/sports/olympics/2021/02/02/tokyo-olympic-organizers-reiterate-we-will-hold-the-games/115427984/, Tokyo Olympic organizers reiterate 'we will hold the games', 0
https://www.usatoday.com/https://www.usatoday.com/story/sports/sports-betting/2021/02/02/anaheim-ducks-at-los-angeles-kings-odds-picks-and-prediction/115427980/, Anaheim Ducks at Los Angeles Kings odds| picks and prediction, 0
https://www.usatoday.com/https://www.usatoday.com/story/nletter/2021/02/02/daily-money-02-02-21/4351579001/, The Daily Money 02-02-21, 0
https://www.usatoday.com/https://www.usatoday.com/story/sports/nfl/columnist/mike-jones/2021/02/02/bucs-coach-bruce-arians-quit-retirement-super-bowl-2021/4347413001/, Bucs' Bruce Arians glad he quit retirement for 'most rewarding year', 0
https://www.usatoday.com/https://www.usatoday.com/story/sports/soccer/2021/02/02/uefa-sets-rules-deadlines-to-play-champions-league-games/115428008/, UEFA sets rules| deadlines to play Champions League games, 0
https://www.usatoday.com/https://www.usatoday.com/story/entertainment/movies/2021/02/02/netflix-moxie-see-exclusive-trailer-amy-poehler-new-movie/4349613001/, Netflix's 'Moxie': Why Amy Poehler directed a YA film about activism, 0
https://www.usatoday.com/https://www.usatoday.com/story/opinion/2021/02/02/bidens-pause-offshore-drilling-great-step-help-climate-column/4342037001/, Biden's pause to offshore drilling is a great step to help the climate, 0
https://www.usatoday.com/https://www.usatoday.com/story/news/2021/02/02/black-history-month-antiracism-ibram-kendi/6568208002/, What is antiracism? Ibram Kendi works to eliminate the color line, 0
https://www.usatoday.com/https://www.usatoday.com/story/sports/ncaaf/2021/02/02/national-signing-day-complicated-football-coaches-manage-rosters-coronavirus/4337570001/, National signing day gets complicated as coaches struggle with rosters, 0
https://www.usatoday.com/https://www.usatoday.com/story/entertainment/tv/2021/02/02/black-panther-tv-series-set-wakanda-destined-disney/4351503001/, 'Black Panther' TV series set in Wakanda destined for Disney+, 0
https://www.usatoday.com/https://www.usatoday.com/story/money/food/2021/02/02/mcdonalds-shamrock-shake-oreo-shamrock-mcflurry-st-patricks-day-2021/4344477001/, McDonald's Shamrock Shake 2021: Shake and Oreo McFlurry return Feb. 15, 0
https://www.usatoday.com/https://www.usatoday.com/story/money/food/2021/02/02/taco-bell-cravings-box-combo-deal-rewards-members/4344486001/, Taco Bell 'Build Your Own Cravings Box' available for rewards members, 0
https://www.usatoday.com/https://www.usatoday.com/story/news/nation/2021/02/02/9-year-old-pepper-sprayed-police-what-should-have-been-done-instead/4351586001/, 9-year-old pepper-sprayed by police: What should have been done instead, 0
https://www.usatoday.com/https://www.usatoday.com/story/life/health-wellness/2021/02/02/tony-bennett-alzheimers-disease-how-cope-diagnosis/4339635001/, There's a new drug for Alzheimer's. How to cope with a diagnosis, 0
https://www.usatoday.com/https://www.usatoday.com/story/sports/sports-betting/2021/02/02/baylor-at-texas-odds-picks-and-prediction/115428016/, Baylor at Texas odds| picks and prediction, 0
https://www.usatoday.com/https://www.usatoday.com/story/entertainment/celebrities/2021/02/02/dolly-parton-twice-declined-presidential-medal-freedom-trump/4351584001/, Dolly Parton twice declined Presidential Medal of Freedom from Trump, 0
https://www.usatoday.com/https://www.usatoday.com/videos/news/weather/2021/02/02/punxsutawney-phil-predicts-six-more-weeks-winter/4351625001/, Punxsutawney Phil predicts six more weeks of winter, 0
https://www.usatoday.com/https://www.usatoday.com/story/tech/2021/02/02/elon-musk-says-hes-taking-break-twitter-for-while/4351410001/, Elon Musk Twitter break: Tesla| SpaceX CEO quitting 'for a while', 0
https://www.usatoday.com/https://www.usatoday.com/story/money/2021/02/02/black-dollar-index-walmart-target-nike-ups-netflix-american-express/4349356001/, Buy Black: Black Dollar Index ranks companies supporting Black America, 0
https://www.usatoday.com/https://www.usatoday.com/videos/news/weather/2021/02/02/what-role-did-weather-play-filming-groundhog-day/4314175001/, What role did weather play in filming Groundhog Day?, 0
https://www.usatoday.com/https://www.usatoday.com/videos/news/weather/2021/02/02/noreaster-slams-northeast-heavy-snow/4351863001/, Nor'easter slams Northeast with heavy snow, 0
https://www.usatoday.com/https://www.usatoday.com/story/sports/sports-betting/2021/02/02/illinois-at-indiana-odds-picks-and-prediction/115428190/, Illinois at Indiana odds| picks and prediction, 0
https://www.usatoday.com/https://www.usatoday.com/videos/sports/nfl/sportspulse/2021/02/02/virtual-radio-row-jerome-bettis-talks-steelers-future-and-if-big-ben-still-has/4351989001/, Virtual Radio Row: Jerome Bettis talks Steelers future and if Big Ben still has it, 0
https://www.usatoday.com/https://www.usatoday.com/videos/tech/2021/02/02/worlds-largest-autonomous-survey-vessel-and-its-set-sail/4351870001/, This Is the world’s largest autonomous survey vessel and it’s about to set sail, 0
https://www.usatoday.com/https://www.usatoday.com/story/sports/sports-betting/2021/02/02/west-virginia-at-iowa-state-odds-picks-and-prediction/115428224/, West Virginia at Iowa State odds| picks and prediction, 0
https://www.usatoday.com/https://www.usatoday.com/story/sports/nfl/2021/02/02/super-bowl-2021-five-fans-attend-55th-consecutive-game/6657265002/, Super Bowl 2021: Five fans set to attend their 55th consecutive game, 0
https://www.usatoday.com/https://www.usatoday.com/videos/sports/Ad-Meter/2021/02/02/dolly-parton-talks-her-first-ever-super-bowl-commercial-perfect-fit-interview/4349186001/, Dolly Parton talks re-recording '9 to 5' for Super Bowl commercial, 0
https://www.usatoday.com/https://www.usatoday.com/story/news/nation/2021/02/02/oklahoma-shooting-six-killed-muscogee-suspect-custody/4351946001/, Oklahoma shooting: Six killed in Muscogee| suspect in custody, 0
https://www.usatoday.com/https://www.usatoday.com/story/sports/2021/02/02/dolly-parton-makes-super-bowl-commercial-debut-9-5-remix/4343279001/, Dolly Parton makes Super Bowl commercial debut with '9 to 5' remix, 0
https://www.usatoday.com/https://www.usatoday.com/videos/money/business/2021/02/02/kenyan-womans-business-makes-building-blocks-plastic-waste/4352007001/, Kenyan woman's business makes building blocks from plastic waste, 0
https://www.usatoday.com/https://www.usatoday.com/videos/news/politics/statesofamerica/2021/02/02/whats-behind-covid-shecession/4339565001/, What's behind the COVID shecession?, 0
https://www.usatoday.com/https://www.usatoday.com/videos/money/business/2021/02/02/how-legally-bet-super-bowl/4352067001/, How to legally bet on the Super Bowl, 0
https://www.usatoday.com/https://www.usatoday.com/story/sports/sports-betting/2021/02/02/kansas-state-at-kansas-odds-picks-and-prediction/115428324/, Kansas State at Kansas odds| picks and prediction, 0
https://www.usatoday.com/https://www.usatoday.com/story/tech/2021/02/02/spacex-launch-crew-dragon-civilian-mission-open-seats-public/4352017001/, Inspiration: Chance to go to space on Inspiration4 SpaceX mission, 0
https://www.usatoday.com/https://www.usatoday.com/story/life/health-wellness/2021/02/02/marilyn-manson-accused-name-evan-rachel-wood-why-matters/4349402001/, Marilyn Manson accused by name by Evan Rachel Wood: Why it matters, 0
https://www.usatoday.com/https://www.usatoday.com/story/sports/tennis/2021/02/02/federer-targets-tournament-comeback-in-qatar-next-month/43369471/, Federer targets tournament comeback in Qatar next month, 0
https://www.usatoday.com/https://www.usatoday.com/story/sports/Ad-Meter/Super-Bowl/2021/02/02/michael-b-jordan-stars-amazons-alexa-super-bowl-commercial/4292945001/, Michael B. Jordan stars as Amazon's 'Alexa' in Super Bowl commercial, 0
https://www.usatoday.com/https://www.usatoday.com/story/news/nation/2021/02/02/weather-snowfall-totals-winter-storm-new-england-new-york/4351996001/, Winter storm targets New England after dumping snow in New York, 0
https://www.usatoday.com/https://www.usatoday.com/story/sports/sports-betting/2021/02/02/memphis-grizzlies-at-indiana-pacers-odds-picks-and-prediction/115428408/, Memphis Grizzlies at Indiana Pacers odds| picks and prediction, 0
https://www.usatoday.com/https://www.usatoday.com/story/news/nation/2021/02/02/sunrise-florida-shooting-fbi-agents-injured/4352344001/, Sunrise| Florida| shooting: 2 FBI agents killed in shootout identified, 0
https://www.usatoday.com/https://www.usatoday.com/story/travel/news/2021/02/02/dubai-closes-bars-cracks-down-risky-activities-after-covid-spike/4351965001/, Dubai closes bars| cracks down on risky activities after COVID spike, 0
https://www.usatoday.com/https://www.usatoday.com/story/money/cars/2021/02/02/cadillac-blackwing-gm-general-motors/4352387001/, GM debuts 2022 Cadillac CT4-V Blackwing and CT5-V Blackwing, 0
https://www.usatoday.com/https://www.usatoday.com/story/sports/sports-betting/2021/02/02/detroit-pistons-at-utah-jazz-odds-picks-and-prediction/115428474/, Detroit Pistons at Utah Jazz odds| picks and prediction, 0
https://www.usatoday.com/https://www.usatoday.com/videos/news/nation/2021/02/02/groundhog-day-punxsutawney-phil-says-more-winter/4352684001/, Groundhog Day: Punxsutawney Phil says more winter, 0
https://www.usatoday.com/https://www.usatoday.com/story/sports/nba/2021/02/02/lebron-james-welcomes-fan-interaction-despite-courtside-karen-exchange/4352087001/, LeBron James welcomes fan interaction despite Courtside Karen exchange, 0
https://www.usatoday.com/https://www.usatoday.com/videos/sports/nfl/sportspulse/2021/02/02/virtual-radio-row-tua-tagovailoa-talks-rookie-season-and-potential-qb-carousel-offseason/4352209001/, Virtual Radio Row: Tua Tagovailoa talks rookie season and potential QB carousel this offseason, 0
https://www.usatoday.com/https://www.usatoday.com/videos/news/nation/2021/02/02/two-rescued-icy-waters-connecticut/4352953001/, Two rescued from icy waters in Connecticut, 0
https://www.usatoday.com/https://www.usatoday.com/videos/news/nation/2021/02/02/how-celebrate-valentines-day-covid-safe-way/4352523001/, How to celebrate Valentine's Day| the COVID-safe way, 0
https://www.usatoday.com/https://www.reviewed.com/televisions/content/vizio-p-series-quantum-review-balanced-beauty?utm_source=usat&utm_medium=referral&utm_campaign=collab, This might be one of the best TVs for the money, 0
https://www.usatoday.com/https://www.usatoday.com/picture-gallery/entertainment/celebrities/2021/02/02/hal-holbrook-through-the-years-emmy-tony-winning-actor/4352427001/, Hal Holbrook: See the Emmy| Tony-winning actor's life in photos, 0
https://www.usatoday.com/https://www.usatoday.com/story/entertainment/celebrities/2021/02/02/hal-holbrook-emmy-and-tony-winner-mark-twain-dies-95/4351731001/, Hal Holbrook dead: Emmy| Tony winner| Mark Twain actor was 95, 0
https://www.usatoday.com/https://www.usatoday.com/picture-gallery/news/nation/2021/02/02/groundhog-day-2021-6-more-weeks-winter-predicted/4353211001/, Groundhog Day 2021: 6 more weeks of winter predicted, 0
https://www.usatoday.com/https://www.usatoday.com/story/money/cars/2021/02/02/tesla-recall-model-s-model-x-touchscreen/4353301001/, Tesla recall: Model S| Model X need touchscreen defect fixed, 0
https://www.usatoday.com/https://www.usatoday.com/story/entertainment/music/2021/02/02/summerfest-2021-us-largest-music-festival-postponed-september/4353429001/, Summerfest 2021| US's largest music festival| postponed to September, 0
https://www.usatoday.com/https://www.usatoday.com/videos/entertainment/celebrities/2021/02/02/hal-holbrook-who-played-mark-twain-onstage-dies-95/4353294001/, Hal Holbrook| who played Mark Twain onstage| dies at 95, 0
https://www.usatoday.com/https://www.usatoday.com/videos/sports/sportspulse/2021/02/02/ad-meter-2021-top-super-bowl-ads-featuring-athletes/4353544001/, Ad Meter 2021: Top Super Bowl Ads Featuring Athletes, 0
https://www.usatoday.com/https://golfweek.usatoday.com/2021/02/02/usga-distance-report-local-rule-equipment-testing/, USGA| R&A take next steps to address golf's distance issue, 0
https://www.usatoday.com/https://www.usatoday.com/story/sports/sports-betting/2021/02/02/toronto-raptors-at-orlando-magic-odds-picks-and-prediction/115428834/, Toronto Raptors at Orlando Magic odds| picks and prediction, 0
https://www.usatoday.com/https://www.usatoday.com/videos/news/politics/2021/02/02/thought-going-die-rep-ocasio-cortez-discusses-experience-during-capitol-riots/4353646001/, Rep. Alexandria Ocasio-Cortez speaks about her Capitol riot experience, 0
https://www.usatoday.com/https://www.usatoday.com/story/entertainment/tv/2021/02/02/black-history-month-10-tv-shows-watch-black-culture/4281331001/, Black History Month: 10 TV shows to watch about Black culture, 0
https://www.usatoday.com/https://www.usatoday.com/story/tech/2021/02/02/amazon-hq-2-helix-shaped-building-unveiled-tech-giant-virginia/4352390001/, Amazon HQ2: Helix-shaped building unveiled by tech giant in Virginia, 0
https://www.usatoday.com/https://www.usatoday.com/story/entertainment/movies/2021/02/02/sound-metal-awards-season-contender-mixed-deaf-community/4248898001/, 'Sound of Metal' awards season contender mixed with deaf community, 0
https://www.usatoday.com/https://www.usatoday.com/story/sports/soccer/2021/02/02/messi-contract-highlights-tax-burden-for-players-in-spain/43369793/, Messi contract highlights tax burden for players in Spain, 0
https://www.usatoday.com/https://www.usatoday.com/story/travel/news/2021/02/02/big-sur-road-crews-work-repair-washed-out-section-highway-1/4352482001/, Big Sur: Road crews work to repair washed-out section of Highway 1, 0
https://www.usatoday.com/https://www.usatoday.com/story/news/world/2021/02/02/captain-sir-tom-moore-dies-100-uk-walked-raise-millions/4354527001/, Captain Sir Tom Moore dies at 100: UK vet walked to raise millions, 0
https://www.usatoday.com/https://www.usatoday.com/picture-gallery/news/world/2021/02/02/captain-sir-thomas-moore-look-former-british-army-officer-and-philanthropist/4354863001/, Captain Sir Thomas Moore: A look at the former British Army officer and philanthropist, 0
https://www.usatoday.com/https://www.usatoday.com/story/money/markets/2021/02/02/gamestop-stock-gme-amc-stock-reddit-wallstreetbets-silver/4353111001/, GameStop stock plummets| shedding two-thirds of its value in two days, 0
https://www.usatoday.com/https://www.usatoday.com/sitemap/2021/february/2/, 1, 0
https://www.usatoday.com/https://www.usatoday.com/sitemap/2021/february/2/?page=2, 2, 0
