https://www.usatoday.com/https://www.usatoday.com/story/sports/ncaab/2021/02/21/elisias-scores-20-to-lead-bryant-over-merrimack-76-60/115492072/, Elisias scores 20 to lead Bryant over Merrimack 76-60, 0
https://www.usatoday.com/https://www.usatoday.com/story/sports/nba/2021/02/21/pelicans-rally-from-24-down-top-celtics-120-115-in-overtime/115492068/, Pelicans rally from 24 down| top Celtics 120-115 in overtime, 0
https://www.usatoday.com/https://www.usatoday.com/story/sports/nhl/2021/02/21/anaheim-ducks-recall-top-prospect-trevor-zegras/43436535/, Anaheim Ducks recall top prospect Trevor Zegras, 0
https://www.usatoday.com/https://www.usatoday.com/story/sports/ncaaf/2021/02/21/jackson-state-gives-deion-sanders-shutout-in-coaching-debut/43436541/, Jackson State gives Deion Sanders shutout in coaching debut, 0
https://www.usatoday.com/https://www.usatoday.com/story/sports/ncaab/2021/02/21/ford-scores-31-to-carry-wagner-to-70-68-victory/43436539/, Ford scores 31 to carry Wagner to 70-68 victory, 0
https://www.usatoday.com/https://www.usatoday.com/story/sports/ncaaf/swac/2021/02/21/deion-sanders-belongings-stolen-jackson-state-football/4536347001/, Deion Sanders' belongings recovered during Jackson State opener, 0
https://www.usatoday.com/https://www.usatoday.com/story/sports/mlb/columnist/bob-nightengale/2021/02/21/dodgers-clayton-kershaw-pursues-repeat-no-thoughts-retiring/4536101001/, Dodgers' Clayton Kershaw pursues repeat| has no thoughts of retiring, 0
https://www.usatoday.com/https://www.usatoday.com/story/sports/nascar/2021/02/21/christopher-bell-wins-oreilly-auto-parts-253-daytona-road-course/4536309001/, Christopher Bell wins O'Reilly Auto Parts 253 on Daytona Road Course, 0
https://www.usatoday.com/https://golfweek.usatoday.com/2021/02/21/max-homa-defeats-tony-finau-playoff-genesis-invitational/, Max Homa prevails in playoff to win Genesis Invitational, 0
https://www.usatoday.com/https://www.usatoday.com/story/sports/golf/2021/02/21/homa-wins-hometown-genesis-beating-finau-in-playoff/115492106/, Homa wins hometown Genesis| beating Finau in playoff, 0
https://www.usatoday.com/https://www.usatoday.com/story/sports/ncaab/2021/02/21/garza-breaks-iowa-scoring-mark-no-11-hawkeyes-beat-penn-st/115492110/, Garza breaks Iowa scoring mark| No. 11 Hawkeyes beat Penn St, 0
https://www.usatoday.com/https://www.usatoday.com/story/sports/nba/2021/02/21/pelicans-franchise-record-24-point-comeback-celtics/4536441001/, Pelicans rally from franchise record 24 points down to beat Celtics, 0
https://www.usatoday.com/https://www.usatoday.com/story/entertainment/celebrities/2021/02/21/wilmer-valderrama-amanda-pacheco-first-child-instagram/4536212001/, Wilmer Valderrama| Amanda Pacheco show off first child on Instagram, 0
https://www.usatoday.com/https://www.usatoday.com/story/sports/mlb/2021/02/21/mets-sign-pillar-designate-heredia-for-assignment/115492114/, Mets sign OF Kevin Pillar to 1-year deal| cut Heredia, 0
https://www.usatoday.com/https://www.usatoday.com/story/sports/ncaab/2021/02/21/daniels-late-3-lifts-prairie-view-past-texas-southern-77-75/115492144/, Daniels' late 3 lifts Prairie View past Texas Southern 77-75, 0
https://www.usatoday.com/https://www.usatoday.com/story/sports/mlb/2021/02/21/stan-williams-fearsome-pitcher-for-la-dodgers-dies-at-84/115492166/, Stan Williams| fearsome pitcher for LA Dodgers| dies at 84, 0
https://www.usatoday.com/https://www.usatoday.com/story/sports/soccer/2021/02/21/bayern-problems-mount-man-city-in-form-for-champions-league/115492170/, Bayern problems mount; Man City in form for Champions League, 0
https://www.usatoday.com/https://www.usatoday.com/story/sports/ncaaw/2021/02/21/slocum-leads-no-18-arkansas-women-past-lsu-74-64/115492188/, Slocum leads No. 18 Arkansas women past LSU 74-64, 0
https://www.usatoday.com/https://www.usatoday.com/story/sports/ncaaf/2021/02/21/fcs-tarleton-upends-fbs-new-mexico-st-43-17-behind-burston/115492186/, FCS Tarleton upends FBS New Mexico St. 43-17 behind Burston, 0
https://www.usatoday.com/https://www.usatoday.com/story/travel/airline-news/2021/02/21/united-flight-328-engine-failure-faa-orders-inspection-boeing-777/4536903001/, United flight 328 engine failure: FAA orders inspection of Boeing 777s, 0
https://www.usatoday.com/https://www.usatoday.com/story/sports/ncaab/2021/02/21/potter-helps-no-21-wisconsin-knock-off-northwestern-68-51/43436595/, Potter helps No. 21 Wisconsin knock off Northwestern 68-51, 0
https://www.usatoday.com/https://www.usatoday.com/story/sports/ncaaf/2021/02/21/northwestern-linebacker-paddy-fisher-wins-lott-trophy/43436593/, Northwestern linebacker Paddy Fisher wins Lott Trophy, 0
https://www.usatoday.com/https://www.usatoday.com/story/sports/nba/2021/02/21/nikola-vucevic-scores-37-points-magic-beat-pistons-105-96/43436611/, Nikola Vucevic scores 37 points| Magic beat Pistons 105-96, 0
https://www.usatoday.com/https://www.usatoday.com/story/sports/ncaab/2021/02/21/freemantle-leads-xavier-past-butler-63-51/115492270/, Freemantle leads Xavier past Butler 63-51, 0
https://www.usatoday.com/https://www.usatoday.com/story/sports/nba/2021/02/21/oklahoma-city-deals-cavaliers-10th-straight-loss-117-101/115492278/, Oklahoma City deals Cavaliers 10th straight loss| 117-101, 0
https://www.usatoday.com/https://www.usatoday.com/story/entertainment/tv/2021/02/22/american-idol-recap-katy-perry-faces-off-country-look-alike/4515633001/, 'American Idol' recap: Katy Perry faces off with country look-alike, 0
https://www.usatoday.com/https://www.usatoday.com/story/sports/nhl/2021/02/21/brady-tkachuk-scores-in-ot-senators-beat-canadiens-3-2/43436629/, Brady Tkachuk scores in OT| Senators beat Canadiens 3-2, 0
https://www.usatoday.com/https://www.usatoday.com/story/sports/nhl/2021/02/21/tj-oshie-scores-twice-capitals-rally-to-beat-devils-4-3/43436631/, Pastrnak has hat trick| Bruins rout Flyers 7-3 in Lake Tahoe, 0
https://www.usatoday.com/https://www.usatoday.com/story/sports/nba/2021/02/21/trae-young-clint-capela-boost-hawks-past-nuggets-123-115/43436643/, Trae Young| Clint Capela boost Hawks past Nuggets 123-115, 0
https://www.usatoday.com/https://www.usatoday.com/videos/news/nation/2021/02/22/today-history-february-22nd/4537306001/, Today in History for February 22nd, 0
https://www.usatoday.com/https://www.usatoday.com/story/sports/nhl/2021/02/21/pastrnaks-3-goals-lead-bruins-past-flyers-7-3-at-lake-tahoe/43436665/, Pastrnak's 3 goals lead Bruins past Flyers 7-3 at Lake Tahoe, 0
https://www.usatoday.com/https://www.usatoday.com/story/sports/nhl/2021/02/21/bruins-flyers-lake-tahoe-david-pastrnak-hat-trick/4527339001/, NHL at Lake Tahoe: Bruins rout Flyers behind David Pastrnak hat trick, 0
https://www.usatoday.com/https://www.usatoday.com/story/sports/nba/2021/02/21/nets-hold-on-to-edge-clippers-win-season-best-6th-in-a-row/115492490/, Nets hold on to edge Clippers| win season-best 6th in a row, 0
https://www.usatoday.com/https://www.usatoday.com/story/entertainment/celebrities/2021/02/21/jim-carrey-retires-donald-trump-political-cartoons/4537139001/, Jim Carrey retires from anti-Donald Trump political cartoons, 0
https://www.usatoday.com/https://www.usatoday.com/story/sports/nba/2021/02/21/raptors-turn-back-76ers-110-103-for-4th-straight-win/115492454/, Raptors turn back 76ers 110-103 for 4th straight win, 0
https://www.usatoday.com/https://www.usatoday.com/story/sports/nba/2021/02/21/the-minnesota-timberwolves-have-fired-coach-ryan-saunders/43436681/, The Minnesota Timberwolves have fired coach Ryan Saunders, 0
https://www.usatoday.com/https://www.usatoday.com/story/sports/nba/twolves/2021/02/21/minnesota-timberwolves-fire-coach-ryan-saunders/4537366001/, Minnesota Timberwolves fire head coach Ryan Saunders, 0
https://www.usatoday.com/https://www.usatoday.com/story/sports/ncaab/2021/02/21/nc-at-uses-smothering-defense-to-subdue-florida-am/43436689/, N.C. A&T uses smothering defense to subdue Florida A&M., 0
https://www.usatoday.com/https://www.usatoday.com/story/sports/nba/2021/02/21/timberwolves-fire-saunders-after-parts-of-3-seasons-as-coach/43436685/, Finch aims to 'breathe some confidence' back into Wolves, 0
https://www.usatoday.com/https://www.usatoday.com/story/sports/nba/2021/02/21/knicks-blow-big-lead-but-give-thibodeau-win-over-wolves/115492438/, Knicks blow big lead but give Thibodeau win over Wolves, 0
https://www.usatoday.com/https://www.usatoday.com/story/sports/nba/2021/02/21/antetokounmpo-middleton-lead-bucks-past-kings-128-115/43436699/, Antetokounmpo| Middleton lead Bucks past Kings 128-115, 0
https://www.usatoday.com/https://www.usatoday.com/videos/life/humankind/2021/02/22/siblings-pull-prank-unsuspecting-grandparents/6794005002/, Siblings pull prank on unsuspecting grandparents, 0
https://www.usatoday.com/https://www.usatoday.com/story/sports/mlb/2021/02/22/mariners-president-kevin-mather-apologizes-for-comments/43436711/, Mariners President Kevin Mather apologizes for comments, 0
https://www.usatoday.com/https://www.usatoday.com/story/sports/sports-betting/2021/02/22/tampa-bay-lightning-at-carolina-hurricanes-odds-picks-and-prediction/115492358/, Tampa Bay Lightning at Carolina Hurricanes odds| picks and prediction, 0
https://www.usatoday.com/https://www.usatoday.com/story/opinion/2021/02/22/renewable-energy-part-cause-texas-blackouts-column/6772677002/, Renewable energy really is part of the cause of Texas' blackouts, 0
https://www.usatoday.com/https://www.usatoday.com/story/news/2021/02/21/indiana-prison-guard-killed-alleged-inmate-attack-indiana-state-prison/4537524001/, Indiana State Prison attack: Guard killed; Tymetri Campbell accused, 0
https://www.usatoday.com/https://www.usatoday.com/story/entertainment/celebrities/2021/02/21/brooke-shields-broke-her-femur-shares-instagram-video-crutches/4537371001/, Brooke Shields says a fall from a balance board 'snapped my femur', 0
https://www.usatoday.com/https://www.usatoday.com/story/sports/sports-betting/2021/02/22/vegas-golden-knights-at-colorado-avalanche-odds-picks-and-prediction/115492390/, Vegas Golden Knights at Colorado Avalanche odds| picks and prediction, 0
https://www.usatoday.com/https://www.usatoday.com/story/sports/sports-betting/2021/02/22/anaheim-ducks-at-arizona-coyotes-odds-picks-and-prediction/115492394/, Anaheim Ducks at Arizona Coyotes odds| picks and prediction, 0
https://www.usatoday.com/https://www.usatoday.com/story/sports/nhl/2021/02/22/dubois-scores-in-ot-winnipeg-beats-vancouver-4-3/115492406/, Dubois scores in OT| Winnipeg beats Vancouver 4-3, 0
https://www.usatoday.com/https://www.usatoday.com/videos/news/nation/2021/02/22/gun-episode-exposes-divide-mich-tourist-haven/4537704001/, Gun episode exposes divide in Mich. tourist haven, 0
https://www.usatoday.com/https://www.usatoday.com/videos/news/nation/2021/02/22/d-c-black-pastors-help-fight-vaccination-inequity/4537705001/, D.C. Black pastors help fight vaccination inequity, 0
https://www.usatoday.com/https://www.usatoday.com/story/sports/mlb/columnist/gabe-lacques/2021/02/21/mariners-kevin-mather-rotary-club-speech-problem-mlb/4536961001/, Mariners' Kevin Mather rotary club speech is problem for MLB, 0
https://www.usatoday.com/https://www.usatoday.com/story/sports/sports-betting/2021/02/22/texas-tech-at-oklahoma-state-odds-picks-and-prediction/115492426/, Texas Tech at Oklahoma State odds| picks and prediction, 0
https://www.usatoday.com/https://www.usatoday.com/story/sports/golf/2021/02/22/funny-on-social-media-max-homa-takes-his-golf-seriously/115492452/, Funny on social media| Max Homa takes his golf seriously, 0
https://www.usatoday.com/https://www.usatoday.com/story/news/politics/2021/02/22/covid-19-relief-bill-heres-what-we-know-when-you-can-expect-aid/6788221002/, COVID-19 relief bill: Here's what we know on when you can expect aid, 0
https://www.usatoday.com/https://www.usatoday.com/story/opinion/todaysdebate/2021/02/22/joe-biden-domestic-terrorism-law-ask-merrick-garland-editorials-debates/6766577002/, As Joe Biden weighs domestic terrorism law| let's ask Merrick Garland, 0
https://www.usatoday.com/https://www.usatoday.com/story/opinion/todaysdebate/2021/02/22/lack-federal-domestic-terrorism-law-creates-imbalance-editorials-debates/4536196001/, Lack of federal domestic terrorism law creates an imbalance, 0
https://www.usatoday.com/https://www.usatoday.com/story/opinion/todaysdebate/2021/02/22/make-domestic-terrorism-federal-crime-fbi-agents-association-editorials-debates/4536043001/, Make domestic terrorism a federal crime: FBI Agents Association, 0
https://www.usatoday.com/https://www.usatoday.com/story/opinion/voices/2021/02/22/rush-limbaugh-contempt-for-gay-people-hurt-me-my-family-column/4515279001/, Limbaugh's painful legacy: Shaping my dad's view of gay people like me, 0
https://www.usatoday.com/https://www.usatoday.com/videos/news/nation/2021/02/22/senator-ted-cruz-helps-clean-up-damaged-house/4537848001/, Senator Ted Cruz helps clean up damaged house, 0
https://www.usatoday.com/https://www.usatoday.com/story/news/2021/02/22/merrick-garland-covid-19-relief-nasas-perseverance-5-things-know-monday/4532042001/, Merrick Garland| COVID-19 relief| NASA's Perseverance: 5 things to know Monday, 0
https://www.usatoday.com/https://www.usatoday.com/story/news/50-states/2021/02/22/preaching-vaccines-bonnet-scheme-water-news-around-states/115492470/, Preaching vaccines| bonnet scheme: News from around our 50 states, 0
https://www.usatoday.com/https://www.usatoday.com/story/opinion/2021/02/22/bidens-choice-haaland-secretary-interior-right-move-column/6788427002/, Biden's choice of Haaland for Secretary of Interior is the right move, 0
https://www.usatoday.com/https://www.usatoday.com/story/news/health/2021/02/22/covid-news-masks-variants-vaccine-winter-storm/4534724001/, COVID news: US hits 500|000 deaths; Britain lockdown; Biden PPE loans, 0
https://www.usatoday.com/https://www.usatoday.com/story/sports/ncaab/2021/02/22/memphis-mens-basketball-resumes-practice-after-covid-pause/43436731/, Memphis men's basketball resumes practice after COVID pause, 0
https://www.usatoday.com/https://www.usatoday.com/videos/news/nation/2021/02/22/ap-top-stories-february-22/4537886001/, AP Top Stories February 22, 0
https://www.usatoday.com/https://www.usatoday.com/story/news/politics/2021/02/22/president-biden-open-up-ppp-loans-more-small-businesses/4536099001/, President Biden to open up PPP loans to more small businesses, 0
https://www.usatoday.com/https://www.usatoday.com/story/news/nation/2021/02/22/covid-19-vaccine-registration-non-english-speakers-left-behind/4503655001/, COVID-19 vaccine registration: Non-English speakers left behind, 0
https://www.usatoday.com/https://www.usatoday.com/story/money/investing/2021/02/22/stocks-warren-buffett-has-been-buying/43392535/, Looking at Warren Buffett's investments: The 10 stocks he focused on, 0
https://www.usatoday.com/https://www.usatoday.com/story/opinion/2021/02/22/how-volunteer-counselors-can-help-more-students-attend-college-column/4386945001/, How volunteer counselors can help lower-income students attend college, 0
https://www.usatoday.com/https://www.usatoday.com/story/news/politics/2021/02/22/trans-nonbinary-americans-could-see-x-gender-markers-federal-ids/4534463001/, Trans| nonbinary Americans could see 'X' gender markers on federal IDs, 0
https://www.usatoday.com/https://www.usatoday.com/videos/entertainment/celebrities/2021/02/22/wilmer-valderrama-first-time-father/4537973001/, Wilmer Valderrama is a first-time father, 0
https://www.usatoday.com/https://www.usatoday.com/videos/entertainment/celebrities/2021/02/22/brooke-shields-learning-walk-again-after-breaking-leg/4537977001/, Brooke Shields learning to walk again after breaking leg, 0
https://www.usatoday.com/https://www.usatoday.com/story/sports/nfl/draft/2021/02/22/nfl-mock-draft-2021-texans-deshaun-watson-jets/4506909001/, NFL mock draft 2021: What if Texans trade Deshaun Watson to Jets?, 0
https://www.usatoday.com/https://www.usatoday.com/videos/entertainment/2021/02/22/carlos-acosta-sees-light-end-tunnel-theater/4538004001/, Carlos Acosta sees 'light at the end of the tunnel' for theater, 0
https://www.usatoday.com/https://www.usatoday.com/story/sports/columnist/mike-freeman/2021/02/22/rush-limbaugh-sports-cautionary-tale-age-colin-kaepernick/4529051001/, Rush Limbaugh is sports cautionary tale in age of Colin Kaepernick, 0
https://www.usatoday.com/https://www.usatoday.com/videos/entertainment/2021/02/22/day-22-february-2009/4538003001/, On This Day: 22 February 2009, 0
https://www.usatoday.com/https://www.usatoday.com/videos/news/nation/2021/02/22/day-22-february-2009/4538002001/, On This Day: 22 February 2009, 0
https://www.usatoday.com/https://www.usatoday.com/videos/news/nation/2021/02/22/passenger-flight-i-thought-bomb/4538001001/, Passenger on flight: 'I thought it was a bomb', 0
https://www.usatoday.com/https://www.usatoday.com/videos/news/nation/2021/02/22/carlos-acosta-sees-light-end-tunnel-theater/4538008001/, Carlos Acosta sees 'light at the end of the tunnel' for theater, 0
https://www.usatoday.com/https://www.usatoday.com/in-depth/entertainment/music/2021/02/22/best-jazz-songs-louis-armstrong-ella-fitzgerald-count-basie-billie-holiday-duke-ellington-coltrane/4493867001/, 25 best jazz songs from the early days to today, 0
https://www.usatoday.com/https://www.usatoday.com/in-depth/entertainment/music/2021/02/22/new-orleans-created-jazz-mixing-cultures-along-mississippi/4493563001/, New Orleans created jazz by mixing cultures along the Mississippi, 0
https://www.usatoday.com/https://www.usatoday.com/story/money/investing/2021/02/22/sp-500-index-funds/115482104/, What are the pros and cons of buying S&P 500 index funds?, 0
https://www.usatoday.com/https://www.usatoday.com/story/travel/airline-news/2021/02/22/spring-break-2021-flights-covid-travel-covid-test-middle-seats/6749313002/, Spring Break 2021: What travelers need to know before booking flights, 0
https://www.usatoday.com/https://www.usatoday.com/story/sports/ncaaf/bigten/2021/02/22/college-football-big-ten-spring-preview/6780696002/, College football: Ohio State still drives Big Ten| others may close in, 0
https://www.usatoday.com/https://www.usatoday.com/story/opinion/2021/02/22/baby-food-safety-heavy-metals-investigation-column/4506277001/, Arsenic| lead| mercury in baby food: FDA must stop unsafe metal levels, 0
https://www.usatoday.com/https://www.usatoday.com/story/money/restaurants/2021/02/22/margarita-day-2021-specials-cheap-drink-deals-coronavirus/4537866001/, National Margarita Day 2021 specials: Get deals Monday at Chili's, 0
https://www.usatoday.com/https://www.usatoday.com/story/nletter/2021/02/22/time-running-out-congress-talks-1-9-t-coronavirus-relief-package/4538057001/, Merrick Garland's Senate hearing: From Trump to Hunter Biden, 0
https://www.usatoday.com/https://www.usatoday.com/story/sports/nba/2021/02/22/what-watch-nba-today-can-lakers-break-out-slump/4537131001/, NBA scores and more: Can Lakers end slump without Anthony Davis?, 0
https://www.usatoday.com/https://www.usatoday.com/story/sports/soccer/2021/02/22/fantasy-soccer-game-offers-up-inside-info-vexing-epl-coach/43437221/, Fantasy soccer game offers up inside info| vexing EPL coach, 0
https://www.usatoday.com/https://www.usatoday.com/videos/news/nation/2021/02/22/showbiz-minute-franco-royals-us-box-office/4538150001/, ShowBiz Minute: Franco| Royals| US Box Office, 0
https://www.usatoday.com/https://www.usatoday.com/videos/entertainment/2021/02/22/showbiz-minute-franco-royals-us-box-office/4538152001/, ShowBiz Minute: Franco| Royals| US Box Office, 0
https://www.usatoday.com/https://www.usatoday.com/story/sports/mlb/2021/02/22/twins-lay-plans-to-host-fans-at-target-field-despite-virus/43437229/, Twins lay plans to host fans at Target Field despite virus, 0
https://www.usatoday.com/https://www.usatoday.com/story/sports/ftw/2021/02/22/nhl-lake-tahoe-more-please/115493534/, NHL Lake Tahoe: We need more games by lakes, 0
https://www.usatoday.com/https://www.usatoday.com/story/sports/sports-betting/2021/02/22/syracuse-at-duke-odds-picks-and-prediction/115493556/, Syracuse at Duke odds| picks and prediction, 0
https://www.usatoday.com/https://www.usatoday.com/story/sports/olympics/2021/02/22/trial-of-olympic-sheikh-on-forgery-charge-pushed-back/115493604/, Trial of Olympic sheikh on forgery charge pushed back, 0
https://www.usatoday.com/https://www.usatoday.com/story/opinion/2021/02/22/voice-newsom-needs-realize-he-works-residents-california/4517582001/, Voice: Newsom needs to realize he works for residents of California, 0
https://www.usatoday.com/https://www.usatoday.com/story/entertainment/celebrities/2021/02/22/clubhouse-app-explainer-celebrities-how-to-get-unfiltered-access/6780989002/, Clubhouse: Elon Musk| Kevin Hart| more stars connect with fans on app, 0
https://www.usatoday.com/https://www.usatoday.com/videos/money/2021/02/22/taco-bell-testing-crispy-chicken-sandwich-taco-before-national-debut/4538230001/, Taco Bell testing Crispy Chicken Sandwich Taco before national debut, 0
https://www.usatoday.com/https://www.usatoday.com/story/opinion/2021/02/22/framing-britney-spears-paparazzi-entertainment-media-problems-column/6771336002/, Britney Spears documentary misses challenges paparazzi face in media, 0
https://www.usatoday.com/https://www.usatoday.com/story/money/restaurants/2021/02/22/chicken-sandwich-war-taco-bell-test/4515839001/, Taco Bell Chicken Sandwich Taco test starting in March in Nashville, 0
https://www.usatoday.com/https://www.usatoday.com/story/sports/mlb/2021/02/22/mlb-2021-baseball-100-names-to-know-top-prospects/4496489001/, MLB's 100 Names to Know for 2021: Up-and-comers to watch this season, 0
https://www.usatoday.com/https://www.usatoday.com/story/sports/sports-betting/2021/02/22/charlotte-hornets-at-utah-jazz-odds-picks-and-prediction/115493610/, Charlotte Hornets at Utah Jazz odds| picks and prediction, 0
https://www.usatoday.com/https://www.usatoday.com/story/sports/mlb/yankees/2021/02/22/domingo-german-talk-teammates-after-domestic-violence-suspension/4538250001/, Domingo German to talk to teammates after domestic violence suspension, 0
https://www.usatoday.com/https://www.usatoday.com/story/news/politics/2021/02/22/live-politics-updates-merrick-garland-hearings-joe-biden-neera-tanden/4538108001/, Politics live updates: Merrick Garland Senate confirmation begins, 0
https://www.usatoday.com/https://www.usatoday.com/story/sports/soccer/2021/02/22/uswnts-crystal-dunn-standing-anthem-past-protesting-phase/4538109001/, USWNT's Crystal Dunn on standing for anthem: 'Past protesting phase', 0
https://www.usatoday.com/https://www.usatoday.com/story/sports/sports-betting/2021/02/22/washington-wizards-at-los-angeles-lakers-odds-picks-and-prediction/115493624/, Washington Wizards at Los Angeles Lakers odds| picks and prediction, 0
https://www.usatoday.com/https://www.usatoday.com/picture-gallery/entertainment/celebrities/2021/02/22/celebrities-who-got-engaged-married-2021/4124841001/, Jimmie Allen| Frankie Grande| more 2021 celeb engagements| weddings, 0
https://www.usatoday.com/https://www.usatoday.com/story/travel/airline-news/2021/02/22/contact-tracing-flights-airlines-start-collecting-information/4538322001/, Contact tracing on flights: Airlines to start collecting information, 0
https://www.usatoday.com/https://www.usatoday.com/story/sports/sports-betting/2021/02/22/miami-heat-at-oklahoma-city-thunder-odds-picks-and-prediction/115493664/, Miami Heat at Oklahoma City Thunder odds| picks and prediction, 0
https://www.usatoday.com/https://www.usatoday.com/videos/news/weather/2021/02/22/snow-devil-caught-camera-massachusetts/4535214001/, 'Snow devil' caught on camera in Massachusetts, 0
https://www.usatoday.com/https://www.usatoday.com/videos/travel/2021/02/22/niagara-falls-freezes-incredible-spectacle-ice-and-rainbows/4538410001/, Niagara Falls freezes with incredible spectacle of ice and rainbows, 0
https://www.usatoday.com/https://www.usatoday.com/story/nletter/2021/02/22/daily-money-02-22-21/4538572001/, Daily Money 02-22-21, 0
https://www.usatoday.com/https://www.usatoday.com/story/money/food/2021/02/22/dairy-queen-free-cone-day-2021-canceled-covid-coronavirus/4537903001/, Free Cone Day 2021: Dairy Queen cancels spring freebie amid COVID, 0
https://www.usatoday.com/https://www.usatoday.com/story/entertainment/books/2021/02/22/blood-gun-money-ioan-grillo-gets-root-firearm-proliferation/6776967002/, 'Blood Gun Money': Ioan Grillo gets to root of firearm proliferation, 0
https://www.usatoday.com/https://www.usatoday.com/videos/news/weather/2021/02/22/runway-frozen-lake-open-air-traffic/4538616001/, Runway on frozen lake open for air traffic, 0
https://www.usatoday.com/https://www.usatoday.com/story/entertainment/tv/2021/02/22/its-a-sin-aids-drama-hbo-max-best-show-2021/6797314002/, 'It's A Sin': AIDS drama on HBO Max is the best show of 2021 so far, 0
https://www.usatoday.com/https://www.usatoday.com/videos/news/weather/2021/02/22/huge-lines-form-across-texas-water-distribution-wake-storm/4536319001/, Huge lines form across Texas for water distribution in wake of storm, 0
https://www.usatoday.com/https://www.usatoday.com/story/news/politics/2021/02/22/dominion-voting-systems-sues-mypillow-ceo-mike-lindell-defamation/4538784001/, Dominion Voting Systems sues MyPillow CEO Mike Lindell for defamation, 0
https://www.usatoday.com/https://www.usatoday.com/story/news/politics/2021/02/22/cuomo-nursing-home-deaths-new-york/4539067001/, Gov. Andrew Cuomo's tenure hit by nursing home deaths. What's next?, 0
https://www.usatoday.com/https://www.usatoday.com/story/sports/ncaab/2021/02/22/ncaa-tournament-bracketology-big-ten-battle-no-1-seed/4538151001/, NCAA tournament bracketology: Big Ten teams battle for No. 1 seeds, 0
https://www.usatoday.com/https://www.usatoday.com/story/news/politics/2021/02/22/un-secretary-general-warns-white-supremacys-transnational-threat/4538821001/, UN secretary-general warns of white supremacy's 'transnational threat', 0
https://www.usatoday.com/https://www.usatoday.com/story/news/politics/2021/02/22/trump-taxes-supreme-court-refuses-step-halt-turnover/3685217001/, Trump taxes: Supreme Court refuses to step in to halt turnover, 0
https://www.usatoday.com/https://www.usatoday.com/story/sports/mlb/2021/02/22/that-70s-show-loss-by-loss-a-unique-era-of-baseball-fades/43437357/, That 70s Show: Loss by loss| a unique era of baseball fades, 0
https://www.usatoday.com/https://www.usatoday.com/story/entertainment/celebrities/2021/02/22/paris-hilton-carter-reum-share-details-engagement-future/4538652001/, Paris Hilton| Carter Reum share details about engagement| future, 0
https://www.usatoday.com/https://www.usatoday.com/story/news/politics/2021/02/22/merrick-garland-confirmation-hearing-ag-nom-vows-equal-justice/4538376001/, Merrick Garland confirmation hearing: Capitol riot is 'first priority', 0
https://www.usatoday.com/https://www.usatoday.com/story/news/politics/2021/02/22/supreme-court-hear-cases-trump-abortion-immigration-rules/4539198001/, Supreme Court to hear cases on Trump abortion| immigration rules, 0
https://www.usatoday.com/https://www.usatoday.com/story/sports/soccer/2021/02/22/swansea-forward-morris-out-for-season-with-left-knee-injury/43437359/, Jordan Morris tears left ACL| 3 years after tearing right, 0
https://www.usatoday.com/https://www.usatoday.com/story/news/nation/2021/02/22/inspiration-4-spacex-st-jude-cancer-survivor-employee/4539068001/, SpaceX civilian mission: Hayley Arceneaux| a St. Jude worker| selected, 0
https://www.usatoday.com/https://www.usatoday.com/story/sports/mlb/2021/02/22/that-70s-show-loss-by-loss-a-unique-era-of-baseball-fades/115494060/, That 70s Show: Loss by loss| a unique era of baseball fades, 0
https://www.usatoday.com/https://www.usatoday.com/videos/news/have-you-seen/2021/02/22/139-year-old-victorian-home-moved-new-address-san-francisco/4539409001/, A 139-year-old Victorian home moved to new address in San Francisco, 0
https://www.usatoday.com/https://www.usatoday.com/story/travel/news/2021/02/22/us-canada-border-us-mexico-border-travel-closures-extended-march/4538819001/, US-Canada border| US-Mexico border closures extended through March 21, 0
https://www.usatoday.com/https://www.usatoday.com/story/news/politics/2021/02/22/supreme-court-declines-take-2020-election-case-pennsylvania/6578884002/, Supreme Court declines to take 2020 election case from Pennsylvania, 0
https://www.usatoday.com/https://www.usatoday.com/story/tech/reviewedcom/2021/02/22/how-stream-raya-and-last-dragon-disney/4539394001/, How to stream 'Raya and the Last Dragon' on Disney+, 0
https://www.usatoday.com/https://www.usatoday.com/story/sports/ncaab/2021/02/22/nba-tv-celebrating-black-history-month/4513526001/, College basketball games on NBA TV to celebrate Black History Month, 0
https://www.usatoday.com/https://www.usatoday.com/story/life/health-wellness/2021/02/22/covid-19-pandemic-complicates-healing-those-eating-disorders/4509219001/, COVID-19 pandemic complicates healing for those with eating disorders, 0
https://www.usatoday.com/https://www.usatoday.com/story/news/politics/2021/02/22/sen-chuck-grassley-unapologetic-merrick-garland-supreme-court/4539619001/, Sen. Chuck Grassley unapologetic about Merrick Garland| Supreme Court, 0
https://www.usatoday.com/https://www.usatoday.com/story/news/nation/2021/02/22/family-sues-ercot-entergy-boys-death-texas-power-outages/4538181001/, Texas: Family of boy who died amid power outages sues ERCOT| Entergy, 0
https://www.usatoday.com/https://www.usatoday.com/story/entertainment/tv/2021/02/22/lets-make-deal-how-competed-pandemic-and-won-car/4512031001/, 'Let's Make a Deal': How I competed in a pandemic| and won a car, 0
https://www.usatoday.com/https://www.usatoday.com/story/sports/soccer/2021/02/22/up-to-10000-fans-could-return-to-english-stadiums-in-may/43437421/, England plans return of fans in time for EPL finale in May, 0
https://www.usatoday.com/https://www.usatoday.com/videos/news/nation/2021/02/22/spain-police-rescue-migrants-hidden-containers/4540554001/, Spanish police rescue migrants hiding in containers, 0
https://www.usatoday.com/https://www.usatoday.com/story/news/politics/2021/02/22/mitt-romney-susan-collins-oppose-biden-budget-nominee-neera-tanden/4539982001/, Mitt Romney| Susan Collins to oppose Biden budget nominee Neera Tanden, 0
https://www.usatoday.com/https://www.usatoday.com/picture-gallery/news/politics/2021/02/22/merrick-garland-attorney-general-nominee-senate-confirmation-hearing/4540368001/, Merrick Garland Attorney General nominee Senate confirmation hearing, 0
https://www.usatoday.com/https://www.usatoday.com/story/entertainment/movies/2021/02/22/netflix-documentary-college-admissions-scandal-rick-singer/4540532001/, Netflix documentary to explore college admissions scandal| Rick Singer, 0
https://www.usatoday.com/https://www.usatoday.com/story/entertainment/music/2021/02/22/daft-punk-duo-splits-after-nearly-three-decades-together/4540856001/, Daft Punk: Duo splits after nearly three decades together, 0
https://www.usatoday.com/https://www.usatoday.com/story/entertainment/celebrities/2021/02/22/texas-winter-storm-meghan-markle-prince-harry-reese-witherspoon-help/4538140001/, Texas storm: Meghan and Harry| Reese Witherspoon| more stars help, 0
https://www.usatoday.com/https://www.usatoday.com/story/news/politics/2021/02/22/sen-ted-cruz-not-quarantining-after-return-mexico/4539470001/, Sen. Ted Cruz is not quarantining after return from Mexico, 0
https://www.usatoday.com/https://www.usatoday.com/story/sports/soccer/2021/02/22/trial-date-set-for-metzelder-on-child-pornography-charges/115494250/, Trial date set for Metzelder on child pornography charges, 0
https://www.usatoday.com/https://www.usatoday.com/story/travel/news/2021/02/22/adventure-cats-these-felines-love-surf-swim-and-hike/6769779002/, Adventure cats: These felines love to surf| swim and hike, 0
https://www.usatoday.com/https://www.usatoday.com/story/news/politics/2021/02/22/supreme-court-turns-away-stormy-daniels-defamation-suit-against-trump/4540065001/, Supreme Court turns away Stormy Daniels defamation suit against Trump, 0
https://www.usatoday.com/https://www.usatoday.com/story/sports/mlb/2021/02/22/fernando-tatis-340m-14-year-deal-finalized-by-padres/43437457/, Padres| Fernando Tatis Jr. sign 14-year 'statue contract', 0
https://www.usatoday.com/https://www.usatoday.com/story/news/politics/2021/02/22/donald-trump-legal-challenges-merrick-garland-might-asked/6786969002/, Donald Trump legal challenges Merrick Garland might be asked about, 0
https://www.usatoday.com/https://www.reviewed.com/style/features/10-cozy-sweater-dresses-wear-winter?utm_source=usat&utm_medium=referral&utm_campaign=collab, 10 cozy sweater dresses to get you through the rest of winter, 0
https://www.usatoday.com/https://www.usatoday.com/story/tech/2021/02/22/whatsapp-privacy-policy-what-happens-when-users-dont-accept/4539747001/, WhatsApp privacy policy: What happens when users don't accept, 0
https://www.usatoday.com/https://www.usatoday.com/story/money/cars/2021/02/22/2021-ford-f-150-generator-hybrid-pickup-texas-storm/4541254001/, 2021 Ford F-150s with generator goes viral after Texas storm assist, 0
https://www.usatoday.com/https://www.10best.com/interests/explore/cancun-underwater-museum-beautiful-eerie-images/, Beautiful and eerie images of the unique Cancun Underwater Museum, 0
https://www.usatoday.com/https://www.usatoday.com/story/sports/nhl/2021/02/22/rangers-artemi-panarin-leave-of-absence-russia-allegations/4541485001/, Artemi Panarin taking leave of absence after allegations in Russia, 0
https://www.usatoday.com/https://www.usatoday.com/story/sports/soccer/2021/02/22/tuchels-chelsea-taking-shape-after-whirlwind-start/43437489/, Tuchel's Chelsea taking shape after whirlwind start, 0
https://www.usatoday.com/https://www.usatoday.com/story/news/politics/2021/02/22/merrick-garland-hunter-biden-investigation-havent-talked-president/4541418001/, Merrick Garland on Hunter Biden case: I haven't talked to president, 0
https://www.usatoday.com/https://www.reviewed.com/televisions/features/how-pre-order-samsungs-2021-tvs?utm_source=usat&utm_medium=referral&utm_campaign=collab, How to pre-order Samsung's 2021 TVs, 0
https://www.usatoday.com/https://www.usatoday.com/story/money/cars/2021/02/22/ford-plants-closed-winter-storm-parts-shortage-kentucky-ontario/4541671001/, Ford plants closed for now: 2 plants down due to parts shortage, 0
https://www.usatoday.com/https://www.usatoday.com/story/opinion/2021/02/22/xavier-becerra-hhs-unqualified-and-divisive-litigator-column/6751357002/, Becerra and HHS: an unqualified and divisive litigator, 0
https://www.usatoday.com/https://www.usatoday.com/videos/entertainment/2021/02/22/harry-and-meghan-markle-wont-return-working-members-royal-family/4541881001/, Harry and Meghan Markle won't return as working members of royal family, 0
https://www.usatoday.com/https://www.usatoday.com/story/sports/ncaab/2021/02/22/gonzaga-baylor-remain-atop-ap-top-25-in-quiet-week/115494408/, Unbeaten Gonzaga| Baylor remain atop AP Top 25 in quiet week, 0
https://www.usatoday.com/https://www.usatoday.com/videos/entertainment/2021/02/22/duke-and-duchess-sussex-help-out-storm-damaged-shelter-texas/4542060001/, Duke and Duchess of Sussex help out storm-damaged shelter in Texas, 0
https://www.usatoday.com/https://www.usatoday.com/story/tech/2021/02/22/t-mobile-5-g-wireless-plan-more-hot-spot-data-4-k-video-streaming/4539115001/, T-Mobile 5G wireless plan: More hot spot data| 4K video streaming, 0
https://www.usatoday.com/https://www.usatoday.com/videos/news/nation/2021/02/22/us-mourns-500-k-covid-19-deaths-family-says-their-final-goodbyes-their-mother/4489245001/, US 500K COVID-19 deaths: A family says final goodbyes to their mother, 0
https://www.usatoday.com/https://www.usatoday.com/story/entertainment/celebrities/2021/02/22/jay-z-ace-of-spades-armand-de-brignac-champagne-lvmh/4541943001/, Jay-Z Ace of Spades: LVMH acquires half of mogul's champagne brand, 0
https://www.usatoday.com/https://www.usatoday.com/in-depth/news/nation/2021/02/22/covid-deaths-top-500-000-united-states-one-family-says-goodbye/4503579001/, COVID deaths reach 500|000 in US: One family says goodbye, 0
https://www.usatoday.com/https://www.usatoday.com/videos/news/nation/2021/02/22/many-texas-residents-still-waiting-clean-drinking-water-after-storm/4542105001/, Many Texas residents still waiting on clean drinking water after storm, 0
https://www.usatoday.com/https://www.usatoday.com/story/entertainment/tv/2021/02/22/jeopardy-producer-guest-hosts-and-who-replace-alex-trebek/4538881001/, 'Jeopardy' producer on guest hosts and who will replace Alex Trebek, 0
https://www.usatoday.com/https://www.usatoday.com/story/news/nation/2021/02/22/texas-power-grid-outages-did-ken-lays-deregulation-set-calamity/4540029001/, Were Texas power outages a result of electricity deregulation?, 0
https://www.usatoday.com/https://www.usatoday.com/videos/sports/nfl/sportspulse/2021/02/22/nfl-mock-draft-3-0-what-if-new-york-jets-land-deshaun-watson/4542183001/, NFL mock draft 3.0: What if the New York Jets land Deshaun Watson?, 0
https://www.usatoday.com/https://www.usatoday.com/story/money/2021/02/22/some-texans-report-sky-high-bills-customers-austin-energy-bluebonnet-electric-cooperative-and-pedern/4538189001/, Why are some Texans seeing huge spikes in electric bills?, 0
https://www.usatoday.com/https://www.usatoday.com/videos/tech/2021/02/22/what-clubhouse/4542181001/, What is Clubhouse?, 0
https://www.usatoday.com/https://www.usatoday.com/videos/news/nation/2021/02/22/northrop-grumman-spacecraft-arrives-iss/4542514001/, Northrop Grumman spacecraft arrives at ISS, 0
https://www.usatoday.com/https://www.usatoday.com/story/money/markets/2021/02/22/united-airlines-stock-market-delta-stocks-rise-but-s-p-500-falls/4540109001/, Stock market: United Airlines| Delta stocks rise but S&P 500 falls, 0
https://www.usatoday.com/https://www.usatoday.com/story/news/politics/2021/02/22/jessica-watkins-charged-capitol-riot-seeks-home-confinement/4541865001/, Alleged Oath Keepers member says she met Secret Service before riot, 0
https://www.usatoday.com/https://www.usatoday.com/story/entertainment/celebrities/2021/02/22/barack-obama-bruce-springsteen-debut-spotify-renegades-podcast/4509049001/, Barack Obama| Bruce Springsteen debut Spotify 'Renegades' podcast, 0
https://www.usatoday.com/https://www.usatoday.com/story/news/nation/2021/02/22/texas-water-shortages-disruptions-power-outages-misery-continues/4538062001/, Texas water shortages| disruptions| power outages: Misery continues, 0
https://www.usatoday.com/https://www.usatoday.com/story/sports/nfl/2021/02/22/kansas-city-quarterback-mahomes-fianc-welcome-baby-girl/115494550/, Kansas City quarterback Mahomes| fiancee welcome baby girl, 0
https://www.usatoday.com/https://www.reviewed.com/cooking/features/i-tried-the-famous-margaritaville-margarita-maker-is-it-worth-your-money?utm_source=usat&utm_medium=referral&utm_campaign=collab, I'm obsessed with my Margaritaville margarita maker—here's why, 0
https://www.usatoday.com/https://www.usatoday.com/videos/news/nation/2021/02/22/virus-forum-points-need-vaccine-confidence/4542901001/, Virus Forum points to need for vaccine confidence, 0
https://www.usatoday.com/https://www.usatoday.com/story/sports/ncaab/2021/02/22/college-basketball-florida-stare-rises-gonzaga-leads-coaches-poll/4539221001/, College basketball: Florida Stare rises| Gonzaga leads coaches poll, 0
https://www.usatoday.com/https://www.usatoday.com/story/tech/2021/02/21/clubhouse-app-social-media-network-elon-clubhouse-invitation/6787183002/, Clubhouse app, 0
https://www.usatoday.com/https://www.usatoday.com/story/money/taxes/2021/03/18/stimulus-check-2021-irs-get-my-payment-tax-refund-unemployment/4755282001/, Taxes Q&A, 0
https://www.usatoday.com/https://www.usatoday.com/videos/news/nation/2021/02/22/garland-focus-civil-rights-combating-extremism/4543135001/, Garland focus on civil rights| combating extremism, 0
https://www.usatoday.com/https://www.usatoday.com/story/money/food/2021/02/16/ihop-pancake-day-free-pancakes-coronavirus-changes/6706550002/, Free pancakes 🥞, 0
https://www.usatoday.com/https://www.usatoday.com/story/news/politics/2021/02/22/merrick-garland-jeffrey-epstein-shouldve-been-vigorously-prosecuted/4542592001/, Merrick Garland: Jeffrey Epstein should've been 'vigorously prosecuted', 0
https://www.usatoday.com/https://www.usatoday.com/story/sports/nhl/2021/02/22/panarin-denies-russian-report-takes-time-away-from-rangers/43437659/, Panarin denies Russian report| takes time away from Rangers, 0
https://www.usatoday.com/https://www.usatoday.com/story/sports/ncaaw/2021/02/22/poll-alert-uconn-stays-no-1-in-womens-ap-top-25-nc-state-texas-am-jump-to-2-3-matching-aggies-highes/43437665/, POLL ALERT: UConn stays No. 1 in women's AP Top 25; NC State| Texas A&M jump to 2-3| matching Aggies' highest ranking, 0
https://www.usatoday.com/https://www.usatoday.com/story/sports/ncaaw/2021/02/22/nc-state-texas-am-move-up-in-womens-ap-top-25-uconn-tops/43437667/, NC State| Texas A&M move up in women's AP Top 25; UConn tops, 0
https://www.usatoday.com/https://www.usatoday.com/story/sports/mlb/2021/02/22/santana-benintendi-highlight-new-look-royals-lineup/115494600/, Santana| Benintendi highlight new-look Royals lineup, 0
https://www.usatoday.com/https://www.usatoday.com/videos/sports/ncaab/sportspulse/2021/02/22/illinois-jumps-over-ohio-state-latest-ferris-mowers-mens-basketball-coaches-poll/4543520001/, Illinois jumps over Ohio State in the latest Ferris Mowers Men's Basketball Coaches Poll, 0
https://www.usatoday.com/https://www.usatoday.com/videos/entertainment/celebrities/2021/02/22/daft-punk-announces-split-after-28-year-career/4543253001/, Daft Punk announces split after 28-year-career, 0
https://www.usatoday.com/https://www.usatoday.com/story/sports/soccer/2021/02/22/defense-a-problem-as-atltico-madrid-faces-chelsea-in-cl/115494620/, Defense a problem as Atlético Madrid faces Chelsea in CL, 0
https://www.usatoday.com/https://www.usatoday.com/story/news/factcheck/2021/02/22/fact-check-viral-image-purported-blue-philippine-owl-doctored/4533533001/, Fact check: Viral image of purported blue Philippine owl is doctored, 0
https://www.usatoday.com/https://www.usatoday.com/story/news/nation/2021/02/22/virginia-death-penalty-state-lawmakers-vote-end-capital-punishment/4543364001/, Virginia death penalty: State lawmakers vote to end capital punishment, 0
https://www.usatoday.com/https://www.usatoday.com/story/sports/sports-betting/2021/02/22/chicago-bulls-at-houston-rockets-odds-picks-and-prediction/115494638/, Chicago Bulls at Houston Rockets odds| picks and prediction, 0
https://www.usatoday.com/https://www.usatoday.com/sitemap/2021/february/22/, 1, 0
https://www.usatoday.com/https://www.usatoday.com/sitemap/2021/february/22/?page=2, 2, 0
