https://www.usatoday.com/https://www.usatoday.com/story/sports/soccer/2021/02/22/matchday-bayerns-cl-title-defense-strained-by-virus/115495964/, MATCHDAY: Bayern's CL title defense strained by virus, 0
https://www.usatoday.com/https://www.usatoday.com/videos/news/nation/2021/02/23/nasa-releases-new-video-perseverance-rover/4550612001/, NASA releases new video from Perseverance rover, 0
https://www.usatoday.com/https://www.usatoday.com/videos/news/nation/2021/02/23/white-house-ceremony-honors-500-k-us-covid-deaths/4550614001/, White House ceremony honors 500k US COVID deaths, 0
https://www.usatoday.com/https://www.usatoday.com/videos/news/nation/2021/02/23/biden-marks-heartbreaking-500-k-covid-deaths/4550687001/, Biden marks 'heartbreaking' 500K COVID deaths, 0
https://www.usatoday.com/https://www.usatoday.com/story/news/health/2021/02/22/covid-19-why-get-vaccine-and-still-wear-mask-coronavirus/4547437001/, COVID-19: Why get vaccine and still wear a mask? Experts offer answer., 0
https://www.usatoday.com/https://www.usatoday.com/videos/news/nation/2021/02/23/only-ap-russia-vaccination-drive-gathers-pace/4550689001/, ONLY ON AP: Russia vaccination drive gathers pace, 0
https://www.usatoday.com/https://www.usatoday.com/story/nletter/For-the-love-of-the-game/2021/02/22/good-sports-tim-tebow-retires-baseball/4536772001/, Good Sports: Tim Tebow retires from baseball, 0
https://www.usatoday.com/https://www.usatoday.com/story/sports/nba/2021/02/22/spurs-short-handed-and-reeling-get-back-on-practice-floor/115496048/, Spurs| short-handed and reeling| get back on practice floor, 0
https://www.usatoday.com/https://www.usatoday.com/story/sports/ncaaf/2021/02/22/michigans-harbaugh-adds-another-coach-off-brothers-staff/43438523/, Michigan's Harbaugh adds another coach off brother's staff, 0
https://www.usatoday.com/https://www.usatoday.com/story/sports/mlb/2021/02/22/astros-correa-open-to-longer-contract-if-deal-done-soon/115496534/, Astros' Correa open to longer contract if deal done soon, 0
https://www.usatoday.com/https://www.usatoday.com/videos/news/nation/2021/02/23/covid-19-memorial-national-cathedral-rings-bells-500-times-memory/4550813001/, COVID-19 memorial: National Cathedral rings bells 500 times in memory, 0
https://www.usatoday.com/https://www.usatoday.com/story/sports/ncaab/2021/02/22/morency-scores-18-to-carry-ulm-over-ualr-68-64/115496078/, Morency scores 18 to carry ULM over UALR 68-64, 0
https://www.usatoday.com/https://www.usatoday.com/story/tech/gaming/2021/02/22/apple-epic-games-fortnite-app-store-ban-uk-court/4550110001/, Epic Games-Apple clash: UK court won't end App Store ban of 'Fortnite', 0
https://www.usatoday.com/https://www.usatoday.com/story/sports/ncaab/2021/02/22/hunter-leads-unc-greensboro-past-western-carolina-77-56/115496080/, Hunter leads UNC Greensboro past Western Carolina 77-56, 0
https://www.usatoday.com/https://www.usatoday.com/story/news/nation/2021/02/22/felix-taborda-romero-dying-dream-us-citizen-florida/4550831001/, Man| 88| dying in hospice care| fulfills dream of becoming US citizen, 0
https://www.usatoday.com/https://www.usatoday.com/story/sports/nfl/2021/02/22/ravens-promote-ver-steeg-to-be-running-backs-coach/43438337/, Ravens promote Ver Steeg to be running backs coach, 0
https://www.usatoday.com/https://www.usatoday.com/in-depth/news/2021/02/22/black-history-month-james-baldwin-racism-resonates-activists/4080047001/, Author James Baldwin resonates with new generation of activists, 0
https://www.usatoday.com/https://www.usatoday.com/story/sports/ftw/2021/02/22/nhl-outdoors-at-lake-tahoe-avalanche-golden-knights-bruins-flyers/115488800/, NHL Outdoors at Lake Tahoe: 10 stunning photos from hockey games, 0
https://www.usatoday.com/https://www.usatoday.com/story/sports/nfl/2021/02/22/four-time-pro-bowl-guard-iupati-retires-after-11-seasons/43438339/, Four-time Pro Bowl guard Iupati retires after 11 seasons, 0
https://www.usatoday.com/https://www.usatoday.com/videos/news/politics/2021/02/23/biden-holds-moment-silence-500-k-lives-lost-covid-19/4550884001/, Biden holds moment of silence for 500k lives lost to COVID-19, 0
https://www.usatoday.com/https://www.usatoday.com/story/entertainment/celebrities/2021/02/22/bobby-shmurda-picked-up-prison-migos-rapper-quavo/4549877001/, Bobby Shmurda released from prison| gets a ride home from Quavo, 0
https://www.usatoday.com/https://www.usatoday.com/story/news/education/2021/02/22/schools-must-give-standardized-tests-year-biden-administration/4550916001/, Schools must give standardized tests this year: Biden administration, 0
https://www.usatoday.com/https://www.usatoday.com/story/sports/nfl/colts/2021/02/22/carson-wentz-uniform-number-what-number-he-wear-colts/4551098001/, Carson Wentz uniform number: What number will he wear for the Colts?, 0
https://www.usatoday.com/https://www.usatoday.com/story/entertainment/celebrities/2021/02/22/who-scribbled-madman-painting-the-scream-edvard-munch/4550303001/, Who scribbled 'madman' on painting 'The Scream'? The artist himself, 0
https://www.usatoday.com/https://www.usatoday.com/story/news/politics/2021/02/22/young-pharaoh-cpac-drops-rapper-over-anti-semitic-tweets/4550686001/, Young Pharaoh: CPAC drops rapper over anti-Semitic tweets, 0
https://www.usatoday.com/https://www.usatoday.com/story/sports/mlb/2021/02/22/pujols-wife-suggests-angels-slugger-to-retire-after-season/43438347/, Pujols' wife suggests Angels slugger to retire after season, 0
https://www.usatoday.com/https://www.usatoday.com/story/sports/mlb/2021/02/22/ap-source-rhp-clippard-agrees-to-1-year-deal-with-d-backs/115496162/, AP source: Tyler Clippard agrees to 1-year deal with D-backs, 0
https://www.usatoday.com/https://www.usatoday.com/story/sports/ftw/2021/02/22/young-football-player-who-heckled-cam-newton-apologizes/115494098/, Cam Newton heckler apologizes for what happened at 7-on-7 tournament, 0
https://www.usatoday.com/https://www.usatoday.com/videos/news/politics/2021/02/23/president-biden-opens-up-ppp-loans-more-small-businesses/4551289001/, President Biden opens up PPP loans to more small businesses, 0
https://www.usatoday.com/https://www.usatoday.com/story/sports/nfl/2021/02/22/seahawks-guard-mike-iupati-announces-retirement/4551271001/, Seahawks' Mike Iupati| four-time Pro Bowl guard| announces retirement, 0
https://www.usatoday.com/https://www.usatoday.com/story/sports/nfl/packers/2021/02/22/aaron-rodgers-begins-guest-hosting-jeopardy-on-april-5/4551333001/, Jeopardy stint for Aaron Rodgers begins on April 5, 0
https://www.usatoday.com/https://www.usatoday.com/picture-gallery/news/nation/2021/02/23/us-mourns-500-000-covid-19-deaths/4551332001/, US mourns 500|000 COVID-19 deaths, 0
https://www.usatoday.com/https://www.usatoday.com/videos/news/nation/2021/02/23/us-death-toll-covid-19-tops-500-000/4551385001/, US death toll from COVID-19 tops 500|000, 0
https://www.usatoday.com/https://www.usatoday.com/story/entertainment/tv/2021/02/22/bachelor-star-matt-james-calls-racism-controversy-heartbreaking/4550802001/, Former 'Bachelorette' Rachel Lindsay disables Instagram| co-host says, 0
https://www.usatoday.com/https://www.usatoday.com/story/news/nation/2021/02/22/newsom-pledges-more-vaccines-central-valley-farmworkers/4550151001/, Newsom pledges more vaccines for Central Valley farmworkers, 0
https://www.usatoday.com/https://www.usatoday.com/story/sports/nba/2021/02/22/other-than-damian-lillard-nba-all-star-reserves-offer-tough-choices/4550283001/, Other than Damian Lillard| NBA All-Star reserves offer tough choices, 0
https://www.usatoday.com/https://www.usatoday.com/story/sports/ncaab/2021/02/22/duke-uses-big-1st-half-to-beat-syracuse-for-4th-straight-win/115496218/, Duke uses big 1st half to beat Syracuse for 4th straight win, 0
https://www.usatoday.com/https://www.usatoday.com/story/sports/ncaab/2021/02/22/sears-lifts-gardner-webb-past-south-carolina-upstate-69-58/115496224/, Sears lifts Gardner-Webb past South Carolina Upstate 69-58, 0
https://www.usatoday.com/https://www.usatoday.com/story/news/factcheck/2021/02/22/fact-check-posts-falsely-claim-biden-gave-china-control-power-grid/4523427001/, Fact check: Posts falsely claim Biden gave China control of power grid, 0
https://www.usatoday.com/https://www.usatoday.com/story/sports/ncaab/2021/02/22/harrell-leads-texas-state-past-arkansas-state-57-52/115496236/, Harrell leads Texas State past Arkansas State 57-52, 0
https://www.usatoday.com/https://www.usatoday.com/story/sports/ncaab/2021/02/22/ndugba-scores-17-to-lead-elon-over-william-mary-73-54/43438375/, Ndugba scores 17 to lead Elon over William & Mary 73-54, 0
https://www.usatoday.com/https://www.usatoday.com/story/sports/ncaab/2021/02/22/fleming-buzzer-beater-lifts-charleston-southern-to-ot-win/115496242/, Fleming buzzer beater lifts Charleston Southern to OT win, 0
https://www.usatoday.com/https://www.usatoday.com/story/sports/nfl/titans/2021/02/22/tennessee-titans-isaiah-wilson-2020-first-round-pick-status-tweet/4551593001/, Tennessee Titans' Isaiah Wilson says he's 'done' playing for team, 0
https://www.usatoday.com/https://www.usatoday.com/story/sports/ncaab/2021/02/22/haase-lifts-mercer-past-the-citadel-88-52/43438381/, Haase lifts Mercer past The Citadel 88-52, 0
https://www.usatoday.com/https://www.usatoday.com/story/sports/ncaab/2021/02/22/jarrett-carries-jackson-state-over-grambling-state-63-59/115496250/, Jarrett carries Jackson State over Grambling State 63-59, 0
https://www.usatoday.com/https://www.usatoday.com/story/sports/ncaab/2021/02/22/toney-lifts-uab-past-rust-college-117-45/115496674/, Toney lifts UAB past Rust College 117-45, 0
https://www.usatoday.com/https://www.usatoday.com/story/sports/nhl/2021/02/22/ekblad-yandle-lift-panthers-over-struggling-stars-3-1/43438383/, Ekblad| Yandle lift Panthers over struggling Stars 3-1, 0
https://www.usatoday.com/https://www.usatoday.com/story/sports/nhl/2021/02/22/pageau-lifts-new-york-islanders-over-buffalo-sabres-3-2/43438399/, Pageau lifts New York Islanders over Buffalo Sabres 3-2, 0
https://www.usatoday.com/https://www.usatoday.com/story/sports/ncaab/2021/02/22/broome-leads-morehead-st-over-siu-edwardsville-56-48/115496672/, Broome leads Morehead St. over SIU-Edwardsville 56-48, 0
https://www.usatoday.com/https://www.usatoday.com/story/sports/nhl/2021/02/22/palat-stamkos-hedman-help-lightning-beat-hurricanes-4-2/43438413/, Palat| Stamkos| Hedman help Lightning beat Hurricanes 4-2, 0
https://www.usatoday.com/https://www.usatoday.com/story/entertainment/tv/2021/02/23/bachelor-recap-hometown-week-elimination-matt-rachael-bri-michelle-serena/4490513001/, 'Bachelor' recap: Hometown week sees Matt James' shocking elimination, 0
https://www.usatoday.com/https://www.usatoday.com/story/sports/nhl/2021/02/22/david-rittich-flames-blank-nhl-leading-maple-leafs-3-0/43438425/, David Rittich| Flames blank NHL-leading Maple Leafs 3-0, 0
https://www.usatoday.com/https://www.usatoday.com/story/sports/ncaab/2021/02/22/louisiana-lafayette-wins-coach-sets-sun-belt-wins-mark/115496342/, Louisiana-Lafayette wins| coach sets Sun Belt wins mark, 0
https://www.usatoday.com/https://www.usatoday.com/story/sports/nhl/2021/02/22/rittich-notches-so-flames-top-nhl-leading-maple-leafs-3-0/115496340/, Rittich notches SO| Flames top NHL-leading Maple Leafs 3-0, 0
https://www.usatoday.com/https://www.usatoday.com/story/sports/ncaab/2021/02/22/yesufu-scores-36-32-points-in-drake-sweep-of-evansville/115496348/, Yesufu scores 36 & 32 points in Drake sweep of Evansville, 0
https://www.usatoday.com/https://www.usatoday.com/story/sports/mlb/2021/02/22/taijuan-walker-guaranteed-23-million-over-3-years-by-mets/43438459/, Walker guaranteed $23M over 3 years by Mets; Pillar $5M, 0
https://www.usatoday.com/https://www.usatoday.com/story/sports/nba/2021/02/22/coby-white-scores-24-bulls-hand-rockets-8th-straight-loss/43438461/, Coby White scores 24| Bulls hand Rockets 8th straight loss, 0
https://www.usatoday.com/https://www.usatoday.com/story/sports/ncaab/acc/2021/02/22/duke-routs-syracuse-continues-toward-ncaa-tournament-berth/4552174001/, Duke routs Syracuse| continues toward NCAA tournament berth, 0
https://www.usatoday.com/https://www.usatoday.com/story/sports/nhl/2021/02/22/flames-maple-leafs-david-rittich-auston-matthews/4552196001/, Flames shut out Maple Leafs| end Auston Matthews' streak, 0
https://www.usatoday.com/https://www.usatoday.com/story/sports/ncaab/2021/02/22/smiths-3-beats-buzzer-se-louisiana-tops-texas-am-cc-78-75/115496364/, Smith's 3 beats buzzer| SE Louisiana tops Texas A&M-CC 78-75, 0
https://www.usatoday.com/https://www.usatoday.com/story/sports/nhl/2021/02/22/quick-earns-54th-career-shutout-kings-beat-blues-3-0/43438477/, Quick earns 54th career shutout| Kings beat Blues 3-0, 0
https://www.usatoday.com/https://www.usatoday.com/story/sports/nba/2021/02/22/mavs-return-from-weather-break-cruise-past-grizzlies-102-92/115496372/, Mavs return from weather break| cruise past Grizzlies 102-92, 0
https://www.usatoday.com/https://www.usatoday.com/story/sports/ncaab/2021/02/22/st-hilaire-carries-new-orleans-past-cent-arkansas-88-63/43438495/, St. Hilaire carries New Orleans past Cent. Arkansas 88-63, 0
https://www.usatoday.com/https://www.usatoday.com/in-depth/travel/news/2021/02/22/boeing-777-grounding-engine-failure-pratt-and-whitney-united-flight-328-who-makes-the-engines/4541359001/, Boeing 777 grounding explained: Pratt and Whitney engine failure involved in two incidents on same day, 0
https://www.usatoday.com/https://www.usatoday.com/story/sports/ncaaw/2021/02/22/no-4-stanford-women-top-no-9-arizona-wrap-up-pac-12-title/43438497/, No. 4 Stanford women top No. 9 Arizona| wrap up Pac-12 title, 0
https://www.usatoday.com/https://www.usatoday.com/story/sports/ncaab/2021/02/22/teasett-leads-northwestern-st-past-houston-baptist-86-80/115496448/, Teasett leads Northwestern St. past Houston Baptist 86-80, 0
https://www.usatoday.com/https://www.usatoday.com/story/sports/ncaab/2021/02/22/no-19-usc-dominates-1st-half-in-72-58-win-over-oregon/115496446/, No. 19 USC dominates 1st half in 72-58 win over Oregon, 0
https://www.usatoday.com/https://www.usatoday.com/story/sports/ncaab/2021/02/22/jockuch-lifts-n-colorado-past-warner-pacific-89-60/43438517/, Jockuch lifts N. Colorado past Warner Pacific 89-60, 0
https://www.usatoday.com/https://www.usatoday.com/story/entertainment/celebrities/2021/02/22/shailene-woodley-confirms-engagement-nfl-star-aaron-rodgers/4552168001/, Shailene Woodley confirms engagement to NFL star Aaron Rodgers, 0
https://www.usatoday.com/https://www.usatoday.com/story/news/2021/02/22/capitol-riot-defendant-didnt-meet-secret-service-lawyer-now-says/4551080001/, Capitol Riot defendant didn't meet Secret Service| lawyer now says, 0
https://www.usatoday.com/https://www.usatoday.com/story/sports/nba/2021/02/22/booker-scores-34-suns-roll-to-132-100-win-over-blazers/115496490/, Booker scores 34| Suns roll to 132-100 win over Blazers, 0
https://www.usatoday.com/https://www.usatoday.com/story/sports/ncaab/2021/02/22/nutall-powers-lead-sam-houston-st-over-lamar-77-71/115496492/, Nutall| Powers lead Sam Houston St. over Lamar 77-71, 0
https://www.usatoday.com/https://www.usatoday.com/story/sports/ncaab/2021/02/22/williams-jr-lifts-southern-past-alabama-st-75-66/115496512/, Williams Jr. lifts Southern past Alabama St. 75-66, 0
https://www.usatoday.com/https://www.usatoday.com/story/sports/nhl/2021/02/22/tuch-fleury-help-knights-cruise-to-3-0-win-over-avalanche/115496514/, Tuch| Fleury help Knights cruise to 3-0 win over Avalanche, 0
https://www.usatoday.com/https://www.usatoday.com/story/sports/nba/2021/02/22/heat-pull-away-to-beat-thunder-108-94-in-finale-of-road-trip/115496542/, Heat pull away to beat Thunder 108-94 in finale of road trip, 0
https://www.usatoday.com/https://www.usatoday.com/story/sports/ncaab/2021/02/22/crosby-scores-21-to-lift-alcorn-st-over-alabama-am-65-52/115496552/, Crosby scores 21 to lift Alcorn St. over Alabama A&M 65-52, 0
https://www.usatoday.com/https://www.usatoday.com/story/sports/ncaab/2021/02/22/cunningham-shines-oklahoma-st-beats-no-18-texas-tech-in-ot/43438525/, Cunningham shines| Oklahoma St beats No. 18 Texas Tech in OT, 0
https://www.usatoday.com/https://www.usatoday.com/story/sports/nba/2021/02/23/jazz-set-records-for-3s-in-132-110-rout-of-hornets/115496558/, Jazz set records for 3s in 132-110 rout of Hornets, 0
https://www.usatoday.com/https://www.usatoday.com/story/money/2021/02/23/stimulus-economy-falling-covid-19-cases-fuel-growth/4542441001/, The economy: Stimulus| COVID-19 declines lift growth with more coming, 0
https://www.usatoday.com/https://www.usatoday.com/story/sports/nhl/2021/02/23/coyotes-rally-from-3-goals-down-to-beat-ducks-4-3/43438535/, Coyotes rally from 3 goals down to beat Ducks 4-3, 0
https://www.usatoday.com/https://www.usatoday.com/story/travel/airline-news/2021/02/22/united-airlines-boeing-777-metal-fatigue-engine-fan-blade-ntsb/4551934001/, United Airlines engine failure: Metal fatigue may be factor| NTSB says, 0
https://www.usatoday.com/https://www.usatoday.com/videos/news/nation/2021/02/23/today-history-february-23rd/4552775001/, Today in History for February 23rd, 0
https://www.usatoday.com/https://www.usatoday.com/story/sports/nba/2021/02/23/devin-booker-delivers-all-star-performance-suns-rout-blazers/4552687001/, Devin Booker delivers All-Star performance| Suns rout Blazers, 0
https://www.usatoday.com/https://www.usatoday.com/story/sports/tennis/2021/02/23/coco-gauff-advances-in-three-sets-at-adelaide-international/43438553/, Coco Gauff advances in three sets at Adelaide International, 0
https://www.usatoday.com/https://www.usatoday.com/story/tech/news/2021/02/23/facebook-news-australia-ban-pay-for-news/4552743001/, Facebook| Australia reach agreement on proposed legislation, 0
https://www.usatoday.com/https://www.usatoday.com/story/sports/ncaab/2021/02/23/cunningham-leads-oklahoma-st-past-no-18-texas-tech-in-ot/43438557/, Cunningham leads Oklahoma St past No. 18 Texas Tech in OT, 0
https://www.usatoday.com/https://www.usatoday.com/story/sports/nhl/2021/02/22/marcus-foligno-fight-nikolai-knyzhov-wild-sharks/4552582001/, Marcus Foligno calls off fight after bloodying Nikolai Knyzhov, 0
https://www.usatoday.com/https://www.usatoday.com/story/sports/nba/2021/02/23/jazz-huge-turnaround-franchise-record-3-pointers-rout-hornets/4552833001/, Jazz hit franchise-record 28 3-pointers to rout Hornets, 0
https://www.usatoday.com/https://www.usatoday.com/story/sports/nba/2021/02/23/wizards-win-5th-straight-hold-off-lakers-127-124-in-ot/115496614/, Wizards win 5th straight| hold off Lakers 127-124 in OT, 0
https://www.usatoday.com/https://www.usatoday.com/picture-gallery/sports/ncaab/2021/02/23/march-madness-mens-college-basketball-ncaa-tournament-champions/4551995001/, March Madness: Men's college basketball NCAA Tournament champions, 0
https://www.usatoday.com/https://www.usatoday.com/videos/news/nation/2021/02/23/price-spike-forces-buyers-out-new-car-market/4553037001/, Price spike forces buyers out of new-car market, 0
https://www.usatoday.com/https://www.usatoday.com/videos/news/nation/2021/02/23/oakland-paints-new-picture-black-panther-party/4553038001/, Oakland paints new picture of Black Panther Party, 0
https://www.usatoday.com/https://www.usatoday.com/story/sports/nba/2021/02/23/wizards-rally-send-slumping-lakers-fourth-loss-five-games/4553039001/, Slumping Lakers lose fourth in five games after collapse vs. Wizards, 0
https://www.usatoday.com/https://www.usatoday.com/story/sports/nhl/2021/02/23/wild-beat-sharks-6-2-for-third-win-in-a-row/115496662/, Wild beat Sharks 6-2 for third win in a row, 0
https://www.usatoday.com/https://www.usatoday.com/story/news/50-states/2021/02/23/mobile-dining-room-gladys-knight-virtual-dance-marathon-news-around-states/115496648/, Mobile dining room| Gladys Knight: News from around our 50 states, 0
https://www.usatoday.com/https://www.usatoday.com/story/sports/nba/2021/02/23/analysis-the-nbas-east-has-a-standings-logjam-to-deal-with/115496680/, Analysis: NBA's Eastern Conference has a standings logjam, 0
https://www.usatoday.com/https://www.usatoday.com/story/sports/ncaab/2021/02/23/baylor-back-from-pause-resumes-bid-for-undefeated-season/115496738/, Baylor back from pause| resumes bid for undefeated season, 0
https://www.usatoday.com/https://www.usatoday.com/story/news/2021/02/23/deb-haaland-economy-el-chapos-wife-5-things-you-need-know-tuesday/4535023001/, Deb Haaland| economy| El Chapo's wife: 5 things you need to know Tuesday, 0
https://www.usatoday.com/https://www.usatoday.com/story/sports/nba/lakers/2021/02/23/lebron-james-dismisses-concerns-about-rest-despite-lakers-slump/4553144001/, Lakers: LeBron dismisses concerns about rest despite slump, 0
https://www.usatoday.com/https://www.usatoday.com/story/opinion/2021/02/23/donald-trump-big-lie-election-reruns-incite-violence-column/4546074001/, Donald Trump's Big Lie about the election is on reruns. Turn it off., 0
https://www.usatoday.com/https://www.usatoday.com/videos/news/nation/2021/02/23/turtles-released-after-recovering-winter-cold/4553215001/, Turtles released after recovering from winter cold, 0
https://www.usatoday.com/https://www.usatoday.com/story/opinion/2021/02/23/deb-haaland-nomination-interior-department-good-choice-column/4514526001/, Haaland| Biden's historic pick to lead Interior| is capable| deserving, 0
https://www.usatoday.com/https://www.usatoday.com/story/news/health/2021/02/23/covid-news-joe-biden-500-k-deaths-coronavirus-vaccine/4548398001/, COVID news: Biden to send millions of masks; vaccine for all by August, 0
https://www.usatoday.com/https://www.usatoday.com/videos/news/nation/2021/02/23/ap-top-stories-february-23/4553238001/, AP Top Stories February 23, 0
https://www.usatoday.com/https://www.usatoday.com/story/news/politics/2021/02/23/supreme-court-debate-when-police-can-conduct-warrantless-search/6722930002/, Supreme Court to debate when police can conduct warrantless search, 0
https://www.usatoday.com/https://www.usatoday.com/story/news/politics/2021/02/23/joe-biden-seeks-reinvigorate-us-canada-relations/4546288001/, Joe Biden seeks to 'reinvigorate' US-Canada relations, 0
https://www.usatoday.com/https://www.usatoday.com/story/news/politics/2021/02/23/minimum-wage-advocates-15-hour-pressure-joe-biden-congress/4507244001/, Minimum wage: Advocates for $15 an hour pressure Joe Biden| Congress, 0
https://www.usatoday.com/https://www.usatoday.com/story/opinion/2021/02/23/jobs-climate-depend-on-higher-demand-electric-vehicles-column/6769219002/, Driver demand for electric vehicles is key for jobs and climate change, 0
https://www.usatoday.com/https://www.usatoday.com/story/money/taxes/2021/02/23/tax-return-stimulus-check-file-early-dependents/4552270001/, Stimulus check: Should you file your taxes early to get more money?, 0
https://www.usatoday.com/https://www.usatoday.com/story/sports/sports-betting/2021/02/23/pittsburgh-penguins-at-washington-capitals-odds-picks-and-prediction/115496688/, Pittsburgh Penguins at Washington Capitals odds| picks and prediction, 0
https://www.usatoday.com/https://www.usatoday.com/story/sports/highschool/sports-awards/2021/02/23/southeast-florida-high-school-sports-awards-wants-your-top-play-2020-21-season/6755378002/, The Southeast Florida High School Sports Awards wants your top play of the 2020-21 season, 0
https://www.usatoday.com/https://www.usatoday.com/story/opinion/2021/02/23/how-curb-power-public-employee-unions/4538685001/, How to curb the power of public employee unions, 0
https://www.usatoday.com/https://www.usatoday.com/story/money/2021/02/23/retiring-investing-moves-to-make/115489878/, Review assets| get bonds and dividend stock: Moves before retirement, 0
https://www.usatoday.com/https://www.usatoday.com/story/news/health/2021/02/23/covid-19-vaccine-low-income-health-clinics-coronavirus/4492110001/, COVID vaccine: Low-income clinics gear up to receive extra doses, 0
https://www.usatoday.com/https://www.usatoday.com/story/sports/highschool/sports-awards/2021/02/23/southwest-florida-high-school-sports-awards-wants-your-top-play-2020-21-season/6755657002/, The Southwest Florida High School Sports Awards wants your top play of the 2020-21 season, 0
https://www.usatoday.com/https://www.usatoday.com/story/sports/highschool/sports-awards/2021/02/23/florida-panhandle-high-school-sports-awards-wants-your-top-play-2020-21-season/6748244002/, The Florida Panhandle High School Sports Awards wants your top play of the 2020-21 season, 0
https://www.usatoday.com/https://www.usatoday.com/story/sports/highschool/sports-awards/2021/02/23/alabama-high-school-sports-awards-wants-your-top-play-2020-21-season/4488407001/, The Alabama High School Sports Awards wants your top play of the 2020-21 season, 0
https://www.usatoday.com/https://www.usatoday.com/story/sports/highschool/sports-awards/2021/02/23/central-florida-high-school-sports-awards-wants-your-top-play-2020-21-season/6747897002/, The Central Florida High School Sports Awards wants your top play of the 2020-21 season, 0
https://www.usatoday.com/https://www.usatoday.com/videos/news/nation/2021/02/23/day-23-february-2001/4553287001/, On This Day: 23 February 2001, 0
https://www.usatoday.com/https://www.usatoday.com/videos/entertainment/2021/02/23/day-23-february-2001/4553288001/, On This Day: 23 February 2001, 0
https://www.usatoday.com/https://www.usatoday.com/story/entertainment/celebrities/2021/02/23/stevie-wonder-moving-ghana-oprah-winfrey-apple-tv/4553269001/, Stevie Wonder moving to Ghana? Not so fast., 0
https://www.usatoday.com/https://www.usatoday.com/videos/entertainment/celebrities/2021/02/23/shailene-woodley-confirms-she-engaged-nfl-quarterback-aaron-rodgers/4553297001/, Shailene Woodley confirms she is engaged to NFL quarterback Aaron Rodgers, 0
https://www.usatoday.com/https://www.usatoday.com/videos/news/nation/2021/02/23/wife-el-chapo-arrested-dulles-airport-drug-trafficking-charges/4553331001/, Wife of 'El Chapo' arrested at Dulles Airport on drug trafficking charges, 0
https://www.usatoday.com/https://www.usatoday.com/story/news/politics/2021/02/23/live-politics-updates-capitol-riots-under-scrutiny-senate-hearing/4548115001/, Politics live updates: Capitol riots under scrutiny in Senate hearing, 0
https://www.usatoday.com/https://www.usatoday.com/videos/news/nation/2021/02/23/can-dogs-donate-blood-just-like-humans/4543628001/, Can dogs donate blood just like humans?, 0
https://www.usatoday.com/https://www.usatoday.com/videos/entertainment/2021/02/23/showbiz-minute-jay-z-el-chapo-woodley/4553423001/, ShowBiz Minute: Jay-Z| El Chapo| Woodley, 0
https://www.usatoday.com/https://www.usatoday.com/story/sports/nba/2021/02/23/james-harden-and-kyrie-irving-has-nets-streaking-without-kevin-durant/4550373001/, James Harden and Kyrie Irving have Nets streaking without Kevin Durant, 0
https://www.usatoday.com/https://www.usatoday.com/videos/news/nation/2021/02/23/showbiz-minute-jay-z-el-chapo-woodley/4553421001/, ShowBiz Minute: Jay-Z| El Chapo| Woodley, 0
https://www.usatoday.com/https://www.usatoday.com/story/sports/ncaaf/2021/02/23/ncaa-football-14-ea-sports-lives-on-college-football-revamped/4534027001/, NCAA Football 14 EA Sports game lives on thanks to hardcore fans, 0
https://www.usatoday.com/https://www.usatoday.com/videos/news/nation/2021/02/23/wife-drug-kingpin-el-chapo-arrested-us/4553458001/, Wife of drug kingpin 'El Chapo' arrested in US, 0
https://www.usatoday.com/https://www.usatoday.com/story/nletter/2021/02/23/deb-haaland-economy-el-chapos-wife-daily-briefing/4553272001/, Deb Haaland| economy| El Chapo's wife: Daily Briefing, 0
https://www.usatoday.com/https://www.usatoday.com/story/money/personalfinance/retirement/2021/02/23/3-things-you-cant-afford-to-get-wrong-about-social-security/115490080/, FRA| do-overs| delaying benefits: Social Security mistakes to avoid, 0
https://www.usatoday.com/https://www.usatoday.com/story/sports/highschool/sports-awards/2021/02/23/high-school-sports-awards-wants-your-top-play-2020-2021-season/6709816002/, High School Sports Awards wants your top play of the 2020-2021 season, 0
https://www.usatoday.com/https://www.usatoday.com/story/sports/nfl/packers/2021/02/23/green-bay-packers-cant-afford-jj-watt-home-wisconsin/4551134001/, Packers can't afford to bring J.J. Watt back to Wisconsin, 0
https://www.usatoday.com/https://www.usatoday.com/story/travel/cruises/2021/02/23/covid-19-travel-river-cruise-interest-high-ocean-cruises-paused/6736406002/, COVID-19 travel: River cruise interest high as ocean cruises paused, 0
https://www.usatoday.com/https://www.usatoday.com/story/sports/highschool/sports-awards/2021/02/23/high-school-sports-awards-wants-your-top-play-2020-2021-season/6785075002/, High School Sports Awards wants your top play of the 2020-2021 season, 0
https://www.usatoday.com/https://www.usatoday.com/story/sports/highschool/sports-awards/2021/02/23/high-school-sports-awards-wants-your-top-play-2020-2021-season/6709609002/, High School Sports Awards wants your top play of the 2020-2021 season, 0
https://www.usatoday.com/https://www.usatoday.com/in-depth/entertainment/music/2021/02/23/best-stax-records-label-songs-otis-redding-isaac-hayes-johnnie-taylor-sam-dave-booker-t-the-mgs/4494521001/, Stax Records: Five of the best songs from the historic label, 0
https://www.usatoday.com/https://www.usatoday.com/story/sports/highschool/sports-awards/2021/02/23/high-school-sports-awards-wants-your-top-play-2020-2021-season/6709166002/, High School Sports Awards wants your top play of the 2020-2021 season, 0
https://www.usatoday.com/https://www.usatoday.com/story/sports/ncaaf/acc/2021/02/23/acc-spring-college-football-preview-clemson-miami-north-carolina/4502350001/, College football: ACC favorite still Clemson| but Miami| UNC in mix, 0
https://www.usatoday.com/https://www.usatoday.com/story/money/columnist/2021/02/23/how-handle-inappropriate-job-related-social-media-posts-ask-hr/4498383001/, How to handle inappropriate| job-related social media posts: Ask HR, 0
https://www.usatoday.com/https://www.usatoday.com/in-depth/entertainment/music/2021/02/23/wilson-picketts-indelible-mark-soul-music-memphis-and-muscle-shoals/4494372001/, Wilson Pickett's indelible mark on soul music, 0
https://www.usatoday.com/https://www.usatoday.com/story/sports/highschool/sports-awards/2021/02/23/high-school-sports-awards-wants-your-top-play-2020-2021-season/6709864002/, High School Sports Awards wants your top play of the 2020-2021 season, 0
https://www.usatoday.com/https://www.usatoday.com/story/opinion/voices/2021/02/23/homeless-covid-19-deaths-population-vaccinations-column/4539961001/, COVID-19: Vaccinate the homeless. We ignore them too much already., 0
https://www.usatoday.com/https://www.usatoday.com/videos/news/nation/2021/02/23/year-on-indias-riot-victims-say-justice-still-unserved/4553517001/, A year on| India's riot victims say justice still unserved, 0
https://www.usatoday.com/https://www.usatoday.com/story/sports/ftw/2021/02/23/michael-pittman-did-the-right-thing-by-not-giving-carson-wentz-his-no-11-jersey/115496762/, Michael Pittman was right not to give Carson Wentz his No. 11 jersey, 0
https://www.usatoday.com/https://www.usatoday.com/story/money/2021/02/23/home-depot-quarterly-sales-surge-due-hot-housing-market/4553493001/, Home Depot quarterly sales surge due to hot housing market, 0
https://www.usatoday.com/https://www.usatoday.com/story/sports/nascar/2021/02/23/nascar-owner-chip-ganassi-suspended-violating-covid-19-protocols/4553531001/, NASCAR owner Chip Ganassi suspended for violating COVID-19 protocols, 0
https://www.usatoday.com/https://www.usatoday.com/story/sports/sports-betting/2021/02/23/atlanta-hawks-at-cleveland-cavaliers-odds-picks-and-prediction/115496870/, Atlanta Hawks at Cleveland Cavaliers odds| picks and prediction, 0
https://www.usatoday.com/https://www.usatoday.com/story/news/nation/2021/02/23/gender-reveal-party-device-explodes-new-york-man-killed/4553453001/, Gender reveal party explosion kills New York man Christopher Pekny, 0
https://www.usatoday.com/https://www.usatoday.com/story/sports/sports-betting/2021/02/23/detroit-pistons-at-orlando-magic-odds-picks-and-prediction/115496890/, Detroit Pistons at Orlando Magic odds| picks and prediction, 0
https://www.usatoday.com/https://www.usatoday.com/story/money/cars/2021/02/23/jeep-cherokee-jeep-grand-cherokee-nation-suvs/4553689001/, Jeep Cherokee| Jeep Grand Cherokee 'do not honor us|' chief says, 0
https://www.usatoday.com/https://www.usatoday.com/story/sports/soccer/2021/02/23/norway-moves-home-world-cup-qualifier-to-neutral-spain/115497032/, Norway moves 'home' World Cup qualifier to neutral Spain, 0
https://www.usatoday.com/https://www.usatoday.com/story/money/cars/2021/02/23/2022-mercedes-benz-c-class-redesigned/4539620001/, Mercedes-Benz C-Class redesigned: Luxury sedan gets overhaul for 2022, 0
https://www.usatoday.com/https://www.usatoday.com/picture-gallery/money/cars/2021/02/23/2022-mercedes-benz-c-class-sedan-car-photos/4540194001/, 2022 Mercedes-Benz C-Class photos: Daimler reveals redesigned car, 0
https://www.usatoday.com/https://www.usatoday.com/story/entertainment/tv/2021/02/23/tim-allen-richard-karn-new-building-competition-show/4494435001/, 'Tool Time' again: Tim Allen| Richard Karn reunite on History DIY show, 0
https://www.usatoday.com/https://www.usatoday.com/story/opinion/voices/2021/02/23/addiction-snack-food-lockdown-covid-processed-industry-column/4544686001/, Sugar| fat and advertising: Big Food feeds our addiction to overeating, 0
https://www.usatoday.com/https://www.usatoday.com/videos/entertainment/celebrities/2021/02/23/meghan-mccain-faces-backlash-after-calling-dr-faucis-firing-abcs-view/4553748001/, 'I'm over Dr. Fauci:' Meghan McCain faces backlash on vaccine opinions, 0
https://www.usatoday.com/https://www.usatoday.com/story/entertainment/celebrities/2021/02/23/cameron-diaz-surprises-drew-barrymore-her-birthday-charlies-angels/4553360001/, Cameron Diaz surprises BFF Drew Barrymore for her birthday, 0
https://www.usatoday.com/https://www.usatoday.com/story/news/politics/2021/02/23/arizonas-rep-andy-biggs-has-long-history-conservatisms-fringes/4538245001/, Arizona's Rep. Andy Biggs has long history on conservatism's fringes, 0
https://www.usatoday.com/https://www.usatoday.com/story/money/2021/02/23/covid-19-pandemic-shutters-iowa-final-family-video-rental-locations/4541936001/, How cinephiles will remember video rental stores as last ones close, 0
https://www.usatoday.com/https://www.usatoday.com/story/sports/sports-betting/2021/02/23/washington-wizards-at-los-angeles-clippers-odds-picks-and-prediction/115497100/, Washington Wizards at Los Angeles Clippers odds| picks and prediction, 0
https://www.usatoday.com/https://www.usatoday.com/story/travel/news/2021/02/23/trivago-poll-38-percent-of-americans-would-give-up-sex-to-travel-again/4553545001/, Poll: 38% of Americans would give up sex to travel again| Trivago says, 0
https://www.usatoday.com/https://www.usatoday.com/videos/life/humankind/2021/02/23/nicu-nurses-help-dad-pop-question/4553944001/, NICU nurses help dad pop the question, 0
https://www.usatoday.com/https://www.usatoday.com/story/sports/sports-betting/2021/02/23/minnesota-timberwolves-at-milwaukee-bucks-odds-picks-and-prediction/115497150/, Minnesota Timberwolves at Milwaukee Bucks odds| picks and prediction, 0
https://www.usatoday.com/https://www.usatoday.com/story/money/cars/2021/02/23/gm-brand-buick-female-cars-suvs/4553933001/, General Motors' Buick brand gains traction among women, 0
https://www.usatoday.com/https://www.usatoday.com/videos/life/humankind/2021/02/23/nicu-nurses-help-dad-pop-question/4553981001/, NICU nurses help dad pop the question, 0
https://www.usatoday.com/https://www.usatoday.com/story/sports/college/2021/02/23/ucla-track-and-field-chris-weiland-dismissed/4552372001/, UCLA athlete Chris Weiland dismissed amid report of racist language, 0
https://www.usatoday.com/https://www.usatoday.com/videos/entertainment/celebrities/2021/02/23/stevie-wonder-says-he-moving-ghana/4553934001/, Stevie Wonder says he is moving to Ghana, 0
https://www.usatoday.com/https://www.usatoday.com/story/sports/sports-betting/2021/02/23/iowa-state-at-baylor-odds-picks-and-prediction/115497182/, Iowa State at Baylor odds| picks and prediction, 0
https://www.usatoday.com/https://www.usatoday.com/story/sports/sports-betting/2021/02/23/georgia-tech-at-virginia-tech-odds-picks-and-prediction/115497190/, Georgia Tech at Virginia Tech odds| picks and prediction, 0
https://www.usatoday.com/https://www.usatoday.com/story/sports/sports-betting/2021/02/23/west-virginia-at-tcu-odds-picks-and-prediction/115497250/, West Virginia at TCU odds| picks and prediction, 0
https://www.usatoday.com/https://www.usatoday.com/story/life/2021/02/23/tiktok-food-trends-2021-feta-pasta-birria-tacos/4553922001/, 2021 TikTok food trends from birria tacos to feta pasta and fufu, 0
https://www.usatoday.com/https://www.usatoday.com/story/sports/sports-betting/2021/02/23/2021-wgc-workday-championship-fantasy-golf-power-rankings/115497382/, 2021 WGC Workday Championship Fantasy Golf Power Rankings, 0
https://www.usatoday.com/https://www.usatoday.com/story/sports/soccer/2021/02/23/nothing-special-guardiola-downplays-champions-league-hype/43438933/, 'Nothing special': Guardiola downplays Champions League hype, 0
https://www.usatoday.com/https://www.usatoday.com/story/sports/wnba/2021/02/23/fever-partners-with-anthem-inc-to-further-social-causes/43438931/, Fever partners with Anthem Inc. to further social causes, 0
https://www.usatoday.com/https://www.usatoday.com/story/nletter/2021/02/23/daily-money-02-23-21/4554293001/, Daily Money 02-23-21, 0
https://www.usatoday.com/https://www.reviewed.com/home-outdoors/features/how-create-closet-office?utm_source=usat&utm_medium=referral&utm_campaign=collab, 6 ideas for turning a spare closet into an office, 0
https://www.usatoday.com/https://www.usatoday.com/story/entertainment/books/2021/02/23/hillary-clinton-co-writing-mystery-novel-writer-louise-penny/4554273001/, Hillary Clinton is co-writing a mystery novel with writer Louise Penny, 0
https://www.usatoday.com/https://www.usatoday.com/story/sports/ncaab/2021/02/23/college-basketball-ncaa-tournament-bracketology-duke-joins-field/4553924001/, College basketball: NCAA Tournament bracketology sees Duke join field, 0
https://www.usatoday.com/https://www.usatoday.com/videos/news/politics/2021/02/23/local-leaders-prepare-cpac-orlando/4553457001/, Local leaders prepare for CPAC in Orlando, 0
https://www.usatoday.com/https://www.usatoday.com/story/sports/nba/2021/02/23/knight-cara-hbcu-bands-among-nba-all-star-game-performers/43438951/, Knight| Cara| HBCU bands among NBA All-Star Game performers, 0
https://www.usatoday.com/https://www.usatoday.com/story/sports/soccer/2021/02/23/uefa-investigates-alleged-racial-abuse-of-zlatan-ibrahimovi/43438949/, UEFA investigates alleged racial abuse of Zlatan Ibrahimovi, 0
https://www.usatoday.com/https://www.usatoday.com/videos/news/nation/2021/02/23/iran-limit-un-inspector-access-nuclear-sites/4554963001/, Iran to limit UN inspector access to nuclear sites, 0
https://www.usatoday.com/https://www.usatoday.com/videos/entertainment/books/2021/02/23/hillary-clinton-publishing-political-thriller-state-terror/4554714001/, Hillary Clinton is publishing a political thriller| 'State of Terror', 0
https://www.usatoday.com/https://www.usatoday.com/story/money/2021/02/23/fed-interest-rate-powell-says-economy-a-long-way-feds-goals/4551462001/, Interest rate: Jerome Powell says economy is 'long way' from Fed goals, 0
https://www.usatoday.com/https://www.usatoday.com/story/news/factcheck/2021/02/23/fact-check-doe-order-let-texas-power-agencies-exceed-emissions-limits/4546085001/, Fact check: DOE order let Texas power agencies exceed emissions limits, 0
https://www.usatoday.com/https://www.usatoday.com/story/news/politics/2021/02/23/romney-cotton-pushing-10-minimum-wage-e-verify-requirement/4543207001/, Romney| Cotton pushing $10 minimum wage with E-Verify requirement, 0
https://www.usatoday.com/https://www.usatoday.com/story/entertainment/celebrities/2021/02/23/the-real-host-jeannie-mai-asian-american-attacks-ending-racism/4509722001/, 'The Real' host Jeannie Mai on Asian American attacks| ending racism, 0
https://www.usatoday.com/https://www.usatoday.com/videos/news/have-you-seen/video/2021/02/23/turtles-cold-stunned-texas-winter-storm-take-chute-back-into-ocean/4551430001/, Turtles cold-stunned by Texas winter storm take chute back into ocean, 0
https://www.usatoday.com/https://www.usatoday.com/picture-gallery/news/world/2021/02/23/mount-etna-volcano-eruptions-rise/4554726001/, Mount Etna volcano eruptions on the rise, 0
https://www.usatoday.com/https://www.usatoday.com/videos/news/have-you-seen/video/2021/02/23/long-line-cars-outside-austin-distribution-center-after-texas-storm/4553650001/, Long line of cars outside Austin distribution center after Texas storm, 0
https://www.usatoday.com/https://www.usatoday.com/story/sports/2021/02/23/segregated-public-pools-has-lasting-effect-black-america/4539339001/, Segregated public pools has a lasting effect on Black America, 0
https://www.usatoday.com/https://www.usatoday.com/videos/news/have-you-seen/video/2021/02/23/cubans-sea-16-days-rescued-off-florida-coast/4553257001/, Cubans at sea for 16 days rescued off Florida coast, 0
https://www.usatoday.com/https://www.usatoday.com/videos/news/have-you-seen/2021/02/23/miracle-puppy-born-six-legs-oklahoma/4554010001/, 'Miracle' puppy Born With six legs in Oklahoma, 0
https://www.usatoday.com/https://www.usatoday.com/story/news/nation/2021/02/23/half-male-female-rare-cardinal-bird-photographed-erie-warren-county/4554937001/, Rare half-male| half-female northern cardinal pictured in Pennsylvania, 0
https://www.usatoday.com/https://www.usatoday.com/story/money/shopping/2021/02/23/macys-store-closures-2021-liquidation-sale/4554454001/, Macy's store closings 2021: More stores to face liquidation in future, 0
https://www.usatoday.com/https://www.usatoday.com/story/sports/nba/2021/02/23/vanessa-bryant-blasts-meek-mill-lyric-referencing-kobes-death/4554376001/, Vanessa Bryant blasts Meek Mill for lyric referencing Kobe's death, 0
https://www.usatoday.com/https://www.usatoday.com/story/money/2021/02/23/139-year-old-victorian-home-rolls-new-address-san-francisco/4554274001/, A 139-year-old Victorian home rolls to new address in San Francisco, 0
https://www.usatoday.com/https://www.usatoday.com/story/tech/gaming/2021/02/23/playstation-vr-new-ps-5-headset-development-sony-says/4554776001/, PlayStation VR: New PS5 headset in development| Sony says, 0
https://www.usatoday.com/https://www.usatoday.com/sitemap/2021/february/23/, 1, 0
https://www.usatoday.com/https://www.usatoday.com/sitemap/2021/february/23/?page=2, 2, 0
