https://www.usatoday.com/https://www.usatoday.com/story/sports/nba/2021/02/24/suns-booker-replaces-lakers-davis-in-nba-all-star-game/115502756/, Suns' Booker replaces Lakers' Davis in NBA All-Star Game, 0
https://www.usatoday.com/https://www.usatoday.com/videos/news/nation/2021/02/25/biden-signs-order-aimed-securing-supply-chains/6808197002/, Biden signs order aimed at securing supply chains, 0
https://www.usatoday.com/https://golfweek.usatoday.com/2021/02/24/tiger-woods-eamon-lynch-end-of-career/, It's OK to ask: Is this the end of Tiger's illustrious career?, 0
https://www.usatoday.com/https://www.usatoday.com/story/sports/ncaab/2021/02/24/coleman-scores-26-to-lift-ball-state-over-kent-state-90-71/115502772/, Coleman scores 26 to lift Ball State over Kent State 90-71, 0
https://www.usatoday.com/https://www.usatoday.com/story/sports/mlb/2021/02/24/bieber-eager-to-talk-contract-extension-with-indians/43441059/, Bieber eager to talk new contract with Indians, 0
https://www.usatoday.com/https://www.usatoday.com/story/sports/ncaab/2021/02/24/clemson-wins-4th-straight-holds-wake-forest-to-39-points/43441061/, Clemson wins 4th straight| holds Wake Forest to 39 points, 0
https://www.usatoday.com/https://www.usatoday.com/videos/news/nation/2021/02/25/vilsack-sworn-bidens-agriculture-secretary/6808430002/, Vilsack sworn in as Biden's agriculture secretary, 0
https://www.usatoday.com/https://www.usatoday.com/story/sports/ncaab/2021/02/24/cele-scores-20-to-carry-southern-over-alabama-am-73-57/43441079/, Cele scores 20 to carry Southern over Alabama A&M 73-57, 0
https://www.usatoday.com/https://www.usatoday.com/story/sports/nba/2021/02/24/devin-booker-injury-replacement-nba-all-star-game-anthony-davis/6808378002/, Devin Booker to replace Anthony Davis on NBA All-Star team, 0
https://www.usatoday.com/https://www.usatoday.com/story/sports/ncaaw/2021/02/24/lott-taylor-lift-marquette-women-past-no-24-depaul-85-71/115503156/, Lott| Taylor lift Marquette women past No. 24 DePaul 85-71, 0
https://www.usatoday.com/https://www.usatoday.com/story/sports/ncaaf/2021/02/24/clemson-swinney-face-major-offensive-changes-this-spring/43441081/, Clemson| Swinney face major offensive changes this spring, 0
https://www.usatoday.com/https://www.usatoday.com/story/entertainment/tv/2021/02/24/paramount-unveiled-cbs-all-access-fades-away-whats-coming/6804856002/, Paramount+ unveiled as CBS All Access fades away: What to know, 0
https://www.usatoday.com/https://www.usatoday.com/story/sports/ncaab/2021/02/24/holmes-lifts-st-bonaventure-over-davidson-56-53/115502820/, Holmes lifts St. Bonaventure over Davidson 56-53, 0
https://www.usatoday.com/https://www.usatoday.com/story/sports/mlb/2021/02/24/athletics-trade-outfielder-dustin-fowler-to-pirates-for-cash/115502812/, Athletics trade outfielder Dustin Fowler to Pirates for cash, 0
https://www.usatoday.com/https://www.usatoday.com/story/sports/ncaaw/2021/02/24/official-injured-after-buzzer-of-rutgers-michigan-state-game/43441083/, Official injured after buzzer of Rutgers-Michigan State game, 0
https://www.usatoday.com/https://www.usatoday.com/story/entertainment/tv/2021/02/24/soledad-obrien-addresses-media-disinformation-congress-hearing/6804381002/, Soledad O'Brien addresses media disinformation at Congress hearing, 0
https://www.usatoday.com/https://www.usatoday.com/story/sports/nhl/2021/02/24/colton-scores-in-nhl-debut-lightning-beat-hurricanes-3-0/43441305/, Colton scores in NHL debut| Lightning beat Hurricanes 3-0, 0
https://www.usatoday.com/https://www.usatoday.com/story/sports/ncaab/2021/02/24/filmore-leads-nc-at-over-nc-central-79-63/115503194/, Filmore leads NC A&T over NC Central 79-63, 0
https://www.usatoday.com/https://www.usatoday.com/story/tech/2021/02/24/paramount-streaming-service-cost-cbs-all-access/6808138002/, Paramount Plus: CBS streaming service available on Roku| PS4| Xfinity, 0
https://www.usatoday.com/https://www.usatoday.com/videos/news/world/2021/02/25/us-overseas-military-there-10-times-more-bases-since-wwii-ended/6804566002/, US overseas military: There are 10-times more bases since WWII ended, 0
https://www.usatoday.com/https://www.usatoday.com/story/news/factcheck/2021/02/24/fact-check-false-claim-face-masks-cause-bacterial-pneumonia/4574295001/, Fact check: False claim that face masks cause bacterial pneumonia, 0
https://www.usatoday.com/https://www.usatoday.com/story/sports/ncaaw/2021/02/24/penn-st-women-shock-no-15-ohio-st-behind-beverley-marisa/115502852/, Penn St women shock No. 15 Ohio St behind Beverley| Marisa, 0
https://www.usatoday.com/https://www.usatoday.com/story/sports/nhl/2021/02/24/khudobin-helps-stars-end-6-game-skid-in-3-0-win-over-florida/43441089/, Khudobin helps Stars end 6-game skid in 3-0 win vs. Panthers, 0
https://www.usatoday.com/https://www.usatoday.com/story/sports/ncaab/2021/02/24/garza-dickinson-ready-to-renew-acquaintances/43441107/, Garza| Dickinson ready to renew acquaintances, 0
https://www.usatoday.com/https://www.usatoday.com/videos/news/nation/2021/02/25/black-golfer-woods-excelled-all-white-sport/6808785002/, Black golfer: Woods excelled in an all white sport, 0
https://www.usatoday.com/https://www.usatoday.com/story/sports/golf/2021/02/24/tiger-woods-crash-sheriff-says-wreck-purely-accident/6808695002/, Tiger Woods crash: Sheriff says wreck was 'purely an accident', 0
https://www.usatoday.com/https://www.usatoday.com/story/sports/olympics/2021/02/24/katie-ledecky-reveals-ambitious-schedule-olympic-swimming-trials/6808618002/, Katie Ledecky reveals ambitious schedule for Olympic swimming trials, 0
https://www.usatoday.com/https://www.usatoday.com/story/entertainment/celebrities/2021/02/24/trisha-yearwood-contracts-covid-19-husband-garth-brooks-tests-negative/6808681002/, Trisha Yearwood contracts COVID-19| husband Garth Brooks tests negative, 0
https://www.usatoday.com/https://www.usatoday.com/story/news/nation/2021/02/24/california-golden-state-sued-over-oil-and-gas-permit-issues/6805997002/, In California: Golden State sued over oil and gas permit issues, 0
https://www.usatoday.com/https://www.usatoday.com/story/sports/mlb/yankees/2021/02/24/domingo-german-new-york-yankees-trust-suspension/6809194002/, Yankees' Domingo German must earn team's trust after suspension, 0
https://www.usatoday.com/https://www.usatoday.com/story/sports/ncaab/2021/02/24/hayes-funderburk-help-nc-state-upend-no-15-virginia-68-61/115502886/, Hayes| Funderburk help NC State upend No. 15 Virginia 68-61, 0
https://www.usatoday.com/https://www.usatoday.com/videos/news/2021/02/25/sea-turtles-released-back-ocean-after-being-cold-stunned-texas-winter-storm/6807010002/, Sea turtles released back to ocean after being cold-stunned by Texas winter storm, 0
https://www.usatoday.com/https://www.usatoday.com/story/entertainment/celebrities/2021/02/24/daisy-ridley-fires-back-ted-cruz-defense-gina-carano-mandalorian/6808630002/, Daisy Ridley fires back at Ted Cruz's defense of Gina Carano, 0
https://www.usatoday.com/https://www.usatoday.com/videos/news/2021/02/25/sea-turtles-cold-stunned-texas-freeze-released-back-into-ocean/6800259002/, Sea turtles cold-stunned by Texas freeze released back into ocean, 0
https://www.usatoday.com/https://www.usatoday.com/story/sports/ncaab/2021/02/24/mississippi-st-jumps-out-early-beats-south-carolina-69-48/43441121/, Mississippi St. jumps out early| beats South Carolina 69-48, 0
https://www.usatoday.com/https://www.usatoday.com/story/travel/airline-news/2021/02/24/transportation-department-slams-faas-certification-process-boeing-jet/6809622002/, Transportation Department slams FAA's certification process for Boeing jet, 0
https://www.usatoday.com/https://www.usatoday.com/story/news/politics/2021/02/24/dc-mayor-bowsers-sister-dies-covid-19-city-passes-1-000-deaths/6809594002/, DC Mayor Bowser's sister dies of COVID-19 as city passes 1|000 deaths, 0
https://www.usatoday.com/https://www.usatoday.com/story/sports/ncaab/2021/02/24/miller-carries-george-mason-past-george-washington-63-58/115502916/, Miller carries George Mason past George Washington 63-58, 0
https://www.usatoday.com/https://www.usatoday.com/story/sports/ncaab/2021/02/24/marquette-hands-north-carolina-rare-home-nonconference-loss/43441123/, Marquette hands North Carolina rare home nonconference loss, 0
https://www.usatoday.com/https://www.usatoday.com/story/sports/ncaab/2021/02/24/warren-scores-20-to-lead-hampton-past-longwood-74-68/115502918/, Warren scores 20 to lead Hampton past Longwood 74-68, 0
https://www.usatoday.com/https://www.usatoday.com/story/sports/ncaaw/2021/02/24/missouri-st-women-claim-mvc-title-for-14th-time-since-1990/43441141/, Missouri St women claim MVC title for 14th time since 1990, 0
https://www.usatoday.com/https://www.usatoday.com/story/sports/ncaab/2021/02/24/injury-snaps-start-streak-for-vandy-guard-scotty-pippen-jr/43441369/, Injury snaps start streak for Vandy guard Scotty Pippen Jr., 0
https://www.usatoday.com/https://www.usatoday.com/story/sports/olympics/2021/02/24/tokyo-olympic-torch-relay-plans-to-kick-off-in-one-month/43441143/, Tokyo Olympic torch relay plans to kick off in one month, 0
https://www.usatoday.com/https://www.usatoday.com/story/sports/ncaaw/2021/02/24/joens-leads-iowa-state-women-past-no-18-west-virginia-85-68/115502940/, Joens leads Iowa State women past No. 18 West Virginia 85-68, 0
https://www.usatoday.com/https://www.usatoday.com/story/sports/soccer/2021/02/24/she-believes-cup-uswnt-argentina/6809877002/, USWNT beat Argentina behind Megan Rapinoe to win SheBelieves Cup, 0
https://www.usatoday.com/https://www.usatoday.com/videos/news/nation/2021/02/25/us-worker-employer-debate-biden-15-wage-proposal/6810156002/, US worker| employer debate Biden $15 wage proposal, 0
https://www.usatoday.com/https://www.usatoday.com/videos/news/nation/2021/02/25/gov-abbott-promises-answers-after-weather-disaster/6810227002/, Gov. Abbott promises answers after weather disaster, 0
https://www.usatoday.com/https://www.usatoday.com/story/sports/olympics/2021/02/24/brisbane-already-preparing-for-2032-olympics/43441149/, Brisbane already preparing for 2032 Olympics, 0
https://www.usatoday.com/https://www.usatoday.com/story/sports/ncaab/2021/02/24/jules-scores-14-to-lift-radford-past-mount-aloysius-74-51/43441175/, Jules scores 14 to lift Radford past Mount Aloysius 74-51, 0
https://www.usatoday.com/https://www.usatoday.com/story/sports/ncaaw/2021/02/24/no-7-baylor-women-beat-oklahoma-st-70-51-for-10th-w-in-row/43441163/, No. 7 Baylor women beat Oklahoma St 70-51 for 10th W in row, 0
https://www.usatoday.com/https://www.usatoday.com/story/sports/ncaaw/2021/02/24/baylor-wins-10th-straight-routing-oklahoma-state/115502948/, Baylor wins 10th straight| routing Oklahoma State, 0
https://www.usatoday.com/https://www.usatoday.com/story/sports/nhl/2021/02/24/giroux-flyers-top-rangers-4-3-despite-kreider-hat-trick/115502960/, Giroux| Flyers top Rangers 4-3 despite Kreider hat trick, 0
https://www.usatoday.com/https://www.usatoday.com/story/sports/ncaab/2021/02/24/faulkner-leads-w-carolina-over-unc-greensboro-81-80/115502962/, Faulkner leads W. Carolina over UNC Greensboro 81-80, 0
https://www.usatoday.com/https://www.usatoday.com/story/sports/nhl/2021/02/24/nylander-scores-twice-maple-leafs-beat-flames-2-1-in-ot/43441185/, Nylander scores twice| Maple Leafs beat Flames 2-1 in OT, 0
https://www.usatoday.com/https://www.usatoday.com/story/sports/ncaab/2021/02/24/nze-lifts-butler-past-seton-hall-61-52/115502966/, Nze lifts Butler past Seton Hall 61-52, 0
https://www.usatoday.com/https://www.usatoday.com/story/news/factcheck/2021/02/24/fact-check-usps-investigation-disproved-claim-backdated-ballots/6806928002/, Fact check: USPS investigation disproved claim of backdated ballots, 0
https://www.usatoday.com/https://www.usatoday.com/story/sports/nhl/2021/02/24/colton-vasilevskiy-help-lightning-beat-hurricanes-3-0/115503198/, Colton| Vasilevskiy help Lightning beat Hurricanes 3-0, 0
https://www.usatoday.com/https://www.usatoday.com/story/sports/ncaab/2021/02/24/robertson-lifts-mercer-past-chattanooga-81-77-in-ot/115502978/, Robertson lifts Mercer past Chattanooga 81-77 in OT, 0
https://www.usatoday.com/https://www.usatoday.com/story/sports/ncaab/2021/02/24/air-force-ends-10-game-losing-streak-beats-new-mexico-62-55/115502980/, Air Force ends 10-game losing streak| beats New Mexico 62-55, 0
https://www.usatoday.com/https://www.usatoday.com/story/sports/nba/2021/02/24/cavaliers-hand-rockets-ninth-straight-loss-112-96/43441195/, Cavaliers hand Rockets ninth straight loss| 112-96, 0
https://www.usatoday.com/https://www.usatoday.com/story/sports/ncaab/2021/02/24/stephen-f-austin-beats-northwestern-state-83-57/43441207/, Stephen F. Austin beats Northwestern State 83-57, 0
https://www.usatoday.com/https://www.usatoday.com/story/sports/nba/2021/02/24/gallinari-hits-atlanta-record-10-3s-hawks-rout-celtics/43441209/, Gallinari hits team-record 10 3s| Hawks rout Celtics 127-112, 0
https://www.usatoday.com/https://www.usatoday.com/story/sports/soccer/2021/02/24/shebelieves-cup-megan-rapinoe-acts-greeter-newest-uswnt-member/6810141002/, SheBelieves Cup: Megan Rapinoe acts as greeter for newest USWNT member, 0
https://www.usatoday.com/https://www.usatoday.com/story/sports/ncaab/2021/02/24/butler-scores-30-to-carry-holy-cross-past-boston-u-86-75/43441229/, Butler scores 30 to carry Holy Cross past Boston U. 86-75, 0
https://www.usatoday.com/https://www.usatoday.com/story/life/style/2021/02/24/5-africa-born-designers-open-digital-milan-fashion-week/6810815002/, 5 Africa-born designers open digital Milan Fashion Week, 0
https://www.usatoday.com/https://www.usatoday.com/story/sports/ncaab/2021/02/24/southern-utah-beats-northern-arizona-85-80/115503012/, Southern Utah beats Northern Arizona 85-80, 0
https://www.usatoday.com/https://www.usatoday.com/story/sports/nba/2021/02/24/warriors-use-late-run-to-pull-away-from-pacers-111-107/43441409/, Warriors use late run to pull away from Pacers| 111-107, 0
https://www.usatoday.com/https://www.usatoday.com/story/sports/nba/2021/02/24/zion-williamson-leads-pelicans-past-pistons-128-118/115503022/, Zion Williamson leads Pelicans past Pistons| 128-118, 0
https://www.usatoday.com/https://www.usatoday.com/story/sports/ncaab/2021/02/24/green-lifts-new-orleans-over-texas-am-cc-69-61/115503016/, Green lifts New Orleans over Texas A&M-CC 69-61, 0
https://www.usatoday.com/https://www.usatoday.com/story/sports/ncaab/2021/02/24/fornes-carries-nicholls-state-over-houston-baptist-83-68/115503036/, Fornes carries Nicholls State over Houston Baptist 83-68, 0
https://www.usatoday.com/https://www.usatoday.com/story/sports/nba/2021/02/24/gilgeous-alexander-scores-42-as-thunder-top-spurs-102-99/115503038/, Gilgeous-Alexander scores 42 as Thunder top Spurs 102-99, 0
https://www.usatoday.com/https://www.usatoday.com/story/sports/nba/2021/02/24/butler-leads-heat-to-4th-straight-win-116-108-over-raptors/115503054/, Butler leads Heat to 4th straight win| 116-108 over Raptors, 0
https://www.usatoday.com/https://www.usatoday.com/story/sports/nba/2021/02/24/lavine-scores-35-as-bulls-beat-timberwolves-133-126-in-ot/115503064/, LaVine scores 35 as Bulls beat Timberwolves 133-126 in OT, 0
https://www.usatoday.com/https://www.usatoday.com/story/sports/nhl/rangers/2021/02/24/rangers-artemi-panarin-details-cast-doubt-ex-coachs-allegations/6811034002/, Rangers' Artemi Panarin: Details cast doubt on ex-coach's allegations, 0
https://www.usatoday.com/https://www.usatoday.com/story/sports/ncaab/2021/02/24/harper-baker-rutgers-rally-from-down-15-beat-iu-74-63/43441237/, Harper| Baker| Rutgers rally from down 15| beat IU 74-63, 0
https://www.usatoday.com/https://www.usatoday.com/story/sports/ncaab/2021/02/24/defense-shines-as-memphis-tops-tulane-61-46/115503078/, Defense shines as Memphis tops Tulane 61-46, 0
https://www.usatoday.com/https://www.usatoday.com/story/sports/ncaab/2021/02/24/hawkins-leads-norfolk-state-past-delaware-state-86-55/115503080/, Hawkins leads Norfolk State past Delaware State 86-55, 0
https://www.usatoday.com/https://www.usatoday.com/story/sports/ncaab/2021/02/24/beatty-scores-22-to-carry-la-salle-past-duquesne-85-65/115503088/, Beatty scores 22 to carry La Salle past Duquesne 85-65, 0
https://www.usatoday.com/https://www.usatoday.com/story/sports/ncaab/2021/02/24/no-13-creighton-comes-off-layoff-with-77-53-win-over-depaul/43441253/, No. 13 Creighton comes off layoff with 77-53 win over DePaul, 0
https://www.usatoday.com/https://www.usatoday.com/story/sports/ncaab/2021/02/24/bailey-scores-21-no-25-tennessee-beats-vanderbilt-70-58/115503116/, Bailey scores 21| No. 25 Tennessee beats Vanderbilt 70-58, 0
https://www.usatoday.com/https://www.usatoday.com/story/sports/ncaab/2021/02/24/crosby-scores-23-as-alcorn-state-beats-alabama-state-68-59/115503118/, Crosby scores 23 as Alcorn State beats Alabama State 68-59, 0
https://www.usatoday.com/https://www.usatoday.com/story/sports/ncaab/2021/02/24/no-20-arkansas-big-run-flusters-no-6-alabama/43441261/, No. 20 Arkansas' big run flusters No. 6 Alabama, 0
https://www.usatoday.com/https://www.usatoday.com/story/sports/ncaab/2021/02/24/williams-keys-big-run-for-arkansas-in-win-over-alabama/43441269/, Williams keys big run for Arkansas in win over Alabama, 0
https://www.usatoday.com/https://www.usatoday.com/story/sports/ncaab/2021/02/24/abilene-christian-defeats-sam-houston-st-86-72/43441271/, Abilene Christian defeats Sam Houston St. 86-72, 0
https://www.usatoday.com/https://www.usatoday.com/story/sports/ncaab/2021/02/24/horchler-scores-20-to-carry-providence-over-xavier-83-68/115503280/, Horchler scores 20 to carry Providence over Xavier 83-68, 0
https://www.usatoday.com/https://www.usatoday.com/story/sports/ncaab/sec/2021/02/24/sec-mens-basketball-no-20-arkansas-upsets-no-7-alabama/6811506002/, SEC men's basketball: No. 20 Arkansas upsets No. 7 Alabama, 0
https://www.usatoday.com/https://www.usatoday.com/story/sports/nba/2021/02/24/malik-monk-scores-29-points-hornets-cool-off-suns-124-121/43441275/, Malik Monk scores 29 points| Hornets cool off Suns 124-121, 0
https://www.usatoday.com/https://www.usatoday.com/story/sports/ncaab/2021/02/24/calhoun-leads-no-11-seminoles-over-miami/115503260/, Calhoun leads No. 11 Seminoles over Miami, 0
https://www.usatoday.com/https://www.usatoday.com/story/sports/ncaab/2021/02/24/davenport-leads-cincinnati-over-tulsa-on-late-basket/43441273/, Davenport leads Cincinnati over Tulsa on late basket, 0
https://www.usatoday.com/https://www.usatoday.com/story/sports/nhl/2021/02/24/sturm-scores-twice-wild-beat-avs-6-2-for-4th-straight-win/43441295/, Sturm scores twice| Wild beat Avs 6-2 for 4th straight win, 0
https://www.usatoday.com/https://www.usatoday.com/story/money/2021/02/25/covid-relief-bill-stimulus-check-critics-bidens-stimulus-goes-too-far/6804219002/, Stimulus check: Critics say Biden's $1.9T stimulus goes too far, 0
https://www.usatoday.com/https://www.usatoday.com/story/news/health/2021/02/25/covid-19-ad-council-vaccine-education-campaign-coronavirus/6808426002/, COVID-19: Ad Council launches $500M vaccine education campaign, 0
https://www.usatoday.com/https://www.usatoday.com/story/sports/nhl/2021/02/25/coyotes-rally-from-3-down-to-beat-ducks-4-3-in-shootout/43441323/, Coyotes rally from 3 down to beat Ducks 4-3 in shootout, 0
https://www.usatoday.com/https://www.usatoday.com/story/sports/ncaab/2021/02/25/feazell-lifts-mcneese-st-past-se-louisiana-95-91/115503196/, Feazell lifts McNeese St. past SE Louisiana 95-91, 0
https://www.usatoday.com/https://www.usatoday.com/story/sports/nhl/2021/02/25/petersen-helps-kings-beat-blues-2-1-for-6th-straight-win/115503216/, Petersen helps Kings beat Blues 2-1 for 6th straight win, 0
https://www.usatoday.com/https://www.usatoday.com/story/sports/nba/2021/02/25/gobert-clarkson-lead-jazz-to-114-89-rout-of-lakers/43441351/, Gobert| Clarkson lead Jazz to 114-89 rout of Lakers, 0
https://www.usatoday.com/https://www.usatoday.com/videos/news/nation/2021/02/25/vp-harris-adds-new-meaning-black-history-month/6812011002/, Vice President Kamala Harris adds new meaning to Black History Month, 0
https://www.usatoday.com/https://www.usatoday.com/story/sports/nba/2021/02/25/red-hot-jazz-hand-lakers-fourth-consecutive-loss/6811630002/, Lakers losing streak hits four in a row as Jazz dominate, 0
https://www.usatoday.com/https://www.usatoday.com/story/sports/ncaab/2021/02/25/hill-lifts-fresno-st-past-unlv-67-64/115503248/, Hill lifts Fresno St. past UNLV 67-64, 0
https://www.usatoday.com/https://www.usatoday.com/story/sports/ncaab/2021/02/25/iowa-ohio-state-rematch-latest-top-10-duel-in-big-ten-race/115503250/, Iowa-Ohio State rematch latest top-10 duel in Big Ten race, 0
https://www.usatoday.com/https://www.usatoday.com/story/sports/tennis/2021/02/25/coco-gauff-advances-to-semifinals-at-adelaide-international/115503254/, Coco Gauff advances to semifinals at Adelaide International, 0
https://www.usatoday.com/https://www.usatoday.com/story/news/politics/2021/02/25/joe-bidens-covid-19-stimulus-bill-boosted-republican-mayors/4540358001/, Joe Biden's COVID-19 stimulus bill boosted by Republican mayors, 0
https://www.usatoday.com/https://www.usatoday.com/story/opinion/voices/2021/02/25/white-supremacy-violence-are-sickness-not-christianity-column/4555936001/, White supremacy and a will to violence are a sickness| not Christianity, 0
https://www.usatoday.com/https://www.usatoday.com/story/news/health/2021/02/25/covid-news-pfizer-vaccine-joe-biden-masks-coronavirus/6805714002/, COVID news: 50 million vaccine doses; global death toll 2.5 million, 0
https://www.usatoday.com/https://www.usatoday.com/story/opinion/voices/2021/02/25/pandemic-restrictions-killing-religion-california-column/4543897001/, COVID pandemic restrictions are killing religious practice in America, 0
https://www.usatoday.com/https://www.usatoday.com/in-depth/news/nation/2021/02/25/stimulus-check-how-americans-plan-spend-1-400-covid-payment/6765095002/, Stimulus check: How Americans plan to spend $1|400 COVID payment, 0
https://www.usatoday.com/https://www.usatoday.com/story/tech/columnist/komando/2021/02/25/best-browsers-keep-your-internet-search-private-and-safe/4559279001/, Tor| Brave| Safari: Web browsers to keep your internet search private, 0
https://www.usatoday.com/https://www.usatoday.com/in-depth/news/2021/02/25/post-9-11-us-military-efforts-touched-85-nations-last-3-years/6564981002/, US military counterterrorism operations extend far beyond Middle East, 0
https://www.usatoday.com/https://www.usatoday.com/story/news/politics/2021/02/25/equality-act-house-vote-bill-protecting-lgbtq-americans/4575106001/, Equality Act: House to vote on bill protecting LGBTQ Americans, 0
https://www.usatoday.com/https://www.usatoday.com/story/opinion/2021/02/25/earmarks-corrupt-constitutional-spending-fix-congress-column/4534679001/, Welcome back| earmarks. They're not corrupt; they're spending., 0
https://www.usatoday.com/https://www.usatoday.com/in-depth/news/politics/2021/02/25/joe-bidens-foreign-policy-america-first-twist/4345647001/, Joe Biden's foreign policy: 'America First|' with a twist?, 0
https://www.usatoday.com/https://www.usatoday.com/in-depth/news/world/2021/02/25/us-military-budget-what-can-global-bases-do-vs-covid-cyber-attacks/6419013002/, US military budget: What can global bases do vs. COVID| cyber attacks?, 0
https://www.usatoday.com/https://www.usatoday.com/story/news/2021/02/25/equality-act-nyc-schools-tiger-woods-car-crash-coronavirus-pandemic/4535040001/, Equality Act| NYC schools| Tiger Woods: 5 things to know Thursday, 0
https://www.usatoday.com/https://www.usatoday.com/videos/news/nation/2021/02/25/ap-top-stories-february-25/6812529002/, AP Top Stories February 25, 0
https://www.usatoday.com/https://www.usatoday.com/story/opinion/2021/02/25/why-school-choice-essential-achieving-racial-equality-column/4572912001/, Why school choice is essential to achieving racial equality, 0
https://www.usatoday.com/https://www.usatoday.com/story/money/investing/2021/02/25/3-risky-investments-that-could-cost-you-a-fortune/43438613/, Why short selling| penny stocks| leveraged ETFs are risky investments, 0
https://www.usatoday.com/https://www.usatoday.com/story/news/nation/2021/02/25/indianapolis-predator-catchers-hunt-offenders-experts-urge-caution/4549340001/, Indianapolis predator catchers hunt offenders| experts urge caution, 0
https://www.usatoday.com/https://www.usatoday.com/videos/news/education/2021/02/25/schools-must-give-standardized-tests-amid-challenges-covid-19/4566924001/, Schools must give standardized tests amid challenges from COVID-19, 0
https://www.usatoday.com/https://www.usatoday.com/story/news/education/2021/02/25/standardized-tests-virtual-students-school-funding/4553471001/, Standardized tests for virtual students? How will school funding fare?, 0
https://www.usatoday.com/https://www.usatoday.com/story/entertainment/celebrities/2021/02/25/meghan-harry-archewell-world-central-kitchen-emergency-relief-center/6812564002/, Meghan| Harry support completion of emergency relief center, 0
https://www.usatoday.com/https://www.usatoday.com/story/sports/nfl/2021/02/25/nfl-stars-who-could-cut-von-miller-time-up-denver/6807536002/, NFL stars who could be cut: Is Von Miller's time up in Denver?, 0
https://www.usatoday.com/https://www.usatoday.com/story/sports/ncaaf/2021/02/25/clemson-justin-foster-covid-19-retires-from-football/6812616002/, Clemson's Justin Foster| never fully recovered from COVID| ends career, 0
https://www.usatoday.com/https://www.usatoday.com/story/sports/sports-betting/2021/02/25/orlando-magic-at-brooklyn-nets-odds-picks-and-prediction/115503356/, Orlando Magic at Brooklyn Nets odds| picks and prediction, 0
https://www.usatoday.com/https://www.usatoday.com/videos/news/nation/2021/02/25/day-25-february-2010/6812663002/, On This Day: 25 February 2010, 0
https://www.usatoday.com/https://www.usatoday.com/videos/entertainment/2021/02/25/day-25-february-2010/6812665002/, On This Day: 25 February 2010, 0
https://www.usatoday.com/https://www.usatoday.com/story/sports/sports-betting/2021/02/25/washington-wizards-at-denver-nuggets-odds-picks-and-prediction/115503336/, Washington Wizards at Denver Nuggets odds| picks and prediction, 0
https://www.usatoday.com/https://www.usatoday.com/story/nletter/2021/02/25/equality-act-nyc-schools-tiger-woods-car-crash-coronavirus-pandemic/6812565002/, US military bases| Equality Act| Tiger Woods: Daily Briefing, 0
https://www.usatoday.com/https://www.usatoday.com/videos/entertainment/2021/02/25/showbiz-minute-springsteen-paramount-foster-mcphee/6812680002/, ShowBiz Minute: Springsteen| Paramount| Foster McPhee, 0
https://www.usatoday.com/https://www.usatoday.com/story/sports/nba/2021/02/25/denver-nuggets-nikola-jokic-jamal-murray-slump/6808064002/, Nuggets' stars like Jokic are on fire| but what's wrong with Denver?, 0
https://www.usatoday.com/https://www.usatoday.com/videos/news/nation/2021/02/25/showbiz-minute-springsteen-paramount-foster-mcphee/6812694002/, ShowBiz Minute: Springsteen| Paramount| Foster McPhee, 0
https://www.usatoday.com/https://www.usatoday.com/story/opinion/voices/2021/02/25/george-floyd-killing-race-racial-equality-report-for-america-column/6800972002/, George Floyd's death prompts police| racial equity reform in Texas, 0
https://www.usatoday.com/https://www.usatoday.com/story/sports/sports-betting/2021/02/25/ohio-state-at-michigan-state-odds-picks-and-prediction/115503376/, Ohio State at Michigan State odds| picks and prediction, 0
https://www.usatoday.com/https://www.usatoday.com/story/money/personalfinance/retirement/2021/02/25/this-etf-could-help-grow-any-retirement-nest-egg/115497212/, Vanguard Growth ETF: An option that could grow your retirement savings, 0
https://www.usatoday.com/https://www.usatoday.com/story/travel/columnist/cox/2021/02/25/ask-captain-did-boeing-777-dump-fuel-before-emergency-landing/4576282001/, Ask the Captain: Did Boeing 777 dump fuel before emergency landing?, 0
https://www.usatoday.com/https://www.usatoday.com/story/sports/mlb/2021/02/25/mlb-ken-griffey-jr-baseball-diversity/4546745001/, MLB hired Ken Griffey Jr. to grow the game| boost youth development, 0
https://www.usatoday.com/https://www.usatoday.com/story/entertainment/celebrities/2021/02/25/natalia-vodianova-russian-supermodel-new-un-goodwill-ambassador/6812719002/, Natalia Vodianova| Russian supermodel| is new UN goodwill ambassador, 0
https://www.usatoday.com/https://www.usatoday.com/story/sports/olympics/2021/02/25/semenya-taking-case-to-european-court-of-human-rights/43441441/, Semenya taking case to European Court of Human Rights, 0
https://www.usatoday.com/https://www.usatoday.com/videos/entertainment/celebrities/2021/02/25/flotus-jill-biden-joins-kelly-clarkson-first-major-tv-interview/6812749002/, FLOTUS Jill Biden joins Kelly Clarkson for first major TV interview, 0
https://www.usatoday.com/https://www.usatoday.com/story/entertainment/celebrities/2021/02/25/jill-biden-kelly-clarkson-talk-divorce-first-solo-flotus-tv-chat/6802180002/, Jill Biden| Kelly Clarkson talk divorce in first solo FLOTUS TV chat, 0
https://www.usatoday.com/https://www.usatoday.com/story/money/2021/02/25/gamestop-shares-rising-again-after-tumbling-most-february/6812725002/, GameStop shares rising again after tumbling most of February, 0
https://www.usatoday.com/https://www.usatoday.com/story/travel/news/2021/02/25/american-airlines-pilot-reports-ufo-flight-to-phoenix/6812802002/, Phoenix UFO: American Airlines pilot reports missile-like object, 0
https://www.usatoday.com/https://www.usatoday.com/story/money/2021/02/25/gannett-fourth-quarter-earnings-2020/4560710001/, Gannett fourth-quarter earnings 2020: USA TODAY owner beats estimates, 0
https://www.usatoday.com/https://www.usatoday.com/story/tech/2021/02/25/australia-law-forcing-google-facebook-pay-news-passes/6812842002/, Australia law forcing Google| Facebook to pay for news passes, 0
https://www.usatoday.com/https://www.usatoday.com/story/travel/news/2021/02/25/when-australia-reopen-borders-qantas-ceo-predicts-late-october/6812825002/, When will Australia reopen borders? Qantas CEO predicts late October, 0
https://www.usatoday.com/https://www.usatoday.com/story/sports/columnist/nancy-armour/2021/02/25/2021-tokyo-olympics-uswnt-roster-not-easy/6811848002/, 2021 Olympics: Picking USWNT's 18-player Tokyo roster won't be easy, 0
https://www.usatoday.com/https://www.usatoday.com/story/sports/ftw/2021/02/25/celtics-brad-stevens-mess/6812919002/, Celtics are officially an absolute mess, 0
https://www.usatoday.com/https://www.usatoday.com/story/sports/sports-betting/2021/02/25/nebraska-at-illinois-odds-picks-and-prediction/115503578/, Nebraska at Illinois odds| picks and prediction, 0
https://www.usatoday.com/https://www.usatoday.com/story/money/shopping/2021/02/25/apple-target-stores-iphone-ipad-shopping-experience-upgrade/6806584002/, Apple mini shops coming to 17 select Target stores. See the locations., 0
https://www.usatoday.com/https://www.usatoday.com/story/opinion/2021/02/25/importance-protecting-anonymous-speech-online-facebook-twitter-column/4386076001/, The importance of protecting anonymous speech, 0
https://www.usatoday.com/https://www.usatoday.com/story/life/health-wellness/2021/02/25/children-covid-and-mental-health-wave/4572686001/, COVID-19 pandemic impacting teens' mental health| suicidal thoughts, 0
https://www.usatoday.com/https://www.usatoday.com/videos/news/nation/2021/02/25/after-losing-job-woman-leads-pantry-feeding-thousands/6812967002/, After losing job| woman leads pantry feeding thousands, 0
https://www.usatoday.com/https://www.usatoday.com/story/sports/sports-betting/2021/02/25/calgary-flames-at-ottawa-senators-odds-picks-and-prediction/115503706/, Calgary Flames at Ottawa Senators odds| picks and prediction, 0
https://www.usatoday.com/https://www.usatoday.com/story/tech/2021/02/25/facebook-banning-myanmar-military-pages-what-you-should-know/6813005002/, Facebook is banning Myanmar military pages: what you should know, 0
https://www.usatoday.com/https://www.usatoday.com/story/news/politics/2021/02/25/ron-johnson-raises-questions-must-addressed-capitol-riot/6813021002/, Ron Johnson raises questions that 'must be addressed' on Capitol riot, 0
https://www.usatoday.com/https://www.usatoday.com/story/sports/soccer/2021/02/25/barcelona-faces-sevilla-in-league-cup-doubleheader/115503796/, Barcelona faces Sevilla in league-cup doubleheader, 0
https://www.usatoday.com/https://www.usatoday.com/videos/news/have-you-seen/2021/02/25/sunset-hits-yosemite-waterfall-just-right-create-majestic-firefall/6813122002/, Sunset hits Yosemite waterfall just right to create majestic 'Firefall', 0
https://www.usatoday.com/https://www.usatoday.com/videos/travel/2021/02/25/firefall-glows-bright-californias-yosemite-national-park/6813240002/, 'Firefall' glows bright at California's Yosemite National Park, 0
https://www.usatoday.com/https://www.usatoday.com/videos/news/nation/2021/02/25/gone-dogs-robert-irwin-voices-character-bluey/6813329002/, Gone to the dogs: Robert Irwin voices character on 'Bluey', 0
https://www.usatoday.com/https://www.usatoday.com/videos/entertainment/2021/02/25/gone-dogs-robert-irwin-voices-character-bluey/6813332002/, Gone to the dogs: Robert Irwin voices character on 'Bluey', 0
https://www.usatoday.com/https://www.usatoday.com/story/entertainment/movies/2021/02/25/golden-globes-2021-predictions-who-win-who-should/4514405001/, Golden Globe Awards predictions: Which nominees will win? 'Borat 2'?, 0
https://www.usatoday.com/https://www.usatoday.com/videos/entertainment/entertainthis/2021/02/25/golden-globes-show-start-chadwick-boseman-oscar-campaign-predictions/6806886002/, Golden Globes: Will the show start Chadwick Boseman's Oscar campaign?, 0
https://www.usatoday.com/https://www.usatoday.com/story/money/2021/02/25/unemployment-jobless-claims-fell-730-000-but-layoffs-still-high/6813290002/, Unemployment: Jobless claims fell to 730|000| but layoffs still high, 0
https://www.usatoday.com/https://www.usatoday.com/story/life/health-wellness/2021/02/25/woody-allen-dylan-farrow-accusations-cancel-culture-me-too-movement/6800198002/, Woody Allen| Dylan Farrow story shows why cancel culture isn't enough, 0
https://www.usatoday.com/https://www.usatoday.com/story/money/2021/02/25/scams-covid-19-vaccines-attempt-make-you-pay-pandemic-shot/6812960002/, COVID-19 vaccines: Scams aim for your money| info in exchange for shot, 0
https://www.usatoday.com/https://www.usatoday.com/story/nletter/2021/02/25/daily-money-02-25-21/6813505002/, Daily Money 02-25-21, 0
https://www.usatoday.com/https://www.usatoday.com/videos/entertainment/tv/2021/02/25/soledad-obrien-challenges-media-house-hearing-disinformation/6813475002/, Soledad O'Brien challenges media at House hearing on disinformation, 0
https://www.usatoday.com/https://www.usatoday.com/story/nletter/american-south/2021/02/25/southern-resiliency-rural-health-workers-weather-crises-and-food-ingenuity/6812998002/, Southern Resiliency : rural health workers| weather crises and more, 0
https://www.usatoday.com/https://www.usatoday.com/story/tech/reviewedcom/2021/02/25/9-products-may-help-ease-vaccine-discomfort-and-where-buy-them/4573593001/, 10 products that may help ease vaccine discomfort—and where to buy them, 0
https://www.usatoday.com/https://www.usatoday.com/videos/weather/2021/02/25/spectacular-stormy-sunset-captured-over-miami/6812443002/, 'Spectacular stormy sunset' captured over Miami, 0
https://www.usatoday.com/https://www.usatoday.com/story/sports/nba/2021/02/25/kyrie-irving-wants-kobe-bryant-nba-logo-vanessa-bryant-approves/6813216002/, Kyrie Irving wants Kobe Bryant on NBA logo; Vanessa Bryant approves, 0
https://www.usatoday.com/https://www.usatoday.com/story/sports/sports-betting/2021/02/25/boston-bruins-at-new-york-islanders-odds-picks-and-prediction/115504156/, Boston Bruins at New York Islanders odds| picks and prediction, 0
https://www.usatoday.com/https://www.usatoday.com/videos/entertainment/celebrities/2021/02/25/trisha-yearwood-under-greatest-care-after-contracting-covid-19/6813795002/, Trisha Yearwood 'under the greatest care' after contracting COVID-19, 0
https://www.usatoday.com/https://www.usatoday.com/story/tech/2021/02/25/zoom-meeting-automatic-closed-captioning-coming-free-accounts/6813037002/, Zoom meeting: Automatic closed captioning coming to free accounts, 0
https://www.usatoday.com/https://www.usatoday.com/story/sports/ncaab/2021/02/25/college-basketball-march-madness-bracketology-big-12/6812964002/, NCAA tournament bracketology: March Madness may be Big 12 party, 0
https://www.usatoday.com/https://www.usatoday.com/story/news/nation/2021/02/25/texas-power-outage-lawsuit-seeks-1-billion-griddy-over-prices/6812814002/, Texas power outage: Lawsuit seeks $1 billion from Griddy over prices, 0
https://www.usatoday.com/https://www.usatoday.com/story/entertainment/movies/2021/02/25/andra-day-interview-lee-daniels-united-states-vs-billie-holiday/4541552001/, Billie Holiday: Andra Day on becoming jazz singer in Hulu film, 0
https://www.usatoday.com/https://www.usatoday.com/story/sports/sports-betting/2021/02/25/carolina-hurricanes-at-tampa-bay-lightning-odds-picks-and-prediction/115504324/, Carolina Hurricanes at Tampa Bay Lightning odds| picks and prediction, 0
https://www.usatoday.com/https://www.usatoday.com/videos/travel/2021/02/25/niagara-falls-glistens-snow-and-ice/6814022002/, Niagara Falls glistens with snow and ice, 0
https://www.usatoday.com/https://www.usatoday.com/story/entertainment/movies/2021/02/25/golden-globes-2021-how-watch-stream-what-know-show/6808214002/, Golden Globes 2021: How to watch| stream| what to know about the show, 0
https://www.usatoday.com/https://www.usatoday.com/story/sports/2021/02/25/southwest-florida-high-school-sports-awards-wants-your-top-play-2020-21-season/6814586002/, The Southwest Florida High School Sports Awards wants your top play of the 2020-21 season, 0
https://www.usatoday.com/https://www.usatoday.com/story/sports/sports-betting/2021/02/25/dallas-mavericks-at-philadelphia-76ers-odds-picks-and-prediction/115504438/, Dallas Mavericks at Philadelphia 76ers odds| picks and prediction, 0
https://www.usatoday.com/https://www.usatoday.com/story/news/politics/2021/02/25/cuomo-sexual-harassment-lindsey-boylan-investigation-lawmakers/6814745002/, NY lawmakers call for Andrew Cuomo sexual harassment accusation probe, 0
https://www.usatoday.com/https://www.usatoday.com/story/sports/tennis/2021/02/25/citing-bad-back-rafael-nadal-out-of-rotterdam-tournament/115504470/, Citing bad back| Rafael Nadal out of Rotterdam tournament, 0
https://www.usatoday.com/https://www.reviewed.com/beauty/features/8-products-argan-oil-healthier-skin-and-hair?utm_source=usat&utm_medium=referral&utm_campaign=collab, 8 products with argan oil for healthier skin and hair, 0
https://www.usatoday.com/https://www.usatoday.com/story/sports/ncaab/2021/02/25/college-basketball-conference-tournament-schedules-previews/6802200002/, March Madness 2021: College basketball conference tournament results, 0
https://www.usatoday.com/https://www.usatoday.com/story/sports/sports-betting/2021/02/25/new-orleans-pelicans-at-milwaukee-bucks-odds-picks-and-prediction/115504498/, New Orleans Pelicans at Milwaukee Bucks odds| picks and prediction, 0
https://www.usatoday.com/https://www.usatoday.com/story/news/nation/2021/02/25/grand-jury-records-daniel-prude-case-could-release-rochester-new-york/6814153002/, Daniel Prude case: Grand jury record release could impact New York law, 0
https://www.usatoday.com/https://www.usatoday.com/videos/news/nation/2021/02/25/kamala-harris-visits-washington-vaccination-site/6815312002/, Kamala Harris visits Washington vaccination site, 0
https://www.usatoday.com/https://www.usatoday.com/story/nletter/going-for-gold/2021/02/25/olympics-here-is-what-you-need-know/6813056002/, Olympics are less than 150 days out. Here's what you need to know., 0
https://www.usatoday.com/https://www.usatoday.com/story/sports/mlb/2021/02/25/francisco-lindor-mets-coming-to-america-eddie-murpohy/6815152002/, Mets' Francisco Lindor wears 'Coming to America' jacket at spring training, 0
https://www.usatoday.com/https://www.usatoday.com/story/news/nation/2021/02/25/snow-moon-full-moon-coming-sky-near-you-weekend/6814296002/, Snow moon: Full moon is coming to a sky near you this weekend, 0
https://www.usatoday.com/https://www.usatoday.com/story/sports/nfl/buccaneers/2021/02/25/buccaneers-qb-coach-tom-brady-peyton-manning-challenge/6813826002/, Tom Brady and Peyton Manning: Buccaneers assistant dishes on rivalry, 0
https://www.usatoday.com/https://www.usatoday.com/story/sports/soccer/2021/02/25/leipzig-closing-in-on-bayern-munich-in-german-title-race/115504576/, Leipzig closing in on Bayern Munich in German title race, 0
https://www.usatoday.com/https://www.usatoday.com/story/money/cars/2021/02/25/gda-car-recalls-20210225/115504582/, Car recalls for February 18-25, 0
https://www.usatoday.com/https://www.usatoday.com/story/sports/sports-betting/2021/02/25/usc-at-colorado-odds-picks-and-prediction/115504592/, USC at Colorado odds| picks and prediction, 0
https://www.usatoday.com/https://www.usatoday.com/story/news/politics/2021/02/25/trump-taxes-manhattan-da-obtains-records-after-supreme-court-win/6814454002/, Trump taxes: Manhattan DA obtains records after Supreme Court win, 0
https://www.usatoday.com/https://www.usatoday.com/picture-gallery/news/nation/2021/02/25/covid-19-creates-challenges-migrants-us-mexico-border/6815500002/, COVID-19 creates challenges for migrants at US/Mexico border, 0
https://www.usatoday.com/https://www.usatoday.com/story/news/politics/2021/02/25/capitol-riot-costs-security-fence-cost-least-19-million/6813761002/, Capitol riot: costs of security fence to cost at least $19 million, 0
https://www.usatoday.com/https://www.usatoday.com/story/sports/ncaaf/bigten/2021/02/25/ohio-state-football-tickets-preferred-seat-contributions-2022/6815412002/, Ohio State football tickets: Preferred seat contributions for 2022, 0
https://www.usatoday.com/https://www.usatoday.com/story/entertainment/tv/2021/02/25/trans-in-trumpland-series-shares-transgender-american-struggles/6815667002/, Trans in Trumpland series shares transgender American struggles, 0
https://www.usatoday.com/https://www.usatoday.com/sitemap/2021/february/25/, 1, 0
https://www.usatoday.com/https://www.usatoday.com/sitemap/2021/february/25/?page=2, 2, 0
