https://www.usatoday.com/https://www.usatoday.com/story/sports/soccer/2021/02/26/matchday-bara-vs-sevilla-for-round-3-man-city-at-west-ham/115510138/, MATCHDAY: Barça vs Sevilla for round 3; Man City at West Ham, 0
https://www.usatoday.com/https://www.usatoday.com/story/sports/ncaab/2021/02/26/green-lifts-bryant-past-long-island-63-60/43444227/, Green lifts Bryant past Long Island 63-60, 0
https://www.usatoday.com/https://www.usatoday.com/story/sports/golf/2021/02/26/late-string-of-birdies-gives-koepka-the-lead-at-concession/43444229/, Late string of birdies gives Koepka the lead at Concession, 0
https://www.usatoday.com/https://www.usatoday.com/story/sports/ncaab/2021/02/26/longtime-assistant-spinelli-makes-head-coaching-debut-for-bc/115510152/, Longtime assistant Spinelli makes head coaching debut for BC, 0
https://www.usatoday.com/https://www.usatoday.com/story/sports/ncaab/2021/02/26/reid-lifts-merrimack-past-st-francis-ny-75-67/43444443/, Reid lifts Merrimack past St. Francis (N.Y.) 75-67, 0
https://www.usatoday.com/https://www.usatoday.com/story/sports/ncaab/2021/02/26/ndefo-scores-22-to-lead-st-peters-over-rider-66-52/115510158/, Ndefo scores 22 to lead St. Peter's over Rider 66-52, 0
https://www.usatoday.com/https://www.usatoday.com/videos/news/nation/2021/02/27/today-history-february-27th/6844380002/, Today in History for February 27th, 0
https://www.usatoday.com/https://www.usatoday.com/story/sports/nascar/2021/02/26/christopher-bell-joe-gibbs-racing-first-cup-win-2021-season/6843822002/, Christopher Bell enjoying first NASCAR Cup win at Joe Gibbs Racing, 0
https://www.usatoday.com/https://www.usatoday.com/videos/news/nation/2021/02/27/ap-top-stories-26-p/6844486002/, AP Top Stories 26 P, 0
https://www.usatoday.com/https://www.usatoday.com/story/sports/nba/2021/02/26/millsap-expresses-concerns-about-probe-into-jazz-allegation/115510188/, Millsap expresses concerns about probe into Jazz allegation, 0
https://www.usatoday.com/https://www.usatoday.com/story/sports/mlb/2021/02/26/5-inning-games-2-out-innings-odd-mlb-spring-look-on-deck/43444231/, 5-inning games| 2-out innings? Odd MLB spring look on deck, 0
https://www.usatoday.com/https://www.usatoday.com/story/sports/ncaab/2021/02/26/small-scores-17-to-lead-texas-st-by-louisiana-monroe-58-49/115510190/, Small scores 17 to lead Texas St by Louisiana- Monroe 58-49, 0
https://www.usatoday.com/https://www.usatoday.com/story/sports/golf/2021/02/26/mickelson-in-contention-in-champions-event-after-mud-birdie/115510202/, Mickelson in contention in Champions event after mud birdie, 0
https://www.usatoday.com/https://www.usatoday.com/story/sports/nfl/cardinals/2021/02/26/cardinals-deandre-hopkins-slams-texans-twitter/6844502002/, Cardinals' DeAndre Hopkins slams Texans on Twitter, 0
https://www.usatoday.com/https://www.usatoday.com/videos/news/nation/2021/02/27/house-vote-relief-bill-dems-mull-wage-plan/6844679002/, House to vote on relief bill| Dems mull wage plan, 0
https://www.usatoday.com/https://www.usatoday.com/videos/news/nation/2021/02/27/biden-tx-nothing-partisan-virus-storm/6844681002/, Biden in TX: 'Nothing partisan' about virus| storm, 0
https://www.usatoday.com/https://www.usatoday.com/story/sports/nba/2021/02/26/ap-interview-silver-lays-out-reasons-for-nba-all-star-game/43444247/, AP interview: Silver lays out reasons for NBA All-Star Game, 0
https://www.usatoday.com/https://www.usatoday.com/story/sports/olympics/2021/02/26/john-geddert-abuse-gymnastics-larry-nassar-sexual-assault-trafficking/6844740002/, John Geddert| ex-gymnastics coach| inflicted abuse| records say, 0
https://www.usatoday.com/https://www.usatoday.com/story/entertainment/movies/2021/02/26/golden-globes-controversy-times-up-calls-out-zero-black-hfpa-members/6843745002/, Golden Globes controversy: Time's Up calls out zero Black HFPA members, 0
https://www.usatoday.com/https://www.usatoday.com/story/sports/olympics/2021/02/26/college-softball-tokyo-olympics-hopefuls-team-usa-mexico-australia/6844661002/, College softball an anchor for Tokyo Olympic hopefuls during pandemic, 0
https://www.usatoday.com/https://www.usatoday.com/story/sports/ncaaw/2021/02/26/no-22-south-dakota-state-women-clinch-summit-league-title/115510228/, No. 22 South Dakota State women clinch Summit League title, 0
https://www.usatoday.com/https://www.usatoday.com/story/sports/ncaab/2021/02/26/squire-scores-14-to-lead-uc-davis-over-cal-poly-69-61/115510240/, Squire scores 14 to lead UC Davis over Cal Poly 69-61, 0
https://www.usatoday.com/https://www.usatoday.com/story/sports/ncaab/2021/02/26/burden-lifts-kennesaw-state-past-florida-gulf-coast-80-63/115510244/, Burden lifts Kennesaw State past Florida Gulf Coast 80-63, 0
https://www.usatoday.com/https://www.usatoday.com/story/sports/mls/2021/02/26/mls-says-burkle-backs-out-owning-sacramento-expansion-team/115510262/, MLS says Burkle backs out owning Sacramento expansion team, 0
https://www.usatoday.com/https://www.usatoday.com/story/entertainment/movies/2021/02/26/tina-fey-amy-poehler-golden-globe-hosts/6845159002/, Golden Globes: Tina Fey| Amy Poehler should do these 5 things as hosts, 0
https://www.usatoday.com/https://www.usatoday.com/story/sports/mlb/2021/02/26/os-slugger-davis-changes-swing-hopes-for-different-results/43444257/, O's slugger Davis changes swing| hopes for different results, 0
https://www.usatoday.com/https://www.usatoday.com/story/sports/nba/2021/02/26/thunder-change-uniforms-at-halftime-after-mix-up-with-hawks/115510288/, Thunder change uniforms at halftime after mix-up with Hawks, 0
https://www.usatoday.com/https://www.usatoday.com/story/sports/ncaab/2021/02/26/stefanovic-scores-16-purdue-beats-penn-state-73-52/43444327/, Stefanovic scores 16| Purdue beats Penn State 73-52, 0
https://www.usatoday.com/https://www.usatoday.com/story/sports/ncaab/2021/02/26/appalachian-st-beats-georgia-southern-84-78-in-2ot/43444331/, Appalachian St. beats Georgia Southern 84-78 in 2OT, 0
https://www.usatoday.com/https://www.usatoday.com/story/sports/nba/2021/02/26/warriors-g-league-g-jeremy-lin-experienced-racism-on-court/115510294/, Warriors G League G Jeremy Lin experienced racism on court, 0
https://www.usatoday.com/https://www.usatoday.com/story/sports/ncaab/2021/02/26/reese-scores-21-to-carry-north-texas-over-marshall-77-65/43444345/, Reese scores 21 to carry North Texas over Marshall 77-65, 0
https://www.usatoday.com/https://www.usatoday.com/story/sports/ncaab/2021/02/26/welp-scores-29-to-carry-uc-irvine-over-uc-san-diego-80-55/43444351/, Welp scores 29 to carry UC Irvine over UC San Diego 80-55, 0
https://www.usatoday.com/https://www.usatoday.com/videos/news/health/2021/02/27/covid-iowa-nurse-volunteers-stillborn-birth-photography-mary-greeley/6825836002/, Iowa nurse photographs stillborn babies during COVID-19 restrictions, 0
https://www.usatoday.com/https://www.usatoday.com/story/sports/ncaab/2021/02/26/mostafa-scores-23-to-lift-coastal-carolina-over-troy-75-59/115510312/, Mostafa scores 23 to lift Coastal Carolina over Troy 75-59, 0
https://www.usatoday.com/https://www.usatoday.com/story/sports/ncaab/2021/02/26/ledoux-scores-25-to-lead-louisiana-tech-past-rice-101-57/43444357/, Ledoux scores 25 to lead Louisiana Tech past Rice 101-57, 0
https://www.usatoday.com/https://www.usatoday.com/story/entertainment/celebrities/2021/02/26/lady-gagas-dogs-recovered-safely/6846575002/, Lady Gaga's dogs recovered safely| woman returns them to cops, 0
https://www.usatoday.com/https://www.usatoday.com/story/sports/nba/2021/02/26/depleted-raptors-hand-rockets-10th-straight-loss/43444361/, Depleted Raptors hand Rockets 10th straight loss, 0
https://www.usatoday.com/https://www.usatoday.com/story/sports/ncaab/2021/02/26/thacker-scores-22-to-lift-idaho-past-montana-st-74-69/115510338/, Thacker scores 22 to lift Idaho past Montana St. 74-69, 0
https://www.usatoday.com/https://www.usatoday.com/story/sports/nba/2021/02/26/thunder-change-uniforms-halftime-mix-up-with-hawks/6846410002/, NBA: Thunder switch uniforms at halftime after mix-up with Hawks, 0
https://www.usatoday.com/https://www.usatoday.com/story/sports/ncaab/2021/02/26/azore-carries-texas-arlington-over-arkansas-st-73-71/43444373/, Azore carries Texas-Arlington over Arkansas St. 73-71, 0
https://www.usatoday.com/https://www.usatoday.com/story/sports/ncaab/2021/02/26/clarke-lifts-sacred-heart-past-fairleigh-dickinson-70-64/115510340/, Clarke lifts Sacred Heart past Fairleigh Dickinson 70-64, 0
https://www.usatoday.com/https://www.usatoday.com/story/sports/nba/2021/02/26/devin-booker-deandre-ayton-help-suns-rally-to-beat-bulls/115510366/, Devin Booker| Deandre Ayton help Suns rally to beat Bulls, 0
https://www.usatoday.com/https://www.usatoday.com/story/sports/ncaaw/2021/02/26/osborne-has-triple-double-in-no-10-ucla-womens-rout-of-usc/43444377/, Osborne has triple-double in No. 10 UCLA women's rout of USC, 0
https://www.usatoday.com/https://www.usatoday.com/story/sports/nba/2021/02/26/walkers-season-high-32-lifts-celtics-over-pacers-118-112/43444379/, Walker's season-high 32 lifts Celtics over Pacers 118-112, 0
https://www.usatoday.com/https://www.usatoday.com/story/sports/ncaab/2021/02/26/prim-scores-33-to-lead-missouri-st-over-evansville-90-81/115510354/, Prim scores 33 to lead Missouri St. over Evansville 90-81, 0
https://www.usatoday.com/https://www.usatoday.com/story/sports/ncaaw/2021/02/26/osborne-has-triple-double-no-10-ucla-women-rout-usc-93-51/43444381/, Osborne has triple-double| No. 10 UCLA women rout USC 93-51, 0
https://www.usatoday.com/https://www.usatoday.com/story/sports/nba/2021/02/26/shades-of-red-thunder-beat-hawks-after-uniform-mix-up/43444411/, Shades of red: Thunder beat Hawks after uniform mix-up, 0
https://www.usatoday.com/https://www.usatoday.com/story/sports/ncaab/2021/02/26/akwuba-carries-louisiana-lafayette-over-ualr-66-61/43444375/, Akwuba carries Louisiana-Lafayette over UALR 66-61, 0
https://www.usatoday.com/https://www.usatoday.com/story/sports/ncaab/2021/02/26/forrest-scores-14-to-carry-fau-over-southern-miss-69-60/43444409/, Forrest scores 14 to carry FAU over Southern Miss 69-60, 0
https://www.usatoday.com/https://www.usatoday.com/story/tech/reviewedcom/2021/02/26/amazon-deals-save-our-favorite-rice-cooker-cloth-oven-mitts-and-more/6845736002/, Amazon deals: Save on our favorite rice cooker| cloth oven mitts and more, 0
https://www.usatoday.com/https://www.usatoday.com/story/sports/nba/2021/02/26/jeremy-lin-details-experiencing-racism-on-court-coronavirus/6846380002/, Jeremy Lin says he was called 'coronavirus' on basketball court, 0
https://www.usatoday.com/https://www.usatoday.com/story/sports/nba/2021/02/26/leonard-has-30-points-clippers-beat-grizzlies-for-split/43444393/, Leonard has 30 points| Clippers beat Grizzlies for split, 0
https://www.usatoday.com/https://www.usatoday.com/story/sports/nba/2021/02/26/butler-dragic-carry-heat-past-nba-best-jazz-124-116/115510352/, Butler| Dragic carry Heat past NBA-best Jazz| 124-116, 0
https://www.usatoday.com/https://www.usatoday.com/story/sports/ncaab/2021/02/26/mccants-lifts-new-mexico-st-past-tarleton-state-78-51/115510372/, McCants lifts New Mexico St. past Tarleton State 78-51, 0
https://www.usatoday.com/https://www.usatoday.com/story/sports/ncaab/2021/02/26/turner-scores-19-to-lift-bowling-green-over-akron-83-71/115510368/, Turner scores 19 to lift Bowling Green over Akron 83-71, 0
https://www.usatoday.com/https://www.usatoday.com/videos/news/nation/2021/02/27/breakout-borat-star-maria-bakalova-conquers-hollywood/6847364002/, Breakout 'Borat' star Maria Bakalova conquers Hollywood, 0
https://www.usatoday.com/https://www.usatoday.com/videos/entertainment/2021/02/27/breakout-borat-star-maria-bakalova-conquers-hollywood/6847365002/, Breakout 'Borat' star Maria Bakalova conquers Hollywood, 0
https://www.usatoday.com/https://www.usatoday.com/story/sports/nhl/2021/02/26/wild-use-early-goals-to-beat-kings-3-1-for-6th-straight-win/43444419/, Wild use early goals to beat Kings 3-1 for 5th straight win, 0
https://www.usatoday.com/https://www.usatoday.com/story/sports/nhl/2021/02/26/strome-kreider-lead-rangers-to-6-2-win-over-bruins/115510572/, Strome| Kreider lead Rangers to 6-2 win over Bruins, 0
https://www.usatoday.com/https://www.usatoday.com/story/sports/nfl/packers/2021/02/26/packers-great-ron-kostelnik-son-loses-father-super-bowl-ring/6847366002/, Packers great Ron Kostelnik's son loses father's Super Bowl ring, 0
https://www.usatoday.com/https://www.usatoday.com/story/sports/ncaab/2021/02/26/appel-lifts-s-dakota-st-past-kansas-city-67-49/43444431/, Appel lifts S. Dakota St. past Kansas City 67-49, 0
https://www.usatoday.com/https://www.usatoday.com/story/sports/nba/2021/02/26/kings-snap-skid-top-pistons-110-107-in-strange-finish/43444433/, Kings snap skid| top Pistons 110-107 in strange finish, 0
https://www.usatoday.com/https://www.usatoday.com/story/sports/ncaaf/2021/02/26/skelton-southern-take-over-late-beat-alabama-st-24-21/43444445/, Skelton| Southern take over late| beat Alabama St. 24-21, 0
https://www.usatoday.com/https://www.usatoday.com/story/sports/ncaab/2021/02/26/no-21-loyola-holds-on-to-beat-southern-illinois-60-52/115510422/, No. 21 Loyola holds on to beat Southern Illinois 60-52, 0
https://www.usatoday.com/https://www.usatoday.com/story/sports/nhl/2021/02/26/rangers-rout-bruins-fans-return-msg/6847998002/, Rangers rout Bruins with fans back in the building, 0
https://www.usatoday.com/https://www.usatoday.com/story/sports/ncaab/2021/02/26/johnson-leads-georgia-st-over-south-alabama-84-81/115510444/, Johnson leads Georgia St. over South Alabama 84-81, 0
https://www.usatoday.com/https://www.usatoday.com/story/sports/ncaab/2021/02/26/utah-st-narrowly-tops-nevada-75-72/115510460/, Utah St. narrowly tops Nevada 75-72, 0
https://www.usatoday.com/https://www.usatoday.com/story/sports/ncaab/2021/02/26/trammell-scores-17-to-lift-seattle-over-grand-canyon-63-57/115510466/, Trammell scores 17 to lift Seattle over Grand Canyon 63-57, 0
https://www.usatoday.com/https://www.usatoday.com/story/sports/nhl/2021/02/26/avalanche-hold-on-in-final-seconds-for-3-2-win-over-coyotes/115510464/, Avalanche hold on in final seconds for 3-2 win over Coyotes, 0
https://www.usatoday.com/https://www.usatoday.com/story/sports/nhl/2021/02/26/rangers-score-3-times-in-2nd-period-beat-bruins-6-2/43444457/, Rangers score 3 times in 2nd period| beat Bruins 6-2, 0
https://www.usatoday.com/https://www.usatoday.com/videos/life/militarykind/2021/02/27/soldiers-surprise-have-you-seeing-triple/6827322002/, Soldier's surprise will have you seeing triple, 0
https://www.usatoday.com/https://www.usatoday.com/story/sports/nba/jazz/2021/02/27/jazz-elijah-millsap-accusation-dennis-lindsey/6848591002/, Elijah Millsap| ex-Utah Jazz player| doubts investigation will be fair, 0
https://www.usatoday.com/https://www.usatoday.com/story/tech/reviewedcom/2021/02/26/tory-burch-sale-shop-stores-twice-yearly-private-sale-now/6838320002/, Tory Burch sale: Shop the store's twice-yearly private sale now, 0
https://www.usatoday.com/https://www.usatoday.com/story/sports/nba/2021/02/27/schrder-returns-lakers-beat-blazers-102-93-to-snap-skid/115510512/, Schröder returns| Lakers beat Blazers 102-93 to snap skid, 0
https://www.usatoday.com/https://www.usatoday.com/story/sports/nba/2021/02/27/green-notches-triple-double-warriors-avenge-loss-to-hornets/115510524/, Green notches triple-double| Warriors avenge loss to Hornets, 0
https://www.usatoday.com/https://www.usatoday.com/story/sports/ncaab/2021/02/27/williams-leads-csu-bakersfield-over-csu-northridge-84-58/115510564/, Williams leads CSU Bakersfield over CSU Northridge 84-58, 0
https://www.usatoday.com/https://www.usatoday.com/story/sports/ncaab/2021/02/27/sow-leads-uc-santa-barbara-over-uc-riverside-72-68/115510636/, Sow leads UC Santa Barbara over UC Riverside 72-68, 0
https://www.usatoday.com/https://www.usatoday.com/story/sports/ncaab/2021/02/27/grill-scores-18-to-lead-unlv-past-fresno-st-68-67/115510634/, Grill scores 18 to lead UNLV past Fresno St. 68-67, 0
https://www.usatoday.com/https://www.usatoday.com/story/sports/nba/lakers/2021/02/27/lebron-james-responds-zlatan-ibrahimovic-stick-to-sports/6849088002/, LeBron James: 'There's no way I will ever just stick to sports', 0
https://www.usatoday.com/https://www.usatoday.com/story/news/politics/2021/02/26/joe-bidens-covid-relief-bill-stimulus-checks-passes-house/6836187002/, Joe Biden's COVID-19 relief bill with stimulus checks passes House, 0
https://www.usatoday.com/https://www.usatoday.com/story/sports/nba/2021/02/27/lebron-james-rejects-zlatans-criticism-of-activist-athletes/43444451/, LeBron James rejects Zlatan's criticism of activist athletes, 0
https://www.usatoday.com/https://www.usatoday.com/story/sports/nhl/2021/02/27/wild-rookie-kirill-kaprizov-highlight-reel-goal-win-kings/6849363002/, Wild rookie Kirill Kaprizov has highlight-reel goal in win vs. Kings, 0
https://www.usatoday.com/https://www.usatoday.com/story/sports/ncaab/2021/02/27/pandemic-challenges-also-give-some-teams-chances-to-bond/115510666/, Pandemic challenges also give some teams chances to bond, 0
https://www.usatoday.com/https://www.usatoday.com/story/sports/ncaab/2021/02/27/webster-scores-16-to-carry-hawaii-past-long-beach-st-78-76/115510708/, Webster scores 16 to carry Hawaii past Long Beach St. 78-76, 0
https://www.usatoday.com/https://www.usatoday.com/story/news/2021/02/27/golden-globes-donald-trump-cpac-coronavirus-relief-bill-saudi-arabia/4535053001/, Golden Globes| Trump speaks at CPAC: 5 things to know this weekend, 0
https://www.usatoday.com/https://www.usatoday.com/story/opinion/2021/02/27/teachers-need-able-meet-emotional-needs-students-column/4514210001/, Teachers need to be able to meet the emotional needs of students, 0
https://www.usatoday.com/https://www.usatoday.com/story/sports/sports-betting/2021/02/27/ufc-on-espn-50-alex-caceres-vs-kevin-croom-odds-picks-and-prediction/115510606/, UFC on ESPN+ 50: Alex Caceres vs. Kevin Croom odds| picks and prediction, 0
https://www.usatoday.com/https://www.usatoday.com/story/sports/sports-betting/2021/02/27/ufc-on-espn-50-angela-hill-vs-ashley-yoder-odds-picks-and-prediction/115510610/, UFC on ESPN+ 50: Angela Hill vs. Ashley Yoder odds| picks and prediction, 0
https://www.usatoday.com/https://www.usatoday.com/story/news/nation/2021/02/27/asian-hate-crimes-attacks-fueled-covid-19-racism-threaten-asians/4566376001/, Asian hate crimes: Attacks fueled by COVID-19| racism threaten Asians, 0
https://www.usatoday.com/https://www.usatoday.com/story/news/health/2021/02/27/covid-news-johnson-johnson-vaccine-expected-authorized/6838382002/, COVID news: Johnson & Johnson vaccine authorized by FDA, 0
https://www.usatoday.com/https://www.usatoday.com/story/money/usaandmain/2021/02/27/las-vegas-thai-restaurant-lotus-of-siam-weathered-covid-19-heres-how/6821540002/, Las Vegas Thai restaurant Lotus of Siam weathered COVID-19. Here's how, 0
https://www.usatoday.com/https://www.usatoday.com/story/opinion/voices/2021/02/27/standardized-tests-coronavirus-remote-learning-schools-teachers-biden-column/6827228002/, Teacher: During COVID| students need a break from standardized tests, 0
https://www.usatoday.com/https://www.usatoday.com/story/sports/sports-betting/2021/02/27/ufc-on-espn-50-montana-de-la-rosa-vs-mayra-bueno-silva-odds-picks-and-prediction/115510614/, UFC on ESPN+ 50: Montana De La Rosa vs. Mayra Bueno Silva odds| picks and prediction, 0
https://www.usatoday.com/https://www.usatoday.com/story/sports/sports-betting/2021/02/27/cleveland-cavaliers-at-philadelphia-76ers-odds-picks-and-prediction/115510618/, Cleveland Cavaliers at Philadelphia 76ers odds| picks and prediction, 0
https://www.usatoday.com/https://www.usatoday.com/story/sports/sports-betting/2021/02/27/ufc-on-espn-50-nikita-krylov-vs-magomed-ankalaev-odds-picks-and-prediction/115510622/, UFC on ESPN+ 50: Nikita Krylov vs. Magomed Ankalaev odds| picks and prediction, 0
https://www.usatoday.com/https://www.usatoday.com/story/sports/sports-betting/2021/02/27/creighton-at-xavier-odds-picks-and-prediction/115510626/, Creighton at Xavier odds| picks and prediction, 0
https://www.usatoday.com/https://www.usatoday.com/story/news/nation/2021/02/27/california-natives-fear-covid-deaths-undercounted-native-americans/6838693002/, COVID-19 cases: California Native American death data could be wrong, 0
https://www.usatoday.com/https://www.usatoday.com/story/sports/sports-betting/2021/02/27/ufc-on-espn-50-jairzinho-rozenstruik-vs-ciryl-gane-odds-picks-and-prediction/115510630/, UFC on ESPN+ 50: Jairzinho Rozenstruik vs. Ciryl Gane odds| picks and prediction, 0
https://www.usatoday.com/https://www.usatoday.com/story/money/investing/2021/02/27/new-to-investing-3-solid-choices-for-your-portfolio/43440001/, New investors should consider these 3 choices for their portfolios, 0
https://www.usatoday.com/https://www.usatoday.com/story/money/business/2021/02/27/florida-publix-covid-vaccine-partnership-raises-questions/6832758002/, Florida| Publix COVID-19 vaccine partnership raises questions, 0
https://www.usatoday.com/https://www.usatoday.com/story/news/health/2021/02/27/studies-one-covid-vaccine-shot-may-protect-those-whove-been-infected/4550055001/, Studies: Recovered COVID-19 patients may not need 2nd dose of vaccine, 0
https://www.usatoday.com/https://www.usatoday.com/story/opinion/2021/02/27/rise-student-suicides-mental-health-covid-column/6837463002/, Rise in student suicides is just the tip of the COVID pandemic iceberg, 0
https://www.usatoday.com/https://www.usatoday.com/story/news/politics/2021/02/27/republicans-opposed-proxy-voting-covid-pandemic-using-it-cpac/6840284002/, Republicans sued over proxy voting| now use it to attend CPAC, 0
https://www.usatoday.com/https://www.usatoday.com/story/news/nation/2021/02/27/daniel-prude-died-ruled-homicide-so-why-isnt-crime/6831579002/, Daniel Prude died| it was ruled a homicide. So why isn't it a crime?, 0
https://www.usatoday.com/https://www.usatoday.com/story/tech/columnist/2021/02/27/att-verizon-tmobile-which-5-g-phone-to-get/6825233002/, What AT&T| Verizon or T-Mobile auction shows: Which 5G phone is for me, 0
https://www.usatoday.com/https://www.usatoday.com/story/money/personalfinance/retirement/2021/02/27/avoid-this-one-thing-to-save-more-for-retirement/43440205/, Should you pay that 1% to have someone manage your retirement fund?, 0
https://www.usatoday.com/https://www.usatoday.com/story/entertainment/music/2021/02/27/billie-holiday-strange-fruit-true-story/6834106002/, Billie Holiday's 'Strange Fruit': Why it's so controversial| cathartic, 0
https://www.usatoday.com/https://www.usatoday.com/story/news/nation/2021/02/27/florida-manatee-deaths-way-up-2021-experts-blame-water-quality/6817814002/, Florida manatee deaths way up in 2021; experts blame water quality, 0
https://www.usatoday.com/https://www.usatoday.com/story/entertainment/books/2021/02/27/new-books-kazuo-ishiguro-viet-thanh-nguyen-committed/6827229002/, 5 books not to miss: Kazuo Ishiguro and Viet Thanh Nguyen return, 0
https://www.usatoday.com/https://www.usatoday.com/story/sports/sports-betting/2021/02/27/michigan-at-indiana-odds-picks-and-prediction/115510676/, Michigan at Indiana odds| picks and prediction, 0
https://www.usatoday.com/https://www.usatoday.com/story/nletter/2021/02/27/your-weekend-long-reads-usa-today/6819000002/, Your weekend long reads from USA TODAY, 0
https://www.usatoday.com/https://www.usatoday.com/story/sports/2021/02/27/john-thompson-john-chaney-black-college-basketball-coaches/6801279002/, John Thompson| John Chaney created legacy for Black college coaches, 0
https://www.usatoday.com/https://www.usatoday.com/story/money/investing/2021/02/27/warren-buffett-sell-apple-shares/115479822/, Why did Warren Buffett sell Apple shares?, 0
https://www.usatoday.com/https://www.usatoday.com/story/sports/sports-betting/2021/02/27/louisville-at-duke-odds-picks-and-prediction/115510812/, Louisville at Duke odds| picks and prediction, 0
https://www.usatoday.com/https://www.usatoday.com/story/sports/tennis/2021/02/27/french-open-winner-swiatek-beats-bencic-in-adelaide-final/43444559/, French Open winner Swiatek beats Bencic in Adelaide final, 0
https://www.usatoday.com/https://www.usatoday.com/story/tech/2021/02/27/streaming-tv-crowded-netflix-disney-paramount-hulu-talking-tech/6836607002/, Streaming TV has become really crowded: Talking Tech, 0
https://www.usatoday.com/https://www.usatoday.com/videos/entertainment/2021/02/27/japans-highest-grossing-film-ever-premieres-u-s/6850047002/, Japan's highest grossing film ever premieres in U.S., 0
https://www.usatoday.com/https://www.usatoday.com/videos/news/nation/2021/02/27/japans-highest-grossing-film-ever-premieres-u-s/6850046002/, Japan's highest grossing film ever premieres in U.S., 0
https://www.usatoday.com/https://www.usatoday.com/story/news/factcheck/2021/02/27/fact-check-ted-cruz-didnt-lose-marriott-points-after-cancun/6838787002/, Fact Check: Story claiming Ted Cruz lost Marriott points is satirical, 0
https://www.usatoday.com/https://www.usatoday.com/story/news/factcheck/2021/02/27/fact-check-users-cannot-block-facebook-community-standards-settings/6815773002/, Fact check: Users cannot block Facebook community standards in settings, 0
https://www.usatoday.com/https://www.usatoday.com/story/news/factcheck/2021/02/27/fact-check-coca-cola-head-lice-remedy-myth/6833930002/, Fact check: Coca-Cola as a head lice remedy is a myth, 0
https://www.usatoday.com/https://www.usatoday.com/videos/news/politics/2021/02/27/cpac-republicans-hypocritical-proxy-voting/6850210002/, CPAC: Dems call Republicans hypocritical over proxy voting, 0
https://www.usatoday.com/https://www.usatoday.com/story/sports/sports-betting/2021/02/27/denver-nuggets-at-oklahoma-city-thunder-odds-picks-and-prediction/115511020/, Denver Nuggets at Oklahoma City Thunder odds| picks and prediction, 0
https://www.usatoday.com/https://www.usatoday.com/story/news/nation/2021/02/27/california-expects-1-1-million-doses-new-j-j-vaccine-3-weeks/6840706002/, California expects 1.1 million doses of new J&J vaccine in 3 weeks, 0
https://www.usatoday.com/https://www.usatoday.com/story/news/nation/2021/02/27/plane-crash-georgia-leaves-3-dead-family-displaced/6850204002/, Plane crash in Georgia leaves 3 dead| family displaced, 0
https://www.usatoday.com/https://www.usatoday.com/story/sports/sports-betting/2021/02/27/dallas-mavericks-at-brooklyn-nets-odds-picks-and-prediction/115511088/, Dallas Mavericks at Brooklyn Nets odds| picks and prediction, 0
https://www.usatoday.com/https://www.usatoday.com/story/sports/soccer/2021/02/27/man-city-wins-20th-straight-game-to-lead-epl-by-13-points/115511706/, Man City wins 20th straight game to lead EPL by 13 points, 0
https://www.usatoday.com/https://www.usatoday.com/videos/news/nation/2021/02/27/coffin-fundraising-hero-arrives-crematorium/6850338002/, Coffin of fundraising hero arrives at crematorium, 0
https://www.usatoday.com/https://www.usatoday.com/videos/news/weather/2021/02/27/snow-moon-sets-alaska-mountain-landscape/6850365002/, Snow Moon sets behind stunning Alaska mountain landscape, 0
https://www.usatoday.com/https://www.usatoday.com/videos/news/nation/2021/02/27/house-passes-1-9-t-relief-bill-sends-senate/6850685002/, House passes $1.9T relief bill| sends it to Senate, 0
https://www.usatoday.com/https://www.usatoday.com/story/sports/sports-betting/2021/02/27/canelo-alvarez-vs-avni-yildirim-fight-odds-picks-and-prediction/115511284/, Canelo Alvarez vs. Avni Yildirim fight odds| picks and prediction, 0
https://www.usatoday.com/https://www.usatoday.com/story/life/health-wellness/2021/02/27/how-regain-motivation-fight-zoom-fatigue/6837592002/, How to regain motivation| fight Zoom fatigue, 0
https://www.usatoday.com/https://www.usatoday.com/story/sports/sports-betting/2021/02/27/utah-jazz-at-orlando-magic-odds-picks-and-prediction/115511298/, Utah Jazz at Orlando Magic odds| picks and prediction, 0
https://www.usatoday.com/https://www.usatoday.com/story/sports/cycling/2021/02/27/tour-de-france-champion-pogacar-wins-uae-tour/43444905/, Tour de France champion Pogacar wins UAE Tour, 0
https://www.usatoday.com/https://www.usatoday.com/story/nletter/health/2021/02/27/coronavirus-watch-fda-authorizes-johnson-johnson-vaccine/6850891002/, Coronavirus Watch: Johnson & Johnson vaccine expected to be authorized within days, 0
https://www.usatoday.com/https://www.usatoday.com/story/money/cars/2021/02/27/ford-station-wagons-edsel-ford/6850880002/, Ford family to auction 1958 Edsel Bermuda Wagon| 1947 Woody Wagon, 0
https://www.usatoday.com/https://www.usatoday.com/story/sports/mlb/2021/02/27/miguel-cabrera-detroit-tigers-500-hr-3000-hits/6850943002/, Detroit Tigers' Miguel Cabrera feels like the 2014 version of himself, 0
https://www.usatoday.com/https://www.usatoday.com/story/money/2021/02/27/warren-buffett-annual-letter-berkshire-hathaway/6850965002/, Warren Buffett letter: 'Never bet on America|' Berkshire CEO says, 0
https://www.usatoday.com/https://www.usatoday.com/videos/news/nation/2021/02/27/devotees-take-sacred-dip-during-indias-magh-mela/6851032002/, Devotees take sacred dip during India's Magh Mela, 0
https://www.usatoday.com/https://www.usatoday.com/story/sports/ncaab/sunbelt/2021/02/27/texas-state-terrence-johnson-sun-belt-title-covid/6850448002/, Texas State celebrates with coach in epic COVID fashion, 0
https://www.usatoday.com/https://www.usatoday.com/videos/news/politics/2021/02/27/stimulus-bill-passed-house-covid-relief-where-does-go-next/6850983002/, The stimulus bill has passed in the House| where does it go next?, 0
https://www.usatoday.com/https://www.usatoday.com/story/entertainment/books/2021/02/27/willie-nelsons-new-book-letters-america-out-june/6850696002/, Willie Nelson's new book| 'Letters to America|' out in June, 0
https://www.usatoday.com/https://www.usatoday.com/story/sports/sports-betting/2021/02/27/minnesota-timberwolves-at-washington-wizards-odds-picks-and-prediction/115511420/, Minnesota Timberwolves at Washington Wizards odds| picks and prediction, 0
https://www.usatoday.com/https://www.usatoday.com/story/sports/soccer/2021/02/27/ref-farce-and-2-missed-penalties-as-west-brom-beats-brighton/115511432/, Ref farce and 2 missed penalties as West Brom beats Brighton, 0
https://www.usatoday.com/https://www.usatoday.com/story/sports/soccer/2021/02/27/bayern-underlines-title-credentials-with-5-1-rout-of-cologne/115511462/, Bayern underlines title credentials routing Cologne 5-1, 0
https://www.usatoday.com/https://www.usatoday.com/videos/news/nation/2021/02/27/biden-hails-house-passage-1-9-t-virus-bill/6851256002/, Biden hails House passage of $1.9T virus bill, 0
https://www.usatoday.com/https://www.usatoday.com/story/sports/soccer/2021/02/27/messi-scores-assists-in-barcelona-2-0-win-at-sevilla/43444945/, Messi scores| assists in Barcelona 2-0 win at Sevilla, 0
https://www.usatoday.com/https://www.usatoday.com/story/tech/reviewedcom/2021/02/27/samsung-galaxy-buds-get-these-mid-range-earbuds-jaw-dropping-price/6850702002/, Samsung Galaxy Buds+: Get these mid-range earbuds for a jaw-dropping price, 0
https://www.usatoday.com/https://www.usatoday.com/story/entertainment/celebrities/2021/02/27/abigail-breslin-shares-father-michael-died-covid-19-complications/6851243002/, Abigail Breslin shares father Michael died from COVID-19 complications, 0
https://www.usatoday.com/https://www.usatoday.com/story/news/world/2021/02/27/ex-dea-supervisor-sold-guns-to-sinaloa-cartel-associates/6851344002/, A then-DEA supervisor sold semi-automatic rifles to cartel associates, 0
https://www.usatoday.com/https://www.usatoday.com/story/sports/nhl/2021/02/27/sabres-g-ullmark-to-miss-a-month-eichel-out-against-flyers/43445021/, Sabres G Ullmark to miss a month; Eichel out against Flyers, 0
https://www.usatoday.com/https://www.usatoday.com/story/sports/soccer/2021/02/27/mbappe-scores-2-as-psg-moves-into-2nd-place-in-french-league/43445025/, Mbappe scores 2 as PSG moves into 2nd place in French league, 0
https://www.usatoday.com/https://www.usatoday.com/videos/news/nation/2021/02/27/tunisian-ennahda-party-demands-unity-during-protest/6851726002/, Tunisian Ennahda party demands unity during protest, 0
https://www.usatoday.com/https://www.usatoday.com/videos/news/nation/2021/02/27/two-skiers-defy-death-yosemite-descent/6851728002/, Two skiers defy death in Yosemite descent, 0
https://www.usatoday.com/https://www.usatoday.com/story/news/politics/2021/02/27/jessica-watkins-renounces-oath-keepers/6851621002/, Jessica Watkins: Oath Keeper charged in Capitol riot renounces group, 0
https://www.usatoday.com/https://www.usatoday.com/story/sports/tennis/2021/02/27/top-seeds-bautista-agut-and-goffin-reach-open-sud-final/115511700/, Top seeds Bautista Agut and Goffin reach Open Sud final, 0
https://www.usatoday.com/https://www.usatoday.com/story/sports/tennis/2021/02/27/former-wimbledon-champ-conchita-martnez-has-coronavirus/43445131/, Former Wimbledon champ Conchita Martínez has coronavirus, 0
https://www.usatoday.com/https://www.usatoday.com/videos/news/nation/2021/02/27/vp-harris-baton-now-our-hands/6851884002/, VP Harris: "Baton is now in our hands", 0
https://www.usatoday.com/https://www.usatoday.com/story/sports/nascar/2021/02/27/nascars-unique-winners-already-altering-playoff-landscape/115511722/, NASCAR's 'unique' winners already altering playoff landscape, 0
https://www.usatoday.com/https://www.usatoday.com/story/sports/ncaab/2021/02/27/no-9-iowa-loses-forward-nunge-to-season-ending-knee-injury/115511728/, No. 9 Iowa loses forward Nunge to season-ending knee injury, 0
https://www.usatoday.com/https://www.usatoday.com/story/sports/ncaaf/2021/02/27/former-notre-dame-star-louis-nix-missing/115510456/, Louis Nix| former Notre Dame football star| reported missing, 0
https://www.usatoday.com/https://www.usatoday.com/story/money/2021/02/27/warren-buffett-annual-letter-retirement/6851906002/, Warren Buffett in annual letter: Retirees 'face a bleak future', 0
https://www.usatoday.com/https://www.usatoday.com/story/sports/golf/2021/02/27/augusta-national-golf-course-trespassing/6852065002/, Augusta National trespasser says he snuck on because he 'was bored', 0
https://www.usatoday.com/https://www.usatoday.com/story/sports/sports-betting/2021/02/27/ucla-at-colorado-odds-picks-and-prediction/115511754/, UCLA at Colorado odds| picks and prediction, 0
https://www.usatoday.com/https://www.usatoday.com/story/sports/ncaaw/2021/02/27/no-7-baylor-women-rout-k-state-11th-straight-big-12-title/43445133/, No. 7 Baylor women rout K-State| 11th straight Big 12 title, 0
https://www.usatoday.com/https://www.usatoday.com/videos/news/nation/2021/02/27/ukraine-activists-rally-against-corruption/6852272002/, Ukraine activists rally against corruption, 0
https://www.usatoday.com/https://www.usatoday.com/story/sports/ncaab/2021/02/27/bile-pickett-carry-georgetown-past-depaul-68-60/115511776/, Bile| Pickett carry Georgetown past DePaul 68-60, 0
https://www.usatoday.com/https://www.usatoday.com/story/sports/sports-betting/2021/02/27/st-louis-blues-at-san-jose-sharks-odds-picks-and-prediction/115511770/, St. Louis Blues at San Jose Sharks odds| picks and prediction, 0
https://www.usatoday.com/https://www.usatoday.com/story/sports/sports-betting/2021/02/27/vegas-golden-knights-at-anaheim-ducks-odds-picks-and-prediction/115511778/, Vegas Golden Knights at Anaheim Ducks odds| picks and prediction, 0
https://www.usatoday.com/https://www.usatoday.com/story/sports/ncaab/2021/02/27/flanigan-scores-23-leads-auburn-past-no-25-tennessee-77-72/43445141/, Flanigan scores 23| leads Auburn past No. 25 Tennessee 77-72, 0
https://www.usatoday.com/https://www.usatoday.com/story/sports/ncaab/2021/02/27/no-18-texas-tech-stops-no-14-texas-68-59-ends-3-game-skid/43445153/, No. 18 Texas Tech stops No. 14 Texas 68-59| ends 3-game skid, 0
https://www.usatoday.com/https://www.usatoday.com/story/sports/ncaab/2021/02/27/georgia-tech-tops-syracuse-84-77-for-fourth-straight-victory/115511784/, Georgia Tech tops Syracuse 84-77 for fourth straight victory, 0
https://www.usatoday.com/https://www.usatoday.com/story/sports/ncaab/2021/02/27/no-3-michigan-continues-to-roll-with-73-57-win-at-indiana/43445175/, No. 3 Michigan continues to roll with 73-57 win at Indiana, 0
https://www.usatoday.com/https://www.usatoday.com/story/sports/ncaab/bigten/2021/02/27/purdue-basketball-larry-clisby-dies-74/6852449002/, Purdue basketball loses longtime radio voice Larry Clisby at 74, 0
https://www.usatoday.com/https://www.usatoday.com/story/sports/mlb/2021/02/27/pujols-says-hell-decide-future-after-season-with-angels/115511796/, Pujols says he'll decide future after season with Angels, 0
https://www.usatoday.com/https://www.usatoday.com/story/sports/soccer/2021/02/27/el-ghazis-early-goal-earns-villa-1-0-win-at-leeds-in-epl/43445203/, El Ghazi's early goal earns Villa 1-0 win at Leeds in EPL, 0
https://www.usatoday.com/https://www.usatoday.com/story/sports/ncaaw/2021/02/27/held-no-24-depaul-women-shoot-past-providence-75-49/43445199/, Held| No. 24 DePaul women shoot past Providence 75-49, 0
https://www.usatoday.com/https://www.usatoday.com/story/sports/mlb/yankees/2021/02/27/tiger-woods-accident-aaron-hicks-cheyenne-woods/6852729002/, Tiger Woods' accident hits home for Yankees' Aaron Hicks, 0
https://www.usatoday.com/https://www.usatoday.com/story/sports/ncaab/bigten/2021/02/27/michigan-indiana-basketball-big-ten/6852723002/, College basketball: Michigan close to first Big Ten title since 2014, 0
https://www.usatoday.com/https://www.usatoday.com/story/sports/nba/2021/02/27/nets-irving-to-rest-shoulder-in-saturday-game-vs-mavs/115511832/, Nets' Irving to rest shoulder in Saturday game vs Mavs, 0
https://www.usatoday.com/https://www.usatoday.com/story/news/nation/2021/02/27/us-park-police-names-pamela-smith-its-first-black-woman-chief/6851166002/, US Park Police names Pamela Smith as its first Black woman chief, 0
https://www.usatoday.com/https://www.usatoday.com/story/sports/ncaab/2021/02/27/south-carolina-beats-georgia-to-end-six-game-losing-streak/115511862/, South Carolina beats Georgia to end six-game losing streak, 0
https://www.usatoday.com/https://www.usatoday.com/videos/news/nation/2021/02/27/pompeo-defends-record-cpac-speech/6853185002/, Pompeo defends record in CPAC speech, 0
https://www.usatoday.com/https://www.usatoday.com/story/entertainment/music/2021/02/27/taylor-swift-cancels-lover-fest-world-tour-after-postponing/6852089002/, Taylor Swift cancels Lover Fest world tour after postponing, 0
https://www.usatoday.com/https://www.usatoday.com/story/sports/soccer/2021/02/27/a-20th-straight-win-for-man-city-var-anguish-for-brighton/115511876/, A 20th straight win for Man City| VAR anguish for Brighton, 0
https://www.usatoday.com/https://www.usatoday.com/story/sports/sports-betting/2021/02/27/baylor-at-kansas-odds-picks-and-prediction/115511868/, Baylor at Kansas odds| picks and prediction, 0
https://www.usatoday.com/https://www.usatoday.com/story/sports/nhl/2021/02/27/elliott-stops-23-shots-in-flyers-3-0-win-over-sabres/115511894/, Elliott stops 23 shots in Flyers' 3-0 win over Sabres, 0
https://www.usatoday.com/https://www.usatoday.com/story/sports/ncaaf/2021/02/27/james-madison-scores-20-unanswered-to-beat-robert-morris/43445213/, James Madison scores 20 unanswered to beat Robert Morris, 0
https://www.usatoday.com/https://www.usatoday.com/story/sports/ncaab/2021/02/27/carter-jr-leads-navy-past-loyola-md-73-67/43445219/, Carter Jr. leads Navy past Loyola (MD) 73-67, 0
https://www.usatoday.com/https://www.usatoday.com/story/sports/ncaab/2021/02/27/hightower-carries-w-carolina-past-mercer-85-61/115511914/, Hightower carries W. Carolina past Mercer 85-61, 0
https://www.usatoday.com/https://www.usatoday.com/story/sports/ncaaf/2021/02/27/arnold-passes-for-223-yards-chattanooga-tops-wofford-24-13/43445223/, Arnold passes for 223 yards| Chattanooga tops Wofford 24-13, 0
https://www.usatoday.com/https://www.usatoday.com/story/sports/ncaaf/2021/02/27/delaware-state-fends-off-howard-17-10-to-start-meac-season/115511912/, Delaware State fends off Howard 17-10 to start MEAC season, 0
https://www.usatoday.com/https://www.usatoday.com/story/sports/ncaab/2021/02/27/el-amin-lifts-ball-state-past-central-michigan-97-91/115511924/, El-Amin lifts Ball State past Central Michigan 97-91, 0
https://www.usatoday.com/https://www.usatoday.com/story/sports/nhl/2021/02/27/leafs-auston-matthews-to-miss-oilers-game-with-sore-wrist/115511920/, Leafs' Auston Matthews to miss Oilers game with sore wrist, 0
https://www.usatoday.com/https://www.usatoday.com/story/sports/nhl/2021/02/27/washington-capitals-take-3-0-lead-beat-nj-devils-5-2/43445233/, Washington Capitals take 3-0 lead| beat NJ Devils 5-2, 0
https://www.usatoday.com/https://www.usatoday.com/story/sports/ncaab/big12/2021/02/27/texas-tech-beats-texas-big-12-basketball-showdown/6853368002/, No. 17 Texas Tech takes down No. 16 Texas| earns Big 12 season sweep, 0
https://www.usatoday.com/https://www.usatoday.com/story/sports/ncaab/2021/02/27/beasley-scores-18-to-lead-montana-past-idaho-st-59-58/115511932/, Beasley scores 18 to lead Montana past Idaho St. 59-58, 0
https://www.usatoday.com/https://www.usatoday.com/story/sports/nba/2021/02/27/jeremy-lin-g-league-racism-coronavirus-nba/6852393002/, Jeremy Lin 'not naming or shaming anyone' after racist incident, 0
https://www.usatoday.com/https://www.usatoday.com/picture-gallery/sports/olympics/2021/02/27/us-gymnasts-leadup-tokyo-olympics-laurie-hernandez-returns/6853307002/, U.S. gymnasts in leadup to Tokyo Olympics; Laurie Hernandez returns, 0
https://www.usatoday.com/https://www.usatoday.com/story/sports/ncaab/2021/02/27/noel-scores-23-to-lift-umass-lowell-over-stony-brook-64-62/43445245/, Noel scores 23 to lift UMass Lowell over Stony Brook 64-62, 0
https://www.usatoday.com/https://www.usatoday.com/sitemap/2021/february/27/, 1, 0
https://www.usatoday.com/https://www.usatoday.com/sitemap/2021/february/27/?page=2, 2, 0
