https://www.usatoday.com/https://www.usatoday.com/story/sports/mlb/2021/02/03/indians-sign-reliever-bryan-shaw-to-minor-league-deal/115435036/, Indians sign reliever Bryan Shaw to minor league deal, 0
https://www.usatoday.com/https://www.usatoday.com/videos/sports/sportspulse/2021/02/04/virtual-radio-row-christian-mccaffrey-explains-how-his-injury-gave-him-perspective/4381850001/, Virtual Radio Row: Christian McCaffrey explains how his injury gave him perspective, 0
https://www.usatoday.com/https://www.usatoday.com/story/sports/soccer/2021/02/03/matchday-spurs-host-chelsea-betis-aims-for-copa-semis/43372305/, MATCHDAY: Spurs host Chelsea| Betis aims for Copa semis, 0
https://www.usatoday.com/https://www.usatoday.com/story/news/politics/2021/02/03/biden-house-migrant-children-texas-facility-closed-under-trump/4378699001/, Biden to house migrant children at Texas facility closed under Trump, 0
https://www.usatoday.com/https://www.usatoday.com/story/sports/nfl/columnist/mike-jones/2021/02/03/bucs-antonio-brown-looks-redemption-super-bowl-2021-stage/4381148001/, Bucs' Antonio Brown looks for redemption on Super Bowl 2021 stage, 0
https://www.usatoday.com/https://www.usatoday.com/videos/news/politics/2021/02/04/marjorie-taylor-greene-house-vote-removing-her-committees/4381588001/, Marjorie Taylor Greene: What her removal from committees means, 0
https://www.usatoday.com/https://www.usatoday.com/story/news/nation/2021/02/03/chimps-humans-scientists-fatal-bacterium-wisconsin-sierra-leone/4381285001/, Chimps first| then humans? Scientists worry about new fatal bacterium., 0
https://www.usatoday.com/https://www.usatoday.com/story/news/nation/2021/02/03/federal-vaccination-sites-open-oakland-east-la/4380185001/, Federal vaccination sites to open in Oakland| East LA, 0
https://www.usatoday.com/https://www.usatoday.com/story/sports/nfl/2021/02/03/watson-newton-smith-allen-washington-explores-qb-options/43372309/, Watson? Newton? Smith? Allen? Washington explores QB options, 0
https://www.usatoday.com/https://www.usatoday.com/story/sports/nba/2021/02/03/nba-zero-new-players-tested-positive-for-virus-in-past-week/43372315/, NBA: Zero new players tested positive for virus in past week, 0
https://www.usatoday.com/https://www.usatoday.com/story/opinion/todaysdebate/2021/02/03/joe-biden-deliver-usps-donald-trump-fire-board-editorials-debates/4358517001/, Joe Biden can deliver USPS from Donald Trump by firing his board, 0
https://www.usatoday.com/https://www.usatoday.com/story/opinion/todaysdebate/2021/02/03/usps-applying-lessons-election-holiday-season-editorials-debates/4382093001/, USPS: We're applying lessons from the election and the holiday season, 0
https://www.usatoday.com/https://www.usatoday.com/videos/sports/Ad-Meter/2021/02/04/after-2020-gave-us-lemon-bud-lights-super-bowl-ad-gave-us-lemonade-seltzer/4382343001/, Bud Light’s Super Bowl ad gives us Lemonade Seltzer from 2020's lemons, 0
https://www.usatoday.com/https://www.usatoday.com/videos/sports/sportspulse/2021/02/04/virtual-radio-row-chase-young-washington-team-name-like/4382229001/, Virtual Radio Row: Chase Young on Washington team name: I like it, 0
https://www.usatoday.com/https://www.usatoday.com/videos/sports/Ad-Meter/2021/02/04/chipotles-2021-super-bowl-ad-we-see-how-burrito-can-change-world/4382376001/, Chipotle's Super Bowl ad: How a burrito can change the world, 0
https://www.usatoday.com/https://www.usatoday.com/story/sports/ncaaf/2021/02/03/clemson-leads-the-way-again-in-acc-recruiting-battle/43372323/, Clemson leads the way| again| in ACC recruiting battle, 0
https://www.usatoday.com/https://www.usatoday.com/videos/sports/Ad-Meter/2021/02/04/maya-rudolph-shows-us-her-boots-made-walking-klarna-super-bowl-ad/4382388001/, Maya Rudolph's boots are made for walking in this Klarna Super Bowl ad, 0
https://www.usatoday.com/https://www.usatoday.com/story/tech/2021/02/03/parler-fires-ceo-john-matze-rebekah-mercer/4382223001/, Capitol riot: Parler CEO fired by Rebekah Mercer-controlled board, 0
https://www.usatoday.com/https://www.usatoday.com/videos/sports/Ad-Meter/2021/02/04/lil-nas-x-defy-logic-logitech-super-bowl-ad/4382399001/, Lil Nas X is defy logic in this Logitech Super Bowl ad, 0
https://www.usatoday.com/https://www.usatoday.com/story/sports/ncaab/2021/02/03/robbins-helping-gophers-keep-up-with-crowd-of-big-10-big-men/115435104/, Robbins helping Gophers keep up with crowd of Big 10 big men, 0
https://www.usatoday.com/https://www.usatoday.com/videos/sports/Ad-Meter/2021/02/04/mercari-shows-us-how-easy-buy-and-sell-online-its-new-super-bowl-ad/4382416001/, Mercari shows us how it's easy to buy and sell online in Super Bowl ad, 0
https://www.usatoday.com/https://www.usatoday.com/videos/news/nation/2021/02/04/slain-fbi-agents-worked-protect-children/4382427001/, Slain FBI agents worked to protect children, 0
https://www.usatoday.com/https://www.usatoday.com/videos/sports/Ad-Meter/2021/02/04/michelob-ultra-celebrating-run-towards-greatness-list-athletes-super-bowl-ad/4382435001/, Michelob ULTRA celebrates the run towards greatness in Super Bowl ad, 0
https://www.usatoday.com/https://www.usatoday.com/videos/sports/Ad-Meter/2021/02/04/robinhoods-super-bowl-ad-shows-us-anyone-can-investor/4382474001/, Robinhood’s Super Bowl ad shows us anyone can be an investor, 0
https://www.usatoday.com/https://www.usatoday.com/videos/sports/Ad-Meter/2021/02/04/skechers-super-bowl-ad-takes-comfort-max-tony-romo/4382489001/, This Skechers Super Bowl ad takes comfort to the max with Tony Romo, 0
https://www.usatoday.com/https://www.usatoday.com/videos/sports/sportspulse/2021/02/04/virtual-radio-row-heisman-winner-devonta-smith-has-more-prove/4382481001/, Virtual Radio Row: Heisman winner Devonta Smith has 'more to prove', 0
https://www.usatoday.com/https://www.usatoday.com/story/travel/airline-news/2021/02/03/american-airlines-warns-employees-furlough-april/4381985001/, American Airlines warns employees it could furlough thousands by April, 0
https://www.usatoday.com/https://www.usatoday.com/videos/sports/Ad-Meter/2021/02/04/tide-shows-us-your-jason-alexander-hoodie-can-good-new-tide/4382515001/, Tide teams up with Jason Alexander for Super Bowl LV ad, 0
https://www.usatoday.com/https://www.usatoday.com/story/entertainment/celebrities/2021/02/03/ted-cruz-and-cary-elwes-twitter-spat-over-princess-bride-again/4381215001/, Ted Cruz and Cary Elwes in Twitter spat over 'Princess Bride.' Again., 0
https://www.usatoday.com/https://www.usatoday.com/videos/sports/Ad-Meter/2021/02/04/turbo-tax-super-bowl-ad-takes-us-state-through-taxes/4382544001/, This Turbo Tax Super Bowl ad takes us state-by-state through taxes, 0
https://www.usatoday.com/https://www.usatoday.com/videos/news/nation/2021/02/04/three-dead-idaho-national-guard-helicopter-crash/4382558001/, Three dead in Idaho National Guard helicopter crash, 0
https://www.usatoday.com/https://www.usatoday.com/videos/sports/Ad-Meter/2021/02/04/uber-eats-teams-up-waynes-world-and-cardi-b-promote-eating-local-their-super-bowl-ad/4382559001/, Uber Eats delivers to Waynes World and Cardi B in their Super Bowl ad, 0
https://www.usatoday.com/https://www.usatoday.com/story/entertainment/celebrities/2021/02/03/surprise-jenny-slate-reveals-she-gave-birth-baby-girl/4381571001/, Surprise! Jenny Slate reveals she gave birth to a baby girl, 0
https://www.usatoday.com/https://www.usatoday.com/story/news/nation/2021/02/03/andre-hill-shooting-adam-coy-fired-ohio-officer-murder-columbus/4382232001/, Andre Hill shooting: Adam Coy| fired Ohio officer| charged with murder, 0
https://www.usatoday.com/https://www.usatoday.com/story/sports/ncaab/2021/02/03/gardner-east-carolina-upset-no-5-houston-82-73/43372331/, Gardner| East Carolina upset No. 5 Houston 82-73, 0
https://www.usatoday.com/https://www.usatoday.com/videos/entertainment/movies/2021/02/04/salma-hayek-owen-wilson-amazon-prime-sci-fi-bliss-movie-trailer/4382701001/, Salma Hayek| Owen Wilson go on a mind trip in Amazon Prime's sci-fi 'Bliss', 0
https://www.usatoday.com/https://www.usatoday.com/story/sports/ncaab/aac/2021/02/03/east-carolina-pirates-upset-houston-cougars/4382685001/, Houston Cougars men's basketball team upset by East Carolina Pirates, 0
https://www.usatoday.com/https://www.usatoday.com/story/sports/nhl/2021/02/03/killorn-lightning-beat-red-wings-5-1-for-3rd-straight-win/115435186/, Killorn| Lightning beat Red Wings 5-1 for 3rd straight win, 0
https://www.usatoday.com/https://www.usatoday.com/story/entertainment/celebrities/2021/02/03/cicely-tyson-dies-96-family-hold-public-viewing-new-york/4382009001/, Cicely Tyson memorial: Tyler Perry| Clintons pay respects at service, 0
https://www.usatoday.com/https://www.usatoday.com/story/sports/tennis/2021/02/03/no-play-but-plenty-of-tests-for-players-at-australian-open/115435204/, Testing times: Organizers say Aussie Open will start on time, 0
https://www.usatoday.com/https://www.usatoday.com/story/sports/ncaaw/2021/02/03/paige-bueckers-shoots-uconn-to-94-62-win-over-st-johns/115435214/, Paige Bueckers shoots UConn to 94-62 win over St. John's, 0
https://www.usatoday.com/https://www.usatoday.com/story/sports/ncaab/2021/02/03/south-carolina-pounds-no-22-florida-in-paint-wins-72-66/43372351/, South Carolina pounds No. 22 Florida in paint| wins 72-66, 0
https://www.usatoday.com/https://www.usatoday.com/story/sports/mls/2021/02/03/mls-players-support-nflpa-nbpa-mlbpa-cba-lockout/4383002001/, MLS players get support from NFLPA| NBPA| MLBPA as 2021 lockout looms, 0
https://www.usatoday.com/https://www.usatoday.com/videos/news/2021/02/04/2-000-year-old-buddhist-site-unearthed-pakistan/4382910001/, 2|000-year-old Buddhist site unearthed in Pakistan, 0
https://www.usatoday.com/https://www.usatoday.com/videos/news/nation/2021/02/04/mom-pepper-sprayed-child-speaks-against-police/4383275001/, Mom of pepper-sprayed child speaks against police, 0
https://www.usatoday.com/https://www.usatoday.com/videos/news/have-you-seen/2021/02/04/earths-most-minuscule-animals-antelopes-nano-chameleons/4383162001/, Earth's most minuscule animals from antelopes to nano-chameleons, 0
https://www.usatoday.com/https://www.usatoday.com/videos/news/nation/2021/02/04/raphael-saadiq-used-childhood-piano-craft-globes-nominated-song/4383324001/, Raphael Saadiq used childhood piano to craft Globes-nominated song, 0
https://www.usatoday.com/https://www.usatoday.com/videos/entertainment/2021/02/04/raphael-saadiq-used-childhood-piano-craft-globes-nominated-song/4383325001/, Raphael Saadiq used childhood piano to craft Globes-nominated song, 0
https://www.usatoday.com/https://www.usatoday.com/story/sports/ncaab/2021/02/03/johnson-ends-slump-pitt-tops-no-16-virginia-tech-83-72/115435608/, Johnson ends slump| Pitt tops No. 16 Virginia Tech 83-72, 0
https://www.usatoday.com/https://www.usatoday.com/story/sports/ncaab/2021/02/03/weeks-jr-carries-umass-over-fordham-60-54/43372413/, Weeks Jr. carries UMass over Fordham 60-54, 0
https://www.usatoday.com/https://www.usatoday.com/story/sports/ncaaw/2021/02/03/no-21-west-virginia-women-beat-iowa-state-win-9th-straight/115435630/, No. 21 West Virginia women beat Iowa State| win 9th straight, 0
https://www.usatoday.com/https://www.usatoday.com/story/sports/nba/2021/02/03/antetokounmpo-gets-triple-double-as-bucks-top-pacers-130-110/115435698/, Antetokounmpo gets triple-double as Bucks top Pacers 130-110, 0
https://www.usatoday.com/https://www.usatoday.com/story/sports/mlb/2021/02/03/orioles-to-sign-rhp-flix-hernndez-to-minor-league-deal/43372427/, Orioles to sign RHP Félix Hernández to minor league deal, 0
https://www.usatoday.com/https://www.usatoday.com/story/sports/ncaab/2021/02/03/no-18-missouri-holds-off-second-half-surge-to-beat-kentucky/43372431/, No. 18 Missouri holds off second-half surge to beat Kentucky, 0
https://www.usatoday.com/https://www.usatoday.com/story/sports/nba/2021/02/03/embiid-76ers-continue-dominance-of-hornets-win-118-111/115435712/, Embiid| 76ers continue dominance of Hornets| win 118-111, 0
https://www.usatoday.com/https://www.usatoday.com/story/news/health/2021/02/03/covid-vaccine-some-people-cutting-bribing-before-their-turn/4308915001/, COVID-19 vaccine: Some people cutting| bribing before their turn, 0
https://www.usatoday.com/https://www.usatoday.com/story/sports/ncaab/2021/02/03/lee-lifts-w-michigan-over-bowling-green-76-70/43372443/, Lee lifts W. Michigan over Bowling Green 76-70, 0
https://www.usatoday.com/https://www.usatoday.com/story/sports/ncaab/2021/02/03/shackelford-no-10-alabama-cruise-past-lsu-78-60/43372445/, Shackelford| No. 10 Alabama cruise past LSU 78-60, 0
https://www.usatoday.com/https://www.usatoday.com/story/entertainment/music/2021/02/03/prince-dove-divinity-dies-paisley-park/4383036001/, Prince's dove Divinity dies at 28: 'She will be missed', 0
https://www.usatoday.com/https://www.usatoday.com/story/sports/olympics/2021/02/03/head-of-tokyo-olympics-faces-storm-over-comments-about-women/115435742/, Head of Tokyo Games won't resign after statement about women, 0
https://www.usatoday.com/https://www.usatoday.com/story/sports/ncaab/2021/02/03/gardner-hot-shooting-east-carolina-stun-no-5-houston/43372457/, Surging St. John's tops ice-cold No. 3 Villanova| 70-59, 0
https://www.usatoday.com/https://www.usatoday.com/story/sports/mlb/2021/02/03/ap-source-phillies-righty-chase-anderson-agree-on-deal/115435766/, AP Source: Phillies| righty Chase Anderson agree on deal, 0
https://www.usatoday.com/https://www.usatoday.com/story/news/politics/2021/02/03/liz-cheney-retains-republican-house-job-despite-vote-impeach-trump/4383167001/, Liz Cheney retains GOP House post despite her vote to impeach Trump, 0
https://www.usatoday.com/https://www.usatoday.com/story/sports/ncaaw/2021/02/03/bueckers-leads-no-3-uconn-to-rout-of-st-johns/43372461/, Bueckers leads No. 3 UConn to rout of St. John's, 0
https://www.usatoday.com/https://www.usatoday.com/story/sports/ftw/2021/02/03/brett-favre-deshaun-watson-trade-request-comments/115435510/, Brett Favre hypocritical with Deshaun Watson trade request comments, 0
https://www.usatoday.com/https://www.usatoday.com/videos/news/nation/2021/02/04/journalist-morgan-wallen-crossed-line-racial-slur/4383960001/, Journalist: Morgan Wallen crossed the line with racial slur, 0
https://www.usatoday.com/https://www.usatoday.com/videos/entertainment/2021/02/04/journalist-morgan-wallen-crossed-line-racial-slur/4383963001/, Journalist: Morgan Wallen crossed the line with racial slur, 0
https://www.usatoday.com/https://www.usatoday.com/story/sports/nba/2021/02/03/doncic-mavericks-snap-6-game-skid-hold-off-hawks-122-116/115435796/, Doncic| Mavericks snap 6-game skid| hold off Hawks 122-116, 0
https://www.usatoday.com/https://www.usatoday.com/story/sports/nba/2021/02/03/george-scores-36-clippers-use-3-pointers-to-drill-cavaliers/115435834/, George scores 36| Clippers use 3-pointers to drill Cavaliers, 0
https://www.usatoday.com/https://www.usatoday.com/story/sports/nba/2021/02/03/beal-scores-32-wizards-top-reeling-heat-103-100/115435846/, Beal scores 32| Wizards top reeling Heat 103-100, 0
https://www.usatoday.com/https://www.usatoday.com/story/sports/ncaab/2021/02/03/hunter-leads-unc-greensboro-over-the-citadel-85-66/115436110/, Hunter leads UNC Greensboro over The Citadel 85-66, 0
https://www.usatoday.com/https://www.usatoday.com/story/sports/nba/2021/02/03/williams-scores-19-thunder-win-rematch-with-rockets-104-87/43372487/, Williams scores 19; Thunder win rematch with Rockets 104-87, 0
https://www.usatoday.com/https://www.usatoday.com/story/sports/nba/2021/02/03/randle-scores-27-as-knicks-hold-off-bulls-107-103/115435856/, Randle scores 27 as Knicks hold off Bulls 107-103, 0
https://www.usatoday.com/https://www.usatoday.com/story/sports/ncaab/2021/02/03/etienne-scores-22-to-lead-wichita-state-past-tulane-75-67/43372499/, Etienne scores 22 to lead Wichita State past Tulane 75-67, 0
https://www.usatoday.com/https://www.usatoday.com/videos/news/nation/2021/02/04/ohio-officer-charged-andre-hills-murder/4384310001/, Ohio officer charged with Andre Hill's murder, 0
https://www.usatoday.com/https://www.usatoday.com/story/sports/ncaab/2021/02/03/johnson-lifts-stephen-f-austin-past-texas-am-cc-84-75/43372503/, Johnson lifts Stephen F. Austin past Texas A&M-CC 84-75, 0
https://www.usatoday.com/https://www.usatoday.com/story/news/nation/2021/02/03/kyle-rittenhouse-wisconsin-prosecutors-arrest-address-issue-kenosha/4383977001/, Kyle Rittenhouse: Wisconsin prosecutors seek arrest over address issue, 0
https://www.usatoday.com/https://www.usatoday.com/story/sports/ncaab/2021/02/03/vmi-beats-wofford-84-80-in-ot/115435886/, VMI beats Wofford 84-80 in OT, 0
https://www.usatoday.com/https://www.usatoday.com/videos/news/nation/2021/02/04/today-history-february-4th/4384416001/, Today in History for February 4th, 0
https://www.usatoday.com/https://www.usatoday.com/story/sports/ncaaf/sec/2021/02/03/jim-weatherly-dies-midnight-train-to-georgia-ole-miss-football/4384367001/, Jim Weatherly| famed singer-songwriter and Ole Miss QB| dies at 77, 0
https://www.usatoday.com/https://www.usatoday.com/story/sports/ncaab/2021/02/03/mamukelashvili-leads-seton-hall-past-providence-60-43/115435896/, Mamukelashvili leads Seton Hall past Providence 60-43, 0
https://www.usatoday.com/https://www.usatoday.com/story/sports/ncaab/2021/02/03/monsanto-carries-east-tennessee-state-past-mercer-70-64/43372505/, Monsanto carries East Tennessee State past Mercer 70-64, 0
https://www.usatoday.com/https://www.usatoday.com/story/sports/ncaab/2021/02/03/smith-scores-22-to-lead-chattanooga-past-w-carolina-74-67/43372507/, Smith scores 22 to lead Chattanooga past W. Carolina 74-67, 0
https://www.usatoday.com/https://www.usatoday.com/story/sports/nhl/2021/02/03/pastrnaks-hat-trick-bergerons-ot-goal-rally-bruins/43372509/, Pastrnak's hat trick| Bergeron's OT goal rally Bruins, 0
https://www.usatoday.com/https://www.usatoday.com/story/sports/nba/2021/02/03/spurs-rally-in-final-minutes-to-upend-timberwolves-111-108/115435902/, Spurs rally in final minutes to upend Timberwolves| 111-108, 0
https://www.usatoday.com/https://www.usatoday.com/story/sports/nhl/2021/02/03/pastrnak-bergeron-rally-bruins-again-4-3-past-flyers/43372519/, Pastrnak| Bergeron rally Bruins again| 4-3 past Flyers, 0
https://www.usatoday.com/https://www.usatoday.com/story/sports/ncaab/2021/02/03/hauser-murphy-lead-no-14-virginia-past-nc-state-64-57/43372525/, Hauser| Murphy lead No. 14 Virginia past NC State| 64-57, 0
https://www.usatoday.com/https://www.usatoday.com/story/entertainment/celebrities/2021/02/03/masked-singer-host-nick-cannon-tests-positive-covid-19-niecy-nash/4383782001/, 'Masked Singer' host Nick Cannon tests positive for COVID-19, 0
https://www.usatoday.com/https://www.usatoday.com/story/sports/ncaab/bigeast/2021/02/03/st-johns-upsets-third-ranked-villanova/4384471001/, Villanova men's basketball team upset by St. John's, 0
https://www.usatoday.com/https://www.usatoday.com/story/sports/nfl/2021/02/03/chiefs-under-pressure-to-ditch-the-tomahawk-chop-celebration/43372553/, Chiefs under pressure to ditch the tomahawk chop celebration, 0
https://www.usatoday.com/https://www.usatoday.com/story/sports/ncaab/2021/02/03/hoyas-ride-hot-shooting-to-86-79-upset-of-no-15-creighton/115435976/, Hoyas ride hot shooting to 86-79 upset of No. 15 Creighton, 0
https://www.usatoday.com/https://www.usatoday.com/story/sports/ncaab/2021/02/03/nembhard-ledee-help-tcu-slip-past-oklahoma-state-81-78/43372563/, Nembhard| LeDee help TCU slip past Oklahoma State 81-78, 0
https://www.usatoday.com/https://www.usatoday.com/story/sports/ncaab/2021/02/04/smu-narrowly-tops-tulsa-65-63/115436024/, SMU narrowly tops Tulsa 65-63, 0
https://www.usatoday.com/https://www.usatoday.com/in-depth/money/2021/02/04/homes-sale-we-housing-bubble-prices-outstrip-wages/6671282002/, Homes for sale: Are we in a housing bubble as prices outstrip wages?, 0
https://www.usatoday.com/https://www.usatoday.com/story/sports/nba/2021/02/04/williamsons-28-points-lead-pelicans-past-suns-123-101/115436048/, Williamson's 28 points lead Pelicans past Suns| 123-101, 0
https://www.usatoday.com/https://www.usatoday.com/story/sports/nba/clippers/2021/02/03/paul-george-brushes-off-jared-dudley-criticism-god-bless-him/4384823001/, Clippers' Paul George brushes off criticism from Lakers' Jared Dudley, 0
https://www.usatoday.com/https://www.usatoday.com/story/sports/nba/2021/02/04/fox-nets-26-kings-hold-off-short-handed-celtics-116-111/43372591/, Fox nets 26| Kings hold off short-handed Celtics 116-111, 0
https://www.usatoday.com/https://www.usatoday.com/videos/news/nation/2021/02/04/colleges-cities-test-sewage-presence-virus/4385155001/, Colleges| cities test sewage for presence of virus, 0
https://www.usatoday.com/https://www.usatoday.com/story/sports/olympics/2021/02/04/human-rights-covid-at-issue-1-year-before-beijing-olympics/43372605/, Human rights| COVID at issue 1 year before Beijing Olympics, 0
https://www.usatoday.com/https://www.usatoday.com/videos/news/nation/2021/02/04/sitting-billions-catholic-dioceses-tapped-aid/4385183001/, Sitting on billions| Catholic dioceses tapped aid, 0
https://www.usatoday.com/https://www.usatoday.com/story/sports/ncaab/2021/02/04/st-johns-shuts-down-no-3-villanova-in-70-59-upset/43372655/, St. John's shuts down No. 3 Villanova in 70-59 upset, 0
https://www.usatoday.com/https://www.usatoday.com/videos/news/nation/2021/02/04/mccarthy-greene-apologized-denounced-qanon/4385225001/, McCarthy: Greene apologized| denounced QAnon, 0
https://www.usatoday.com/https://www.usatoday.com/story/sports/ncaab/2021/02/04/no-12-illinis-offense-facing-test-against-no-19-wisconsin/115436104/, No. 12 Illini's offense facing test against No. 19 Wisconsin, 0
https://www.usatoday.com/https://www.usatoday.com/story/sports/ncaaw/2021/02/04/no-14-south-florida-on-pause-due-to-coronavirus-issues/115436106/, No. 14 South Florida on pause due to coronavirus issues, 0
https://www.usatoday.com/https://www.usatoday.com/story/sports/nfl/2021/02/04/fournette-bell-go-from-lots-of-losing-to-super-bowl/43372649/, Fournette| Bell go from lots of losing to Super Bowl, 0
https://www.usatoday.com/https://www.usatoday.com/story/opinion/2021/02/04/biden-path-cooperation-not-false-unity-donna-brazile-column/4371471001/, Biden should take Rev. King's path and aim for cooperation| not combat, 0
https://www.usatoday.com/https://www.usatoday.com/story/news/health/2021/02/04/covid-news-anthony-fauci-super-bowl-450-k-deaths-coronavirus/4379276001/, COVID news: FDA limits convalescent plasma use; 455K US deaths, 0
https://www.usatoday.com/https://www.usatoday.com/story/news/2021/02/04/marjorie-taylor-greene-national-prayer-breakfast-5-things-know-thursday/4373577001/, Marjorie Taylor Greene| National Prayer Breakfast: 5 things to know Thursday, 0
https://www.usatoday.com/https://www.usatoday.com/story/opinion/2021/02/04/need-u-s-improve-data-covid-pandemic-column/4265785001/, The need for the U.S. to improve data on the COVID pandemic, 0
https://www.usatoday.com/https://www.usatoday.com/story/tech/columnist/komando/2021/02/04/how-remove-apps-using-up-valuable-space-your-phone/4346398001/, How to remove apps that are using up valuable space on your phone., 0
https://www.usatoday.com/https://www.usatoday.com/videos/news/nation/2021/02/04/super-bowl-2021-s-ad-strategy/4385360001/, Super Bowl 2021's ad strategy, 0
https://www.usatoday.com/https://www.usatoday.com/videos/entertainment/2021/02/04/mila-kunis-super-bowl-ad-we-had-blast/4385361001/, Mila Kunis' Super Bowl ad: 'We had a blast', 0
https://www.usatoday.com/https://www.usatoday.com/story/news/education/2021/02/04/covid-online-school-broadband-internet-laptops/3930744001/, COVID school: Year later| students still lack internet| computers, 0
https://www.usatoday.com/https://www.usatoday.com/videos/entertainment/2021/02/04/super-bowl-2021-s-ad-strategy/4385362001/, Super Bowl 2021's ad strategy, 0
https://www.usatoday.com/https://www.usatoday.com/videos/news/nation/2021/02/04/mila-kunis-super-bowl-ad-we-had-blast/4385359001/, Mila Kunis' Super Bowl ad: 'We had a blast', 0
https://www.usatoday.com/https://www.usatoday.com/story/sports/sports-betting/2021/02/04/super-bowl-prop-bets-bank-on-these-mecole-hardman-prop-bet-predictions/115436122/, Super Bowl prop bets: Bank on these Mecole Hardman prop bet predictions, 0
https://www.usatoday.com/https://www.usatoday.com/videos/entertainment/2021/02/04/joey-fatone-shawn-stockmans-super-bowl-game-picks/4385365001/, Joey Fatone| Shawn Stockman's Super Bowl game picks, 0
https://www.usatoday.com/https://www.usatoday.com/videos/news/nation/2021/02/04/joey-fatone-shawn-stockmans-super-bowl-game-picks/4385364001/, Joey Fatone| Shawn Stockman's Super Bowl game picks, 0
https://www.usatoday.com/https://www.usatoday.com/story/sports/sports-betting/2021/02/04/super-bowl-prop-bets-bank-on-these-antonio-brown-prop-bet-predictions/115436134/, Super Bowl prop bets: Bank on these Antonio Brown prop bet predictions, 0
https://www.usatoday.com/https://www.usatoday.com/videos/news/nation/2021/02/04/biopic-pick-the-grand-tour/4385385001/, Biopic Pick: 'The Grand Tour', 0
https://www.usatoday.com/https://www.usatoday.com/videos/entertainment/2021/02/04/biopic-pick-the-grand-tour/4385386001/, Biopic Pick: 'The Grand Tour', 0
https://www.usatoday.com/https://www.usatoday.com/story/sports/sports-betting/2021/02/04/vancouver-canucks-at-toronto-maple-leafs-odds-picks-and-prediction/115436140/, Vancouver Canucks at Toronto Maple Leafs odds| picks and prediction, 0
https://www.usatoday.com/https://www.usatoday.com/story/news/health/2021/02/04/vaccine-court-rule-change-shoulder-injuries-coronavirus/4307946001/, Vaccine court rule change would eliminate pay for shoulder injuries, 0
https://www.usatoday.com/https://www.usatoday.com/story/news/politics/2021/02/04/donald-trump-backers-didnt-oust-liz-cheney-but-republican-civil-war-goes/4362276001/, Donald Trump backers didn't oust Liz Cheney but GOP civil war goes on, 0
https://www.usatoday.com/https://www.usatoday.com/story/money/investing/2021/02/04/7000-invested-in-this-etf-could-send-your-kids-to-college/43369423/, Vanguard Growth Index Fund ETF: How $7K could pay for college, 0
https://www.usatoday.com/https://www.usatoday.com/story/opinion/2021/02/04/5-steps-joe-bide-can-take-erase-structural-racism-american-law-column/4369978001/, 5 steps Joe Bide can take to erase structural racism from American law, 0
https://www.usatoday.com/https://www.usatoday.com/videos/news/nation/2021/02/04/ap-top-stories-february-4/4385404001/, AP Top Stories February 4, 0
https://www.usatoday.com/https://www.usatoday.com/story/sports/sports-betting/2021/02/04/golden-state-warriors-at-dallas-mavericks-odds-picks-and-prediction/115436172/, Golden State Warriors at Dallas Mavericks odds| picks and prediction, 0
https://www.usatoday.com/https://www.usatoday.com/story/sports/sports-betting/2021/02/04/minnesota-at-rutgers-odds-picks-and-prediction/115436176/, Minnesota at Rutgers odds| picks and prediction, 0
https://www.usatoday.com/https://www.usatoday.com/videos/entertainment/2021/02/04/day-4-february-1991/4385435001/, On This Day: 4 February 1991, 0
https://www.usatoday.com/https://www.usatoday.com/videos/news/nation/2021/02/04/day-4-february-1991/4385434001/, On This Day: 4 February 1991, 0
https://www.usatoday.com/https://www.usatoday.com/story/sports/nfl/columnist/bell/2021/02/04/super-bowl-2021-cbs-broadcast-progressive-tone/4379239001/, CBS has a responsibility to set progressive tone with Super Bowl 2021, 0
https://www.usatoday.com/https://www.usatoday.com/story/sports/soccer/2021/02/04/khedira-a-reluctant-savior-for-his-new-bundesliga-club/115436196/, Khedira a reluctant savior for his new Bundesliga club, 0
https://www.usatoday.com/https://www.usatoday.com/story/sports/soccer/2021/02/04/atltico-sticking-to-match-by-match-approach-to-stay-ahead/43372811/, Atlético sticking to match-by-match approach to stay ahead, 0
https://www.usatoday.com/https://www.usatoday.com/story/sports/columnist/mike-freeman/2021/02/04/martellus-bennett-shares-dark-important-thoughts-nfl-life/4370498001/, Ex-NFL star Martellus Bennett has dark but important thoughts on NFL, 0
https://www.usatoday.com/https://www.usatoday.com/videos/news/nation/2021/02/04/republican-congressman-defends-impeachment-vote/4385510001/, Republican Congressman defends impeachment vote, 0
https://www.usatoday.com/https://www.usatoday.com/videos/entertainment/entertainthis/2021/02/04/dave-grohl-new-foo-fighters-album-prodigy-nandi-bushell-interview/4382915001/, Dave Grohl on new Foo Fighters album| prodigy Nandi Bushell, 0
https://www.usatoday.com/https://www.usatoday.com/story/entertainment/music/2021/02/04/foo-fighters-new-album-medicine-at-midnight-dave-grohl-interview-taylor-hawkins-interview/4360635001/, Foo Fighters new album: Dave Grohl goes pop on 'Medicine at Midnight', 0
https://www.usatoday.com/https://www.usatoday.com/story/opinion/2021/02/04/covid-19-vaccinations-underlying-conditions-cystic-fibrosis-column/4376586001/, COVID vaccine: Those with underlying health conditions are left behind, 0
https://www.usatoday.com/https://www.usatoday.com/story/money/personalfinance/retirement/2021/02/04/no-401-k-match-alternatives-savings/43369385/, What you can do if your employer doesn't match 401(k) contributions, 0
https://www.usatoday.com/https://www.usatoday.com/story/travel/columnist/cox/2021/02/04/ask-the-captain-who-can-ride-in-cockpit-jumpseat/4375072001/, Ask the Captain: Who's allowed to ride in the cockpit jumpseat?, 0
https://www.usatoday.com/https://www.usatoday.com/story/nletter/2021/02/04/marjorie-taylor-greene-national-prayer-breakfast-daily-briefing/4385396001/, Marjorie Taylor Greene| National Prayer Breakfast: Daily Briefing, 0
https://www.usatoday.com/https://www.usatoday.com/story/sports/golf/2021/02/04/horsey-shoots-1st-round-61-upstages-strong-field-in-saudi/115436300/, Horsey shoots 1st-round 61| upstages strong field in Saudi, 0
https://www.usatoday.com/https://www.usatoday.com/videos/news/nation/2021/02/04/social-media-sea-shanties-lead-record-deals/4385586001/, Social media sea shanties lead to record deals, 0
https://www.usatoday.com/https://www.usatoday.com/videos/entertainment/2021/02/04/social-media-sea-shanties-lead-record-deals/4385588001/, Social media sea shanties lead to record deals, 0
https://www.usatoday.com/https://www.usatoday.com/story/entertainment/celebrities/2021/02/04/rihannas-tweet-farmer-protests-angers-indian-government/4385505001/, Rihanna's tweet about farmer protests angers Indian government, 0
https://www.usatoday.com/https://www.usatoday.com/story/sports/sports-betting/2021/02/04/nashville-predators-at-florida-panthers-odds-picks-and-prediction/115436314/, Nashville Predators at Florida Panthers odds| picks and prediction, 0
https://www.usatoday.com/https://www.usatoday.com/picture-gallery/sports/nfl/super-bowl/2021/02/04/super-bowl-records-single-game-standards-nfl-championship-game/4304121001/, Super Bowl records: Single-game standards for NFL championship game, 0
https://www.usatoday.com/https://www.usatoday.com/story/sports/nfl/super-bowl/2021/02/04/super-bowl-records-tom-brady-buccaneers-chiefs/4303988001/, Super Bowl records: List of NFL record holders, 0
https://www.usatoday.com/https://www.usatoday.com/story/sports/sports-betting/2021/02/04/washington-capitals-at-new-york-rangers-odds-picks-and-prediction/115436378/, Washington Capitals at New York Rangers odds| picks and prediction, 0
https://www.usatoday.com/https://www.usatoday.com/videos/news/nation/2021/02/04/showbiz-minute-globes-wallen-swift/4385626001/, ShowBiz Minute: Globes| Wallen| Swift, 0
https://www.usatoday.com/https://www.usatoday.com/videos/entertainment/2021/02/04/showbiz-minute-globes-wallen-swift/4385627001/, ShowBiz Minute: Globes| Wallen| Swift, 0
https://www.usatoday.com/https://www.usatoday.com/story/tech/2021/02/04/amazon-five-challenges-awaiting-new-ceo-andy-jassy/4385560001/, Amazon CEO Andy Jassy has these challenges as Jeff Bezos steps down, 0
https://www.usatoday.com/https://www.usatoday.com/story/sports/soccer/2021/02/04/serbian-fan-group-members-arrested-for-monstrous-crimes/115436394/, Serbian fan group members arrested for 'monstrous crimes', 0
https://www.usatoday.com/https://www.usatoday.com/videos/sports/nfl/sportspulse/2021/02/04/ceedee-lamb-happy-see-dak-prescott-smiling-again-amidst-recovery/4383512001/, CeeDee Lamb happy to see Dak Prescott ‘smiling again’ amidst recovery, 0
https://www.usatoday.com/https://www.usatoday.com/story/sports/nfl/cowboys/2021/02/04/dak-prescott-cowboys-contract-negotiations-ceedee-lamb-wants-him-back/4383939001/, Dak Prescott is not under Cowboys contract. CeeDee Lamb wants him back, 0
https://www.usatoday.com/https://www.usatoday.com/story/sports/ftw/2021/02/04/super-bowl-win-brady-most-impressive-feat/4385651001/, Super Bowl win wouldn't be Brady's most impressive feat, 0
https://www.usatoday.com/https://www.usatoday.com/story/entertainment/tv/2021/02/04/michael-strahan-tells-gma-you-dont-want-covid-after-diagnosis/4385410001/, Michael Strahan tells 'GMA' 'you don't want COVID' after diagnosis, 0
https://www.usatoday.com/https://www.usatoday.com/story/news/nation/2021/02/04/missouri-rep-tricia-derges-indicted-fake-stem-cell-covid-19-cure/4385630001/, Missouri Rep. Tricia Derges accused of selling fake COVID-19 treatment, 0
https://www.usatoday.com/https://www.usatoday.com/story/sports/nfl/columnist/bell/2021/02/04/super-bowl-55-features-historic-presence-diverse-coaching-staffs/4384795001/, Super Bowl 55 features historic presence of diverse coaching staffs, 0
https://www.usatoday.com/https://www.usatoday.com/story/money/2021/02/04/daily-money-02-04-21/4385665001/, Daily Money 02-04-21, 0
https://www.usatoday.com/https://www.usatoday.com/in-depth/news/investigations/2021/02/04/texas-death-row-inmate-could-get-new-trial/4255647001/, Texas prosecutor’s work for judge could get death row inmate new trial, 0
https://www.usatoday.com/https://www.usatoday.com/story/opinion/2021/02/04/disney-blocking-dumbo-peter-pan-classic-movies-young-viewers-column/4279417001/, Disney blocking certain old| classic movies for young viewers, 0
https://www.usatoday.com/https://www.usatoday.com/story/entertainment/music/2021/02/04/dustin-diamond-channels-back-future-one-his-final-roles/4385736001/, Dustin Diamond channels 'Back to the Future' in one of his final roles, 0
https://www.usatoday.com/https://www.usatoday.com/story/life/health-wellness/2021/02/04/covid-vaccine-side-effects-how-treat-pain-swelling-symptoms/4335822001/, COVID-19 vaccine side effects: How to treat pain| swelling symptoms, 0
https://www.usatoday.com/https://www.usatoday.com/story/travel/news/2021/02/04/international-travel-had-major-impact-first-wave-covid-deaths/4385725001/, International travel had 'major impact' on early COVID deaths: Study, 0
https://www.usatoday.com/https://www.usatoday.com/story/money/cars/2021/02/04/2021-ford-f-150-raptor-redesigned/4385774001/, Ford reveals 2021 F-150 Raptor: What's new on latest model, 0
https://www.usatoday.com/https://www.usatoday.com/story/entertainment/celebrities/2021/02/04/dita-von-teese-addresses-marilyn-manson-abuse-allegations-against-ex/4385628001/, Dita Von Teese addresses Marilyn Manson| abuse allegations against ex, 0
https://www.usatoday.com/https://www.usatoday.com/videos/sports/sportskind/2021/02/04/nfl-surprises-nurses-super-bowl-tickets/4385945001/, NFL surprises nurses with Super Bowl tickets, 0
https://www.usatoday.com/https://www.usatoday.com/videos/sports/sportskind/2021/02/04/nfl-surprises-nurses-super-bowl-tickets/4385991001/, NFL surprises nurses with Super Bowl tickets, 0
https://www.usatoday.com/https://www.usatoday.com/videos/news/nation/2021/02/04/bakery-celebrates-covid-vaccine-rollout-doughnut-vaccine-kits/4385686001/, Bakery celebrates COVID vaccine rollout with doughnut “vaccine” kits, 0
https://www.usatoday.com/https://www.usatoday.com/story/entertainment/movies/2021/02/04/netflix-malcolm-marie-bliss-what-stream-weekend/4367326001/, Netflix's 'Malcolm & Marie|' 'Bliss': What to stream this weekend, 0
https://www.usatoday.com/https://www.usatoday.com/story/money/2021/02/04/us-unemployment-claims-drop-779-000-job-cuts-continue/4385983001/, US unemployment claims drop to 779|000 as job cuts continue, 0
https://www.usatoday.com/https://www.usatoday.com/story/money/2021/02/04/merck-ceo-kenneth-frazier-donald-trump-robert-davis/4385894001/, Merck CEO Kenneth Frazier steps down: Robert Davis named CEO, 0
https://www.usatoday.com/https://www.usatoday.com/story/entertainment/books/2021/02/04/joe-biden-son-hunter-release-new-memoir-beautiful-things/4386032001/, Joe Biden's son Hunter will release new memoir 'Beautiful Things', 0
https://www.usatoday.com/https://www.usatoday.com/videos/news/world/2021/02/04/mt-etna-explodes-dramatic-lava-fountain-third-eruption-year/4385976001/, Mt. Etna explodes with dramatic lava fountain in third eruption this year, 0
https://www.usatoday.com/https://www.usatoday.com/story/money/2021/02/04/jobs-hiring-pandemic-economy-spending/4386337001/, Need a job during pandemic? They could come back quicker than thought, 0
https://www.usatoday.com/https://www.usatoday.com/story/nletter/american-south/2021/02/04/how-black-voices-south-made-american-music-great/4372433001/, How Black voices from the South made American Music great, 0
https://www.usatoday.com/https://www.usatoday.com/story/sports/soccer/2021/02/04/fifa-clears-wingers-switch-to-ireland-from-northern-ireland/115436902/, FIFA clears winger's switch to Ireland from Northern Ireland, 0
https://www.usatoday.com/https://www.usatoday.com/story/money/cars/2021/02/04/ford-n-95-clear-face-masks-hearing-impaired/4385811001/, Clear N95 face masks from Ford could help hearing impaired| teachers, 0
https://www.usatoday.com/https://www.usatoday.com/story/sports/nfl/2021/02/04/air-force-bombers-from-dakotas-will-do-super-bowl-flyover/115436904/, Air Force bombers from Dakotas will do Super Bowl flyover, 0
https://www.usatoday.com/https://www.usatoday.com/story/money/cars/2021/02/04/gda-car-recalls-20210204/115436934/, Car recalls for January 28-Feb. 4, 0
https://www.usatoday.com/https://www.usatoday.com/videos/news/2021/02/04/death-row-inmate-seeks-retrial-after-invoices-show-unethical-actions/4254559001/, Death row inmate seeks retrial after invoices show 'unethical' actions, 0
https://www.usatoday.com/https://www.usatoday.com/videos/entertainment/movies/2021/02/04/malcolm-marie-john-david-washington-intimate-scenes-zendaya/4385576001/, Malcolm & Marie: John David Washington on intimate scenes with Zendaya, 0
https://www.usatoday.com/https://www.usatoday.com/story/opinion/2021/02/04/joe-biden-opportunity-win-over-trump-pocketbook-voters-column/4307595001/, Biden could win over Trump voters who chose economic self-interest, 0
https://www.usatoday.com/https://www.usatoday.com/story/entertainment/movies/2021/02/04/netflix-malcolm-marie-john-david-washington-talks-screen-kissing-zendaya/4376911001/, 'Malcolm & Marie': John David Washington talks screen-kissing Zendaya, 0
https://www.usatoday.com/https://www.reviewed.com/beauty/features/7-skincare-products-ordinary-over-1000-reviews?utm_source=usat&utm_medium=referral&utm_campaign=collab, 7 top-rated skincare products from The Ordinary, 0
https://www.usatoday.com/https://www.usatoday.com/story/travel/news/2021/02/04/puerto-rico-beach-closures-lead-struggling-beachfront-businesses/4213724001/, Puerto Rico beach closures lead to struggling beachfront businesses, 0
https://www.usatoday.com/https://www.usatoday.com/videos/travel/cruises/2021/02/04/us-cruise-lines-start-announcing-vaccination-requirements-travelers/4386721001/, US cruise lines start announcing vaccination requirements for travelers, 0
https://www.usatoday.com/https://www.usatoday.com/videos/sports/nfl/sportspulse/2021/02/04/ed-reed-discusses-martellus-bennetts-tweets-address-dark-side-football/4386757001/, Ed Reed discusses Martellus Bennett's tweets that address dark side of football, 0
https://www.usatoday.com/https://www.usatoday.com/videos/sports/Ad-Meter/2021/02/04/ad-meter-2021-our-picks-most-inspirational-super-bowl-ads/4386832001/, Ad Meter 2021: Our picks for the most inspirational Super Bowl ads, 0
https://www.usatoday.com/https://www.usatoday.com/videos/news/nation/2021/02/04/spacex-confirms-60-starlink-satellites-deployed/4386973001/, SpaceX confirms 60 Starlink satellites deployed, 0
https://www.usatoday.com/https://www.usatoday.com/videos/news/have-you-seen/2021/02/04/woman-delivers-baby-during-medically-induced-coma-covid-19/4386865001/, Woman delivers baby during medically induced coma from COVID-19, 0
https://www.usatoday.com/https://www.usatoday.com/story/tech/2021/02/04/amazon-plans-install-cameras-delivery-vans-monitor-drivers/4385859001/, Amazon plans to install cameras to delivery vans to monitor drivers, 0
https://www.usatoday.com/https://www.usatoday.com/story/entertainment/music/2021/02/04/pope-seeks-encourage-musicians-silenced-coronavirus/4386882001/, Pope seeks to encourage musicians silenced by coronavirus, 0
https://www.usatoday.com/https://www.usatoday.com/story/sports/nfl/2021/02/04/kittle-dismisses-chatter-about-niners-trading-garoppolo/115437374/, Kittle dismisses 'chatter' about Niners trading Garoppolo, 0
https://www.usatoday.com/https://www.usatoday.com/videos/entertainment/celebrities/2021/02/04/ted-cruz-cary-elwes-twitter-spat-over-princess-bride/4386989001/, Ted Cruz| Cary Elwes in Twitter spat over 'Princess Bride', 0
https://www.usatoday.com/https://www.usatoday.com/story/tech/reviewedcom/2021/02/04/black-history-month-celebrate-black-artists-these-new-popsockets/4351789001/, Black History Month: Celebrate Black artists with these new PopSockets, 0
https://www.usatoday.com/https://www.usatoday.com/web-stories/a-look-inside-the-capitol-police-budget/, A look inside the Capitol Police budget, 0
https://www.usatoday.com/https://www.usatoday.com/videos/entertainment/tv/2021/02/04/puppy-bowl-xvii-kristen-bell-fosters-puppy-day-la-home/4340462001/, 'Puppy Bowl XVII': Kristen Bell fosters a puppy for a day at LA home, 0
https://www.usatoday.com/https://www.usatoday.com/sitemap/2021/february/4/, 1, 0
https://www.usatoday.com/https://www.usatoday.com/sitemap/2021/february/4/?page=2, 2, 0
