https://www.usatoday.com/https://www.usatoday.com/story/sports/soccer/2021/02/05/matchday-man-united-hosts-everton-real-madrid-at-huesca/115443686/, MATCHDAY: Man United hosts Everton; Real Madrid at Huesca, 0
https://www.usatoday.com/https://www.usatoday.com/videos/sports/Ad-Meter/2021/02/06/anheuser-busch-super-bowl-ad-they-show-us-silver-linings-life/4413879001/, In the Anheuser-Busch Super Bowl ad they show us the silver linings in life, 0
https://www.usatoday.com/https://www.usatoday.com/story/sports/mlb/2021/02/05/jonathan-schoop-tigers-agree-to-1-year-contract/115443240/, Jonathan Schoop| Tigers agree to $4.5M| 1-year contract, 0
https://www.usatoday.com/https://www.usatoday.com/story/sports/nfl/2021/02/05/chiefs-coach-britt-reid-in-car-crash-injuring-2-young-kids/43375909/, Chiefs coach Britt Reid in car crash injuring 2 young kids, 0
https://www.usatoday.com/https://www.usatoday.com/videos/sports/Ad-Meter/2021/02/06/bass-pro-shops-and-cabelas-super-bowl-ad-shows-us-great-outdoors/4413917001/, Bass Pro Shops and Cabela’s Super Bowl ad shows us the great outdoors, 0
https://www.usatoday.com/https://www.usatoday.com/story/news/politics/2021/02/05/biden-trump-should-no-longer-get-intelligence-briefings/4413572001/, Biden: Trump should no longer get intelligence briefings, 0
https://www.usatoday.com/https://www.usatoday.com/videos/sports/Ad-Meter/2021/02/06/dexoms-super-bowl-ad-steph-into-future-nick-jonas/4413958001/, In Dexom’s Super Bowl ad steph into the future with Nick Jonas, 0
https://www.usatoday.com/https://www.usatoday.com/videos/news/nation/2021/02/06/today-history-february-6th/4413962001/, Today in History for February 6th, 0
https://www.usatoday.com/https://www.usatoday.com/videos/sports/Ad-Meter/2021/02/06/michelob-ultra-organic-seltzers-super-bowl-ad-has-star-studded-cast-twist/4413986001/, Michelob ULTRA Organic Seltzer’s Super Bowl ad has a star studded cast with a twist, 0
https://www.usatoday.com/https://www.usatoday.com/videos/sports/Ad-Meter/2021/02/06/super-bowl-ad-we-hear-weathertech-employees/4414018001/, In this Super Bowl ad we hear from the WeatherTech employees, 0
https://www.usatoday.com/https://www.usatoday.com/videos/sports/Ad-Meter/2021/02/06/weathertech-made-america-super-bowl-ad/4414049001/, WeatherTech is made in America is this Super Bowl ad, 0
https://www.usatoday.com/https://www.usatoday.com/story/sports/nfl/2021/02/05/super-party-on-for-fans-in-tampa-even-if-its-more-low-key/43375913/, Super party on for fans in Tampa| even if it's more low-key, 0
https://www.usatoday.com/https://www.usatoday.com/videos/news/nation/2021/02/06/salma-hayek-defies-ageism-im-54-and-im-working-more-than-ever/4414059001/, Salma Hayek defies ageism: 'I'm 54 and I'm working more than ever', 0
https://www.usatoday.com/https://www.usatoday.com/story/tech/reviewedcom/2021/02/05/8-personalized-valentines-gifts-you-can-get-minted/4413883001/, 8 personalized Valentine's gifts you can get from Minted, 0
https://www.usatoday.com/https://www.usatoday.com/videos/entertainment/2021/02/06/salma-hayek-defies-ageism-im-54-and-im-working-more-than-ever/4414060001/, Salma Hayek defies ageism: 'I'm 54 and I'm working more than ever', 0
https://www.usatoday.com/https://www.usatoday.com/story/sports/ncaab/2021/02/05/withers-carries-umass-lowell-over-new-hampshire-74-69/115443292/, Withers carries UMass Lowell over New Hampshire 74-69, 0
https://www.usatoday.com/https://www.usatoday.com/story/sports/ncaab/2021/02/05/olivari-scores-29-to-carry-rice-over-southern-miss-88-62/43375929/, Olivari scores 29 to carry Rice over Southern Miss 88-62, 0
https://www.usatoday.com/https://www.usatoday.com/story/entertainment/celebrities/2021/02/05/hilaria-baldwin-apologizes-after-controversy-spanish-heritage/4412728001/, Hilaria Baldwin apologizes| says heritage 'could have been better explained', 0
https://www.usatoday.com/https://www.usatoday.com/story/sports/ncaab/2021/02/05/watkins-lifts-merrimack-past-st-francis-pa-59-54/43375931/, Watkins lifts Merrimack past St Francis (Pa) 59-54, 0
https://www.usatoday.com/https://www.usatoday.com/story/entertainment/movies/2021/02/05/jennifer-lawrence-injured-filming-dont-look-up-netflix/4413869001/, Jennifer Lawrence injured filming Netflix movie 'Don't Look Up', 0
https://www.usatoday.com/https://www.usatoday.com/story/sports/tennis/2021/02/05/osaka-azarenka-withdraw-from-australian-open-tuneups/115443304/, Injuries everywhere; Russia| Italy to meet in ATP Cup final, 0
https://www.usatoday.com/https://www.usatoday.com/story/sports/nfl/colts/2021/02/05/colts-jim-irsay-addresses-andrew-luck-rumors/4414251001/, Colts owner Jim Irsay rules out Andrew Luck return from retirement, 0
https://www.usatoday.com/https://www.usatoday.com/story/entertainment/celebrities/2021/02/05/miranda-lambert-says-nobody-hurt-after-hit-and-run/4413588001/, Miranda Lambert says 'nobody was hurt' after hit-and-run, 0
https://www.usatoday.com/https://www.usatoday.com/story/news/factcheck/2021/02/05/fact-check-rep-marjorie-taylor-greene-misquoted-viral-meme/4407819001/, Fact check: Rep. Marjorie Taylor Greene misquoted in viral meme, 0
https://www.usatoday.com/https://www.usatoday.com/story/sports/horseracing/2021/02/05/julio-canani-trainer-of-breeders-cup-winning-horses-dies/115443320/, Julio Canani| trainer of Breeders' Cup-winning horses| dies, 0
https://www.usatoday.com/https://www.usatoday.com/story/sports/ncaaw/2021/02/05/no-23-south-dakota-state-women-win-11th-straight/115443334/, No. 23 South Dakota State women win 11th straight, 0
https://www.usatoday.com/https://www.usatoday.com/story/sports/golf/2021/02/05/53-year-old-steve-stricker-stroke-back-in-phoenix-open/43375935/, 53-year-old Steve Stricker stroke back in Phoenix Open, 0
https://www.usatoday.com/https://www.usatoday.com/videos/news/nation/2021/02/06/impeachment-manager-delegate-gets-her-say/4414571001/, As impeachment manager| delegate gets her say, 0
https://www.usatoday.com/https://www.usatoday.com/story/entertainment/celebrities/2021/02/05/armie-hammer-dropped-talent-agency-william-morris-endeavor-after-abuse-allegations/4414181001/, Armie Hammer dropped by talent agency after abuse allegations, 0
https://www.usatoday.com/https://www.usatoday.com/videos/news/nation/2021/02/06/procession-honors-slain-new-mexico-state-officer/4414684001/, Procession honors slain New Mexico state officer, 0
https://www.usatoday.com/https://www.usatoday.com/story/sports/ncaab/2021/02/05/morales-leads-wagner-past-st-francis-ny-84-81-in-ot/43375937/, Morales leads Wagner past St Francis (NY) 84-81 in OT, 0
https://www.usatoday.com/https://www.usatoday.com/story/sports/ncaab/2021/02/05/sule-scores-10-to-carry-texas-state-over-ualr-57-47/115443356/, Sule scores 10 to carry Texas State over UALR 57-47, 0
https://www.usatoday.com/https://www.usatoday.com/story/sports/ncaab/2021/02/05/burk-leads-iupui-over-green-bay-80-71/115443362/, Burk leads IUPUI over Green Bay 80-71, 0
https://www.usatoday.com/https://www.usatoday.com/story/sports/ncaab/2021/02/05/fairleigh-dickinson-beats-long-island-77-62/115443364/, Fairleigh Dickinson beats Long Island 77-62, 0
https://www.usatoday.com/https://www.usatoday.com/story/sports/nba/2021/02/05/clippers-paul-george-out-with-sore-right-foot-vs-celtics/115443370/, Clippers' Paul George out with sore right foot vs Celtics, 0
https://www.usatoday.com/https://www.usatoday.com/story/tech/reviewedcom/2021/02/05/workout-bench-save-more-than-50-adjustable-exercise-bench/4408039001/, Workout bench: Save more than 50% on this adjustable exercise bench, 0
https://www.usatoday.com/https://www.usatoday.com/story/sports/mlb/2021/02/05/braves-bring-back-ozuna-on-65-million-4-year-deal/43375943/, Braves bring back Ozuna on $65 million| 4-year deal, 0
https://www.usatoday.com/https://www.usatoday.com/story/sports/ncaaw/2021/02/05/bueckers-30-points-leads-no-3-uconn-to-87-58-win-marquette/115443390/, Bueckers 30 points leads UConn to 87-58 win over Marquette, 0
https://www.usatoday.com/https://www.usatoday.com/story/sports/ncaaw/2021/02/05/washington-state-tops-no-5-ucla-67-63/43375945/, Washington State tops No. 5 UCLA 67-63, 0
https://www.usatoday.com/https://www.usatoday.com/story/entertainment/celebrities/2021/02/05/fox-business-network-cancels-lou-dobbs-show-post-election-shakeup/4413453001/, Fox Business Network cancels Lou Dobbs' show in post-election shakeup, 0
https://www.usatoday.com/https://www.usatoday.com/story/sports/mlb/braves/2021/02/05/braves-marcell-ozuna-re-signs-four-years/4415103001/, Braves' Marcell Ozuna re-signs for four years, 0
https://www.usatoday.com/https://www.usatoday.com/story/sports/ncaab/2021/02/05/warrick-scores-21-to-lead-n-kentucky-past-milwaukee-87-73/43375983/, Warrick scores 21 to lead N. Kentucky past Milwaukee 87-73, 0
https://www.usatoday.com/https://www.usatoday.com/story/tech/2021/02/05/parler-censorship-fired-ceo-john-matze/4414041001/, Censorship? Fired CEO John Matze says Parler trying to muzzle him, 0
https://www.usatoday.com/https://www.usatoday.com/story/sports/nba/2021/02/05/durant-cant-start-cant-finish-game-for-virus-protocols/43375985/, Durant can't start| can't finish game for virus protocols, 0
https://www.usatoday.com/https://www.usatoday.com/story/sports/nba/nets/2021/02/05/kevin-durant-ruled-out-mid-game-health-safety-protocols/4415130001/, Nets' Kevin Durant ruled out due to NBA health and safety protocols, 0
https://www.usatoday.com/https://www.usatoday.com/story/sports/ncaab/2021/02/05/penn-state-holds-off-maryland-55-50/43375989/, Penn State holds off Maryland 55-50, 0
https://www.usatoday.com/https://www.usatoday.com/story/sports/nhl/2021/02/05/kuraly-marchand-lead-bruins-past-flyers/115443464/, Kuraly| Marchand lead Bruins past Flyers, 0
https://www.usatoday.com/https://www.usatoday.com/story/sports/nba/2021/02/05/vucevic-nets-career-best-43-points-magic-beat-bulls-123-119/43376005/, Vucevic nets career-best 43 points| Magic beat Bulls 123-119, 0
https://www.usatoday.com/https://www.usatoday.com/story/news/politics/2021/02/05/alexandria-ocasio-cortez-capitol-riot-story-what-she-said/4411180001/, How #AOCLied compares to Alexandria Ocasio-Cortez's Capitol riot story, 0
https://www.usatoday.com/https://www.usatoday.com/story/sports/nhl/2021/02/05/verhaeghe-has-2-point-game-florida-tops-nashville-2-1/115443498/, Verhaeghe has 2-point game| Florida tops Nashville 2-1, 0
https://www.usatoday.com/https://www.usatoday.com/story/sports/nba/2021/02/05/ingram-scores-30-as-pelicans-top-pacers-114-113/115443520/, Ingram scores 30 as Pelicans top Pacers 114-113, 0
https://www.usatoday.com/https://www.usatoday.com/story/sports/ncaab/2021/02/05/crutcher-carries-dayton-over-george-mason-74-65/43376025/, Crutcher carries Dayton over George Mason 74-65, 0
https://www.usatoday.com/https://www.usatoday.com/story/sports/nba/2021/02/05/giannis-scores-33-to-lead-bucks-past-cavaliers-to-start-trip/115443546/, Giannis scores 33 to lead Bucks past Cavaliers to start trip, 0
https://www.usatoday.com/https://www.usatoday.com/story/sports/mls/2021/02/05/mls-and-players-reach-agreement-on-new-cba/43376139/, MLS and players reach agreement on new CBA, 0
https://www.usatoday.com/https://www.usatoday.com/story/sports/tennis/2021/02/05/defending-champ-kenin-leg-will-be-ok-for-australian-open/115443542/, Defending champ Kenin: leg will be OK for Australian Open, 0
https://www.usatoday.com/https://www.usatoday.com/story/sports/ncaab/2021/02/05/warren-leads-florida-gulf-coast-past-north-alabama-86-60/115443548/, Warren leads Florida Gulf Coast past North Alabama 86-60, 0
https://www.usatoday.com/https://www.usatoday.com/story/sports/ncaab/2021/02/05/griffin-scores-23-to-lead-texas-arlington-over-ulm-63-56/115443576/, Griffin scores 23 to lead Texas-Arlington over ULM 63-56, 0
https://www.usatoday.com/https://www.usatoday.com/story/sports/ncaab/2021/02/05/eaton-leads-arkansas-st-over-louisiana-lafayette-95-87/43376027/, Eaton leads Arkansas St. over Louisiana-Lafayette 95-87, 0
https://www.usatoday.com/https://www.usatoday.com/story/sports/nba/2021/02/05/with-durant-forced-to-leave-raptors-beat-nets-123-117/115443578/, With Durant forced to leave| Raptors beat Nets 123-117, 0
https://www.usatoday.com/https://www.usatoday.com/story/sports/nhl/2021/02/05/lightning-stay-unbeaten-at-home-with-3-1-win-over-red-wings/43376029/, Lightning stay unbeaten at home with 3-1 win over Red Wings, 0
https://www.usatoday.com/https://www.usatoday.com/story/sports/nba/2021/02/05/russells-late-3-pointer-lifts-timberwolves-past-thunder/115443612/, Russell's late 3-pointer lifts Timberwolves past Thunder, 0
https://www.usatoday.com/https://www.usatoday.com/story/sports/nba/2021/02/05/beal-starts-0-for-13-heat-roll-past-wizards-122-95/43376041/, Beal starts 0 for 13| Heat roll past Wizards 122-95, 0
https://www.usatoday.com/https://www.usatoday.com/story/sports/ncaab/2021/02/05/gardner-webb-routs-presbyterian-91-64/43376051/, Gardner-Webb routs Presbyterian 91-64, 0
https://www.usatoday.com/https://www.usatoday.com/story/sports/nba/2021/02/05/bogdanovic-jazz-continue-roll-with-138-121-win-over-hornets/43376053/, Jazz hit 26 3s| continue roll with 138-121 win over Hornets, 0
https://www.usatoday.com/https://www.usatoday.com/story/sports/nhl/2021/02/05/bruins-score-2-in-27-second-span-of-third-edge-flyers-2-1/115443636/, Bruins score 2 in 27-second span of third| edge Flyers 2-1, 0
https://www.usatoday.com/https://www.usatoday.com/story/sports/ncaab/2021/02/05/love-scores-23-to-carry-wright-st-past-uic-72-47/115443644/, Love scores 23 to carry Wright St. past UIC 72-47, 0
https://www.usatoday.com/https://www.usatoday.com/story/news/investigations/2021/02/05/lsu-under-federal-investigation-campus-safety-amid-usa-today-probe/4416147001/, LSU under federal investigation for campus safety amid USA TODAY probe, 0
https://www.usatoday.com/https://www.usatoday.com/story/sports/ncaab/2021/02/05/flowers-carries-south-alabama-over-coastal-carolina-71-65/115443650/, Flowers carries South Alabama over Coastal Carolina 71-65, 0
https://www.usatoday.com/https://www.usatoday.com/story/sports/ncaab/2021/02/05/brown-ii-leads-csu-northridge-past-uc-davis-80-77/115443646/, Brown II leads CSU Northridge past UC Davis 80-77, 0
https://www.usatoday.com/https://www.usatoday.com/story/sports/ncaab/2021/02/05/troy-defeats-georgia-southern-68-56/43376071/, Troy defeats Georgia Southern 68-56, 0
https://www.usatoday.com/https://www.usatoday.com/story/sports/ncaab/2021/02/05/crawford-leads-louisiana-tech-past-north-texas-68-63/115443848/, Crawford leads Louisiana Tech past North Texas 68-63, 0
https://www.usatoday.com/https://www.usatoday.com/story/sports/ncaab/2021/02/05/jemison-carries-uab-past-utep-63-51/43376073/, Jemison carries UAB past UTEP 63-51, 0
https://www.usatoday.com/https://www.usatoday.com/story/sports/ncaab/2021/02/05/trimble-jr-carries-akron-over-kent-st-72-61/115443658/, Trimble Jr. carries Akron over Kent St. 72-61, 0
https://www.usatoday.com/https://www.usatoday.com/story/tech/reviewedcom/2021/02/05/amazon-deals-get-top-rated-roomba-vacuum-can-opener-and-more-less/4414843001/, Amazon deals: Get a top-rated Roomba vacuum| can opener and more for less, 0
https://www.usatoday.com/https://www.usatoday.com/story/sports/ncaab/2021/02/05/welp-lifts-uc-irvine-past-csu-bakersfield-70-53/115443660/, Welp lifts UC Irvine past CSU Bakersfield 70-53, 0
https://www.usatoday.com/https://www.usatoday.com/story/sports/ncaab/2021/02/05/patton-scores-21-to-carry-cleveland-st-past-oakland-80-72/115443662/, Patton scores 21 to carry Cleveland St. past Oakland 80-72, 0
https://www.usatoday.com/https://www.usatoday.com/story/sports/ncaaw/2021/02/05/no-6-stanford-finally-home-avenges-earlier-loss-to-buffs/115443680/, No. 6 Stanford finally home| avenges earlier loss to Buffs, 0
https://www.usatoday.com/https://www.usatoday.com/story/sports/ncaab/2021/02/05/johnston-scores-21-to-lift-stetson-over-lipscomb-73-68/43376079/, Johnston scores 21 to lift Stetson over Lipscomb 73-68, 0
https://www.usatoday.com/https://www.usatoday.com/story/sports/ncaab/2021/02/05/youngstown-st-beats-robert-morris-84-78-in-ot/43376081/, Youngstown St. beats Robert Morris 84-78 in OT, 0
https://www.usatoday.com/https://www.usatoday.com/story/sports/nfl/2021/02/05/brees-renegotiates-to-help-saints-with-cap-if-he-retires/115443688/, Brees renegotiates to help Saints with cap if he retires, 0
https://www.usatoday.com/https://www.usatoday.com/story/sports/nba/2021/02/05/booker-paul-carry-suns-past-pistons-109-92/115443700/, Booker| Paul carry Suns past Pistons 109-92, 0
https://www.usatoday.com/https://www.usatoday.com/story/sports/ncaab/2021/02/05/nottage-leads-california-baptist-past-new-mexico-st-85-75/115443718/, Nottage leads California Baptist past New Mexico St. 85-75, 0
https://www.usatoday.com/https://www.usatoday.com/story/news/politics/2021/02/06/supreme-court-blocks-calif-prohibiting-indoor-church-services/4324338001/, Supreme Court blocks Calif. from prohibiting indoor church services, 0
https://www.usatoday.com/https://www.usatoday.com/story/sports/sports-betting/2021/02/06/ufc-on-espn-48-alexandre-pantoja-vs-manel-kape-odds-picks-and-prediction/115443750/, UFC on ESPN+ 48: Alexandre Pantoja vs. Manel Kape odds| picks and prediction, 0
https://www.usatoday.com/https://www.usatoday.com/story/sports/ncaab/2021/02/06/sherfield-leads-nevada-past-boise-st-on-late-shot/115443758/, Sherfield leads Nevada past Boise St. on late shot, 0
https://www.usatoday.com/https://www.usatoday.com/story/sports/nba/2021/02/06/celtics-edge-george-less-clippers-119-115-behind-tatums-34/115443760/, Celtics edge George-less Clippers 119-115 behind Tatum's 34, 0
https://www.usatoday.com/https://www.usatoday.com/story/sports/ncaab/2021/02/06/north-dakota-st-beats-oral-roberts-61-54/115443772/, North Dakota St. beats Oral Roberts 61-54, 0
https://www.usatoday.com/https://www.usatoday.com/story/sports/nhl/2021/02/06/vegas-returns-from-virus-related-break-dominates-kings-5-2/43376089/, Vegas returns from virus-related break| dominates Kings 5-2, 0
https://www.usatoday.com/https://www.usatoday.com/story/sports/nhl/2021/02/06/labanc-donato-score-in-shootout-to-lift-sharks-over-ducks/43376107/, Labanc| Donato score in shootout to lift Sharks over Ducks, 0
https://www.usatoday.com/https://www.usatoday.com/story/sports/sports-betting/2021/02/06/ufc-on-espn-48-michael-johnson-vs-clay-guida-odds-picks-and-prediction/115443778/, UFC on ESPN+ 48: Michael Johnson vs. Clay Guida odds| picks and prediction, 0
https://www.usatoday.com/https://www.usatoday.com/story/sports/sports-betting/2021/02/06/ufc-on-espn-48-cory-sandhagen-vs-frankie-edgar-odds-picks-and-prediction/115443794/, UFC on ESPN+ 48: Cory Sandhagen vs. Frankie Edgar odds| picks and prediction, 0
https://www.usatoday.com/https://www.usatoday.com/story/sports/nhl/2021/02/06/golden-knights-kings-return-covid-19-break/4418214001/, Golden Knights dominate Kings in return from COVID-related break, 0
https://www.usatoday.com/https://www.usatoday.com/story/sports/sports-betting/2021/02/06/ufc-on-espn-48-alistair-overeem-vs-alexander-volkov-odds-picks-and-prediction/115443806/, UFC on ESPN+ 48: Alistair Overeem vs. Alexander Volkov odds| picks and prediction, 0
https://www.usatoday.com/https://www.usatoday.com/story/sports/ncaab/2021/02/06/webster-scores-20-to-lead-hawaii-past-cal-poly-84-68/115443824/, Webster scores 20 to lead Hawaii past Cal Poly 84-68, 0
https://www.usatoday.com/https://www.usatoday.com/story/news/world/2021/02/06/putin-martyring-navalny-what-slams-press-protest-mean-russia/4401519001/, Putin martyring Navalny? What slams on press| protest mean for Russia, 0
https://www.usatoday.com/https://www.usatoday.com/story/sports/nfl/2021/02/06/brady-vs-mahomes-offers-super-bowl-of-contrasting-styles/115443846/, Brady vs. Mahomes offers Super Bowl of contrasting styles, 0
https://www.usatoday.com/https://www.usatoday.com/story/sports/nfl/2021/02/06/best-of-the-best-impressed-brady-is-the-gold-standard/115443850/, Best of the best impressed: 'Brady is the gold standard', 0
https://www.usatoday.com/https://www.usatoday.com/story/opinion/2021/02/06/biden-needs-insists-lawmakers-actually-make-laws-column/4374872001/, Biden needs to insists that lawmakers actually make laws, 0
https://www.usatoday.com/https://www.usatoday.com/story/sports/golf/2021/02/06/dustin-johnson-within-1-shot-of-lead-at-saudi-international/43376141/, Johnson moves in sight of another win at Saudi International, 0
https://www.usatoday.com/https://www.usatoday.com/story/news/nation/2021/02/06/covid-news-uk-variant-found-hawaii-relief-bill-clears-step/4414825001/, COVID news: UK variant found in Hawaii; Relief bill clears key step, 0
https://www.usatoday.com/https://www.usatoday.com/story/opinion/2021/02/06/morgan-wallen-marjorie-taylor-greene-nashville-country-music-column/4401987001/, Morgan Wallen backlash spotlights shameful Republican failure on Greene, 0
https://www.usatoday.com/https://www.usatoday.com/story/news/politics/2021/02/06/do-states-and-cities-need-bidens-350-billion-covid-relief/4343420001/, Do states and cities 'need' Biden's $350 billion in COVID relief?, 0
https://www.usatoday.com/https://www.usatoday.com/story/news/2021/02/06/super-bowl-55-coronavirus-pandemic-president-donald-trump-russia/4389866001/, Super Bowl 55| coronavirus pandemic: 5 things to know this weekend, 0
https://www.usatoday.com/https://www.usatoday.com/videos/life/2021/02/06/kayla-gore-founder-my-sistahs-house/4411175001/, Kayla Gore| founder of My Sistah's House, 0
https://www.usatoday.com/https://www.usatoday.com/story/news/nation/2021/02/06/transgender-activists-south-battle-homelessness-crisis/4360996001/, Transgender activists in the South battle homelessness crisis, 0
https://www.usatoday.com/https://www.usatoday.com/story/news/nation/2021/02/06/nance-legins-costley-of-pekin-the-first-slave-lincoln-freed/4373306001/, Nance Legins-Costley of Illinois: First Black person freed by Lincoln, 0
https://www.usatoday.com/https://www.usatoday.com/picture-gallery/money/2021/02/06/what-a-super-bowl-commercial-cost-the-year-you-were-born/43373113/, Super Bowl commercials: How much advertisers paid in past broadcasts, 0
https://www.usatoday.com/https://www.usatoday.com/story/money/2021/02/06/super-bowl-commercials-cost-for-every-year-game-played/115437118/, Super Bowl commercials: How much a 30-second ad has cost each year, 0
https://www.usatoday.com/https://www.usatoday.com/story/news/politics/2021/02/06/kamala-harris-tie-breaking-votes-on-covid-foreshadows-senate-role/6678440002/, Kamala Harris' tie-breaking votes on COVID foreshadows Senate role, 0
https://www.usatoday.com/https://www.usatoday.com/story/opinion/2021/02/06/interrogation-american-pows-social-media-polarization-column/4403483001/, Social media's subtle tactic to change what Americans believe, 0
https://www.usatoday.com/https://www.usatoday.com/story/money/personalfinance/retirement/2021/02/06/4-sources-retirement-income/115432014/, Retirement income alternatives: Home equity| private REITs| more, 0
https://www.usatoday.com/https://www.usatoday.com/story/sports/ncaab/acc/2021/02/06/duke-north-carolina-super-bowl-college-basketball/4396666001/, College basketball: Duke-North Carolina lacks usual Super Bowl-like hype, 0
https://www.usatoday.com/https://www.usatoday.com/story/news/health/2021/02/06/us-covid-cases-falling-but-its-not-vaccine-yet-experts-say/4401778001/, US COVID cases are falling but it's not from vaccine| yet| experts say, 0
https://www.usatoday.com/https://www.usatoday.com/story/news/education/2021/02/06/biden-undid-trumps-diversity-training-ban-but-its-alive-colleges/4380342001/, Biden undid Trump's diversity training ban| but it's alive at colleges, 0
https://www.usatoday.com/https://www.usatoday.com/videos/entertainment/2021/02/06/stars-tease-new-shows-young-rock-and-kenan/4418649001/, Stars tease new shows 'Young Rock' and 'Kenan', 0
https://www.usatoday.com/https://www.usatoday.com/videos/news/nation/2021/02/06/stars-tease-new-shows-young-rock-and-kenan/4418648001/, Stars tease new shows 'Young Rock' and 'Kenan', 0
https://www.usatoday.com/https://www.usatoday.com/story/news/nation/2021/02/06/unaccompanied-minors-immigrant-biden-border-rise/4400666001/, US-Mexico border sees surge of unaccompanied minors amid COVID-19, 0
https://www.usatoday.com/https://www.usatoday.com/story/tech/columnist/2021/02/06/cheap-tech-gadgets-worth-good/4412939001/, Cheap tech gadgets: These 7 items are worth the dollar or two, 0
https://www.usatoday.com/https://www.usatoday.com/story/travel/news/2021/02/06/covid-vaccines-can-snowbirds-get-their-shots-arizona/4391753001/, COVID vaccines: Can snowbirds get their shots in Arizona?, 0
https://www.usatoday.com/https://www.usatoday.com/story/entertainment/books/2021/02/06/new-books-sexy-collection-kink-laird-hunt-zorrie/4399651001/, 5 books not to miss: Sexy collection ‘Kink|’ Laird Hunt’s ‘Zorrie’, 0
https://www.usatoday.com/https://www.usatoday.com/story/sports/nfl/super-bowl/2021/02/06/super-bowl-hall-famer-sees-brady-mahomes-duel-decided-turnover/4384679001/, Super Bowl: Hall of Famer sees Brady-Mahomes duel decided by turnover, 0
https://www.usatoday.com/https://www.usatoday.com/story/sports/nfl/super-bowl/2021/02/06/chiefs-buccaneers-breakdwon-matchups-tom-brady-patrick-mahomes/4363821001/, Super Bowl 2021: Chiefs-Buccaneers matchup breakdown, 0
https://www.usatoday.com/https://www.usatoday.com/story/sports/boxing/2021/02/06/shaquille-oneal-says-he-plans-invest-bare-knuckle-boxing/4417969001/, Shaquille O'Neal says he plans to invest in bare knuckle boxing, 0
https://www.usatoday.com/https://www.usatoday.com/story/nletter/2021/02/06/your-weekend-long-reads/4392926001/, Your weekend long reads, 0
https://www.usatoday.com/https://www.usatoday.com/story/sports/nfl/super-bowl/2021/02/06/buccaneers-tom-brady-what-they-are-saying-teammates-chiefs/4357105001/, Tom Brady: What you may not know about Bucs QB before Super Bowl 2021, 0
https://www.usatoday.com/https://www.usatoday.com/story/sports/soccer/2021/02/06/neymar-sick-misses-psg-training-ahead-of-marseille-game/115444074/, Neymar sick| misses PSG training ahead of Marseille game, 0
https://www.usatoday.com/https://www.usatoday.com/story/sports/columnist/mike-freeman/2021/02/06/wnba-shows-sports-how-run-diverse-league-and-a-grade-proves/4379892001/, WNBA shows sports how to run a diverse league and A+ grade proves it, 0
https://www.usatoday.com/https://www.usatoday.com/story/sports/sports-betting/2021/02/06/wisconsin-at-illinois-odds-picks-and-prediction/115444088/, Wisconsin at Illinois odds| picks and prediction, 0
https://www.usatoday.com/https://www.usatoday.com/story/sports/nfl/super-bowl/2021/02/06/kansas-city-assistant-coach-working-fifth-consecutive-super-bowl-patriots-bucs/4365377001/, Kansas City assistant coach working fifth consecutive Super Bowl, 0
https://www.usatoday.com/https://www.usatoday.com/story/sports/sports-betting/2021/02/06/creighton-at-marquette-odds-picks-and-prediction/115444132/, Creighton at Marquette odds| picks and prediction, 0
https://www.usatoday.com/https://www.usatoday.com/story/money/cars/2021/02/06/apple-car-rumors-self-driving-car-electric-vehicle/4393554001/, Apple car rumors: Will it be self-driving car| electric vehicle?, 0
https://www.usatoday.com/https://www.usatoday.com/story/sports/sports-betting/2021/02/06/denver-nuggets-at-sacramento-kings-odds-picks-and-prediction/115444242/, Denver Nuggets at Sacramento Kings odds| picks and prediction, 0
https://www.usatoday.com/https://www.usatoday.com/story/sports/columnist/nancy-armour/2021/02/06/travis-kelce-has-exceeded-chiefs-coach-andy-reids-expectations/4395116001/, Travis Kelce has exceeded Chiefs coach Andy Reid's expectations, 0
https://www.usatoday.com/https://www.usatoday.com/story/sports/nfl/super-bowl/2021/02/06/before-super-bowl-55-bucs-were-these-laughingstock-yucs-sam-wyche-nfl-tampa-bay-buccaneers/4365876001/, Super Bowl 2021: Tampa Bay Bucs were so bad they were once the Yucs, 0
https://www.usatoday.com/https://www.usatoday.com/story/sports/sports-betting/2021/02/06/chicago-bulls-at-orlando-magic-odds-picks-and-prediction/115444270/, Chicago Bulls at Orlando Magic odds| picks and prediction, 0
https://www.usatoday.com/https://www.usatoday.com/story/sports/nba/suns/2021/02/06/chris-paul-more-than-suns-point-guard-ultimate-nba-multitasker/4413370001/, Chris Paul: Suns star is NBA's ultimate multitasker, 0
https://www.usatoday.com/https://www.usatoday.com/story/news/politics/2021/02/06/politics-updates-joe-biden-sidney-powell-covid-relief/4418922001/, Wyoming GOP votes to censure Rep. Liz Cheney for vote to impeach Trump, 0
https://www.usatoday.com/https://www.usatoday.com/story/sports/sports-betting/2021/02/06/portland-trail-blazers-at-new-york-knicks-odds-picks-and-prediction/115444376/, Portland Trail Blazers at New York Knicks odds| picks and prediction, 0
https://www.usatoday.com/https://www.usatoday.com/story/sports/soccer/2021/02/06/dutch-soccer-games-sunday-postponed-due-to-snowstorm/43376285/, Dutch soccer games Sunday postponed due to snowstorm, 0
https://www.usatoday.com/https://www.usatoday.com/story/tech/2021/02/06/amazon-jeff-bezos-steps-down-andy-jassy-new-ceo/4406819001/, Talking Tech: The end of an era at Amazon as Jeff Bezos steps down, 0
https://www.usatoday.com/https://www.usatoday.com/story/sports/sports-betting/2021/02/06/milwaukee-bucks-at-cleveland-cavaliers-odds-picks-and-prediction/115444436/, Milwaukee Bucks at Cleveland Cavaliers odds| picks and prediction, 0
https://www.usatoday.com/https://www.usatoday.com/videos/news/nation/2021/02/06/defiant-farmers-blockade-highways-new-delhi/4419229001/, Defiant farmers blockade highways to New Delhi, 0
https://www.usatoday.com/https://www.usatoday.com/story/sports/sports-betting/2021/02/06/pittsburgh-penguins-at-new-york-islanders-odds-picks-and-prediction/115444472/, Pittsburgh Penguins at New York Islanders odds| picks and prediction, 0
https://www.usatoday.com/https://www.usatoday.com/videos/news/nation/2021/02/06/hundreds-protesters-return-streets-tunis/4419314001/, Hundreds of protesters return to streets of Tunis, 0
https://www.usatoday.com/https://www.usatoday.com/story/sports/sports-betting/2021/02/06/vancouver-canucks-at-toronto-maple-leafs-odds-picks-and-prediction/115444492/, Vancouver Canucks at Toronto Maple Leafs odds| picks and prediction, 0
https://www.usatoday.com/https://www.usatoday.com/story/sports/sports-betting/2021/02/06/nebraska-at-michigan-state-odds-picks-and-prediction/115444534/, Nebraska at Michigan State odds| picks and prediction, 0
https://www.usatoday.com/https://www.usatoday.com/story/sports/Ad-Meter/2021/02/06/super-bowl-2021-commercials-feature-wave-first-time-advertisers/4411139001/, Super Bowl 2021 commercials to feature wave of first-time advertisers, 0
https://www.usatoday.com/https://www.usatoday.com/story/sports/nfl/2021/02/06/charlie-krueger-longtime-star-tackle-for-49ers-dies-at-84/115444564/, Charlie Krueger| longtime star tackle for 49ers| dies at 84, 0
https://www.usatoday.com/https://www.usatoday.com/story/sports/nfl/super-bowl/2021/02/06/best-super-bowl-halftime-show-coldplay/4419509001/, Study finds Coldplay the best Super Bowl halftime show, 0
https://www.usatoday.com/https://www.usatoday.com/story/life/health-wellness/2021/02/06/never-thought-id-miss-small-talk-strangers/4409205001/, I never thought I'd miss small talk with strangers, 0
https://www.usatoday.com/https://www.usatoday.com/story/sports/nfl/2021/02/06/bucs-kicker-in-1st-super-bowl-vs-team-that-drafted-him/43376321/, Bucs kicker in 1st Super Bowl vs. team that drafted him, 0
https://www.usatoday.com/https://www.usatoday.com/story/news/nation/2021/02/06/troops-support-californias-covid-19-vaccination-sites/4412318001/, Troops to support California's COVID-19 vaccination sites, 0
https://www.usatoday.com/https://www.usatoday.com/videos/sports/nfl/sportspulse/2021/02/06/virtual-radio-row-vikings-justin-jefferson-believes-hes-top-5-wr/4419588001/, Virtual Radio Row: Vikings Justin Jefferson believes he's a top 5 WR, 0
https://www.usatoday.com/https://www.usatoday.com/story/sports/nfl/super-bowl/2021/02/06/tom-brady-relishes-buccaneers-run-super-bowl-2021-his-family-chiefs/4414570001/, Tom Brady relishes Buccaneers run to Super Bowl 2021 with his family, 0
https://www.usatoday.com/https://www.usatoday.com/story/sports/sports-betting/2021/02/06/alabama-at-missouri-odds-picks-and-prediction/115444678/, Alabama at Missouri odds| picks and prediction, 0
https://www.usatoday.com/https://www.usatoday.com/story/sports/nhl/2021/02/06/nhl-covid-19-updates-27-east-division-games-rescheduled/4419497001/, NHL COVID-19 updates: 27 East Division games rescheduled, 0
https://www.usatoday.com/https://www.usatoday.com/story/travel/news/2021/02/06/capitol-riot-suspect-mexico-trip-federal-judge-ruling/4419411001/, Capitol riot suspect from Texas granted permission to travel to Mexico, 0
https://www.usatoday.com/https://www.usatoday.com/videos/entertainment/celebrities/2021/02/06/fox-cancels-lou-dobbs-tonight/4419781001/, Fox Business cancels 'Lou Dobbs Tonight|' day after Smartmatic lawsuit, 0
https://www.usatoday.com/https://www.usatoday.com/story/news/nation/2021/02/06/cow-escapes-slaughter-roams-rhode-island-police-say/4419466001/, Steer escapes slaughter| roams Rhode Island| police say, 0
https://www.usatoday.com/https://www.usatoday.com/story/sports/soccer/2021/02/06/dortmund-loses-again-in-bundesliga-leverkusen-leipzig-win/115444722/, Dortmund loses again in Bundesliga; Cologne wins Rhine derby, 0
https://www.usatoday.com/https://www.usatoday.com/story/sports/soccer/2021/02/06/bayerns-flight-to-qatar-for-club-world-cup-delayed-7-hours/43376345/, Bayern slams authorities over flight delay to Club World Cup, 0
https://www.usatoday.com/https://www.usatoday.com/story/sports/soccer/2021/02/06/real-madrid-captain-ramos-has-knee-surgery-out-6-weeks/43376343/, Real Madrid captain Ramos has knee surgery| out 6 weeks, 0
https://www.usatoday.com/https://www.usatoday.com/story/sports/sports-betting/2021/02/06/tennessee-at-kentucky-odds-picks-and-prediction/115444802/, Tennessee at Kentucky odds| picks and prediction, 0
https://www.usatoday.com/https://www.usatoday.com/story/sports/nfl/super-bowl/2021/02/06/super-bowl-2021-nfl-celebrate-healthcare-workers-weekend/4407108001/, Super Bowl 2021: NFL will celebrate healthcare workers all weekend, 0
https://www.usatoday.com/https://www.usatoday.com/story/money/food/2021/02/06/food-evolution-recall-dips-salads-recalled-super-bowl/4419151001/, Super Bowl food recall: Food Evolution recalls dip and salad products, 0
https://www.usatoday.com/https://www.usatoday.com/story/sports/nba/2021/02/06/nba-tells-teams-to-exercise-caution-when-watching-super-bowl/115444820/, NBA tells teams to exercise caution when watching Super Bowl, 0
https://www.usatoday.com/https://www.usatoday.com/story/sports/sports-betting/2021/02/06/ucla-at-usc-odds-picks-and-prediction/115444824/, UCLA at USC odds| picks and prediction, 0
https://www.usatoday.com/https://www.usatoday.com/story/sports/soccer/2021/02/06/4-days-after-9-0-loss-southampton-beaten-by-newcastle-3-2/115444850/, 4 days after 9-0 loss| Southampton beaten by Newcastle 3-2, 0
https://www.usatoday.com/https://www.usatoday.com/story/entertainment/celebrities/2021/02/06/michael-b-jordan-praises-chadwick-bosemans-historic-sag-nominations/4419795001/, Michael B. Jordan praises Chadwick Boseman's historic SAG nominations, 0
https://www.usatoday.com/https://www.usatoday.com/story/sports/nfl/2021/02/06/taeden-johnson-grady-jarrett-falcons-super-bowl/4420139001/, NFL player gifts Super Bowl trip to 12-year-old who lost family in fire, 0
https://www.usatoday.com/https://www.usatoday.com/story/news/nation/2021/02/06/inmates-st-louis-jail-set-fires-break-windows-amid-covid-concerns/4419889001/, Inmates at St. Louis jail set fires| break windows amid COVID concerns, 0
https://www.usatoday.com/https://www.usatoday.com/story/sports/soccer/2021/02/06/burnley-brighton-draw-1-1-to-inch-clear-of-epl-bottom-3/115444958/, Burnley| Brighton draw 1-1 to inch clear of EPL bottom 3, 0
https://www.usatoday.com/https://www.usatoday.com/story/sports/sports-betting/2021/02/06/why-kansas-city-chiefs-will-win-super-bowl-lv-defense-could-be-the-difference-for-kc/115444956/, Why Kansas City Chiefs will win Super Bowl LV: Defense could be the difference for KC, 0
https://www.usatoday.com/https://www.usatoday.com/story/sports/soccer/2021/02/06/varane-double-leads-madrid-comeback-win-at-last-place-huesca/115444986/, Varane double leads Madrid comeback win at last-place Huesca, 0
https://www.usatoday.com/https://www.usatoday.com/story/sports/sports-betting/2021/02/06/detroit-pistons-at-los-angeles-lakers-odds-picks-and-prediction/115444984/, Detroit Pistons at Los Angeles Lakers odds| picks and prediction, 0
https://www.usatoday.com/https://www.usatoday.com/story/sports/nfl/2021/02/06/chiefs-kpassagnon-driven-to-succeed-on-off-football-field/115445052/, Chiefs' Kpassagnon driven to succeed on| off football field, 0
https://www.usatoday.com/https://www.usatoday.com/story/news/politics/2021/02/06/joe-biden-minimum-wage-hike-unlikely-covid-19-relief-package/4419484001/, Joe Biden says minimum wage hike unlikely to stay in COVID-19 relief, 0
https://www.usatoday.com/https://www.usatoday.com/story/tech/reviewedcom/2021/02/06/best-valentines-day-gifts-macys-just-discounted-ton-v-day-presents/4419223001/, Best Valentine's Day gifts: Macy's just discounted a ton of V-Day presents, 0
https://www.usatoday.com/https://www.usatoday.com/story/sports/sports-betting/2021/02/06/why-tampa-bay-buccaneers-will-win-super-bowl-lv-pass-rush-tom-brady-lead-to-upset/115445074/, Why Tampa Bay Buccaneers will win Super Bowl LV: Pass rush| Tom Brady lead to upset, 0
https://www.usatoday.com/https://www.usatoday.com/story/entertainment/music/2021/02/06/pj-morton-teach-master-class-music-dillard-university/4420486001/, PJ Morton will teach master class in music at Dillard University, 0
https://www.usatoday.com/https://www.usatoday.com/story/sports/olympics/2021/02/06/lolo-jones-kaillie-humphries-win-bobsled-world-championship/4420592001/, Lolo Jones| Kaillie Humphries win historic bobsled world championship, 0
https://www.usatoday.com/https://www.usatoday.com/story/nletter/health/2021/02/06/coronavirus-watch-when-we-start-seeing-impact-vaccines-cases/4420571001/, Coronavirus Watch: When will we start seeing impact of vaccines on cases?, 0
https://www.usatoday.com/https://www.usatoday.com/story/sports/tennis/2021/02/06/australian-open-2021-serena-venus-williams-on-court-day-1/43376673/, AUSTRALIAN OPEN 2021: Serena| Venus Williams on court Day 1, 0
https://www.usatoday.com/https://www.usatoday.com/story/sports/mlb/2021/02/06/correa-astros-reach-deal-on-117-million-1-year-contract/43376383/, Correa| Astros reach deal on $11.7 million| 1-year contract, 0
https://www.usatoday.com/https://www.usatoday.com/story/sports/soccer/2021/02/06/ronaldo-marks-turning-36-by-helping-juventus-beat-roma-2-0/43376387/, Ronaldo marks turning 36 by helping Juventus beat Roma 2-0, 0
https://www.usatoday.com/https://www.usatoday.com/story/travel/experience/theme-parks/2021/02/06/disney-world-super-bowl-commercial-parade-coronavirus/4420455001/, Disney World Super Bowl parade nixed| post-game commercial still on, 0
https://www.usatoday.com/https://www.usatoday.com/story/sports/ncaab/2021/02/06/nc-state-uses-37-3-run-to-beat-bc-81-65/43376399/, N.C. State uses 37-3 run to beat BC 81-65, 0
https://www.usatoday.com/https://www.usatoday.com/story/sports/nfl/2021/02/06/a-look-inside-how-cbs-planned-super-sunday-coverage/115445182/, A look inside how CBS planned Super Sunday coverage, 0
https://www.usatoday.com/https://www.usatoday.com/story/sports/ncaab/2021/02/06/harkless-scores-19-no-9-oklahoma-holds-off-iowa-st-79-72/43376411/, Reaves returns and No. 9 Oklahoma holds off Iowa State 79-72, 0
https://www.usatoday.com/https://www.usatoday.com/story/sports/nfl/2021/02/06/pandemic-pivot-nfl-guides-small-businesses-in-tough-times/43376429/, Pandemic pivot: NFL guides small businesses in tough times, 0
https://www.usatoday.com/https://www.usatoday.com/story/sports/nfl/2021/02/06/a-3-0-final-score-nobody-wants-to-see-super-bowl-like-that/115445232/, A 3-0 final score? Nobody wants to see Super Bowl like that, 0
https://www.usatoday.com/https://www.usatoday.com/story/sports/ncaab/2021/02/06/butler-beats-depaul-68-58/43376433/, Butler beats DePaul 68-58, 0
https://www.usatoday.com/https://www.usatoday.com/story/sports/ncaab/2021/02/06/no-16-virginia-tech-escapes-with-overtime-win-at-miami/115445238/, No. 16 Virginia Tech escapes with overtime win at Miami, 0
https://www.usatoday.com/https://www.usatoday.com/story/entertainment/celebrities/2021/02/06/casanova-trouble-ny-jail-doing-tiktok-challenge/4420972001/, Casanova in trouble at NY jail for doing a TikTok challenge, 0
https://www.usatoday.com/https://www.usatoday.com/story/sports/ncaab/2021/02/06/six-in-double-figures-for-ball-state-in-win-over-toledo/43376435/, Six in double figures for Ball State in win over Toledo, 0
https://www.usatoday.com/https://www.usatoday.com/story/news/politics/2021/02/06/susan-bayh-dies-age-61-after-long-battle-brain-cancer/4421334001/, Susan Bayh| former Indiana first lady| dies at 61 from brain cancer, 0
https://www.usatoday.com/https://www.usatoday.com/story/sports/soccer/2021/02/06/soucek-sent-off-as-west-ham-held-0-0-by-fulham-in-epl/115445240/, Soucek sent off as West Ham held 0-0 by Fulham in EPL, 0
https://www.usatoday.com/https://www.usatoday.com/story/entertainment/music/2021/02/06/morgan-wallen-airplay-down-sales-streams-up-after-racial-slur-video/4419728001/, Morgan Wallen racial slur: Music sales| streams spike after video, 0
https://www.usatoday.com/https://www.usatoday.com/story/sports/mlb/2021/02/06/rangers-trade-elvis-andrus-to-athletics-dh-khris-davis/4421148001/, Rangers trade SS Elvis Andrus to the Athletics for DH Khris Davis, 0
https://www.usatoday.com/https://www.usatoday.com/videos/news/nation/2021/02/06/procession-florida-honors-slain-fbi-agent/4421529001/, Procession in Florida honors slain FBI agent, 0
https://www.usatoday.com/https://www.usatoday.com/sitemap/2021/february/6/, 1, 0
https://www.usatoday.com/https://www.usatoday.com/sitemap/2021/february/6/?page=2, 2, 0
