https://www.usatoday.com/https://www.usatoday.com/story/entertainment/tv/2021/01/10/john-reilly-played-sean-donely-general-hospital-dies-84/6617692002/, John Reilly dies: 'General Hospital' star| 86| played Sean Donely, 0
https://www.usatoday.com/https://www.usatoday.com/story/sports/ncaab/2021/01/10/butlers-double-double-lifts-holy-cross-over-army-70-61/43319679/, Butler's double-double lifts Holy Cross over Army 70-61, 0
https://www.usatoday.com/https://www.usatoday.com/story/sports/nfl/2021/01/10/all-pro-tackle-conklin-available-for-browns-vs-steelers/43319837/, All-Pro tackle Conklin available for Browns vs. Steelers, 0
https://www.usatoday.com/https://www.usatoday.com/story/sports/2021/01/10/saints-gardner-johnson-plays-role-another-ejection-bears-player/6618323002/, Saints' Gardner-Johnson plays role in another ejection of Bears player, 0
https://www.usatoday.com/https://www.usatoday.com/videos/news/nation/2021/01/11/schwarzenegger-trump-worst-president-ever/6618476002/, Schwarzenegger: Trump 'worst president ever', 0
https://www.usatoday.com/https://www.usatoday.com/story/sports/ncaaw/2021/01/10/no-5-south-carolina-women-rally-past-no-10-kentucky-75-70/115278676/, No. 5 South Carolina women rally past No. 10 Kentucky 75-70, 0
https://www.usatoday.com/https://www.usatoday.com/story/sports/ncaab/2021/01/10/council-iv-lifts-wichita-st-over-cincinnati-82-76/43319681/, Council IV lifts Wichita St. over Cincinnati 82-76, 0
https://www.usatoday.com/https://www.usatoday.com/story/news/politics/2021/01/10/25-troops-under-investigation-terrorism-related-riot-capitol/6618295002/, 25 people under investigation for terrorism related to riot at Capitol, 0
https://www.usatoday.com/https://www.usatoday.com/story/news/politics/2021/01/10/larry-hogan-pentagon-took-hours-ok-national-guard-capitol-riot/6618084002/, Larry Hogan: Pentagon took hours to OK National Guard for Capitol riot, 0
https://www.usatoday.com/https://www.usatoday.com/videos/news/nation/2021/01/11/ap-top-stories-january-10/6618522002/, AP Top Stories January 10 A, 0
https://www.usatoday.com/https://www.usatoday.com/story/news/nation/2021/01/10/eric-munchel-arrested-reportedly-zip-tie-guy-senate-during-riots/6618314002/, Eric Munchel arrested: Reportedly 'zip tie guy' in Senate during riots, 0
https://www.usatoday.com/https://www.usatoday.com/story/news/politics/2021/01/10/abc-news-poll-over-half-americans-want-trump-removed/6618160002/, Poll: Over half of Americans want Trump removed before Jan. 20, 0
https://www.usatoday.com/https://www.usatoday.com/story/sports/ncaab/2021/01/10/lewis-scores-28-to-carry-james-madison-over-chowan-100-76/115278712/, Lewis scores 28 to carry James Madison over Chowan 100-76, 0
https://www.usatoday.com/https://www.usatoday.com/story/sports/nfl/patriots/2021/01/10/donald-trump-patriots-bill-belichick-medal-freedom/6618452002/, Donald Trump giving Patriots' Bill Belichick Medal of Freedom: reports, 0
https://www.usatoday.com/https://www.usatoday.com/story/sports/columnist/nancy-armour/2021/01/10/drew-brees-saints-need-better-nfl-playoffs-against-tom-brady/6618235002/, Drew Brees| Saints need to be better in NFL playoffs against Tom Brady, 0
https://www.usatoday.com/https://www.usatoday.com/story/sports/nfl/2021/01/10/brees-saints-pull-away-late-for-21-9-playoff-win-over-bears/115278760/, Brees| Saints pull away late for 21-9 playoff win over Bears, 0
https://www.usatoday.com/https://www.usatoday.com/story/sports/nfl/2021/01/10/ravens-oust-titans-saints-handle-bears-next-face-bucs/43319691/, Ravens oust Titans; Saints handle Bears| next face Bucs, 0
https://www.usatoday.com/https://www.usatoday.com/story/sports/nba/2021/01/10/jokic-nuggets-win-easily-again-rout-knicks-114-89/115278826/, Jokic| Nuggets win easily again| rout Knicks 114-89, 0
https://www.usatoday.com/https://www.usatoday.com/story/sports/nfl/playoffs/2021/01/10/derrick-henry-tennessee-titans-baltimore-ravens-2000-yard-rushers-nfl-playoffs-2021/6618755002/, Titans RB Derrick Henry's historic season hit a brick wall in playoffs, 0
https://www.usatoday.com/https://www.usatoday.com/story/sports/nfl/playoffs/2021/01/10/nfl-playoffs-divisional-round-schedule-and-tv-info-released/6618747002/, NFL playoffs: Divisional round schedule and TV info released, 0
https://www.usatoday.com/https://www.usatoday.com/story/sports/ftw/2021/01/10/bad-beat-bettors-saints-bears-wild-card-playoff-game/115278786/, Bad beat for bettors in Saints-Bears wild-card playoff game, 0
https://www.usatoday.com/https://www.usatoday.com/story/sports/ncaaw/2021/01/10/no-14-mississippi-st-women-hold-off-ole-miss-charge-60-56/43319721/, No. 14 Mississippi St. women hold off Ole Miss charge| 60-56, 0
https://www.usatoday.com/https://www.usatoday.com/story/sports/ncaab/2021/01/10/cone-no-19-hokies-shut-down-fighting-irish-77-63/43319749/, Cone| No. 19 Hokies shut down Fighting Irish 77-63, 0
https://www.usatoday.com/https://www.usatoday.com/story/sports/ncaab/2021/01/10/wade-scores-22-to-lead-longwood-past-campbell-78-69/115278896/, Wade scores 22 to lead Longwood past Campbell 78-69, 0
https://www.usatoday.com/https://www.usatoday.com/story/sports/mlb/2021/01/10/longtime-baseball-man-former-player-joe-amalfitano-retires/115278908/, Longtime baseball man| former player Joe Amalfitano retires, 0
https://www.usatoday.com/https://www.usatoday.com/story/sports/nba/2021/01/10/okc-burns-the-nets-behind-gilgeous-alexander-five-others/115278914/, Gilgeous-Alexander scores 31 as Thunder beat Nets 129-116, 0
https://www.usatoday.com/https://www.usatoday.com/story/sports/golf/2021/01/10/english-wins-kapalua-in-playoff-for-1st-victory-in-7-years/43319723/, English wins Kapalua in playoff for 1st victory in 7 years, 0
https://www.usatoday.com/https://www.usatoday.com/story/sports/nfl/playoffs/2021/01/10/browns-stun-steelers-nfl-playoffs-28-points-first-quarter/6618799002/, Browns stun Steelers with four TDs in first quarter, 0
https://www.usatoday.com/https://www.usatoday.com/story/sports/nba/2021/01/10/leonard-reaches-10000-points-clippers-beat-bulls-130-127/43319797/, Leonard reaches 10|000 points; Clippers beat Bulls 130-127, 0
https://www.usatoday.com/https://www.usatoday.com/story/sports/nfl/playoffs/2021/01/10/sean-payton-nickelodeon-saints-bears-slime-nfl-wildcard/6618737002/, Sean Payton gets slimed to end Nickelodeon NFL playoff broadcast, 0
https://www.usatoday.com/https://www.usatoday.com/story/sports/ncaab/2021/01/10/burns-scores-17-to-lift-colgate-past-boston-u-89-45/43319751/, Burns scores 17 to lift Colgate past Boston U 89-45, 0
https://www.usatoday.com/https://www.usatoday.com/story/sports/ncaab/2021/01/10/stroud-leads-fresno-st-past-san-jose-st-80-65/43319753/, Stroud leads Fresno St. past San Jose St. 80-65, 0
https://www.usatoday.com/https://golfweek.usatoday.com/2021/01/10/pga-tour-sentry-tournament-of-champions-harris-english-ends-drought/, Harris English wins Sentry Tournament of Champions, 0
https://www.usatoday.com/https://www.usatoday.com/story/sports/nba/2021/01/10/davis-has-27-as-lakers-roll-to-120-102-win-over-rockets/115279016/, Davis has 27 as Lakers roll to 120-102 win over Rockets, 0
https://www.usatoday.com/https://www.usatoday.com/story/sports/ncaab/2021/01/10/scott-carries-loyola-marymount-past-san-francisco-68-60/115279030/, Scott carries Loyola Marymount past San Francisco 68-60, 0
https://www.usatoday.com/https://www.usatoday.com/story/sports/nfl/2021/01/10/mcvay-rams-expect-aaron-donald-to-play-vs-packers/43319755/, McVay: Rams expect Aaron Donald to play vs Packers, 0
https://www.usatoday.com/https://www.usatoday.com/story/sports/nfl/playoffs/2021/01/10/covid-19-caused-saints-alvin-kamara-no-problems-nfl-playoff-game/6618211002/, COVID-19 caused Saints' Alvin Kamara no problems in NFL playoff game, 0
https://www.usatoday.com/https://www.usatoday.com/story/sports/golf/2021/01/10/pga-of-america-votes-to-move-2022-pga-championship-event-away-from-trump-national-golf-club-after-ca/43319761/, PGA of America votes to move 2022 PGA Championship event away from Trump National Golf Club after Capitol insurrection, 0
https://www.usatoday.com/https://www.usatoday.com/story/sports/golf/2021/01/10/pga-championship-leaving-trump-national-in-22-tournament/43319773/, PGA Championship leaving Trump National in '22 tournament, 0
https://www.usatoday.com/https://golfweek.usatoday.com/2021/01/10/donald-trump-bedminster-loses-2022-pga-championship/, Trump Bedminster loses 2022 PGA Championship, 0
https://www.usatoday.com/https://www.usatoday.com/story/sports/columnist/mike-freeman/2021/01/10/hbo-tiger-woods-documentary-explores-myth-non-racist-america/6611081002/, Tiger Woods documentary on HBO explores myth of non-racist America, 0
https://www.usatoday.com/https://www.usatoday.com/story/sports/ncaab/2021/01/10/morsell-scores-19-as-maryland-upsets-no-12-illinois-66-63/43319777/, Morsell scores 19 as Maryland upsets No. 12 Illinois 66-63, 0
https://www.usatoday.com/https://www.usatoday.com/story/sports/ncaab/2021/01/10/garza-lifts-no-5-iowa-over-no-16-minnesota-86-71/43319891/, Garza lifts No. 5 Iowa over No. 16 Minnesota 86-71, 0
https://www.usatoday.com/https://www.usatoday.com/story/entertainment/celebrities/2021/01/10/michael-b-jordan-lori-harvey-instagram-official-couple/6619089002/, Michael B. Jordan and Lori Harvey: Couple is now Instagram official, 0
https://www.usatoday.com/https://www.usatoday.com/story/sports/nfl/2021/01/10/drop-ejection-and-penalties-sink-bears-in-playoff-loss/43319789/, Drop| ejection and penalties sink Bears in playoff loss, 0
https://www.usatoday.com/https://www.usatoday.com/story/sports/nba/2021/01/10/russell-timberwolves-snap-7-game-skid-with-win-over-spurs/43319917/, Russell| Timberwolves snap 7-game skid with win over Spurs, 0
https://www.usatoday.com/https://www.usatoday.com/story/sports/columnist/mike-freeman/2021/01/10/donald-trump-bill-belichick-medal-distraction-capitol-attack/6618446002/, Donald Trump honoring Bill Belichick after Capitol riot is cheap stunt, 0
https://www.usatoday.com/https://www.usatoday.com/videos/news/nation/2021/01/11/today-history-january-11-th/6619350002/, Today in History for January 11th, 0
https://www.usatoday.com/https://www.usatoday.com/story/sports/nba/2021/01/10/warriors-hold-off-raptors-106-105-on-off-night-by-curry/43319839/, Warriors hold off Raptors 106-105 on off night by Curry, 0
https://www.usatoday.com/https://www.usatoday.com/story/sports/nfl/columnist/bell/2021/01/10/browns-baker-mayfield-stun-steelers-nfl-wild-card-playoff-game/6619227002/, Browns| Baker Mayfield stun Steelers in NFL wild-card playoff game, 0
https://www.usatoday.com/https://www.usatoday.com/story/sports/nfl/2021/01/10/same-old-browns-hardly-cleveland-drills-steelers-48-37/43319861/, Same old Browns? Hardly. Cleveland drills Steelers 48-37, 0
https://www.usatoday.com/https://www.usatoday.com/story/money/personalfinance/2021/01/11/stimulus-checks-fewer-than-4-10-could-handle-surprise-1-000-bill/6618954002/, Stimulus checks: Fewer than 4 in 10 could handle surprise $1|000 bill, 0
https://www.usatoday.com/https://www.usatoday.com/story/money/personalfinance/2021/01/11/stimulus-pay-1-000-emergency-expenses/6601722002/, Despite stimulus| most Americans can't pay $1|000 in an emergency, 0
https://www.usatoday.com/https://www.usatoday.com/story/sports/nfl/columnist/bell/2021/01/11/steelers-collapse-nfl-playoff-loss-browns-after-11-0-start/6619320002/, Steelers collapse in NFL playoff loss to Browns after 11-0 start, 0
https://www.usatoday.com/https://www.usatoday.com/story/sports/mlb/2021/01/11/sydney-blue-sox-release-manny-ramirez-amid-disjointed-season/43320055/, Sydney Blue Sox release Manny Ramirez amid disjointed season, 0
https://www.usatoday.com/https://www.usatoday.com/story/sports/nba/2021/01/11/hawks-g-bogdan-bogdanovic-out-after-fracturing-right-knee/115279260/, Hawks G Bogdan Bogdanovic out after fracturing right knee, 0
https://www.usatoday.com/https://www.usatoday.com/videos/sports/nfl/sportspulse/2021/01/11/nfl-wild-card-sunday-overreactions-these-not-same-old-browns/6619542002/, NFL wild-card Sunday overreactions: These are not the same old Browns, 0
https://www.usatoday.com/https://joinsubtext.com/theshortlist, May we text you the news?, 0
https://www.usatoday.com/https://www.usatoday.com/story/sports/ftw/2021/01/10/steelers-qb-ben-roethlisberger-tears-after-loss-browns/115279232/, Steelers QB Ben Roethlisberger was in tears after loss to Browns, 0
https://www.usatoday.com/https://www.usatoday.com/videos/news/nation/2021/01/11/rush-save-nyc-music-venues-pandemic/6619611002/, Rush to save NYC music venues from pandemic, 0
https://www.usatoday.com/https://www.usatoday.com/story/sports/nfl/columnist/nate-davis/2021/01/11/nfl-wild-card-playoffs-32-things-learned-2020/6612096002/, NFL wild card weekend: 32 things we learned in 2020 postseason kickoff, 0
https://www.usatoday.com/https://www.usatoday.com/story/sports/nfl/2021/01/11/end-of-an-era-steelers-facing-big-questions-after-loss/43320145/, End of an era? Steelers facing big questions after loss, 0
https://www.usatoday.com/https://www.usatoday.com/story/sports/ftw/2021/01/10/juju-smith-schuster-trolled-browns-after-wild-card-playoff-win/6619647002/, JuJu Smith-Schuster trolled by Browns after wild-card playoff win, 0
https://www.usatoday.com/https://www.usatoday.com/story/sports/nfl/2021/01/11/on-football-defenses-rise-to-task-in-nfl-postseason/43319901/, On Football: Defenses rise to task in NFL postseason, 0
https://www.usatoday.com/https://www.usatoday.com/story/sports/nhl/2021/01/11/taxi-nhl-taxi-squads-to-help-teams-stay-on-ice-in-pandemic/115279292/, Taxi! NHL taxi squads to help teams stay on ice in pandemic, 0
https://www.usatoday.com/https://www.usatoday.com/story/sports/olympics/2021/01/11/80-say-tokyo-olympics-should-be-called-off-or-wont-happen/115279298/, 80% say Tokyo Olympics should be called off or won't happen, 0
https://www.usatoday.com/https://www.usatoday.com/story/sports/golf/2021/01/11/english-back-to-winning-and-wants-to-see-how-far-he-can-go/115279304/, English back to winning and wants to see how far he can go, 0
https://www.usatoday.com/https://www.usatoday.com/story/news/2021/01/11/donald-trump-25th-amendment-ohio-alabama-ces-5-things-know-monday/6614570002/, Donald Trump| 25th Amendment| Ohio| Alabama| CES: 5 things to know Monday, 0
https://www.usatoday.com/https://www.usatoday.com/story/sports/nfl/columnist/bell/2021/01/11/browns-show-uncommon-resiliency-nfl-playoff-win-over-steelers/6619692002/, Browns show uncommon resiliency in NFL playoff win over Steelers, 0
https://www.usatoday.com/https://www.usatoday.com/story/opinion/2021/01/11/trump-can-do-more-damage-to-america-pence-can-prevent-it-column/6615385002/, Trump's last days: Pence has the power to prevent more damage to America, 0
https://www.usatoday.com/https://www.usatoday.com/story/news/50-states/2021/01/11/changing-tiers-cross-border-vaccines-contingency-plans-news-around-states/115279308/, Changing tiers| cross-border vaccines: News from around our 50 states, 0
https://www.usatoday.com/https://www.usatoday.com/story/opinion/2021/01/11/fake-news-victims-turn-to-lawsuits-threats-shut-down-lies-column/6595538002/, Fake news victims deploy lawsuits to shut down lies and disinformation, 0
https://www.usatoday.com/https://www.usatoday.com/story/news/health/2021/01/11/covid-news-25-k-deaths-new-years-day-chicago-schools/6609727002/, COVID news: DC riot exposes Congress to virus| US reports 375k deaths, 0
https://www.usatoday.com/https://www.usatoday.com/videos/news/nation/2021/01/11/ap-top-stories-january-11/6619756002/, AP Top Stories January 11, 0
https://www.usatoday.com/https://www.usatoday.com/story/opinion/2021/01/11/congress-affirmed-biden-win-us-democracy-hours-after-riot-column/6615531002/, Congress affirmed Biden's win and US democracy hours after mob attack, 0
https://www.usatoday.com/https://www.usatoday.com/story/news/health/2021/01/11/covid-19-vaccine-americans-intellectual-disabilities-yai/4138614001/, COVID-19 vaccine: People with intellectual disabilities still waiting, 0
https://www.usatoday.com/https://www.usatoday.com/story/news/politics/2021/01/11/capitol-riot-video-arrests-show-darker-intent-overrun-congress/6615804002/, Capitol riot: Video| arrests show darker intent to overrun Congress, 0
https://www.usatoday.com/https://www.usatoday.com/story/sports/tennis/2021/01/11/kenin-out-of-abu-dhabi-open-in-quarterfinal-loss-to-sakkari/115279838/, Kenin and Svitolina lose in Abu Dhabi Open quarterfinals, 0
https://www.usatoday.com/https://www.usatoday.com/videos/entertainment/2021/01/11/day-11-january-2013/6619783002/, On This Day: 11 January 2013, 0
https://www.usatoday.com/https://www.usatoday.com/videos/news/nation/2021/01/11/day-11-january-2013/6619782002/, On This Day: 11 January 2013, 0
https://www.usatoday.com/https://www.usatoday.com/story/news/investigations/2021/01/11/cheerleading-cheer-sexual-misconduct-usasf-banned-empire-all-stars/6573468002/, Sexual misconduct in cheer: How a gym competed after being banned, 0
https://www.usatoday.com/https://www.usatoday.com/story/money/personalfinance/2021/01/11/opening-roth-ira-children/115261426/, Should you open a Roth IRA for a child? Here are 5 rules to watch., 0
https://www.usatoday.com/https://www.usatoday.com/in-depth/news/2021/01/11/covid-19-deaths-not-investigated-osha-meatpacking-plants/6537524002/, COVID-19 deaths not investigated by OSHA at meatpacking plants, 0
https://www.usatoday.com/https://www.usatoday.com/story/opinion/2021/01/11/joe-biden-can-speed-americas-recovery-government-reform-column/4098125001/, Joe Biden can speed America's recovery with government reform, 0
https://www.usatoday.com/https://www.usatoday.com/story/sports/columnist/dan-wolken/2021/01/11/2020-college-football-season-worth-it-coronavirus-pandemic/6615556002/, College football finds finish line during pandemic. Was it worth it?, 0
https://www.usatoday.com/https://www.usatoday.com/story/life/fashion/2021/01/11/paris-fashion-week-audience-free-due-covid-19-concerns/6619780002/, Paris Fashion Week to be audience-free due to COVID-19 concerns, 0
https://www.usatoday.com/https://www.usatoday.com/story/sports/nfl/playoffs/2021/01/11/sunday-nfl-playoffs-winners-losers-time-up-steelers-big-ben/6615981002/, Sunday NFL playoffs winners| losers: Time up for Steelers| Big Ben?, 0
https://www.usatoday.com/https://www.usatoday.com/story/sports/mlb/2021/01/11/andruw-jones-baseball-hall-of-fame-case/6589878002/, Andruw Jones' Baseball Hall of Fame chances trending upwards, 0
https://www.usatoday.com/https://www.usatoday.com/videos/news/nation/2021/01/11/showbiz-minute-schwarzenegger-hbo-harris/6619853002/, ShowBiz Minute: Schwarzenegger| HBO| Harris, 0
https://www.usatoday.com/https://www.usatoday.com/videos/entertainment/2021/01/11/showbiz-minute-schwarzenegger-hbo-harris/6619854002/, ShowBiz Minute: Schwarzenegger| HBO| Harris, 0
https://www.usatoday.com/https://www.usatoday.com/story/sports/nfl/columnist/mike-jones/2021/01/11/nfl-playoffs-divisional-round-features-tom-brady-drew-brees-mahomes/6619545002/, NFL playoffs divisional round features Tom Brady| Drew Brees| Mahomes, 0
https://www.usatoday.com/https://www.usatoday.com/story/nletter/2021/01/11/donald-trump-25th-amendment-ohio-state-alabama-ces-daily-briefing/6619794002/, Donald Trump| 25th Amendment| Ohio State| Alabama| CES: Daily Briefing, 0
https://www.usatoday.com/https://www.usatoday.com/story/entertainment/celebrities/2021/01/11/capital-riot-melania-trump-breaks-silence-mourns-police-and-rioters/6619809002/, Capitol riot: Melania Trump breaks silence| mourns police and rioters, 0
https://www.usatoday.com/https://www.usatoday.com/story/news/politics/2021/01/11/live-politics-updates-joe-biden-inauguration-donald-trump-impeachment/6619843002/, Politics updates: Rep. Tim Ryan: 2 officers suspended in Capitol riots, 0
https://www.usatoday.com/https://www.usatoday.com/story/opinion/2021/01/11/women-broke-glass-ceilings-in-2020-but-many-inequities-revealed-column/6586333002/, 2020 was paradoxical for women: Inequities revealed amid great strides, 0
https://www.usatoday.com/https://www.usatoday.com/story/travel/news/2021/01/11/covid-travel-restrictions-which-states-require-covid-test-quarantine/6566179002/, COVID travel restrictions: Which states require tests or quarantine?, 0
https://www.usatoday.com/https://www.usatoday.com/story/sports/ncaaf/2021/01/11/college-football-title-game-predictions-alabama-ohio-state/6615295002/, College football title game predictions for Alabama| Ohio State, 0
https://www.usatoday.com/https://www.usatoday.com/story/news/nation/2021/01/11/merced-jail-escape-6-inmates-use-rope-escape-california/6619872002/, Merced jail escape: 6 inmates use rope to escape California jail, 0
https://www.usatoday.com/https://www.usatoday.com/story/money/personalfinance/retirement/2021/01/11/increase-your-retirement-income-by-9500-annually-with-this-one-decision/115262640/, Social Security: How to increase your retirement income by $9|500/year, 0
https://www.usatoday.com/https://www.usatoday.com/story/sports/columnist/nancy-armour/2021/01/11/bears-playoff-losses-must-force-them-honest-where-they/6619631002/, Bears playoff losses must force them to be honest about where they are, 0
https://www.usatoday.com/https://www.usatoday.com/story/sports/sports-betting/2021/01/11/memphis-grizzlies-at-cleveland-cavaliers-odds-picks-and-prediction/115279520/, Memphis Grizzlies at Cleveland Cavaliers odds| picks and prediction, 0
https://www.usatoday.com/https://www.usatoday.com/story/nletter/fourth-and-monday/2021/01/11/super-wild-card-weekend-browns-ride-first-quarter-explosion-win/6618068002/, Super Wild Card Weekend: Browns ride first-quarter explosion to win, 0
https://www.usatoday.com/https://www.usatoday.com/story/sports/ncaab/sec/2021/01/11/kentucky-basketball-wildcats-undecided-on-future-of-anthem-kneeling/6620020002/, Kentucky men's basketball players undecided on future anthem kneeling, 0
https://www.usatoday.com/https://www.usatoday.com/story/sports/soccer/2021/01/11/celtic-without-14-players-after-coronavirus-case-dubai-trip/43320007/, Celtic without 14 players after coronavirus case| Dubai trip, 0
https://www.usatoday.com/https://www.usatoday.com/story/money/business/2021/01/11/businesses-rethink-political-donations-after-capitol-siege/6620004002/, Businesses rethink political donations after Capitol siege, 0
https://www.usatoday.com/https://www.usatoday.com/story/sports/ncaaf/2021/01/11/alabama-ohio-state-keys-victory-college-football-title-game/6615297002/, CFP championship game: Keys to victory for Alabama| Ohio State, 0
https://www.usatoday.com/https://www.usatoday.com/story/news/politics/2021/01/11/william-burns-biden-nominates-former-career-diplomat-cia/6619929002/, William Burns: Biden to nominate former career diplomat to head CIA, 0
https://www.usatoday.com/https://www.usatoday.com/story/sports/soccer/2021/01/11/villa-tottenham-game-off-spurs-to-play-fulham-instead/43320013/, Villa-Tottenham game off; Spurs to play Fulham instead, 0
https://www.usatoday.com/https://www.usatoday.com/videos/money/at-home/2021/01/11/times-when-buying-second-hand-off-brand-products-actually-pays-off/6620050002/, Times when buying second-hand or off-brand products actually pays off, 0
https://www.usatoday.com/https://www.usatoday.com/story/news/nation/2021/01/11/capitol-police-officer-praised-drawing-angry-mob-away-senate/6619883002/, Eugene Goodman video: Capitol officer praised for drawing mob away, 0
https://www.usatoday.com/https://www.usatoday.com/story/nletter/2021/01/11/daily-money-1-11-21/6620079002/, The Daily Money 1-11-21, 0
https://www.usatoday.com/https://www.usatoday.com/story/sports/nhl/2021/01/11/nhl-point-projections-2021-season/4140218001/, NHL season point projections: How we see 2021 campaign unfolding, 0
https://www.usatoday.com/https://www.usatoday.com/story/sports/ftw/2021/01/11/bill-belichick-cant-accept-medal-freedom-trump/6620149002/, Bill Belichick can't accept the Medal of Freedom from Trump, 0
https://www.usatoday.com/https://www.reviewed.com/televisions/features/lg-new-oled-nanocell-qned-tvs-2021?utm_source=usat&utm_medium=referral&utm_campaign=collab, LG brightens its OLEDs| teases new TVs for CES, 0
https://www.usatoday.com/https://www.usatoday.com/story/sports/nba/2021/01/11/demarcus-cousins-markieff-morris-lakers-rockets/6620041002/, DeMarcus Cousins| Markieff Morris get heated| then ejected in NBA game, 0
https://www.usatoday.com/https://www.usatoday.com/story/tech/2021/01/11/ces-2021-kohler-unveils-app-controlled-stilness-bathtub-smart-toilet/6619994002/, CES 2021: Kohler unveils app-controlled Stilness bathtub| smart toilet, 0
https://www.usatoday.com/https://www.usatoday.com/videos/news/politics/2021/01/11/lindsey-graham-confronted-airport-after-affirming-bidens-win/6620285002/, Lindsey Graham confronted in airport after affirming Biden's win, 0
https://www.usatoday.com/https://www.usatoday.com/videos/entertainment/tv/2021/01/11/sex-and-city-stars-confirm-new-series-works/6620370002/, 'Sex and the City' stars confirm new series in the works, 0
https://www.usatoday.com/https://www.usatoday.com/picture-gallery/news/nation/2021/01/11/william-j-burns-bidens-nominee-head-central-intelligence-agency-cia-director/6620123002/, William J. Burns| Biden's nominee to head Central Intelligence Agency, 0
https://www.usatoday.com/https://www.usatoday.com/picture-gallery/travel/hotels/2021/01/11/covid-travel-wanderlust-unique-airbnb-stays-each-state/6570462002/, COVID travel wanderlust: Unique Airbnb stays in each state, 0
https://www.usatoday.com/https://www.usatoday.com/story/sports/ncaaf/2021/01/11/alabama-ohio-state-shows-how-college-football-lost-west/6603653002/, Alabama vs. Ohio State shows how college football lost the West, 0
https://www.usatoday.com/https://www.usatoday.com/story/sports/sports-betting/2021/01/11/nfl-divisional-round-new-orleans-saints-home-favorites-vs-tampa-bay-buccaneers/115279736/, NFL Divisional Round: New Orleans Saints home favorites vs. Tampa Bay Buccaneers, 0
https://www.usatoday.com/https://www.usatoday.com/story/sports/golf/2021/01/11/pga-of-america-to-move-2022-pga-championship-from-trump-bedminster/115279042/, PGA of America to move 2022 PGA Championship from Trump Bedminster, 0
https://www.usatoday.com/https://www.usatoday.com/story/sports/media/2021/01/11/dan-le-batard-john-skipper-launch-sports-content-company-espn/6620219002/, Dan Le Batard| former ESPN boss join to launch sports content company, 0
https://www.usatoday.com/https://www.usatoday.com/story/sports/golf/2021/01/11/ra-says-no-plans-to-award-the-open-to-trumps-turnberry/115280552/, R&A says no plans to award the Open to Trump's Turnberry, 0
https://www.usatoday.com/https://www.usatoday.com/story/news/politics/2021/01/11/steven-sund-national-guard-help-capitol-riots/6620195002/, Capitol riot: Ex-police chief Steven Sund sought National Guard help, 0
https://www.usatoday.com/https://www.usatoday.com/videos/news/have-you-seen/2021/01/11/german-shepherd-and-duck-make-odd-couple/6620830002/, This German shepherd and duck make an odd couple, 0
https://www.usatoday.com/https://www.usatoday.com/videos/news/weather/2021/01/11/madrid-residents-clear-hospital-entrances-after-snow/6620218002/, Madrid residents clear hospital entrances after snow, 0
https://www.usatoday.com/https://www.usatoday.com/story/sports/sports-betting/2021/01/11/national-championship-prop-bet-payday-alabama-vs-ohio-state-prop-predictions/115279844/, National Championship Prop Bet Payday: Alabama vs. Ohio State prop predictions, 0
https://www.usatoday.com/https://www.usatoday.com/story/entertainment/celebrities/2021/01/11/snl-jay-pharoah-talks-police-brutality-incident-parents-reaction/6620269002/, 'SNL's Jay Pharoah talks police brutality incident| parents' reaction, 0
https://www.usatoday.com/https://www.usatoday.com/story/sports/mlb/columnist/bob-nightengale/2021/01/11/fernando-tatis-jr-extension-talks-padres/6620490002/, Fernando Tatis Jr. extension talks haven't started with Padres - yet, 0
https://www.usatoday.com/https://www.usatoday.com/story/entertainment/movies/2021/01/11/critics-choice-super-awards-winners-list/6620563002/, Critics Choice Super Awards winners: Soul| Palm Springs| Jensen Ackles, 0
https://www.usatoday.com/https://www.usatoday.com/story/sports/sports-betting/2021/01/11/cfp-national-championship-prop-bet-payday-5-ohio-state-prop-predictions/115279864/, CFP National Championship Prop Bet Payday: 5 Ohio State prop predictions, 0
https://www.usatoday.com/https://www.usatoday.com/story/news/politics/2021/01/11/obama-bush-clinton-join-biden-wreath-laying-event-arlington/6620649002/, Obama| Bush| Clinton to join Biden at wreath-laying event at Arlington, 0
https://www.usatoday.com/https://www.usatoday.com/story/travel/hotels/2021/01/11/the-queens-gambit-inspired-hotel-room-features-ceiling-chess/6621363002/, 'The Queen's Gambit'-inspired hotel room features ceiling chess, 0
https://www.usatoday.com/https://www.usatoday.com/videos/news/politics/2021/01/11/us-capitol-police-violently-attacked-pro-trump-supporters/6621449002/, US Capitol Police violently attacked by pro-Trump supporters, 0
https://www.usatoday.com/https://www.usatoday.com/story/news/health/2021/01/11/amid-coronavirus-flu-cases-record-low/4127197001/, Flu cases hit record low in 2020 amid COVID| CDC says. Here's why., 0
https://www.usatoday.com/https://www.usatoday.com/story/entertainment/books/2021/01/11/using-term-orwellian-wrong-george-orwell-explainer-1984/6616511002/, You're using the term ‘Orwellian’ wrong: A George Orwell explainer, 0
https://www.usatoday.com/https://www.usatoday.com/story/tech/reviewedcom/2021/01/11/tory-burch-sale-shop-brands-semi-annual-sale-up-60-off/6620622002/, Tory Burch sale: Shop the brand's Semi-Annual Sale for up to 60% off, 0
https://www.usatoday.com/https://www.usatoday.com/story/news/politics/2021/01/11/what-25th-amendment-says-removing-president/6620487002/, What is the 25th Amendment? Read full text| how it can affect Trump, 0
https://www.usatoday.com/https://www.usatoday.com/story/money/markets/2021/01/11/stocks-slip-wall-street-takes-breather-after-4-day-run/6621547002/, Stocks slip as Wall Street takes a breather after 4-day run, 0
https://www.usatoday.com/https://www.usatoday.com/story/news/politics/2021/01/11/house-democrats-pushing-25th-amendment-impeachment-against-trump/6620910002/, House Democrats pushing for 25th Amendment| impeachment against Trump, 0
https://www.usatoday.com/https://www.usatoday.com/story/tech/2021/01/11/hulu-streaming-service-has-1-99-monthly-offer-college-students/6620422002/, Hulu streaming service has $1.99 monthly offer for college students, 0
https://www.usatoday.com/https://www.usatoday.com/story/sports/soccer/2021/01/11/solskjaer-plays-down-importance-of-leading-league-in-january/115280210/, Solskjaer plays down importance of leading league in January, 0
https://www.usatoday.com/https://www.usatoday.com/story/sports/sports-betting/2021/01/11/cfp-national-championship-game-how-to-watch-alabama-vs-ohio-state/115280340/, CFP National Championship game - How to watch Alabama vs. Ohio State, 0
https://www.usatoday.com/https://www.usatoday.com/story/travel/airline-news/2021/01/11/capitol-riots-could-rioters-end-up-no-fly-list/6619993002/, Capitol riots: FAA adopts stricter unruly flyer policy with no warnings, 0
https://www.usatoday.com/https://www.usatoday.com/videos/entertainment/celebrities/2021/01/11/melania-trump-tells-people-stop-violence-after-capitol-riots/6623157002/, Melania Trump tells people to 'stop the violence' after Capitol riots, 0
https://www.usatoday.com/https://www.usatoday.com/story/sports/nba/columnist/jeff-zillgitt/2021/01/11/nba-season-covid-pandemic-postponed-games-expected/6621066002/, NBA season during COVID pandemic is going as expected| no pausing now, 0
https://www.usatoday.com/https://www.reviewed.com/small-appliances/features/gosun-releases-new-solar-kitchen-appliances?utm_source=usat&utm_medium=referral&utm_campaign=collab, GoSun introduces new solar-powered products for your outdoor kitchen, 0
https://www.usatoday.com/https://www.usatoday.com/story/money/shopping/2021/01/11/doggie-desserts-ben-jerrys-ice-cream-frozen-dog-treats/6623064002/, Dog ice cream? Ben & Jerry's announces Doggie Desserts frozen treats, 0
https://www.usatoday.com/https://www.usatoday.com/story/tech/2021/01/11/what-gab-social-network-gaining-popularity-amid-parler-crackdown/6620906002/, What is Gab? Social network gaining popularity amid Parler crackdown, 0
https://www.usatoday.com/https://www.usatoday.com/story/travel/experience/america/national-parks/2021/01/11/capitol-riots-washington-monument-closed-until-joe-biden-inauguration/6622563002/, Capitol riots: Washington Monument closed until after inauguration, 0
https://www.usatoday.com/https://www.10best.com/interests/food-travel/10-unique-bacon-dishes-restaurants-across-usa/, 10 of the most creative bacon dishes around the country, 0
https://www.usatoday.com/https://www.10best.com/interests/explore/50-dog-breeds-history-rare-popular/, Around the world in 50 dogs: Incredible international breeds, 0
https://www.usatoday.com/https://www.usatoday.com/story/sports/sports-betting/2021/01/11/washington-nationals-and-betmgm-partner-on-multiyear-deal/115280510/, Washington Nationals and BetMGM partner on multi-year deal, 0
https://www.usatoday.com/https://www.reviewed.com/style/features/orolay-amazon-coat-review-new-parka-worth-buying?utm_source=usat&utm_medium=referral&utm_campaign=collab, I bought the new version of the viral ‘Amazon coat’, 0
https://www.usatoday.com/https://www.reviewed.com/laptops/features/toshiba-satellite-laptops-return?utm_source=usat&utm_medium=referral&utm_campaign=collab, Toshiba Satellite Laptops are back after years of retirement, 0
https://www.usatoday.com/https://www.usatoday.com/story/sports/nhl/2021/01/11/mike-milbury-wont-return-nbc-sports-nhl/6622385002/, Mike Milbury won't return to NBC Sports after 14 years with network, 0
https://www.usatoday.com/https://www.usatoday.com/story/entertainment/tv/2021/01/11/60-minutes-nancy-pelosi-lesley-stahl-trump-insurrection-25th-amendment/6621631002/, '60 Minutes': Nancy Pelosi talks Trump| insurrection| 25th amendment, 0
https://www.usatoday.com/https://www.usatoday.com/story/sports/nba/2021/01/11/poll-alert-gonzaga-baylor-remain-atop-top-25-no-25-uconn-into-poll-for-1st-time-since-reaching-no-18/43320343/, POLL ALERT: Gonzaga| Baylor remain atop Top 25; No. 25 UConn into poll for 1st time since reaching No. 18 in 2016-17, 0
https://www.usatoday.com/https://www.usatoday.com/videos/news/nation/2021/01/11/restaurant-secrets-you-should-know/6622697002/, Restaurant secrets you should know, 0
https://www.usatoday.com/https://www.usatoday.com/story/sports/sports-betting/2021/01/11/nfl-divisional-round-kansas-city-chiefs-decisive-home-favorites-vs-at-kansas-city-chiefs/115280652/, NFL Divisional Round: Kansas City Chiefs decisive home favorites vs. Cleveland Browns, 0
https://www.usatoday.com/https://www.usatoday.com/story/sports/ncaab/2021/01/11/gonzaga-baylor-remain-atop-ap-top-25-uconn-in-at-no-25/115280720/, Gonzaga| Baylor remain atop AP Top 25; UConn in at No. 25, 0
https://www.usatoday.com/https://www.usatoday.com/story/sports/nfl/2021/01/11/jets-add-titans-oc-arthur-smith-to-list-of-hc-candidates/43320363/, Jets interview Titans OC Smith| Saints DBs coach Glenn, 0
https://www.usatoday.com/https://www.usatoday.com/videos/news/nation/2021/01/11/house-democrats-introduce-articles-impeachment/6624231002/, House Democrats introduce articles of impeachment, 0
https://www.usatoday.com/https://www.usatoday.com/story/sports/mls/2021/01/11/lafc-acquires-forward-corey-baird-from-real-salt-lake/43320371/, LAFC acquires forward Corey Baird from Real Salt Lake, 0
https://www.usatoday.com/https://www.reviewed.com/laundry/news/samsung-debuts-8800-series-front-load-washer-and-dryer?utm_source=usat&utm_medium=referral&utm_campaign=collab, This brand new washer-dryer duo makes laundry less stressful, 0
https://www.usatoday.com/https://www.usatoday.com/story/sports/ncaab/2021/01/11/cyclones-freshman-foster-to-have-surgery-out-for-season/43320373/, Cyclones' freshman Foster to have surgery| out for season, 0
https://www.usatoday.com/https://www.usatoday.com/story/entertainment/tv/2021/01/11/cnn-fox-news-lineup-changes-opinion-jake-tapper/6622052002/, CNN| Fox News lineup changes: Fox adds opinion| Abby Phillip gets show, 0
https://www.usatoday.com/https://www.usatoday.com/videos/travel/2021/01/11/these-most-powerful-passports/6620595002/, These are the most powerful passports, 0
https://www.usatoday.com/https://www.usatoday.com/story/sports/ncaab/2021/01/11/college-basketball-poll-michigan-joins-top-five-gonzaga-no-1/6623652002/, College basketball poll: Michigan joins top five| Gonzaga still No. 1, 0
https://www.usatoday.com/https://www.usatoday.com/videos/news/nation/2021/01/11/dc-mayor-wants-more-security-around-inauguration/6624888002/, DC mayor wants more security around inauguration, 0
https://www.usatoday.com/https://www.reviewed.com/robotvacuums/news/samsung-emphasizes-navigation-jetbot-90?utm_source=usat&utm_medium=referral&utm_campaign=collab, Samsung emphasizes navigation in its new robot vac-mop, 0
https://www.usatoday.com/https://www.usatoday.com/story/news/nation/2021/01/11/insurrection-act-trump-capitol-riot/6619972002/, Insurrection Act: Could Trump invoke? What is martial law?, 0
https://www.usatoday.com/https://www.usatoday.com/story/sports/ftw/2021/01/11/baker-mayfield-trolls-colin-cowherd-backwards-hat/115279734/, Baker Mayfield appears to troll Colin Cowherd by turning hat around, 0
https://www.usatoday.com/https://www.usatoday.com/story/sports/ncaab/sec/2021/01/11/laurel-county-sheriff-responds-to-kentucky-basketballs-national-anthem-protest/6624137002/, Sheriff| jailer burn shirts over Kentucky basketball anthem protest, 0
https://www.usatoday.com/https://www.usatoday.com/videos/life/militarykind/2021/01/11/sailor-makes-home-birth-first-child/6625162002/, Sailor makes it home for birth of first child, 0
https://www.usatoday.com/https://www.usatoday.com/story/sports/nhl/2021/01/11/doan-returning-to-coyotes-in-front-office-role/115281260/, Doan returning to Coyotes in front office role, 0
https://www.usatoday.com/https://www.usatoday.com/story/sports/sports-betting/2021/01/11/nfl-divisional-round-buffalo-bills-slight-home-favorites-vs-baltimore-ravens/115281286/, NFL Divisional Round: Buffalo Bills slight home favorites vs. Baltimore Ravens, 0
https://www.usatoday.com/https://www.usatoday.com/story/sports/ncaaf/2021/01/11/carson-palmer-bob-stoops-lead-college-hall-of-fame-class/115281298/, Carson Palmer| Bob Stoops lead college Hall of Fame class, 0
https://www.usatoday.com/https://www.usatoday.com/story/money/shopping/2021/01/11/staples-office-depot-merger-proposal/6624145002/, Staples-Office Depot merger: Will the office supply chains combine?, 0
https://www.usatoday.com/https://www.usatoday.com/videos/news/nation/2021/01/11/capitol-riots-officer-hailed-hero-drawing-mob-away-senate/6625175002/, Capitol riots: Officer hailed hero for drawing mob away from Senate, 0
https://www.usatoday.com/https://www.usatoday.com/videos/news/nation/2021/01/11/analysis-twitter-facebook-moves-protected-law/6625597002/, Analysis: Twitter| Facebook moves protected by law, 0
https://www.usatoday.com/https://www.usatoday.com/story/tech/2021/01/11/facebook-civil-rights-names-vp-counter-racial-hatred-violence/6625413002/, Facebook on civil rights: VP to counter violence| racial hatred named, 0
https://www.usatoday.com/https://www.reviewed.com/cleaning/news/samsung-announces-bespoke-cube-air-purifier?utm_source=usat&utm_medium=referral&utm_campaign=collab, Reduce air pollutants and look good doing it, 0
https://www.usatoday.com/https://www.usatoday.com/story/sports/nba/2021/01/11/nba-calls-off-2-more-games-over-virus-related-concerns/43320479/, 'Uncharted waters': More NBA games off as virus issues grow, 0
https://www.usatoday.com/https://www.usatoday.com/story/news/politics/2021/01/11/rudolph-giuliani-donald-trump-capitol-chaos/6625335002/, Rudy Giuliani: New York State Bar may boot him for inciting Capitol mob, 0
https://www.usatoday.com/https://www.usatoday.com/story/sports/ncaaw/2021/01/11/no-25-washington-st-earns-1st-ranking-in-womens-ap-top-25/115281366/, No. 25 Washington St earns 1st ranking in women's AP Top 25, 0
https://www.usatoday.com/https://www.usatoday.com/story/money/cars/2021/01/11/ford-f-150-hyundai-elantra-mustang-mach-e/6625646002/, Ford F-150| Ford Mustang Mach-E win Truck| Utility of the Year awards, 0
https://www.usatoday.com/https://www.usatoday.com/story/sports/nba/2021/01/11/in-blow-to-wizards-westbrook-out-a-week-with-injured-leg/43320489/, In blow to Wizards| Westbrook out a week with injured leg, 0
https://www.usatoday.com/https://www.usatoday.com/story/sports/nba/2021/01/11/nba-covid-19-coronavirus-updates/6625552002/, NBA COVID-19 updates: Mavericks-Pelicans Celtics-Bulls postponed, 0
https://www.usatoday.com/https://www.usatoday.com/story/opinion/2021/01/11/covid-19-cases-rising-after-christmas-gatherings-column/6617457002/, Christmas COVID surge: Vaccines and immunity could make it the last one, 0
https://www.usatoday.com/https://www.usatoday.com/story/sports/ncaaf/2021/01/11/nick-saban-bear-bryant-alabama-college-football-title-2021/6619382002/, Nick Saban or Paul 'Bear' Bryant: Which football coach is Alabama's best?, 0
https://www.usatoday.com/https://www.usatoday.com/story/sports/ncaaf/2021/01/11/ohio-state-alabama-national-championship-kickoff-time-tv-stream/6616513002/, Ohio State-Alabama: National championship kickoff time| TV| stream, 0
https://www.usatoday.com/https://www.usatoday.com/story/sports/ncaaf/2021/01/11/college-football-hall-fame-tony-romo-carson-palmer-2021-class/6619181002/, College Football Hall of Fame: Tony Romo| Carson Palmer in 2021 class, 0
https://www.usatoday.com/https://www.usatoday.com/story/tech/reviewedcom/2021/01/11/here-all-new-pixar-projects-coming-disney-plus/6625409002/, Here are all the new Pixar projects coming to Disney+, 0
https://www.usatoday.com/https://www.usatoday.com/story/money/2021/01/11/capitol-riots-trump-gun-manufacturers-ruger-vista-smith-wesson/6597753002/, Capitol riots: Gun manufacturers' stock prices rise, 0
https://www.usatoday.com/https://www.usatoday.com/story/nletter/health/2021/01/11/coronavirus-watch-what-flu-season-tells-us-covid-19/6623982002/, Coronavirus Watch: What this flu season tells us about COVID-19, 0
https://www.usatoday.com/https://www.usatoday.com/story/news/politics/2021/01/11/hogan-announcement-earned-income-tax-credit-economic-md-relief-bill-stimulus-check/6626099002/, Gov. Larry Hogan proposes Md. pass its own relief| stimulus checks, 0
https://www.usatoday.com/https://www.usatoday.com/story/sports/sports-betting/2021/01/11/phoenix-suns-at-washington-wizards-odds-picks-and-prediction/115281448/, Phoenix Suns at Washington Wizards odds| picks and prediction, 0
https://www.usatoday.com/https://www.usatoday.com/sitemap/2021/january/11/, 1, 0
https://www.usatoday.com/https://www.usatoday.com/sitemap/2021/january/11/?page=2, 2, 0
