https://www.usatoday.com/https://www.usatoday.com/picture-gallery/sports/ncaaf/2021/01/12/college-football-championship-game-best-photos-alabama-ohio-state/6632364002/, College football championship game: Best photos of Alabama-Ohio State, 0
https://www.usatoday.com/https://www.usatoday.com/story/sports/soccer/2021/01/11/matchday-man-united-looks-to-take-the-lead-in-england/43320711/, MATCHDAY: Man United looks to take the lead in England, 0
https://www.usatoday.com/https://www.usatoday.com/story/sports/nfl/2021/01/11/health-of-key-saints-players-trending-up-at-the-right-time/115284932/, Health of key Saints players trending up at the right time, 0
https://www.usatoday.com/https://www.usatoday.com/videos/news/nation/2021/01/12/nyc-opens-up-vaccines-new-groups/6632589002/, NYC opens up vaccines to new groups, 0
https://www.usatoday.com/https://www.usatoday.com/videos/news/nation/2021/01/12/us-capitol-riot-police-officer-dragged-down-steps-and-beaten/6632567002/, US Capitol riot: Police officer dragged down steps and beaten, 0
https://www.usatoday.com/https://www.usatoday.com/story/tech/reviewedcom/2021/01/11/17-super-popular-toys-you-can-currently-buy-walmart/43320659/, 17 super popular toys you can currently buy at Walmart, 0
https://www.usatoday.com/https://www.usatoday.com/story/sports/ncaaf/2021/01/11/ohio-state-missing-two-defensive-lineman-against-alabama-title-game/6632616002/, Ohio State football missing defensive lineman for championship game, 0
https://www.usatoday.com/https://www.usatoday.com/story/news/factcheck/2021/01/11/fact-check-video-shows-trump-family-tent-before-jan-6-rally/6616490002/, Fact check: Video shows Trump family in tent before Jan. 6 rally, 0
https://www.usatoday.com/https://www.usatoday.com/story/sports/ftw/2021/01/11/nbc-mike-babcock-mike-milbury-nhl-hockey/115281236/, NBC drops Mike Milbury| but adding Mike Babcock isn't good look, 0
https://www.usatoday.com/https://www.usatoday.com/story/sports/ncaab/2021/01/11/davis-scores-20-to-carry-smu-past-temple-79-68/43320737/, Davis scores 20 to carry SMU past Temple 79-68, 0
https://www.usatoday.com/https://www.usatoday.com/story/sports/ncaaf/2021/01/11/alabama-ohio-state-national-championship-feels-like-no-other/6628790002/, Alabama-Ohio State national championship felt like no other, 0
https://www.usatoday.com/https://www.usatoday.com/story/sports/mlb/2021/01/11/rob-manfred-mlb-planning-normal-spring-training-start-season/6632573002/, MLB: Plan on normal start for spring training| full 162-game season, 0
https://www.usatoday.com/https://www.usatoday.com/story/sports/nfl/2021/01/11/new-england-patriots-coach-bill-belichick-says-he-will-not-receive-the-presidential-medal-of-freedom/115282818/, New England Patriots coach Bill Belichick says he will not receive the Presidential Medal of Freedom., 0
https://www.usatoday.com/https://www.usatoday.com/story/opinion/policing/2021/01/11/trump-last-days-marred-disregard-human-life-death-penalty-column/6602891002/, Trump's last days marred by disregard for human life. Death penalty another example, 0
https://www.usatoday.com/https://www.usatoday.com/story/sports/nfl/2021/01/11/belichick-wont-get-presidential-medal-of-freedom-after-all/115282874/, Belichick won't get Presidential Medal of Freedom after all, 0
https://www.usatoday.com/https://www.usatoday.com/story/entertainment/tv/2021/01/11/jeopardy-without-alex-trebek-how-ken-jennings-did-host/6624540002/, 'Jeopardy!' without Alex Trebek: How Ken Jennings did as host, 0
https://www.usatoday.com/https://www.usatoday.com/videos/tech/2021/01/12/ces-2021-robots-do-dishes-pour-wine-act-like-pets/6632919002/, CES 2021: Robots do dishes| pour wine or act like pets, 0
https://www.usatoday.com/https://www.usatoday.com/story/sports/nfl/patriots/2021/01/11/bill-belichick-patriots-declines-medal-freedom-donald-trump/6632843002/, Bill Belichick declines Medal of Freedom from Donald Trump, 0
https://www.usatoday.com/https://www.usatoday.com/story/sports/ncaaf/2021/01/11/national-championship-alabama-vs-ohio-state-live-score-updates/6620417002/, Alabama football crushing Ohio State in college football championship, 0
https://www.usatoday.com/https://www.usatoday.com/story/news/nation/2021/01/11/florida-man-adam-johnson-lectern-us-capitol-riot-nancy-pelosi/6632736002/, Florida man accused of stealing lectern in US Capitol riot out of jail, 0
https://www.usatoday.com/https://www.usatoday.com/story/entertainment/books/2021/01/11/crooked-path-abolition-review-how-lincoln-abolished-slavery/6571253002/, 'Crooked Path to Abolition' review: How Lincoln abolished slavery, 0
https://www.usatoday.com/https://www.usatoday.com/story/sports/ncaab/2021/01/11/colorado-tops-utah-behind-double-doubles-by-schwartz-walker/43320779/, Colorado tops Utah behind double-doubles by Schwartz| Walker, 0
https://www.usatoday.com/https://www.usatoday.com/story/tech/news/2021/01/11/parler-hack-platform-archived-hackers-capitol-riots/6629772002/, Parler hack: Public info from platform archived by 'activist hackers', 0
https://www.usatoday.com/https://www.usatoday.com/story/sports/ncaaf/2021/01/11/alabama-football-jaylen-waddle-surprises-return-championship/6633355002/, Alabama football: Jaylen Waddle surprises with return in championship, 0
https://www.usatoday.com/https://www.usatoday.com/story/sports/tennis/2021/01/11/2-test-positive-for-covid-19-in-australian-open-qualifying/43320795/, 2 COVID-19 cases at Australian Open qualifying event in Doha, 0
https://www.usatoday.com/https://www.usatoday.com/story/sports/ncaab/2021/01/11/no-25-uconn-cracks-top-25-squeezes-past-depaul-60-53/43320789/, No. 25 UConn cracks Top 25| squeezes past DePaul 60-53, 0
https://www.usatoday.com/https://www.usatoday.com/story/sports/nfl/2021/01/11/panthers-interview-2-more-expect-gm-decision-this-week/115284994/, Panthers interview 2 more| expect GM decision this week, 0
https://www.usatoday.com/https://www.reviewed.com/home-theater/features/sennheiser-ie-300-in-ear-hd-250bt-headphones?utm_source=usat&utm_medium=referral&utm_campaign=collab, Sennheiser brings audiophile in-ears and budget wireless cans to CES, 0
https://www.usatoday.com/https://www.usatoday.com/videos/news/nation/2021/01/12/san-diego-zoos-gorillas-infected-covid-19/6633544002/, San Diego zoo's gorillas infected with COVID-19, 0
https://www.usatoday.com/https://www.usatoday.com/videos/news/nation/2021/01/12/la-county-adds-vaccination-sites-amid-ongoing-surge/6633545002/, LA County adds vaccination sites amid ongoing surge, 0
https://www.usatoday.com/https://www.usatoday.com/story/sports/ncaaf/bigten/2021/01/11/ohio-state-qb-justin-fields-injury-alabama-hip-pointer/6629941002/, Ohio State's Justin Fields 'not 100 percent' due to painful injury, 0
https://www.usatoday.com/https://www.usatoday.com/videos/news/weather/2021/01/12/dog-gets-surprise-first-ever-snow-experience-mississippi/6633543002/, Dog gets a surprise with first-ever snow experience in Mississippi, 0
https://www.usatoday.com/https://www.usatoday.com/videos/news/weather/2021/01/12/parts-mississippi-blanketed-snow/6633273002/, Parts of Mississippi blanketed with snow, 0
https://www.usatoday.com/https://www.usatoday.com/story/sports/tennis/2021/01/11/american-christian-harrison-advances-to-delray-beach-semis/43320625/, Isner says he'll skip Australian Open because of COVID-19, 0
https://www.usatoday.com/https://www.usatoday.com/story/sports/nfl/packers/2021/01/11/jared-veldheer-joins-packers-after-playing-colts-wild-card-loss/6633388002/, Jared Veldheer joins Packers after playing in Colts' wild-card loss, 0
https://www.usatoday.com/https://www.usatoday.com/story/tech/2021/01/11/ces-2021-sony-airpeak-drone-unveiled/6632836002/, CES 2021: Sony's new movie video shooting Airpeak drone unveiled, 0
https://www.usatoday.com/https://www.usatoday.com/story/sports/ncaaf/2021/01/11/kicker-haubeil-unavailable-for-ohio-state-in-title-game/43320743/, Fields| prolific Ohio State attack stifled by Tide defense, 0
https://www.usatoday.com/https://www.usatoday.com/story/entertainment/music/2021/01/11/brittany-aldean-brittney-kelley-draw-fire-capitol-riot-posts/6632558002/, Brittany Aldean| Brittney Kelley draw fire for Capitol riot posts, 0
https://www.usatoday.com/https://www.usatoday.com/story/sports/ncaaf/2021/01/11/ohio-state-football-trey-sermon-injury-hospital/6633590002/, Trey Sermon| Ohio State RB| leaves national championship with injury, 0
https://www.usatoday.com/https://www.usatoday.com/story/tech/2021/01/11/twitter-purge-qanon-accounts-permanent-suspension-trump-capitol-riots/6633629002/, Twitter purges 70|000 QAnon accounts after deadly Capitol siege, 0
https://www.usatoday.com/https://www.usatoday.com/story/sports/nba/2021/01/11/hayward-scores-34-points-hornets-rout-knicks-109-88/43320845/, Hayward scores 34 points| Hornets rout Knicks 109-88, 0
https://www.usatoday.com/https://www.usatoday.com/story/sports/nba/wizards/2021/01/11/russell-westbrook-washington-guard-miss-games-injured-leg/6633776002/, Russell Westbrook: Washington Wizards guard out with injured leg, 0
https://www.usatoday.com/https://www.usatoday.com/story/sports/nba/2021/01/11/beal-scores-34-wizards-beat-suns-128-107-for-first-home-win/43320843/, Beal scores 34| Wizards beat Suns 128-107 for first home win, 0
https://www.usatoday.com/https://www.usatoday.com/story/sports/nba/2021/01/11/antetokounmpo-bucks-pull-away-late-to-beat-magic-121-99/43320847/, Antetokounmpo| Bucks pull away late to beat Magic 121-99, 0
https://www.usatoday.com/https://www.usatoday.com/story/sports/nba/2021/01/11/youngs-26-points-lead-hawks-past-short-handed-76ers-112-94/43320873/, Young's 26 points lead Hawks past short-handed 76ers| 112-94, 0
https://www.usatoday.com/https://www.usatoday.com/story/sports/ftw/2021/01/11/tom-brady-drew-brees-history-channel-inspired-photo/115282978/, Tom Brady tweets photo of him| Drew Brees with History Channel aging, 0
https://www.usatoday.com/https://www.usatoday.com/story/news/nation/2021/01/11/california-governor-state-assembly-support-removing-trump/6629453002/, California governor| state Assembly support removing Trump, 0
https://www.usatoday.com/https://www.usatoday.com/story/sports/nba/2021/01/11/brooks-scores-21-points-grizzlies-beat-cavaliers-101-91/115283098/, Brooks scores 21 points| Grizzlies beat Cavaliers 101-91, 0
https://www.usatoday.com/https://www.usatoday.com/story/entertainment/tv/2021/01/12/the-bachelor-recap-matt-dates-bri-sarah-before-medical-emergency/6620109002/, 'The Bachelor' recap: Matt dates Bri| Sarah before medical emergency, 0
https://www.usatoday.com/https://www.usatoday.com/story/sports/columnist/nancy-armour/2021/01/11/bill-belichick-chooses-his-legacy-over-donald-trumps-medal-freedom/6633725002/, Bill Belichick chooses his legacy over Donald Trump's Medal of Freedom, 0
https://www.usatoday.com/https://www.usatoday.com/story/sports/ncaaf/2021/01/11/devonta-smith-alabama-record-setting-performance-college-football-national-championship/6630561002/, Alabama football: DeVonta Smith sets records| injures finger, 0
https://www.usatoday.com/https://www.usatoday.com/story/entertainment/celebrities/2021/01/11/martha-stewart-gets-important-covid-19-vaccine/6633929002/, Martha Stewart| 79| gets 'important' COVID-19 vaccine, 0
https://www.usatoday.com/https://www.usatoday.com/videos/news/nation/2021/01/12/new-docuseries-details-californias-ghastly-night-stalker-case/6634575002/, New docuseries details California's ghastly Night Stalker case, 0
https://www.usatoday.com/https://www.usatoday.com/videos/entertainment/2021/01/12/new-docuseries-details-californias-ghastly-night-stalker-case/6634576002/, New docuseries details California's ghastly Night Stalker case, 0
https://www.usatoday.com/https://www.usatoday.com/videos/news/black-history/2021/01/12/negro-spiritual-history-civil-rights-movement/6560664002/, How negro spirituals gave voice to otherwise silenced slaves, 0
https://www.usatoday.com/https://www.usatoday.com/story/news/politics/2021/01/12/black-national-anthem-jim-clyburn-pushes-song-national-hymn/6560250002/, Black national anthem: Rep. Clyburn pushes song for the national hymn, 0
https://www.usatoday.com/https://www.usatoday.com/story/sports/ncaab/2021/01/11/arizona-loses-baker-for-the-season-with-broken-wrist/115285206/, Arizona loses Baker for the season with broken wrist, 0
https://www.usatoday.com/https://www.usatoday.com/story/sports/ncaab/2021/01/11/henry-scores-16-to-lead-bradley-over-northern-iowa-75-73/115286578/, Henry scores 16 to lead Bradley over Northern Iowa 75-73, 0
https://www.usatoday.com/https://www.usatoday.com/story/sports/mlb/whitesox/2021/01/11/white-sox-liam-hendriks-mlb-closer/6634547002/, White Sox snag Liam Hendriks| MLB's top free-agent closer, 0
https://www.usatoday.com/https://www.usatoday.com/videos/sports/ncaaf/sportspulse/2021/01/12/alabama-reassert-themselves-kings-college-football-dismantle-ohio-state-national-title/6595468002/, Alabama reasserts itself as king of college football| dismantles Ohio State for national title, 0
https://www.usatoday.com/https://www.usatoday.com/story/sports/ncaaf/2021/01/11/alabama-football-routs-ohio-state-win-cfp-national-championship/6629994002/, Alabama rips Ohio State| wins college football's national championship, 0
https://www.usatoday.com/https://www.usatoday.com/story/sports/columnist/dan-wolken/2021/01/11/nick-sabans-reinvention-alabama-football-yields-6th-national-title/6630006002/, Nick Saban reinvents Alabama football to continue domination of sport, 0
https://www.usatoday.com/https://www.usatoday.com/story/sports/ncaaf/2021/01/11/no-1-alabama-wins-national-title-52-24-over-no-3-ohio-st/43320979/, Unstoppable Tide: Alabama routs Ohio St for national title, 0
https://www.usatoday.com/https://www.tennessean.com/story/sports/2021/01/11/alabama-football-national-titles-book-college-football-playoff-2021/6634651002/, 'Tide Unstoppable', 0
https://www.usatoday.com/https://www.usatoday.com/story/entertainment/movies/2021/01/12/gotham-awards-2021-chadwick-boseman-nomadland-honored-virtual-show/6634357002/, Gotham Awards 2021: Chadwick Boseman| 'Nomadland' honored in virtual show, 0
https://www.usatoday.com/https://www.usatoday.com/story/travel/airline-news/2021/01/12/allegiant-air-flight-expansion-portland-jackson-hole-key-west/6631129002/, Allegiant Air flight expansion: Portland| Jackson Hole and Key West, 0
https://www.usatoday.com/https://www.usatoday.com/story/sports/ncaab/2021/01/12/daniels-lifts-prairie-view-past-texas-southern-71-67/115283336/, Daniels lifts Prairie View past Texas Southern 71-67, 0
https://www.usatoday.com/https://www.usatoday.com/story/sports/ncaaf/sec/2021/01/11/alabama-football-national-titles-book-college-football-playoff-2021/6634967002/, Alabama football: Relive Crimson Tide's championship run with book, 0
https://www.usatoday.com/https://www.usatoday.com/story/sports/ncaaf/2021/01/11/mac-jones-devonta-smith-alabama-breaks-records-national-championship-game/6634831002/, Alabama football breaks offense records in national championship game, 0
https://www.usatoday.com/https://www.usatoday.com/story/sports/ncaaf/bigten/2021/01/12/ohio-state-defense-had-no-answers-alabama-national-title-game/6630026002/, Ohio State football simply had no answers for Alabama in title game, 0
https://www.usatoday.com/https://www.usatoday.com/story/sports/ncaaf/2021/01/12/covid-19-shadows-title-game-as-college-football-season-ends/43321287/, COVID-19 shadows title game as college football season ends, 0
https://www.usatoday.com/https://www.usatoday.com/story/sports/ncaaf/2021/01/12/analysis-devonta-smith-in-just-a-half-wasnt-half-bad/115283590/, Analysis: DeVonta Smith| in just a half| wasn't half bad, 0
https://www.usatoday.com/https://www.usatoday.com/story/sports/nba/2021/01/12/kings-hold-off-pacers-127-122-with-replay-help/115283380/, Kings hold off Pacers 127-122 with replay help, 0
https://www.usatoday.com/https://www.usatoday.com/story/sports/nba/2021/01/12/mccollums-shot-lifts-blazers-to-112-111-win-over-raptors/43321033/, McCollum's shot lifts Blazers to 112-111 win over Raptors, 0
https://www.usatoday.com/https://www.usatoday.com/story/sports/ncaaf/2021/01/12/perfect-alabama-finishes-no-1-in-ap-top-25-for-11th-time/115283406/, Perfect Alabama finishes No. 1 in AP Top 25 for 12th time, 0
https://www.usatoday.com/https://www.usatoday.com/story/sports/ncaaf/sec/2021/01/11/alabama-football-fans-flood-tuscaloosa-strip/6635304002/, Alabama fans flood streets to celebrate CFB national championship, 0
https://www.usatoday.com/https://www.usatoday.com/videos/news/nation/2021/01/12/woman-makes-dolls-kids-after-beirut-blast/6635329002/, Woman makes dolls for kids after Beirut blast, 0
https://www.usatoday.com/https://www.usatoday.com/story/sports/ncaaf/2021/01/12/nick-saban-alabama-college-football-national-championships-ranked/6625637002/, Nick Saban's Alabama college football national championships ranked, 0
https://www.usatoday.com/https://www.usatoday.com/story/sports/ncaaf/2021/01/12/sarkisian-bama-stars-deliver-big-numbers-in-ocs-finale/43320715/, Sarkisian| Bama stars deliver big numbers in OC's finale, 0
https://www.usatoday.com/https://www.usatoday.com/story/sports/columnist/dan-wolken/2021/01/12/mac-jones-has-greatest-quarterback-season-alabama-football-history-national-championship/6635291002/, Mac Jones has greatest season for QB in Alabama's run to championship, 0
https://www.usatoday.com/https://www.usatoday.com/story/sports/ncaaf/2021/01/12/column-another-boring-blowout-in-the-era-of-super-teams/43321427/, Column: Another boring blowout in the era of super teams, 0
https://www.usatoday.com/https://www.usatoday.com/videos/sports/ncaaf/sportspulse/2021/01/12/nick-sabans-alabama-program-cements-legacy-greatest-ever/6635437002/, Nick Saban's Alabama program cements legacy as greatest ever, 0
https://www.usatoday.com/https://www.usatoday.com/story/sports/olympics/2021/01/12/tokyo-olympic-president-tries-to-reassure-doubting-country/43321151/, Tokyo Olympic president tries to reassure doubting country, 0
https://www.usatoday.com/https://www.usatoday.com/story/sports/ncaab/2021/01/12/no-7-michigan-faces-stiff-test-against-2-ranked-opponents/115283480/, No. 7 Michigan faces stiff test against 2 ranked opponents, 0
https://www.usatoday.com/https://www.usatoday.com/story/sports/nfl/2021/01/12/column-smith-schuster-fires-up-foes-through-jigs-and-digs/115283498/, Column: Smith-Schuster fires up foes through jigs and digs, 0
https://www.usatoday.com/https://www.usatoday.com/story/sports/nhl/2021/01/12/nhl-offseason-moves-influenced-by-coronavirus-impact-on-cap/43321175/, NHL offseason moves influenced by coronavirus' impact on cap, 0
https://www.usatoday.com/https://www.usatoday.com/story/sports/nba/2021/01/12/analysis-amid-a-pandemic-a-blowout-epidemic-also-happening/43321211/, Analysis: Amid pandemic| NBA blowout epidemic also happening, 0
https://www.usatoday.com/https://www.usatoday.com/story/sports/ncaaf/2021/01/12/stat-watch-smiths-big-night-ends-with-sec-playoff-records/43321237/, STAT WATCH: Smith's big night ends with SEC| playoff records, 0
https://www.usatoday.com/https://www.usatoday.com/story/news/nation/2021/01/12/lisa-montgomery-first-us-execution-female-inmate-67-years-halted/6635530002/, Lisa Montgomery: 1st US execution of woman in 67 years, 0
https://www.usatoday.com/https://www.usatoday.com/story/opinion/2021/01/12/facebook-twitter-trump-voters-regulators-must-resolve-column/6620876002/, The Facebook-Twitter-Trump mess may end with government regulation, 0
https://www.usatoday.com/https://www.usatoday.com/story/opinion/2021/01/12/impeach-trump-deny-millions-benefits-after-presidency-column/6624252002/, Impeach Trump so he won't get taxpayer millions after his presidency, 0
https://www.usatoday.com/https://www.usatoday.com/story/news/politics/2021/01/12/impeachment-25th-amendment-congress-options-removing-trump/6621860002/, Impeachment| 25th Amendment: Congress' options for removing Trump, 0
https://www.usatoday.com/https://www.usatoday.com/story/news/health/2021/01/12/covid-deaths-surge-hospitals-face-unprecedented-wave-patients/6620070002/, COVID deaths surge as hospitals face unprecedented wave of patients, 0
https://www.usatoday.com/https://www.usatoday.com/story/news/health/2021/01/12/covid-news-disneyland-vaccination-site-california-john-roberts-indiana/6630533002/, COVID news: Vaccine eligibility expanded; test required to fly into US, 0
https://www.usatoday.com/https://www.usatoday.com/story/news/politics/2021/01/12/donald-trump-heads-texas-defend-his-legacy-remember-the-alamo/6623672002/, Remember the Alamo? Donald Trump heads to Texas to defend his legacy, 0
https://www.usatoday.com/https://www.usatoday.com/story/sports/tennis/2021/01/12/sabalenka-into-abu-dhabi-final-with-14th-straight-win/43321387/, Sabalenka reaches Abu Dhabi final after 14th straight win, 0
https://www.usatoday.com/https://www.usatoday.com/videos/news/nation/2021/01/12/capitol-riot-horn-lectern-suspects-court/6635592002/, Capitol Riot 'Horn' & 'Lectern' suspects in court, 0
https://www.usatoday.com/https://www.usatoday.com/videos/entertainment/2021/01/12/alien-puppet-interviews-celebs-earth-ned/6635594002/, Alien puppet interviews celebs in ‘Earth to Ned’, 0
https://www.usatoday.com/https://www.usatoday.com/videos/news/nation/2021/01/12/alien-puppet-interviews-celebs-earth-ned/6635593002/, Alien puppet interviews celebs in ‘Earth to Ned’, 0
https://www.usatoday.com/https://www.usatoday.com/story/news/nation/2021/01/12/state-capitol-protests-test-security-metal-detector-and-gun-laws/6627504002/, State capitol protests to test security| metal detector and gun laws, 0
https://www.usatoday.com/https://www.usatoday.com/story/opinion/voices/2021/01/12/raphael-warnock-georgia-black-voters-election-column/6624962002/, Warnock's Georgia victory: The Black vote has been a long time coming, 0
https://www.usatoday.com/https://www.usatoday.com/story/news/2021/01/12/25th-amendment-vote-trumps-texas-trip-5-things-know-tuesday/6619363002/, 25th Amendment vote| Trump's Texas trip: 5 things to know Tuesday, 0
https://www.usatoday.com/https://www.usatoday.com/story/news/50-states/2021/01/12/back-class-late-night-shots-library-hero-news-around-states/115283634/, Back in class| late-night shots: News from around our 50 states, 0
https://www.usatoday.com/https://www.usatoday.com/videos/news/nation/2021/01/12/day-12-january-1966/6635679002/, On This Day: 12 January 1966, 0
https://www.usatoday.com/https://www.usatoday.com/videos/entertainment/2021/01/12/day-12-january-1966/6635681002/, On This Day: 12 January 1966, 0
https://www.usatoday.com/https://www.usatoday.com/story/opinion/2021/01/12/hold-senators-who-incited-capitol-riot-accountable-sen-jon-tester-column/6620300002/, Hold senators who incited Capitol riot accountable: Sen. Jon Tester, 0
https://www.usatoday.com/https://www.usatoday.com/story/money/personalfinance/retirement/2021/01/12/not-to-save-employers-401-k/115270492/, What to consider before joining your employer's 401 (k) plan, 0
https://www.usatoday.com/https://www.usatoday.com/story/news/politics/2021/01/12/joe-biden-inauguration-what-we-know-january-20/6629794002/, Joe Biden inauguration: What we know about January 20, 0
https://www.usatoday.com/https://www.usatoday.com/videos/news/nation/2021/01/12/ap-top-stories-january-12/6635696002/, AP Top Stories January 12 A, 0
https://www.usatoday.com/https://www.usatoday.com/videos/news/nation/2021/01/12/jeff-koons-empowering-through-art/6635697002/, Jeff Koons is empowering through art, 0
https://www.usatoday.com/https://www.usatoday.com/videos/entertainment/2021/01/12/jeff-koons-empowering-through-art/6635698002/, Jeff Koons is empowering through art, 0
https://www.usatoday.com/https://www.usatoday.com/videos/news/nation/2021/01/12/florida-manatee-spotted-trump-scraped-back/6635691002/, Florida manatee spotted with TRUMP scraped on back, 0
https://www.usatoday.com/https://www.usatoday.com/story/nletter/2021/01/12/25th-amendment-vote-trumps-texas-trip-daily-briefing/6635684002/, 25th Amendment vote| Trump's Texas trip: Daily Briefing, 0
https://www.usatoday.com/https://www.usatoday.com/story/sports/ncaaf/2021/01/12/college-football-early-top-25-alabama-georgia-clemson/6594261002/, College football early Top 25 sees Alabama| Georgia| Clemson near top, 0
https://www.usatoday.com/https://www.usatoday.com/story/sports/sports-betting/2021/01/12/2021-sony-open-fantasy-golf-power-rankings/115283800/, 2021 Sony Open Fantasy Golf Power Rankings, 0
https://www.usatoday.com/https://www.usatoday.com/story/sports/ncaaf/2021/01/12/alabama-college-football-monopoly-ohio-state-championship/6630094002/, Alabama is a college football monopoly. Is it time to break it up?, 0
https://www.usatoday.com/https://www.usatoday.com/story/money/columnist/2021/01/12/employee-assistance-programs-may-offer-virtual-fitness-classes-ask-hr/6601324002/, Employee assistance programs may offer virtual fitness classes: Ask HR, 0
https://www.usatoday.com/https://www.usatoday.com/story/travel/news/2021/01/12/covid-vaccine-tourism-florida-discourages-outsiders-seeking-shot/6626445002/, COVID-19 vaccine tourism: Florida discourages outsiders seeking shot, 0
https://www.usatoday.com/https://www.usatoday.com/story/news/2021/01/12/serious-capitol-riot-charges-prosecutors/6624211002/, Serious Capitol riot charges could be on the way from prosecutors, 0
https://www.usatoday.com/https://www.usatoday.com/story/opinion/voices/2021/01/12/african-americans-black-race-health-care-covid-19-vaccination-column/6622889002/, Blame racist health care system for Black distrust of COVID-19 vaccine, 0
https://www.usatoday.com/https://www.usatoday.com/story/life/health-wellness/2021/01/12/covid-mental-health-how-cope-emotional-exhaustion-and-burnout/4134289001/, COVID mental health: How to cope with emotional exhaustion and burnout, 0
https://www.usatoday.com/https://www.usatoday.com/story/tech/2021/01/12/yelps-new-feature-displays-whether-business-has-safety-practices/6564075002/, Yelp's new feature displays whether a business has safety practices, 0
https://www.usatoday.com/https://www.usatoday.com/story/sports/mlb/2021/01/12/andy-pettitte-baseball-hall-of-fame-case/6587352002/, Andy Pettitte’s Baseball Hall of Fame candidacy a complicated case, 0
https://www.usatoday.com/https://www.usatoday.com/story/news/politics/elections/2021/01/12/live-politics-updates-house-resume-efforts-oust-president-trump/6626864002/, Live updates: Mike Pence says he will not invoke 25th Amendment, 0
https://www.usatoday.com/https://www.usatoday.com/story/sports/nhl/2021/01/12/nhl-2021-schedule-season-one-its-most-unusual/6603982002/, NHL 2021 schedule among reasons season will be one of its most unusual, 0
https://www.usatoday.com/https://www.usatoday.com/story/sports/ftw/2021/01/12/alabama-four-team-playoff-perfect-college-football/115283870/, Alabama showed us a four-team playoff is perfect for college football, 0
https://www.usatoday.com/https://www.usatoday.com/story/sports/mlb/nationals/2021/01/12/washington-nationals-betmgm-offer-sportsbook-ballpark-wagering/6632591002/, Washington Nationals| BetMGM to offer sportsbook| in-ballpark wagering, 0
https://www.usatoday.com/https://www.usatoday.com/videos/news/nation/2021/01/12/showbiz-minute-gotham-awards-dalai-lama-carnival/6635914002/, ShowBiz Minute: Gotham Awards| Dalai Lama| Carnival, 0
https://www.usatoday.com/https://www.usatoday.com/videos/entertainment/2021/01/12/showbiz-minute-gotham-awards-dalai-lama-carnival/6635916002/, ShowBiz Minute: Gotham Awards| Dalai Lama| Carnival, 0
https://www.usatoday.com/https://www.usatoday.com/story/news/nation/2021/01/12/covid-gorillas-test-positive-san-diego-zoo-safari-park-california/6635869002/, COVID: Gorillas test positive at San Diego Zoo Safari Park| California, 0
https://www.usatoday.com/https://www.usatoday.com/story/sports/sports-betting/2021/01/12/wisconsin-at-michigan-odds-picks-and-prediction/115284152/, Wisconsin at Michigan odds| picks and prediction, 0
https://www.usatoday.com/https://www.usatoday.com/story/opinion/2021/01/12/censure-isnt-enough-trump-needs-impeached/6632175002/, Censure isn't enough| Trump needs to be impeached, 0
https://www.usatoday.com/https://www.usatoday.com/storytelling/2020-year-in-photos/, 2020 in review, 0
https://www.usatoday.com/https://www.usatoday.com/videos/news/nation/2021/01/12/czuchry-irresponsible-the-resident-ignore-pandemic/6636105002/, Czuchry: 'Irresponsible' for 'The Resident' to ignore pandemic, 0
https://www.usatoday.com/https://www.usatoday.com/videos/entertainment/2021/01/12/czuchry-irresponsible-the-resident-ignore-pandemic/6636109002/, Czuchry: 'Irresponsible' for 'The Resident' to ignore pandemic, 0
https://www.usatoday.com/https://www.usatoday.com/story/entertainment/celebrities/2021/01/12/brian-austin-green-sharna-burgess-kiss-post-megan-fox-split/6635847002/, Brian Austin Green| Sharna Burgess kiss in pic post-Megan Fox split, 0
https://www.usatoday.com/https://www.usatoday.com/story/news/health/2021/01/12/covid-vaccine-states-speed-up-vaccinations-hold-back-second-dose/6635995002/, COVID-19 vaccine: Trump admin. asks states to not hold back 2nd dose, 0
https://www.usatoday.com/https://www.usatoday.com/story/travel/experience/america/theme-parks/2021/01/12/covid-19-vaccine-disneyland-inoculation-site/6635828002/, COVID-19 vaccine: Disneyland Resort to serve as mass inoculation site, 0
https://www.usatoday.com/https://www.usatoday.com/videos/life/militarykind/2021/01/12/airmans-surprise-sends-kids-happiness-sky-high/6636370002/, Airman's surprise sends kids' happiness sky high, 0
https://www.usatoday.com/https://www.usatoday.com/story/sports/nfl/columnist/nate-davis/2021/01/12/colts-quarterback-2021-philip-rivers-carson-wentz-matthew-stafford/6616831002/, Colts' quarterback in 2021? Nine names including Philip Rivers, 0
https://www.usatoday.com/https://www.usatoday.com/story/nletter/2021/01/12/daily-money-1-12-21/6635949002/, The Daily Money 1-12-21, 0
https://www.usatoday.com/https://www.usatoday.com/picture-gallery/entertainment/celebrities/2021/01/12/kirstie-alley-turns-70-her-life-photos/6563328002/, Kirstie Alley turns 70: Her life in photos, 0
https://www.usatoday.com/https://www.usatoday.com/story/travel/destinations/2021/01/12/cheyenne-jackson-hole-wyoming-wide-open-outdoors-suit-pandemic-travel/6629940002/, Cheyenne| Jackson Hole Wyoming wide-open outdoors suit pandemic travel, 0
https://www.usatoday.com/https://www.reviewed.com/cooking/features/our-place-10000-abilities-always-pan-review?utm_source=usat&utm_medium=referral&utm_campaign=collab, This pan is Instagram-famous—is it worth the hype?, 0
https://www.usatoday.com/https://www.usatoday.com/picture-gallery/money/business/2021/01/12/sheldon-adelson-casino-magnate-and-republican-donor-dies-87/6636411002/, Sheldon Adelson| casino magnate and Republican donor dies at 87, 0
https://www.usatoday.com/https://www.usatoday.com/story/money/2021/01/12/sheldon-adelson-obituary-las-vegas-sands-dies-dead/6636356002/, Sheldon Adelson dies: Trump donor| Las Vegas Sands owner dead at 87, 0
https://www.usatoday.com/https://www.usatoday.com/story/travel/news/2021/01/12/wave-arizona-utah-rock-formation-more-hikers-new-plan/6636610002/, The Wave: Arizona-Utah rock formation to see more hikers per new plan, 0
https://www.usatoday.com/https://www.usatoday.com/videos/sports/nfl/patriots/2021/01/12/patriots-bill-belichick-declines-medal-freedom-trump/6636717002/, Patriots' Bill Belichick declines Medal of Freedom from Trump, 0
https://www.usatoday.com/https://www.usatoday.com/videos/sports/2021/01/12/alabama-fans-packed-streets-tuscaloosa-celebrate-their-win/6636495002/, Alabama fans packed the streets of Tuscaloosa to celebrate their win, 0
https://www.usatoday.com/https://www.usatoday.com/story/sports/nba/2021/01/12/nba-players-coaches-comfortable-playing-amid-rising-covid-cases/6635510002/, Are NBA players| coaches comfortable playing amid rising COVID cases?, 0
https://www.usatoday.com/https://www.usatoday.com/story/news/nation/2021/01/12/eddie-lee-howard-mississippi-man-exonerated-after-1994-death-sentence/6636616002/, Eddie Lee Howard: Mississippi man exonerated after 1994 death sentence, 0
https://www.usatoday.com/https://www.usatoday.com/story/sports/mlb/columnist/bob-nightengale/2021/01/12/mlb-fans-spring-training-regular-season-plans/6636390002/, MLB could allow fans to attend spring training| regular season games, 0
https://www.usatoday.com/https://www.usatoday.com/story/tech/2021/01/12/gofundme-bans-fundraisers-cost-travel-violent-political-events/6636094002/, GoFundMe to ban fundraisers for travel expenses to violent events, 0
https://www.usatoday.com/https://www.usatoday.com/story/sports/nhl/2021/01/12/sharks-evander-kane-files-bankruptcy-debt-27-million/6636250002/, Sharks' Evander Kane files for bankruptcy| in debt of $27 million, 0
https://www.usatoday.com/https://www.usatoday.com/story/entertainment/celebrities/2021/01/12/cnn-anchor-anderson-cooper-when-he-realized-he-gay/6635903002/, CNN anchor Anderson Cooper on when he realized he was gay, 0
https://www.usatoday.com/https://www.usatoday.com/videos/life/militarykind/2021/01/12/sailor-makes-home-birth-first-child/6625317002/, Sailor makes it home for birth of first child, 0
https://www.usatoday.com/https://www.usatoday.com/story/sports/ncaaf/2021/01/12/college-football-re-rank-alabama-ohio-state-final-1-127/6579436002/, College football Re-Rank: Alabama| Ohio State top final 1-127, 0
https://www.usatoday.com/https://www.usatoday.com/videos/news/nation/2021/01/12/french-wine-vines-headed-home-after-year-space/6637601002/, French wine| vines headed home after year in space, 0
https://www.usatoday.com/https://www.usatoday.com/story/sports/nfl/2021/01/12/agent-bills-agree-to-sign-rb-freeman-to-practice-squad/43322247/, Agent: Bills agree to sign RB Freeman to practice squad, 0
https://www.usatoday.com/https://www.usatoday.com/videos/news/nation/2021/01/12/new-state-flag-flies-over-mississippi-capitol/6637652002/, New state flag flies over Mississippi Capitol, 0
https://www.usatoday.com/https://www.reviewed.com/smarthome/features/myq-pet-portal-smart-doggy-door?utm_source=usat&utm_medium=referral&utm_campaign=collab, MyQ's smart pet door is the pupdate you've been waiting for, 0
https://www.usatoday.com/https://www.usatoday.com/story/sports/nba/2021/01/12/wizards-cancel-practice-in-latest-covid-issue-for-nba/43322317/, NBA| union stiffen virus protocols; more games postponed, 0
https://www.usatoday.com/https://www.usatoday.com/story/news/nation/2021/01/12/george-floyd-case-derek-chauvin-stand-trial-alone-march/6637509002/, George Floyd case: Derek Chauvin to stand trial alone in March, 0
https://www.usatoday.com/https://www.usatoday.com/story/entertainment/tv/2021/01/12/tv-fox-the-resident-premiere-season-4-confronts-covid-19/6637392002/, COVID-19 on TV: Fox's ‘The Resident’ confronts virus' toll, 0
https://www.usatoday.com/https://www.usatoday.com/story/sports/sports-betting/2021/01/12/denver-nuggets-at-brooklyn-nets-odds-picks-and-prediction/115285066/, Denver Nuggets at Brooklyn Nets odds| picks and prediction, 0
https://www.usatoday.com/https://www.usatoday.com/story/sports/nfl/2021/01/12/lynch-cardona-cannon-finalists-for-salute-to-service-honor/115285456/, Lynch| Cardona| Cannon finalists for Salute to Service honor, 0
https://www.usatoday.com/https://www.usatoday.com/story/sports/soccer/2021/01/12/parker-slams-scandalous-decision-to-rearrange-fulham-match/115285120/, Parker slams 'scandalous' decision to rearrange Fulham match, 0
https://www.usatoday.com/https://www.usatoday.com/story/news/politics/2021/01/12/gop-rep-peter-meijer-considers-impeaching-trump-after-capitol-riot/6637149002/, GOP Rep. Peter Meijer considers impeaching Trump after Capitol riot, 0
https://www.usatoday.com/https://www.usatoday.com/videos/sports/nhl/sportspulse/2021/01/12/how-nhls-florida-panthers-implementing-new-safety-measures-fans/6638140002/, How NHL's Florida Panthers are implementing new safety measures for fans, 0
https://www.usatoday.com/https://www.usatoday.com/story/sports/sports-betting/2021/01/12/utah-jazz-at-cleveland-cavaliers-odds-picks-and-prediction/115285218/, Utah Jazz at Cleveland Cavaliers odds| picks and prediction, 0
https://www.usatoday.com/https://www.usatoday.com/story/news/nation/2021/01/12/cpl-brian-lavigne-killed-1-shift-retirement-florida-police-say/6637859002/, Cpl. Brian LaVigne killed 1 shift from retirement| Florida police say, 0
https://www.usatoday.com/https://www.usatoday.com/story/sports/sports-betting/2021/01/12/duke-at-virginia-tech-odds-picks-and-prediction/115285282/, Duke at Virginia Tech odds| picks and prediction, 0
https://www.usatoday.com/https://www.usatoday.com/story/sports/ncaaf/2021/01/12/alabamas-nick-saban-already-working-on-chasing-title-no-8/115286644/, Alabama's Nick Saban already working on chasing title No. 8, 0
https://www.usatoday.com/https://www.usatoday.com/videos/news/2021/01/12/villagers-kustapo-india-rescue-truck-after-70-foot-gorge-tumble/6636319002/, Villagers in Kustapo| India rescue truck after 70 foot gorge tumble, 0
https://www.usatoday.com/https://www.usatoday.com/story/sports/sports-betting/2021/01/12/indiana-pacers-at-golden-state-warriors-odds-picks-and-prediction/115285310/, Indiana Pacers at Golden State Warriors odds| picks and prediction, 0
https://www.usatoday.com/https://www.reviewed.com/laundry/news/lg-washtower-hits-market-and-we-have-first-impressions?utm_source=usat&utm_medium=referral&utm_campaign=collab, New LG WashTower: our hand-on first impressions, 0
https://www.usatoday.com/https://www.usatoday.com/web-stories/marijuana-legalization-explained/, Marijuana legalization| explained, 0
https://www.usatoday.com/https://www.reviewed.com/home-theater/news/v-moda-m-200-anc-audiophile-headphones?utm_source=usat&utm_medium=referral&utm_campaign=collab, V-Moda takes aim at Apple with ultra-pricey ANC headphones, 0
https://www.usatoday.com/https://www.usatoday.com/story/news/politics/elections/2021/01/12/mike-pompeo-confirms-al-qaedas-abu-muhammad-al-masri-killed-iran/6637242002/, Mike Pompeo confirms al-Qaeda's Abu Muhammad al-Masri killed in Iran, 0
https://www.usatoday.com/https://www.usatoday.com/web-stories/new-family-rules-to-make-in-2021/, New family rules to make in 2021, 0
https://www.usatoday.com/https://www.usatoday.com/web-stories/timeline-how-a-trump-mob-stormed-the-us-capitol-forcing-washington-into-lockdown/, Timeline: How a Trump mob stormed the US Capitol| forcing Washington into lockdown, 0
https://www.usatoday.com/https://www.usatoday.com/story/entertainment/tv/2021/01/12/norman-lear-hit-all-family-shook-tv-when-premiered-1971/6632293002/, Norman Lear hit 'All in the Family' shook TV when it premiered in 1971, 0
https://www.usatoday.com/https://www.usatoday.com/videos/money/2021/01/12/sheldon-adelson-casino-mogul-and-major-gop-donor-dies-87-years-old/6638356002/, Sheldon Adelson: Casino mogul and major GOP donor dies at 87 years old, 0
https://www.usatoday.com/https://www.usatoday.com/web-stories/delivery-robots-to-digital-health-apps-5-ways-your-next-airport-visit-could-be-contactless/, Delivery robots to digital health apps: 5 ways your next airport visit could be contactless, 0
https://www.usatoday.com/https://www.usatoday.com/story/sports/soccer/2021/01/12/stanfords-catarina-macario-turns-pro-with-lyon/115286702/, Stanford's Catarina Macario turns pro with Lyon, 0
https://www.usatoday.com/https://www.usatoday.com/videos/news/nation/2021/01/12/trump-wants-no-violence-impeachment-nears/6639087002/, Trump: Wants 'no violence' as impeachment nears, 0
https://www.usatoday.com/https://www.usatoday.com/story/sports/nhl/2021/01/12/bruins-retiring-jersey-of-nhl-barrier-breaker-willie-oree/115285400/, Bruins retiring jersey of NHL barrier breaker Willie O'Ree, 0
https://www.usatoday.com/https://www.usatoday.com/web-stories/new-year-new-you-heres-what-experts-say-is-the-best-diet-for-2021/, New year| new you? Here's what experts say is the best diet for 2021, 0
https://www.usatoday.com/https://www.usatoday.com/story/news/nation/2021/01/12/dc-capitol-riot-nation-prepares-protests-ahead-inauguration/6636719002/, Capitol riot: FBI warns armed protests across US; National Guard in DC, 0
https://www.usatoday.com/https://www.usatoday.com/story/news/nation/2021/01/12/trump-visits-alamo-texas-where-does-border-wall-construction-stand/6638315002/, Trump visits Alamo| Texas: Where does border wall construction stand?, 0
https://www.usatoday.com/https://www.usatoday.com/story/opinion/2021/01/12/speed-up-covid-19-vaccinations-release-second-doses-now-column/6636352002/, To speed up COVID-19 vaccinations| release second doses now, 0
https://www.usatoday.com/https://www.usatoday.com/story/sports/cycling/2021/01/12/austrian-cyclist-denifl-found-guilty-of-fraud-in-doping-case/115285478/, Austrian cyclist Denifl found guilty of fraud in doping case, 0
https://www.usatoday.com/https://www.usatoday.com/videos/news/nation/2021/01/12/trump-takes-no-responsibility-capitol-attack/6639515002/, Trump takes no responsibility for US Capitol attack, 0
https://www.usatoday.com/https://www.usatoday.com/story/nletter/staying-apart-together/2021/01/12/were-emotionally-exhausted-but-we-can-get-through-it/6623573002/, We're emotionally exhausted. But we can get through it., 0
https://www.usatoday.com/https://www.reviewed.com/laptops/news/mad-catz-bat6-plus-gaming-mouse-news?utm_source=usat&utm_medium=referral&utm_campaign=collab, This new ambidextrous mouse could be a boon to all gamers, 0
https://www.usatoday.com/https://www.usatoday.com/story/sports/ncaaf/sec/2021/01/12/tuscaloosa-alabama-football-national-championship-covid-19-super-spreader/6639468002/, Alabama football: #RollCOVID? Fans' celebration draws Twitter backlash, 0
https://www.usatoday.com/https://www.usatoday.com/story/sports/nba/nets/2021/01/12/kyrie-irving-brooklyn-nets-nba-video/6639289002/, Nets' Kyrie Irving remains out| NBA likely will review maskless videos, 0
https://www.usatoday.com/https://www.usatoday.com/story/tech/reviewedcom/2021/01/12/5-air-purifiers-help-protect-your-home-against-covid-19/6638393002/, 5 air purifiers that help protect your home against COVID-19, 0
https://www.usatoday.com/https://www.usatoday.com/story/sports/ncaaf/2021/01/12/ap-top-25-reality-check-wrapping-up-2020-looking-to-2021/43322641/, AP Top 25 Reality Check: Wrapping up 2020| looking to 2021, 0
https://www.usatoday.com/https://www.usatoday.com/story/sports/ncaaf/2021/01/12/college-football-coaches-poll-alabama-ohio-state-finish-top/6635288002/, College football coaches poll: Alabama| Ohio State finish at the top, 0
https://www.usatoday.com/https://www.usatoday.com/sitemap/2021/january/12/, 1, 0
https://www.usatoday.com/https://www.usatoday.com/sitemap/2021/january/12/?page=2, 2, 0
