https://www.usatoday.com/https://www.usatoday.com/story/sports/soccer/2021/01/12/matchday-fuming-fulham-head-to-spurs-for-rearranged-match/43323611/, MATCHDAY: Fuming Fulham head to Spurs for rearranged match, 0
https://www.usatoday.com/https://www.usatoday.com/videos/news/nation/2021/01/13/georgia-gov-vaccine-demand-more-than-supply/6647910002/, Georgia Gov.: Vaccine demand is more than supply, 0
https://www.usatoday.com/https://www.usatoday.com/story/sports/soccer/2021/01/12/uswnt-star-megan-rapinoe-comments-u-s-capitol-attacks/6647546002/, USWNT star Megan Rapinoe comments on last week's U.S. Capitol attacks, 0
https://www.usatoday.com/https://www.usatoday.com/story/entertainment/celebrities/2021/01/12/billie-eilishs-personal-photo-book-coming-may/6645619002/, Billie Eilish's 'personal' photo book coming in May, 0
https://www.usatoday.com/https://www.usatoday.com/videos/travel/hotels/2021/01/13/airbnb-announces-inauguration-safety-plans-bans-capitol-rioters/6647827002/, Airbnb announces inauguration safety plans| bans Capitol rioters, 0
https://www.usatoday.com/https://www.usatoday.com/story/sports/nfl/2021/01/12/what-now-steelers-face-uncertain-future-after-quick-exit/115287560/, What now? Steelers face uncertain future after quick exit, 0
https://www.usatoday.com/https://www.usatoday.com/story/sports/mlb/2021/01/12/tigers-avoid-arbitration-with-fulmer-reach-1-year-deal/43323613/, Tigers avoid arbitration with Fulmer| reach 1-year deal, 0
https://www.usatoday.com/https://www.usatoday.com/story/tech/reviewedcom/2021/01/12/valentines-day-flowers-save-up-40-when-you-pre-order-now/6646541002/, Valentine's Day flowers: Save up to 40% when you pre-order now, 0
https://www.usatoday.com/https://www.usatoday.com/story/nletter/For-the-love-of-the-game/2021/01/12/cleveland-browns-fan-tom-seipel-baker-emily-mayfield/6612932002/, Cleveland Browns fan Tom Seipel gets game-day experience of lifetime, 0
https://www.usatoday.com/https://www.usatoday.com/story/news/politics/2021/01/12/supreme-court-wrestles-georgia-college-free-speech-case/6647717002/, Supreme Court wrestles with Georgia college free speech case, 0
https://www.usatoday.com/https://www.usatoday.com/in-depth/news/2021/01/12/how-antifa-conspiracy-theory-traveled-fringe-floor-congress/6620908002/, How antifa conspiracy theory traveled from fringe to floor of Congress, 0
https://www.usatoday.com/https://www.usatoday.com/story/sports/nfl/2021/01/12/seahawks-fire-offensive-coordinator-brian-schottenheimer/43323617/, Seahawks fire offensive coordinator Brian Schottenheimer, 0
https://www.usatoday.com/https://www.usatoday.com/story/news/nation/2021/01/12/calvin-goode-memorial-ended-after-hackers-shout-racial-slurs/6647892002/, Calvin Goode: Memorial for Phoenix civil rights icon halted by slurs, 0
https://www.usatoday.com/https://www.usatoday.com/story/sports/nfl/2021/01/12/lions-acquire-washington-lb-shaun-dion-hamilton-off-waivers/43323619/, Lions acquire Washington LB Shaun Dion Hamilton off waivers, 0
https://www.usatoday.com/https://www.usatoday.com/story/sports/nfl/seahawks/2021/01/12/brian-schottenheimer-out-seattle-seahawks-offensive-coordinator/6648087002/, Brian Schottenheimer out as Seattle Seahawks offensive coordinator, 0
https://www.usatoday.com/https://www.usatoday.com/story/sports/ncaab/sec/2021/01/12/kentucky-basketball-guide-to-national-anthem-kneeling-controversy/6648185002/, Kentucky basketball: Guide to national anthem kneeling controversy, 0
https://www.usatoday.com/https://www.usatoday.com/story/sports/ncaab/2021/01/12/pippen-leads-kent-state-past-central-michigan-94-85/43323627/, Pippen leads Kent State past Central Michigan 94-85, 0
https://www.usatoday.com/https://www.usatoday.com/story/sports/ncaaf/2021/01/12/new-texas-coach-sarkisian-defends-the-eyes-of-texas/115287698/, New Texas coach Sarkisian defends "The Eyes of Texas", 0
https://www.usatoday.com/https://www.usatoday.com/story/sports/olympics/2021/01/12/klete-keller-usa-olympic-swimmer-among-rioters-capitol-invasion/6648093002/, U.S. Capitol: Klete Keller| Olympic gold medal swimmer| among rioters, 0
https://www.usatoday.com/https://www.usatoday.com/story/sports/golf/2021/01/12/no-fans-at-riviera-no-amateurs-in-palm-springs-for-pga-tour/43323629/, No fans at Riviera| no amateurs in Palm Springs for PGA Tour, 0
https://www.usatoday.com/https://www.usatoday.com/story/news/nation/2021/01/12/lonnie-coffman-alabama-man-molotov-cocktails-17-federal-charges/6647101002/, Capitol riot: Alabama man Lonnie Coffman faces 17 federal charges, 0
https://www.usatoday.com/https://www.usatoday.com/story/entertainment/celebrities/2021/01/12/emma-roberts-shares-first-photo-baby-boy-garrett-hedlund/4068554001/, Emma Roberts shares first photo of baby boy with Garrett Hedlund, 0
https://www.usatoday.com/https://www.usatoday.com/story/news/factcheck/2021/01/12/fact-check-vaccination-helped-eliminate-smallpox/4124284001/, Fact check: Vaccination helped eliminate smallpox, 0
https://www.usatoday.com/https://www.usatoday.com/story/opinion/todaysdebate/2021/01/12/our-view-impeach-donald-trump-start-senate-trial-without-delay/6628126002/, Our View: Impeach Donald Trump| start Senate trial without delay, 0
https://www.usatoday.com/https://www.usatoday.com/videos/news/politics/2021/01/13/joe-biden-inauguration-what-we-know-january-20/6648786002/, Joe Biden inauguration: What we know about January 20, 0
https://www.usatoday.com/https://www.usatoday.com/story/sports/ncaab/2021/01/12/no-7-michigan-routs-no-9-wisconsin-77-54/43323641/, No. 7 Michigan routs No. 9 Wisconsin 77-54, 0
https://www.usatoday.com/https://www.usatoday.com/story/sports/nfl/2021/01/12/extra-wild-card-games-lead-to-diluted-ratings-for-nfl/115287814/, Extra wild-card games lead to diluted ratings for NFL, 0
https://www.usatoday.com/https://www.usatoday.com/story/sports/ncaab/2021/01/12/alabama-state-tops-mississippi-valley-state-64-51/43323653/, Alabama State tops Mississippi Valley State 64-51, 0
https://www.usatoday.com/https://www.usatoday.com/story/sports/ncaab/2021/01/12/florida-uses-14-0-run-at-the-end-to-down-ole-miss-72-63/43323651/, Florida uses 14-0 run at the end to down Ole Miss 72-63, 0
https://www.usatoday.com/https://www.usatoday.com/story/sports/ncaab/2021/01/12/radford-no-20-virginia-tech-hold-off-no-19-duke-74-67/115287830/, Radford| No. 20 Virginia Tech hold off No. 19 Duke 74-67, 0
https://www.usatoday.com/https://www.usatoday.com/story/tech/reviewedcom/2021/01/12/travel-deals-save-20-future-trip-booking-com-offer/6648156002/, Travel deals: Save 20% on a future trip with this Booking.com offer, 0
https://www.usatoday.com/https://www.usatoday.com/story/sports/mlb/2021/01/12/senzatela-rockies-agree-to-3-million-1-year-contract/115287854/, Senzatela| Rockies agree to $3 million| 1-year contract, 0
https://www.usatoday.com/https://www.usatoday.com/story/sports/nfl/2021/01/12/rams-rookie-rb-akers-heating-up-on-way-to-chilly-green-bay/115287852/, Rams rookie RB Akers heating up on way to chilly Green Bay, 0
https://www.usatoday.com/https://www.usatoday.com/story/sports/olympics/2021/01/12/to-cancel-or-not-ioc-japan-press-ahead-with-tokyo-games/43323657/, To cancel or not?: IOC| Japan press ahead with Tokyo Games, 0
https://www.usatoday.com/https://www.usatoday.com/story/nletter/in-california/2021/01/12/california-mass-vaccination-sites-open-across-california/6648599002/, In California: Mass vaccination sites open across California, 0
https://www.usatoday.com/https://www.usatoday.com/story/sports/tennis/2021/01/12/hurkacz-reaches-delray-beach-open-final-by-beating-harrison/115287272/, American Korda to face Hurkacz in Delray Beach Open final, 0
https://www.usatoday.com/https://www.usatoday.com/story/sports/nba/2021/01/12/embiid-scores-45-mathias-wins-it-for-76ers-in-ot-on-3/115287872/, Embiid scores 45| Mathias wins it for 76ers in OT on 3, 0
https://www.usatoday.com/https://www.usatoday.com/story/sports/nba/2021/01/12/jazz-end-shortened-trip-with-117-87-win-over-depleted-cavs/43323669/, Jazz end shortened trip with 117-87 win over depleted Cavs, 0
https://www.usatoday.com/https://www.usatoday.com/story/sports/ncaab/2021/01/12/harmon-scores-22-points-oklahoma-cruises-past-tcu-82-46/115287886/, Harmon scores 22 points; Oklahoma cruises past TCU 82-46, 0
https://www.usatoday.com/https://www.usatoday.com/story/sports/nba/2021/01/12/durant-scores-34-nets-charge-back-from-18-down-top-nuggets/43323695/, Durant scores 34| Nets charge back from 18 down| top Nuggets, 0
https://www.usatoday.com/https://www.usatoday.com/story/sports/ncaab/2021/01/12/roderick-scores-20-to-carry-ohio-past-miami-ohio-78-61/115287916/, Roderick scores 20 to carry Ohio past Miami (Ohio) 78-61, 0
https://www.usatoday.com/https://www.usatoday.com/story/sports/nfl/bears/2021/01/12/chuck-pagano-longtime-nfl-coach-has-decided-retire/6649692002/, Chuck Pagano| longtime NFL coach| has decided to retire, 0
https://www.usatoday.com/https://www.usatoday.com/story/tech/reviewedcom/2021/01/12/amazon-deals-shop-markdowns-tcl-tvs-home-workout-clothes-and-more/6642932002/, Amazon deals: Shop markdowns on TCL TVs| at-home workout clothes and more, 0
https://www.usatoday.com/https://www.usatoday.com/story/sports/ncaab/2021/01/12/el-amin-carries-ball-state-past-bowling-green-88-64/115287912/, El-Amin carries Ball State past Bowling Green 88-64, 0
https://www.usatoday.com/https://www.usatoday.com/story/sports/soccer/2021/01/12/palmeiras-plays-copa-libertadores-final-despite-2nd-leg-loss/43323683/, Palmeiras plays Copa Libertadores final despite 2nd-leg loss, 0
https://www.usatoday.com/https://www.usatoday.com/story/sports/ftw/2021/01/12/lebron-james-no-look-3-pointer-lakers-vs-rockets/115287810/, LeBron James: Laker star nails no-look 3-pointer vs. Rockets, 0
https://www.usatoday.com/https://www.usatoday.com/story/sports/ncaab/2021/01/12/cunningham-scores-18-oklahoma-st-tops-no-6-kansas-75-70/43323697/, Cunningham scores 18; Oklahoma St. tops No. 6 Kansas 75-70, 0
https://www.usatoday.com/https://www.usatoday.com/story/sports/nba/2021/01/12/james-scores-26-as-lakers-roll-over-rockets-117-100/43323713/, James scores 26 as Lakers roll over Rockets 117-100, 0
https://www.usatoday.com/https://www.usatoday.com/story/sports/nba/2021/01/12/spurs-finish-strong-road-trip-with-112-102-win-over-thunder/115287938/, Spurs finish strong road trip with 112-102 win over Thunder, 0
https://www.usatoday.com/https://www.usatoday.com/story/sports/ncaaf/big12/2021/01/12/steve-sarkisian-longhorns-the-eyes-of-texas-school-song/6649392002/, Steve Sarkisian says Texas players will sing controversial school song, 0
https://www.usatoday.com/https://www.usatoday.com/story/tech/2021/01/12/trump-youtube-ban-capitol-riots-civil-rights-groups/6649933002/, Trump YouTube ban: Google suspends new uploads after Capitol riots, 0
https://www.usatoday.com/https://www.usatoday.com/story/sports/nba/2021/01/12/sixers-heat-joel-embiid-dakota-mathias/6650098002/, Joel Embiid leads Sixers before Dakota Mathias sinks Heat in OT, 0
https://www.usatoday.com/https://www.usatoday.com/videos/news/nation/2021/01/13/today-history-january-13-th/6650469002/, Today in History for January 13th, 0
https://www.usatoday.com/https://www.usatoday.com/picture-gallery/entertainment/celebrities/2021/01/13/celebrities-turning-50-2021-mary-j-blige-regina-king-snoop-dogg/4067811001/, Celebrities turning 50 in 2021: Mary J. Blige and more stars, 0
https://www.usatoday.com/https://www.usatoday.com/story/news/nation/2021/01/12/mega-millions-625-m-jackpot-us-lottery-history/6645741002/, Mega Millions: No Tuesday winner| jackpot grows to $750M for Friday, 0
https://www.usatoday.com/https://www.usatoday.com/story/news/politics/2021/01/12/25th-amendment-house-passes-resolution-calling-pence-invoke/6648147002/, 25th Amendment: House passes resolution calling on Pence to invoke, 0
https://www.usatoday.com/https://www.usatoday.com/story/sports/ncaab/2021/01/12/petty-scores-23-points-alabama-blows-out-kentucky-85-65/115288010/, Petty scores 23 points| Alabama blows out Kentucky 85-65, 0
https://www.usatoday.com/https://www.usatoday.com/story/sports/ncaab/2021/01/12/usc-thwarts-uc-riversides-upset-claim-with-67-62-win-in-ot/43323785/, USC thwarts UC Riverside's upset claim with 67-62 win in OT, 0
https://www.usatoday.com/https://www.usatoday.com/story/sports/nba/rockets/2021/01/12/james-harden-rips-houston-rockets/6650835002/, James Harden rips Houston Rockets: 'We're just not good enough', 0
https://www.usatoday.com/https://www.usatoday.com/story/sports/nba/2021/01/13/harden-on-rockets-its-something-that-cant-be-fixed/115288054/, Harden says 'crazy' Rockets situation can't be fixed, 0
https://www.usatoday.com/https://www.usatoday.com/story/sports/ncaab/2021/01/13/christon-lifts-grambling-past-alcorn-st-79-74/115288122/, Christon lifts Grambling past Alcorn St. 79-74, 0
https://www.usatoday.com/https://www.usatoday.com/videos/news/nation/2021/01/13/house-urges-pence-help-oust-trump/6651402002/, House urges Pence to help oust Trump, 0
https://www.usatoday.com/https://www.usatoday.com/story/sports/nba/2021/01/13/pacers-stymie-curry-bounce-back-to-beat-warriors-104-95/43323803/, Pacers stymie Curry| bounce back to beat Warriors 104-95, 0
https://www.usatoday.com/https://www.usatoday.com/story/sports/ncaab/2021/01/13/stanford-at-colorado-highlights-week-in-the-pac-12/115288160/, Stanford at Colorado highlights week in the Pac-12, 0
https://www.usatoday.com/https://www.usatoday.com/story/sports/nba/2021/01/12/nba-testing-new-covid-protocols-better-than-bubble-pausing-season/6651487002/, NBA testing new COVID protocols better than bubble or pausing season, 0
https://www.usatoday.com/https://www.usatoday.com/story/news/50-states/2021/01/13/tide-fan-frenzy-valentine-volunteers-ventilator-theft-news-around-states/115288124/, Tide fan frenzy| valentine volunteers: News from around our 50 states, 0
https://www.usatoday.com/https://www.usatoday.com/story/sports/golf/2021/01/13/another-tournament-in-hawaii-a-fresh-start-for-most-players/115288162/, Another tournament in Hawaii| a fresh start for most players, 0
https://www.usatoday.com/https://www.usatoday.com/story/sports/nba/2021/01/13/rough-road-playing-during-pandemic-means-long-days-in-nba/43323841/, Rough road: Playing during pandemic means 'long days' in NBA, 0
https://www.usatoday.com/https://www.usatoday.com/story/sports/nfl/2021/01/13/friends-as-playoff-foes-packers-lafleur-faces-rams-mcvay/115288168/, Friends as playoff foes: Packers' LaFleur faces Rams' McVay, 0
https://www.usatoday.com/https://www.usatoday.com/story/sports/nhl/2021/01/13/not-only-goalies-wear-masks-nhl-coaches-must-cover-faces/43323849/, Not only goalies wear masks: NHL coaches must cover faces, 0
https://www.usatoday.com/https://www.usatoday.com/story/sports/ncaab/2021/01/13/comfort-over-style-for-coaches-is-college-basketball-trend/115288172/, Comfort over style for coaches is college basketball trend, 0
https://www.usatoday.com/https://www.usatoday.com/story/sports/nfl/2021/01/13/brady-vs-brees-a-matchup-for-the-ages-and-aged/43323861/, Brady vs. Brees: A matchup for the ages and aged, 0
https://www.usatoday.com/https://www.usatoday.com/story/opinion/2021/01/13/trump-too-dangerous-stay-president-until-biden-inaugural-column/6639230002/, Trump is too dangerous to stay president while we wait for Joe Biden, 0
https://www.usatoday.com/https://www.usatoday.com/story/sports/ncaaw/2021/01/13/lack-of-marquee-games-to-make-ncaa-tourney-selection-harder/115288176/, Lack of marquee games to make NCAA tourney selection harder, 0
https://www.usatoday.com/https://www.usatoday.com/story/news/health/2021/01/13/covid-news-us-4-k-daily-deaths-texas-california-coronavirus/6645362002/, COVID news: US tops 4K daily deaths for second time; Texas; California, 0
https://www.usatoday.com/https://www.usatoday.com/story/opinion/2021/01/13/trump-supporters-not-antifa-black-lives-matter-waged-war-u-s/6624919002/, Trump supporters| not antifa or Black Lives Matter| waged war on U.S., 0
https://www.usatoday.com/https://www.usatoday.com/story/news/politics/elections/2021/01/13/house-gop-impeachment-trump/6637559002/, Trump impeachment vote: House GOP faces division over Trump after riot, 0
https://www.usatoday.com/https://www.usatoday.com/story/sports/tennis/2021/01/13/aryna-sabalenka-wins-3rd-straight-title-in-abu-dhabi/43323867/, Aryna Sabalenka wins 3rd straight title in Abu Dhabi, 0
https://www.usatoday.com/https://www.usatoday.com/story/news/2021/01/13/trump-impeachment-vote-covid-19-pandemic-powerball-lisa-montogmery-nhl/6619370002/, Trump impeachment vote| COVID-19 pandemic: 5 things to know Wednesday, 0
https://www.usatoday.com/https://www.usatoday.com/story/opinion/2021/01/13/trump-disinformation-campaign-led-to-capitol-coup-attempt-column/6639309002/, Trump's 5-year disinformation war led to the deadly Capitol attack, 0
https://www.usatoday.com/https://www.usatoday.com/videos/news/nation/2021/01/13/ap-top-stories-january-13/6652076002/, AP Top Stories January 13, 0
https://www.usatoday.com/https://www.usatoday.com/videos/news/nation/2021/01/13/norah-odonnell-stresses-importance-journalism/6652085002/, Norah O'Donnell stresses importance of journalism, 0
https://www.usatoday.com/https://www.usatoday.com/videos/entertainment/2021/01/13/norah-odonnell-stresses-importance-journalism/6652086002/, Norah O'Donnell stresses importance of journalism, 0
https://www.usatoday.com/https://www.usatoday.com/story/sports/sports-betting/2021/01/13/montreal-canadiens-at-toronto-maple-leafs-odds-picks-and-prediction/115288220/, Montreal Canadiens at Toronto Maple Leafs odds| picks and prediction, 0
https://www.usatoday.com/https://www.usatoday.com/story/money/personalfinance/2021/01/13/new-stimulus-bill-includes-25-billion-in-rental-assistance-heres-how-to-apply/115280506/, Stimulus bill includes $25B in rental assistance. Here's how to apply., 0
https://www.usatoday.com/https://www.usatoday.com/story/money/usaandmain/2021/01/13/stand-out-digital-personal-branding/6587624002/, How to stand out in the digital age: Personal branding, 0
https://www.usatoday.com/https://www.usatoday.com/story/opinion/2021/01/13/trump-impeachment-pelosi-gift-to-captive-republicans-column/6627377002/, Impeaching Trump is a gift Republicans should accept from Nancy Pelosi, 0
https://www.usatoday.com/https://www.usatoday.com/story/news/investigations/2021/01/13/recipients-stimulus-funds-went-bankrupt-fired-workers-and-closed/3960382001/, Recipients of stimulus funds went bankrupt| fired workers and closed, 0
https://www.usatoday.com/https://www.usatoday.com/story/money/2021/01/13/jobs-near-me-biden-fast-food-workers-plan-strike-wages/6644474002/, Joe Biden: Fast-food workers plan strike to press him over wages, 0
https://www.usatoday.com/https://www.usatoday.com/story/travel/airline-news/2021/01/13/coronavirus-tests-required-new-cdc-rules-international-flights/6643147002/, COVID tests for travel: What to know about new CDC international rules, 0
https://www.usatoday.com/https://www.usatoday.com/story/sports/nhl/2021/01/13/nhl-2021-season-predictions-stanley-cup-mvp/4140225001/, NHL season 2021 predictions: Avalanche| Golden Knights make Cup cases, 0
https://www.usatoday.com/https://www.usatoday.com/story/sports/mlb/2021/01/13/billy-wagner-baseball-hall-of-fame/6639038002/, Baseball Hall of Fame: Billy Wagner's path to Cooperstown opening up, 0
https://www.usatoday.com/https://www.usatoday.com/story/sports/ncaaf/2021/01/13/college-football-season-grades-alabama-ohio-state-arizona/6591466002/, College football season grades from Alabama| Ohio State to Arizona, 0
https://www.usatoday.com/https://www.usatoday.com/story/money/shopping/2021/01/13/target-closing-stores-thanksgiving-2021/6645272002/, Thanksgiving store closings: Target closed on holiday for second year, 0
https://www.usatoday.com/https://www.usatoday.com/story/sports/ncaab/2021/01/13/michigan-basketball-wisconsin-blowout-big-ten-national-title/6652155002/, Michigan basketball shows world it can win it all with blowout win, 0
https://www.usatoday.com/https://www.usatoday.com/story/nletter/2021/01/13/trump-impeachment-vote-covid-19-pandemic-powerball-lisa-montogmery-nhl/6652090002/, Trump impeachment vote| COVID-19 pandemic: Daily Briefing, 0
https://www.usatoday.com/https://www.usatoday.com/story/opinion/voices/2021/01/13/impeachment-donald-trump-william-worth-belknap-column/6637782002/, Trump impeachment: Congress impeached William Belknap after he resigned, 0
https://www.usatoday.com/https://www.usatoday.com/story/money/investing/2021/01/13/low-on-funds-to-invest-heres-your-game-plan/43321651/, Fractional shares| index funds| dividend stocks: Low funds investing, 0
https://www.usatoday.com/https://www.usatoday.com/videos/entertainment/2021/01/13/showbiz-minute-cnn-norris-lee/6652206002/, Showbiz Minute: CNN| Norris| Lee, 0
https://www.usatoday.com/https://www.usatoday.com/story/entertainment/music/2021/01/13/music-milestones-2021-carole-king-nirvana-justin-timberlake-lady-gaga-the-weeknd-adele-metallica/6632111002/, Albums with milestone anniversaries| including Beyoncé| Garth Brooks, 0
https://www.usatoday.com/https://www.usatoday.com/videos/news/nation/2021/01/13/showbiz-minute-cnn-norris-lee/6652204002/, Showbiz Minute: CNN| Norris| Lee, 0
https://www.usatoday.com/https://www.usatoday.com/videos/news/health/2021/01/13/california-college-rolls-out-vending-machines-covid-test-kits/6649611002/, California college rolls out vending machines for COVID test kits, 0
https://www.usatoday.com/https://www.usatoday.com/story/news/politics/elections/2021/01/13/impeachment-live-updates-house-vote-gop-rift-trump-grows/6644827002/, Trump impeached second time by House for ‘incitement’ of Capitol riot, 0
https://www.usatoday.com/https://www.usatoday.com/story/life/health-wellness/2021/01/13/covid-pandemic-drives-unprecedented-demand-mental-health-services/6639880002/, COVID pandemic drives unprecedented demand for mental health services, 0
https://www.usatoday.com/https://www.usatoday.com/story/sports/columnist/mike-freeman/2021/01/13/tony-dungy-criticizes-narrative-black-coaches-interview-poorly/6625010002/, Tony Dungy criticizes narrative that Black coaches interview poorly, 0
https://www.usatoday.com/https://www.usatoday.com/story/sports/sports-betting/2021/01/13/milwaukee-bucks-at-detroit-pistons-odds-picks-and-prediction/115288430/, Milwaukee Bucks at Detroit Pistons odds| picks and prediction, 0
https://www.usatoday.com/https://www.usatoday.com/story/news/politics/2021/01/13/ex-chief-of-staff-john-kelly-donald-trump-sees-admitting-mistake-threat-manhood-capitol-impeachment/6652338002/, Trump sees admitting mistake as threat to manhood| John Kelly says, 0
https://www.usatoday.com/https://www.usatoday.com/story/money/personalfinance/2021/01/13/how-qualify-earned-income-tax-credit-if-you-lost-job/6652314002/, How to qualify for the Earned Income Credit if you lost a job in 2020, 0
https://www.usatoday.com/https://www.usatoday.com/story/sports/ftw/2021/01/13/the-houston-texans-are-a-total-mess-yet-again/115288440/, Houston Texans are a total mess yet again, 0
https://www.usatoday.com/https://www.usatoday.com/story/sports/sports-betting/2021/01/13/atlanta-hawks-at-phoenix-suns-odds-picks-and-prediction/115288476/, Atlanta Hawks at Phoenix Suns odds| picks and prediction, 0
https://www.usatoday.com/https://www.usatoday.com/story/opinion/voices/2021/01/13/josh-hawley-ted-cruz-law-school-electoral-vote-column/6637589002/, Clearly| Josh Hawley| Ted Cruz didn't pay attention in law school, 0
https://www.usatoday.com/https://www.usatoday.com/videos/entertainment/2021/01/13/day-13-january-2018/6652458002/, On This Day: 13 January 2018, 0
https://www.usatoday.com/https://www.usatoday.com/story/entertainment/tv/2021/01/13/ellen-degeneres-returns-show-after-covid-19-battle/6652097002/, Ellen DeGeneres returns to show after COVID-19 battle, 0
https://www.usatoday.com/https://www.usatoday.com/story/sports/nfl/saints/2021/01/13/alvin-kamara-new-orleans-saints-chuck-muncie-archie-manning/6644889002/, Saints' Alvin Kamara shared one thing in common with Chuck Muncie, 0
https://www.usatoday.com/https://www.usatoday.com/videos/news/nation/2021/01/13/day-13-january-2018/6652484002/, On This Day: 13 January 2018, 0
https://www.usatoday.com/https://www.usatoday.com/story/sports/sports-betting/2021/01/13/notre-dame-at-virginia-odds-picks-and-prediction/115288530/, Notre Dame at Virginia odds| picks and prediction, 0
https://www.usatoday.com/https://www.usatoday.com/videos/graphics/2021/01/13/how-police-held-portico-capitol/6650578002/, How police held the Portico of the Capitol, 0
https://www.usatoday.com/https://www.usatoday.com/videos/graphics/2021/01/13/rioters-storm-past-police-lines-capitol/6650720002/, Rioters storm past police lines at the Capitol, 0
https://www.usatoday.com/https://www.usatoday.com/story/news/nation/2021/01/13/dc-capitol-riot-justice-warns-against-efforts-disrupt-biden-inauguration/6652198002/, Capitol riot: Justice Department will have 'no tolerance' for violence, 0
https://www.usatoday.com/https://www.usatoday.com/story/news/politics/2021/01/13/liz-cheney-explains-why-shes-voting-impeach-president-donald-trump/6652418002/, Liz Cheney explains why she's voting to impeach President Donald Trump, 0
https://www.usatoday.com/https://www.usatoday.com/story/money/cars/2021/01/13/fiat-chrysler-air-taxi-archer-partnership/6652613002/, Fiat Chrysler partnering with Silicon Valley air taxi start-up Archer, 0
https://www.usatoday.com/https://www.usatoday.com/videos/graphics/2021/01/13/how-rioters-passed-police-gained-access-capitol/6652812002/, How rioters passed police lines and gained access to the Capitol, 0
https://www.usatoday.com/https://www.usatoday.com/videos/news/politics/2021/01/13/alexandria-ocasio-cortez-thought-she-going-die-capitol-riots/6652671002/, AOC calls Trump a 'traitor' to the U.S. after Capitol riots, 0
https://www.usatoday.com/https://www.usatoday.com/story/travel/cruises/2021/01/13/is-2021-alaska-cruise-season-already-jeopardy/6642803002/, COVID and cruises: Is 2021 Alaska season already in jeopardy?, 0
https://www.usatoday.com/https://www.usatoday.com/picture-gallery/entertainment/movies/2021/01/13/to-all-boys-3-exclusive-first-photos-new-netflix-movie/6643351002/, 'To All the Boys 3': Exclusive first photos from Netflix's new movie, 0
https://www.usatoday.com/https://www.usatoday.com/story/news/nation/2021/01/13/space-wine-spacex-returning-french-bordeaux-after-year-orbit/6652199002/, Space wine: SpaceX returning French Bordeaux after year in orbit, 0
https://www.usatoday.com/https://www.usatoday.com/story/entertainment/movies/2021/01/13/to-all-boys-3-first-look-netflix-completes-love-story/6640736002/, 'To All the Boys 3' trailer: Netflix closes 'emotional' love story, 0
https://www.usatoday.com/https://www.usatoday.com/videos/news/nation/2021/01/13/acting-attorney-general-jeffrey-rosen-sends-clear-message-rioters/6652887002/, Acting Attorney General Jeffrey Rosen sends 'clear message' to rioters, 0
https://www.usatoday.com/https://www.usatoday.com/story/nletter/2021/01/13/daily-money-1-13-21/6652832002/, The Daily Money 1-13-21, 0
https://www.usatoday.com/https://www.usatoday.com/story/money/2021/01/13/new-york-city-cuts-trump-organization-ties-after-capitol-riot/6652825002/, New York City cuts Trump Organization ties after US Capitol riot in DC, 0
https://www.usatoday.com/https://www.usatoday.com/story/tech/2021/01/13/adl-gab-andrew-torba-capitol-riots/6652567002/, Gab| CEO Torba should face criminal probe over Capitol riots| ADL says, 0
https://www.usatoday.com/https://www.usatoday.com/videos/money/business/2021/01/13/facebook-tells-employees-not-wear-company-shirts-public/6638528002/, Facebook tells employees not to wear company shirts in public, 0
https://www.usatoday.com/https://www.usatoday.com/story/sports/ncaaf/2021/01/13/alabama-ohio-state-least-watched-national-title-game-bcs-cfp/6652423002/, Alabama-Ohio State: Least-watched national title game in BCS| CFP era, 0
https://www.usatoday.com/https://www.usatoday.com/story/sports/sports-betting/2021/01/13/chicago-blackhawks-at-tampa-bay-lightning-odds-picks-and-prediction/115288896/, Chicago Blackhawks at Tampa Bay Lightning odds| picks and prediction, 0
https://www.usatoday.com/https://www.usatoday.com/story/entertainment/celebrities/2021/01/13/joe-biden-inauguration-celebrities-performing/6652717002/, Biden inauguration performances: How to watch| which stars will attend, 0
https://www.usatoday.com/https://www.usatoday.com/story/sports/nfl/2021/01/13/ap-sources-eagles-wont-be-penalized-for-qb-decisions/115288992/, AP sources: Eagles won't be penalized for QB decisions, 0
https://www.usatoday.com/https://www.usatoday.com/in-depth/news/investigations/2021/01/13/capitol-riot-law-enforcement-failure-analysis/6601142002/, Police failures let an insurrection into the Capitol, 0
https://www.usatoday.com/https://www.usatoday.com/videos/news/2021/01/13/national-guard-members-deployed-washington-ahead-biden-inauguration/6651492002/, National Guard members deployed in Washington ahead of Biden inauguration, 0
https://www.usatoday.com/https://www.usatoday.com/story/money/2021/01/13/qanon-merchandise-amazon-ebay-remove-marketplace/6652369002/, Amazon| eBay remove QAnon merchandise from their marketplace, 0
https://www.usatoday.com/https://www.usatoday.com/story/tech/2021/01/13/apple-details-first-projects-100-m-racial-equity-initiative/6652621002/, Apple details first big projects of $100M racial equity initiative, 0
https://www.usatoday.com/https://www.usatoday.com/story/entertainment/books/2021/01/13/sarah-ferguson-duchess-york-announces-historical-romance-novel/6653806002/, Sarah Ferguson| Duchess of York| announces historical romance novel, 0
https://www.usatoday.com/https://www.usatoday.com/story/sports/sports-betting/2021/01/13/los-angeles-lakers-at-oklahoma-city-thunder-odds-picks-and-prediction/115289174/, Los Angeles Lakers at Oklahoma City Thunder odds| picks and prediction, 0
https://www.usatoday.com/https://www.usatoday.com/story/sports/ncaab/sec/2021/01/13/john-calipari-kentucky-basketballs-anthem-protest-timing-bad/6653757002/, John Calipari: Kentucky basketball's anthem protest timing was bad, 0
https://www.usatoday.com/https://www.usatoday.com/videos/entertainment/celebrities/2021/01/13/chuck-norris-representative-insists-actor-wasnt-us-capitol-riots/6654158002/, Chuck Norris' representative insists actor wasn't at US Capitol riots, 0
https://www.usatoday.com/https://www.usatoday.com/story/sports/mlb/2021/01/13/mark-shapiro-gets-5-year-extension-as-blue-jays-ceo/43324161/, Mark Shapiro gets 5-year extension as Blue Jays' CEO, 0
https://www.usatoday.com/https://www.usatoday.com/story/travel/hotels/2021/01/13/inauguration-safety-airbnb-cancels-all-washington-d-c-bookings/6654147002/, Inauguration safety: Airbnb cancels all Washington| D.C. bookings, 0
https://www.usatoday.com/https://www.usatoday.com/videos/travel/2021/01/13/snow-falling-thermal-baths-immediately-relieve-your-stress/6653456002/, Snow falling on these thermal baths will immediately relieve your stress, 0
https://www.usatoday.com/https://www.usatoday.com/story/news/factcheck/2021/01/13/fact-check-nashville-bombing-ny-fire-unrelated-not-tied-election/4076145001/, Fact check: Nashville bombing| NY fire unrelated| not tied to election, 0
https://www.usatoday.com/https://www.usatoday.com/story/news/nation/2021/01/13/wind-storm-hits-washington-puget-sound-flood-warning-oregon/6654161002/, Deadly wind storm hits Washington| Puget Sound; flood warning in Oregon, 0
https://www.usatoday.com/https://www.usatoday.com/story/sports/2021/01/13/lgbtq-athletes-see-biden-administration-potential-advancement/3973314001/, LGBTQ athletes see Biden Administration as potential for advancement, 0
https://www.usatoday.com/https://www.usatoday.com/story/entertainment/celebrities/2021/01/13/president-donald-trump-impeachment-trial-celebrities-react/6653211002/, Trump impeachment: Chrissy Teigen| Geraldo Rivera| more stars react, 0
https://www.usatoday.com/https://www.usatoday.com/story/sports/soccer/2021/01/13/premier-league-players-told-to-stop-hugging-by-government/43324373/, Premier League players told to stop hugging by government, 0
https://www.usatoday.com/https://www.usatoday.com/story/tech/2021/01/13/tiktok-privacy-users-ages-13-15-have-default-private-account/6653583002/, TikTok privacy: Users ages 13-15 will have a default private account, 0
https://www.usatoday.com/https://www.usatoday.com/story/news/politics/2021/01/13/national-guard-inside-us-capitol-amid-donald-trump-impeachment-hearing/6654098002/, National Guard inside US Capitol amid Donald Trump impeachment hearing, 0
https://www.usatoday.com/https://www.usatoday.com/story/news/politics/2021/01/13/impeachment-inauguration-brings-national-guard-capitol-security/6654988002/, Impeachment| inauguration brings National Guard to Capitol for security, 0
https://www.usatoday.com/https://www.usatoday.com/story/sports/nba/thunder/2021/01/13/thunders-george-hill-pushes-back-nbas-stricter-covid-19-protocols/6654914002/, Thunders' George Hill pushes back on NBA's stricter COVID-19 protocols, 0
https://www.usatoday.com/https://www.usatoday.com/story/news/politics/2021/01/13/homeland-security-expedites-washington-lockdown-ahead-inauguration/6654049002/, Homeland Security expedites Washington lockdown ahead of inauguration, 0
https://www.usatoday.com/https://www.usatoday.com/story/sports/sports-betting/2021/01/13/memphis-grizzlies-at-minnesota-timberwolves-odds-picks-and-prediction/115289746/, Memphis Grizzlies at Minnesota Timberwolves odds| picks and prediction, 0
https://www.usatoday.com/https://www.usatoday.com/story/nletter/2021/01/13/black-and-constantly-traumatized-america/6654687002/, Black and constantly traumatized: This is America, 0
https://www.usatoday.com/https://www.usatoday.com/storytelling/capitol-riot-mob-arrests/, Capitol riot arrests: See who has been charged, 0
https://www.usatoday.com/https://www.usatoday.com/story/tech/2021/01/13/pokemon-gets-katy-perry-25th-anniversary-celebration/6654640002/, Pokémon gets Katy Perry for 25th anniversary celebration, 0
https://www.usatoday.com/https://www.usatoday.com/story/sports/nba/2021/01/13/hawks-suns-game-latest-to-be-called-off-by-nba-amid-virus/115289912/, Another 3 NBA games called off amid virus| 16 test positive, 0
https://www.usatoday.com/https://www.usatoday.com/story/sports/nfl/2021/01/13/bears-plan-to-keep-nagy-gm-pace-for-at-least-1-more-season/43324661/, Bears plan to keep Nagy| GM Pace for at least 1 more season, 0
https://www.usatoday.com/https://www.10best.com/interests/explore/wander-wales-virtual-photo-tour/, Wander through Wales (virtually) on this photo tour, 0
https://www.usatoday.com/https://www.usatoday.com/story/tech/reviewedcom/2021/01/13/discounts-healthcare-workers-use-hsn-promo-code-save-big/6641414002/, Discounts for healthcare workers: Use this HSN promo code to save big, 0
https://www.usatoday.com/https://www.usatoday.com/videos/news/nation/2021/01/13/hoyer-never-too-late-do-right-thing/6656130002/, Hoyer: It is never too late to do the right thing, 0
https://www.usatoday.com/https://www.usatoday.com/story/sports/soccer/2021/01/13/late-lukaku-goal-helps-inter-set-up-quarterfinal-with-milan/115289978/, Late Lukaku goal helps Inter set up quarterfinal with Milan, 0
https://www.usatoday.com/https://www.usatoday.com/story/sports/soccer/2021/01/13/bayer-leverkusen-signs-fosu-mensah-from-manchester-united/43324741/, Bayer Leverkusen signs Fosu-Mensah from Manchester United, 0
https://www.usatoday.com/https://www.usatoday.com/videos/tech/reviewedcom/2021/01/13/panasonic/6655980002/, Panasonic, 0
https://www.usatoday.com/https://www.usatoday.com/story/sports/nba/2021/01/13/nba-coronavirus-updates-suns-hawks-game-postponed-covid-19/6655855002/, NBA coronavirus updates: Suns-Hawks game postponed Wednesday, 0
https://www.usatoday.com/https://www.usatoday.com/videos/sports/nba/whatimhearing/2021/01/13/how-brooklyn-nets-handling-kyrie-irving-situation/6656117002/, How the Brooklyn Nets are handling the Kyrie Irving situation, 0
https://www.usatoday.com/https://www.usatoday.com/story/money/columnist/2021/01/13/how-small-businesses-can-commit-diversity/6653442002/, How small businesses can commit to diversity, 0
https://www.usatoday.com/https://www.usatoday.com/story/sports/nba/spurs/2021/01/13/gregg-popovich-donald-trump-impeachment/6655340002/, Gregg Popovich supports Trump impeachment: 'Least that we can do', 0
https://www.usatoday.com/https://www.usatoday.com/story/news/nation/2021/01/13/dc-capitol-riot-feds-say-man-texted-threats-kill-mayor-pelosi/6654896002/, DC Capitol riot: Feds say man texted threats to kill mayor| Pelosi, 0
https://www.usatoday.com/https://www.reviewed.com/vacuums/news/dreame-technology-announces-t30-and-l10-vacuums?utm_source=usat&utm_medium=referral&utm_campaign=collab, This brand offers high-end vacuum features priced for less, 0
https://www.usatoday.com/https://www.usatoday.com/story/entertainment/2021/01/13/voa-reporter-widakuswara-reassigned-mike-pompeo-questions/6656165002/, VOA reporter Widakuswara reassigned for Mike Pompeo questions, 0
https://www.usatoday.com/https://www.reviewed.com/bath/news/shower-power-ampere-runs-entirely-water?utm_source=usat&utm_medium=referral&utm_campaign=collab, This Bluetooth shower speaker is powered entirely by water, 0
https://www.usatoday.com/https://www.reviewed.com/style/features/10-cozy-socks-keep-feet-warm-winter-ugg-smartwool?utm_source=usat&utm_medium=referral&utm_campaign=collab, 10 cozy socks to keep your feet warm this winter, 0
https://www.usatoday.com/https://www.usatoday.com/story/sports/nhl/2021/01/13/panthers-get-goalie-sergei-bobrovsky-back-on-the-ice/115290206/, Panthers get goalie Sergei Bobrovsky back on the ice, 0
https://www.usatoday.com/https://www.usatoday.com/story/sports/sports-betting/2021/01/13/afc-divisional-round-baltimore-ravens-at-buffalo-bills-odds-picks-and-prediction/115290192/, AFC Divisional Round: Baltimore Ravens at Buffalo Bills odds| picks and prediction, 0
https://www.usatoday.com/https://www.reviewed.com/small-appliances/features/beermkr-unveils-fully-automated-beer-brewing-system-ces?utm_source=usat&utm_medium=referral&utm_campaign=collab, This app-enabled system will brew beer for you, 0
https://www.usatoday.com/https://www.usatoday.com/story/entertainment/movies/2021/01/13/promising-young-woman-movie-review-carey-mulligan-crushes-cool-role/6632639002/, 'Promising Young Woman' review: Carey Mulligan crushes a cool role, 0
https://www.usatoday.com/https://www.usatoday.com/videos/travel/hotels/2021/01/13/inauguration-safety-airbnb-cancels-all-washington-dc-bookings/4144814001/, Inauguration safety: Airbnb cancels all Washington| DC bookings, 0
https://www.usatoday.com/https://www.usatoday.com/story/entertainment/movies/2021/01/13/sag-awards-rescheduled-april-avoid-grammys-conflict-amid-awards-season/4144604001/, SAG Awards move to April after Grammys conflict as one-hour special, 0
https://www.usatoday.com/https://www.reviewed.com/home-outdoors/best-right-now/the-best-snow-shovels?utm_source=usat&utm_medium=referral&utm_campaign=collab, The best snow shovels of 2021, 0
https://www.usatoday.com/https://www.usatoday.com/story/sports/nfl/2021/01/13/harbaugh-ravens-happily-travel-road-to-success-in-playoffs/115290414/, Harbaugh| Ravens happily travel road to success in playoffs, 0
https://www.usatoday.com/https://www.usatoday.com/story/tech/reviewedcom/2021/01/13/how-watch-disenchanted-enchanted-sequel/6656104002/, How to watch Disenchanted| the Enchanted sequel, 0
https://www.usatoday.com/https://www.reviewed.com/smarthome/news/moen-smart-sump-pump-monitor?utm_source=usat&utm_medium=referral&utm_campaign=collab, This Smart Sump Pump Monitor can prevent water leaks, 0
https://www.usatoday.com/https://www.usatoday.com/story/entertainment/music/2021/01/13/demi-lovato-dancing-devil-debut-set-youtube-series/4144800001/, 'Demi Lovato: Dancing With the Devil': Debut set for YouTube series, 0
https://www.usatoday.com/https://www.reviewed.com/health/features/bala-bangles-review-wearable-weights?utm_source=usat&utm_medium=referral&utm_campaign=collab, Are the Instagram-famous Bala Bangles worth buying?, 0
https://www.usatoday.com/https://www.usatoday.com/videos/news/weather/2021/01/13/kilauea-volcano-lava-continues-form-new-crust-its-summit/6648556002/, Kīlauea volcano lava continues to form a new crust at its summit, 0
https://www.usatoday.com/https://www.usatoday.com/story/nletter/health/2021/01/13/coronavirus-watch-postponements-piling-up-nba/4144606001/, Coronavirus Watch: Postponements are piling up in the NBA, 0
https://www.usatoday.com/https://www.usatoday.com/story/travel/news/2021/01/13/goa-indias-party-capital-reels-loss-international-tourism/6652325002/, Goa| India's party capital| reels from loss of international tourism, 0
https://www.usatoday.com/https://www.usatoday.com/story/news/politics/2021/01/13/mikie-sherrill-pro-trump-rioters-got-tour-congress-members/4146002001/, Capitol riots: Rep. Sherrill says lawmakers gave reconnaissance tours, 0
https://www.usatoday.com/https://www.usatoday.com/story/sports/ncaab/bigten/2021/01/13/tom-izzo-son-michigan-state-players-testing-positive-covid/4146149001/, Michigan State player positive for COVID include Tom Izzo's son, 0
https://www.usatoday.com/https://www.usatoday.com/story/news/health/2021/01/13/rand-survey-finds-many-dont-think-racism-barrier-health/6643274002/, RAND survey finds many don't think racism is a barrier to health, 0
https://www.usatoday.com/https://www.usatoday.com/videos/news/nation/2021/01/13/kansas-game-warden-shoots-free-entangled-deer/4146560001/, Kansas game warden shoots to free entangled deer, 0
https://www.usatoday.com/https://www.usatoday.com/story/money/markets/2021/01/13/wall-street-drifts-even-treasury-yields-slow-their-rise/4146416001/, Wall Street drifts higher while Treasury yields slow their rise, 0
https://www.usatoday.com/https://www.usatoday.com/story/sports/soccer/2021/01/13/atletico-signs-dembele-on-loan-from-lyon-for-rest-of-season/115290588/, Atletico signs Dembele on loan from Lyon for rest of season, 0
https://www.usatoday.com/https://www.usatoday.com/story/news/politics/2021/01/13/arizonas-andy-biggs-tied-stop-steal-movement-new-videos/4146071001/, Arizona's Andy Biggs tied to 'Stop the Steal' movement in new videos, 0
https://www.usatoday.com/https://www.usatoday.com/sitemap/2021/january/13/, 1, 0
https://www.usatoday.com/https://www.usatoday.com/sitemap/2021/january/13/?page=2, 2, 0
