https://www.usatoday.com/https://www.usatoday.com/story/sports/nfl/2021/01/13/bills-brace-for-run-dominant-lamar-jackson-led-ravens/43325487/, Bills brace for run-dominant| Lamar Jackson-led Ravens, 0
https://www.usatoday.com/https://www.usatoday.com/videos/entertainment/entertainthis/2021/01/14/impeachment-madonna-robert-de-niro-mentioned-during-congressional-hearing/4153173001/, Impeachment: Madonna| Robert De Niro mentioned during congressional hearing, 0
https://www.usatoday.com/https://www.usatoday.com/videos/news/politics/2021/01/14/nancy-pelosis-stolen-lectern-returned-used-impeachment-ceremony/4153189001/, Nancy Pelosi's stolen lectern returned| used in impeachment ceremony, 0
https://www.usatoday.com/https://www.usatoday.com/story/sports/ncaaw/2021/01/13/no-15-ohio-st-women-snap-iowas-42-game-home-winning-streak/115291626/, No. 15 Ohio St women snap Iowa's 42-game home winning streak, 0
https://www.usatoday.com/https://www.usatoday.com/story/sports/ncaab/2021/01/13/norfolk-state-routs-north-carolina-wesleyan-80-58/115291624/, Norfolk State routs North Carolina Wesleyan 80-58, 0
https://www.usatoday.com/https://www.usatoday.com/story/tech/reviewedcom/2021/01/13/amazon-deals-save-oxo-tot-cups-revlon-one-step-and-more/6653575002/, Amazon deals: Save on OXO Tot cups| the Revlon One-Step and more, 0
https://www.usatoday.com/https://www.usatoday.com/videos/news/nation/2021/01/14/disneys-wandavision-show-mcu-whole-new-light/4153326001/, Disney’s ‘WandaVision’ will show MCU in a ‘whole new light', 0
https://www.usatoday.com/https://www.usatoday.com/videos/entertainment/2021/01/14/disneys-wandavision-show-mcu-whole-new-light/4153330001/, Disney’s ‘WandaVision’ will show MCU in a ‘whole new light', 0
https://www.usatoday.com/https://www.usatoday.com/story/sports/ncaab/2021/01/13/alabamas-jordan-bruner-out-indefinitely-with-knee-injury/43325493/, Alabama's Jordan Bruner out indefinitely with knee injury, 0
https://www.usatoday.com/https://www.usatoday.com/story/sports/soccer/2021/01/13/matchday-madrid-plays-bilbao-for-place-in-super-cup-final/115291666/, MATCHDAY: Madrid plays Bilbao for place in Super Cup final, 0
https://www.usatoday.com/https://www.usatoday.com/story/sports/ncaaf/swac/2021/01/13/deion-sanders-rants-unacceptable-inequity-hbcu-fcs-jackson-state/4153278001/, Deion Sanders rants about 'unacceptable' inequity at FCS level, 0
https://www.usatoday.com/https://www.usatoday.com/story/sports/soccer/2021/01/13/nwsl-draft-2021-trinity-rodman-selected-no-2-washington-spirit/4153018001/, NWSL draft 2021: Trinity Rodman selected No. 2 by Washington Spirit, 0
https://www.usatoday.com/https://www.usatoday.com/story/news/politics/2021/01/13/fbi-urges-local-police-share-threat-intel-related-inauguration/4153188001/, FBI urges local police to share threat intel related to inauguration, 0
https://www.usatoday.com/https://www.usatoday.com/story/tech/2021/01/13/trump-snapchat-account-ban-permanent/4153384001/, Snapchat bans President Donald Trump from platform after Capitol riots, 0
https://www.usatoday.com/https://www.usatoday.com/story/sports/ncaaf/2021/01/13/michigan-hires-mike-hart-as-running-back-mentor/43325509/, Michigan hires Mike Hart as running back mentor, 0
https://www.usatoday.com/https://www.usatoday.com/story/entertainment/music/2021/01/13/trump-impeachment-toby-keith-ricky-skaggs-national-medal-arts-president/4153217001/, Impeachment: Toby Keith| Ricky Skaggs receive medals from Trump, 0
https://www.usatoday.com/https://www.usatoday.com/story/sports/nhl/2021/01/13/farabee-has-4-point-game-flyers-beat-penguins-6-3/115291764/, Farabee has 4-point game| Flyers beat Penguins 6-3, 0
https://www.usatoday.com/https://www.usatoday.com/story/sports/ncaaf/sec/2021/01/13/alabama-football-fans-celebration-covid-numbers-tuscaloosa/4153843001/, Alabama football celebration could lead to rise in COVID in Tuscaloosa, 0
https://www.usatoday.com/https://www.usatoday.com/videos/news/nation/2021/01/14/trump-condemns-violence-calls-calm-video/4153871001/, Trump condemns violence| calls for calm in video, 0
https://www.usatoday.com/https://www.usatoday.com/story/tech/2021/01/13/trump-twitter-ban-jack-dorsey-right-decision/4153641001/, Donald Trump Twitter ban was 'right decision|' CEO Jack Dorsey says, 0
https://www.usatoday.com/https://www.usatoday.com/in-depth/news/2021/01/13/impeachment-3-charts-show-houses-historic-decision-against-trump/4148298001/, Impeachment: 3 charts show House's historic decision against Trump, 0
https://www.usatoday.com/https://www.usatoday.com/story/sports/soccer/2021/01/13/santos-beats-boca-for-all-brazilian-copa-libertadores-final/43325511/, Santos beats Boca for all-Brazilian Copa Libertadores final, 0
https://www.usatoday.com/https://www.usatoday.com/videos/news/nation/2021/01/14/calif-opens-mass-vaccination-sites-virus-surges/4153931001/, Calif. opens mass vaccination sites as virus surges, 0
https://www.usatoday.com/https://www.usatoday.com/story/tech/2021/01/13/trump-extremists-banned-facebook-twitter-violence-gab-telegram-signal/4151498001/, Pro-Trump extremists plan violence off Facebook| Twitter after ban, 0
https://www.usatoday.com/https://www.usatoday.com/videos/news/politics/2021/01/14/trump-denounces-capitol-violence-impeached-twice/4153912001/, Trump denounces violence at Capitol riots after being impeached twice, 0
https://www.usatoday.com/https://www.usatoday.com/story/sports/nfl/2021/01/13/lions-complete-second-gm-interview-with-holmes/115291796/, Lions complete second GM interview with Holmes, 0
https://www.usatoday.com/https://www.usatoday.com/story/sports/ncaaw/2021/01/13/bekelja-held-combine-for-43-no-19-depaul-women-win/115291802/, Bekelja| Held combine for 43| No. 19 DePaul women win, 0
https://www.usatoday.com/https://www.usatoday.com/videos/news/nation/2021/01/14/ap-debrief-house-delivers-historic-trump-rebuke/4154317001/, AP Debrief: House delivers historic Trump rebuke, 0
https://www.usatoday.com/https://www.usatoday.com/story/sports/nfl/2021/01/13/saints-defensive-line-aims-to-disrupt-bucs-brady-once-more/115291818/, Saints' defensive line aims to disrupt Bucs' Brady once more, 0
https://www.usatoday.com/https://www.usatoday.com/story/sports/nfl/2021/01/13/brockers-donald-back-together-on-rams-d-line-for-playoffs/43325517/, Brockers| Donald back together on Rams' D-line for playoffs, 0
https://www.usatoday.com/https://www.usatoday.com/story/news/nation/2021/01/13/north-carolina-covid-19-nurse-wins-1-million-lottery-drawing/4153218001/, North Carolina COVID-19 nurse wins $1 million lottery drawing, 0
https://www.usatoday.com/https://www.usatoday.com/story/sports/ncaaw/2021/01/13/no-16-usf-women-win-9th-straight-beat-tulane-72-53/43325519/, No. 16 USF women win 9th straight| beat Tulane 72-53, 0
https://www.usatoday.com/https://www.usatoday.com/story/sports/nhl/lightning/2021/01/13/lightning-stanley-cup-banner-wait-for-fans/4154167001/, Lightning won't raise Stanley Cup banner until fans are there, 0
https://www.usatoday.com/https://www.usatoday.com/story/sports/ncaaw/2021/01/13/ohio-state-ends-iowas-home-winning-streak-at-42-games/115291862/, Ohio State ends Iowa's home winning streak at 42 games, 0
https://www.usatoday.com/https://www.usatoday.com/story/sports/nba/2021/01/13/doncic-has-34-points-mavs-beat-hornets-in-porzingis-return/43325521/, Doncic has 34 points| Mavs beat Hornets in Porzingis' return, 0
https://www.usatoday.com/https://www.usatoday.com/story/news/factcheck/2021/01/13/fact-check-photo-captures-lake-australia-resembles-tree/4148870001/, Fact check: Photo captures a lake in Australia that resembles a tree, 0
https://www.usatoday.com/https://www.usatoday.com/story/sports/nba/2021/01/13/antetokounmpos-triple-double-lifts-bucks-over-pistons/43325541/, Antetokounmpo's triple-double lifts Bucks over Pistons, 0
https://www.usatoday.com/https://www.usatoday.com/story/sports/ncaab/2021/01/13/greene-oduro-carry-george-mason-over-la-salle-75-42/115291880/, Greene| Oduro carry George Mason over La Salle 75-42, 0
https://www.usatoday.com/https://www.usatoday.com/story/sports/ncaab/2021/01/13/wichita-st-beats-tulsa-72-53/115291878/, Wichita St. beats Tulsa 72-53, 0
https://www.usatoday.com/https://www.usatoday.com/story/sports/ncaab/2021/01/13/florida-state-shoots-707-in-105-73-win-over-nc-state/43325551/, Florida State shoots 70.7% in 105-73 win over N.C. State, 0
https://www.usatoday.com/https://www.usatoday.com/story/sports/ncaab/2021/01/13/lsu-tops-arkansas-92-76-with-big-first-half/43325553/, LSU tops Arkansas 92-76 with big first half, 0
https://www.usatoday.com/https://www.usatoday.com/story/news/nation/2021/01/13/california-offers-vaccines-all-65-edd-fraud-worse-than-thought/4150432001/, California offers vaccines to all 65+; EDD fraud worse than thought, 0
https://www.usatoday.com/https://www.usatoday.com/story/sports/ncaab/2021/01/13/murphy-hits-winner-scores-23-to-lift-wofford-over-vmi-80-78/115292190/, Murphy hits winner| scores 23 to lift Wofford over VMI 80-78, 0
https://www.usatoday.com/https://www.usatoday.com/story/sports/ncaab/2021/01/13/kenic-scores-27-carries-chattanooga-over-mercer-83-80/43325579/, Kenic scores 27| carries Chattanooga over Mercer 83-80, 0
https://www.usatoday.com/https://www.usatoday.com/story/news/nation/2021/01/13/flint-water-michigan-rick-snyder-willful-neglect-duty/4154599001/, Flint water case: Ex-Michigan Gov. Rick Snyder faces criminal charges, 0
https://www.usatoday.com/https://www.usatoday.com/story/sports/ncaab/2021/01/13/watson-scores-19-points-to-carry-dayton-past-duquesne-72-63/43325581/, Watson scores 19 points to carry Dayton past Duquesne 72-63, 0
https://www.usatoday.com/https://www.usatoday.com/story/sports/ncaab/2021/01/13/cooper-dominant-again-as-auburn-beats-georgia-95-77/43325583/, Cooper dominant again as Auburn beats Georgia 95-77, 0
https://www.usatoday.com/https://www.usatoday.com/story/news/factcheck/2021/01/13/fact-check-pelosis-conference-room-laptop-taken-capitol-riot/6654323002/, Fact check: Pelosi's conference room laptop was taken in Capitol riot, 0
https://www.usatoday.com/https://www.usatoday.com/story/entertainment/music/2021/01/13/shakira-sells-music-publishing-rights-uk-company/4154894001/, Shakira sells music publishing rights to UK company, 0
https://www.usatoday.com/https://www.usatoday.com/story/sports/nba/2021/01/13/durant-nets-win-while-short-handed-with-harden-deal-pending/115291904/, Durant| Nets win while short-handed with Harden deal pending, 0
https://www.usatoday.com/https://www.usatoday.com/story/sports/ncaab/2021/01/13/degray-iii-lifts-umass-past-rhode-island-80-78-in-ot/115291924/, DeGray III lifts UMass past Rhode Island 80-78 in OT, 0
https://www.usatoday.com/https://www.usatoday.com/story/sports/ncaab/2021/01/13/nutall-scores-28-to-lead-sam-houston-st-over-lamar-96-71/43325613/, Nutall scores 28 to lead Sam Houston St. over Lamar 96-71, 0
https://www.usatoday.com/https://www.usatoday.com/story/sports/nhl/2021/01/13/rielly-scores-in-ot-maple-leafs-beat-canadiens-5-4/43325621/, Rielly scores in OT| Maple Leafs beat Canadiens 5-4, 0
https://www.usatoday.com/https://www.usatoday.com/story/sports/nba/2021/01/13/lebron-james-scores-26-points-lakers-roll-past-thunder/115291934/, LeBron James scores 26 points| Lakers roll past Thunder, 0
https://www.usatoday.com/https://www.usatoday.com/story/sports/nhl/2021/01/13/farabee-leads-flyers-to-6-3-win-o-over-penguins-in-opener/43325639/, Farabee leads Flyers to 6-3 win o over Penguins in opener, 0
https://www.usatoday.com/https://www.usatoday.com/story/news/health/2021/01/13/moderna-covid-19-vaccine-trial-adolescent-volunteers-coronavirus/6646795002/, Moderna COVID-19 vaccine trial struggles to find adolescent volunteers, 0
https://www.usatoday.com/https://www.usatoday.com/story/entertainment/movies/2021/01/13/spike-lee-talks-trump-impeachment-covid-vaccine-viagra-musical/4153031001/, Spike Lee talks Trump impeachment| COVID-19 vaccine| Viagra musical, 0
https://www.usatoday.com/https://www.usatoday.com/story/sports/nba/2021/01/13/valanciunas-leads-grizzlies-to-118-107-win-over-timberwolves/115291954/, Valanciunas leads Grizzlies to 118-107 win over Timberwolves, 0
https://www.usatoday.com/https://www.usatoday.com/story/sports/ncaab/2021/01/13/willis-scores-28-to-carry-uiw-over-mcneese-st-83-61/43325641/, Willis scores 28 to carry UIW over McNeese St. 83-61, 0
https://www.usatoday.com/https://www.usatoday.com/story/sports/olympics/2021/01/13/cover-up-of-cover-up-still-led-to-downsized-russian-ban/43325643/, 'Cover up of cover-up' still led to downsized Russian ban, 0
https://www.usatoday.com/https://www.usatoday.com/story/sports/ncaab/2021/01/13/clergeot-leads-se-louisiana-past-texas-am-cc-76-63/115291970/, Clergeot leads SE Louisiana past Texas A&M-CC 76-63, 0
https://www.usatoday.com/https://www.usatoday.com/story/sports/ncaab/2021/01/13/jones-no-16-louisville-beat-wake-forest-77-65/43325647/, Jones| No. 16 Louisville beat Wake Forest 77-65, 0
https://www.usatoday.com/https://www.usatoday.com/story/news/nation/2021/01/13/powerball-jackpot-us-lottery-history-mega-millions/4151090001/, Powerball jackpot grows to $640M| 8th largest in US lottery history, 0
https://www.usatoday.com/https://www.usatoday.com/videos/news/nation/2021/01/14/today-history-january-14th/4155276001/, Today in History for January 14th, 0
https://www.usatoday.com/https://www.usatoday.com/story/news/investigations/2021/01/13/two-virginia-police-officers-arrested-storming-capitol-riot/4155103001/, Two Virginia police officers arrested for storming the Capitol in riot, 0
https://www.usatoday.com/https://www.usatoday.com/story/sports/nhl/2021/01/13/stamkos-has-goal-2-assists-as-lightning-beat-blackhawks-5-1/115291988/, Stamkos has goal| 2 assists as Lightning beat Blackhawks 5-1, 0
https://www.usatoday.com/https://www.usatoday.com/story/sports/ncaab/2021/01/13/texas-am-closes-on-12-5-run-beats-mississippi-state-56-55/43325657/, Texas A&M closes on 12-5 run| beats Mississippi State 56-55, 0
https://www.usatoday.com/https://www.usatoday.com/story/sports/2021/01/13/james-harden-kyrie-irving-wont-able-coexist-nets/4155184001/, James Harden| Kyrie Irving won't be able to coexist on the Nets, 0
https://www.usatoday.com/https://www.usatoday.com/story/sports/tennis/2021/01/13/list-of-qualifying-players-for-the-australian-open/43325665/, List of Qualifying Players for the Australian Open, 0
https://www.usatoday.com/https://www.usatoday.com/story/sports/ncaab/2021/01/13/doutrive-scores-17-to-lift-boise-st-over-wyoming-90-70/43325667/, Doutrive scores 17 to lift Boise St. over Wyoming 90-70, 0
https://www.usatoday.com/https://www.usatoday.com/story/sports/nhl/2021/01/13/nhl-2021-season-predictions-stanley-cup-mvp/4140225001/, NHL predictions, 0
https://www.usatoday.com/https://www.usatoday.com/story/opinion/2021/01/14/biden-have-address-iran-al-qaida-relationship-column/6654150002/, Biden will have to address the Iran-al-Qaida relationship, 0
https://www.usatoday.com/https://www.usatoday.com/story/money/cars/2021/01/14/gm-flying-car-concept-cadillac-halo/6652309002/, GM reveals flying car idea| the Cadillac Halo| at virtual CES, 0
https://www.usatoday.com/https://www.usatoday.com/story/money/2021/01/14/black-america-history-social-economic-inequalities/5759328002/, Inauguration Biden: Race defines America's haves| have-nots, 0
https://www.usatoday.com/https://www.usatoday.com/story/sports/ncaab/2021/01/14/mcclung-lifts-no-15-texas-tech-past-no-4-texas-79-77/115292058/, McClung lifts No. 15 Texas Tech past No. 4 Texas| 79-77, 0
https://www.usatoday.com/https://www.usatoday.com/story/sports/ncaab/2021/01/14/texas-tech-rallies-to-beat-texas-79-77/43325669/, Texas Tech rallies to beat Texas 79-77, 0
https://www.usatoday.com/https://www.usatoday.com/story/sports/ncaab/2021/01/14/gordon-double-double-lifts-nicholls-st-past-northwestern-st/43325675/, Gordon double-double lifts Nicholls St past Northwestern St, 0
https://www.usatoday.com/https://www.usatoday.com/videos/sports/nba/sportspulse/2021/01/14/nets-faced-brand-new-dynamic-after-adding-james-harden/4155715001/, Nets face brand new dynamic after adding James Harden, 0
https://www.usatoday.com/https://www.usatoday.com/story/sports/nba/2021/01/14/leonard-leads-clippers-past-short-handed-pelicans-111-106/115292110/, Leonard leads Clippers past short-handed Pelicans 111-106, 0
https://www.usatoday.com/https://www.usatoday.com/story/sports/ncaab/2021/01/14/singleton-leads-new-mexico-past-dixie-state/115292108/, Singleton leads New Mexico past Dixie State, 0
https://www.usatoday.com/https://www.usatoday.com/story/news/weather/2021/01/13/wind-warnings-colorado-utah-wyoming-montana-weather/4154524001/, Wind warnings in effect for 8 states Thursday| including Wyoming| Utah, 0
https://www.usatoday.com/https://www.usatoday.com/story/sports/nba/2021/01/14/lillard-has-40-blazers-tie-team-record-for-3s-to-beat-kings/115292128/, Lillard has 40| Blazers tie team record for 3s to beat Kings, 0
https://www.usatoday.com/https://www.usatoday.com/story/sports/nhl/2021/01/14/boeser-scores-twice-canucks-beat-oilers-5-3/115292154/, Boeser scores twice| Canucks beat Oilers 5-3, 0
https://www.usatoday.com/https://www.usatoday.com/story/sports/ncaab/2021/01/14/no-2-baylor-heads-to-no-15-texas-tech-for-showdown/115292174/, No. 2 Baylor heads to No. 15 Texas Tech for showdown, 0
https://www.usatoday.com/https://www.usatoday.com/story/sports/nhl/2021/01/14/sundqvist-binnington-help-blues-open-with-4-1-win-over-avs/43325687/, Sundqvist| Binnington help Blues open with 4-1 win over Avs, 0
https://www.usatoday.com/https://www.usatoday.com/story/sports/ncaab/big12/2021/01/13/texas-tech-upsets-texas-longhorns-lost-first-big-12-game-season/4155861001/, Texas Tech upsets Texas as Longhorns lost first Big 12 game of season, 0
https://www.usatoday.com/https://www.usatoday.com/videos/news/nation/2021/01/14/who-team-lands-wuhan-hunt-virus-origins/4155886001/, WHO team lands in Wuhan in hunt for virus origins, 0
https://www.usatoday.com/https://www.usatoday.com/story/sports/nfl/2021/01/14/bucs-browns-bills-out-to-follow-footsteps-of-champ-chiefs/115292200/, Bucs| Browns| Bills out to follow footsteps of champ Chiefs, 0
https://www.usatoday.com/https://www.usatoday.com/story/sports/nba/2021/01/14/analysis-nets-have-pieces-now-they-need-to-fit-together/115292204/, Analysis: Nets have pieces| now they need to fit together, 0
https://www.usatoday.com/https://www.usatoday.com/story/opinion/2021/01/14/trump-fueled-violent-extremism-will-be-joe-biden-problem-column/6653245002/, Capitol riot made real the far-right terrorism threat Trump has fueled, 0
https://www.usatoday.com/https://www.usatoday.com/story/sports/nfl/2021/01/14/nfl-wild-card-games-show-potential-for-alternate-broadcasts/43325711/, NFL wild-card games show potential for alternate broadcasts, 0
https://www.usatoday.com/https://www.usatoday.com/story/news/2021/01/14/trump-impeachment-covid-19-vaccinations-samsung-galaxy-flint/6640759002/, Trump impeachment| COVID-19 vaccinations: 5 things to know Thursday, 0
https://www.usatoday.com/https://www.usatoday.com/story/opinion/2021/01/14/trumps-border-wall-plan-has-been-nothing-but-waste-deception-column/4145176001/, Trump's border wall with Mexico achieved nothing but waste and deception, 0
https://www.usatoday.com/https://www.usatoday.com/story/news/health/2021/01/14/covid-news-who-wuhan-moderna-vaccine-trial-california-montana/4150754001/, COVID news: WHO reseachers in Wuhan; Moderna vaccine trial; US deaths, 0
https://www.usatoday.com/https://www.usatoday.com/story/news/health/2021/01/14/covid-7-countries-rank-lower-than-us-vaccine-acceptance/6625648002/, COVID-19 vaccine: 7 countries that rank lower than US in acceptance, 0
https://www.usatoday.com/https://www.usatoday.com/story/news/health/2021/01/14/american-indian-tribes-covid-19-vaccines-ihs-coronavirus/3942879001/, American Indian tribes get COVID-19 vaccines| aim to ease hesitancy, 0
https://www.usatoday.com/https://www.usatoday.com/story/opinion/2021/01/14/problems-slowing-down-covid-vaccine-rollout-column/6655346002/, The problems slowing down the COVID vaccine rollout, 0
https://www.usatoday.com/https://www.usatoday.com/story/tech/columnist/komando/2021/01/14/tips-keep-your-identity-apps-and-bank-accounts-safe-hackers/6639270002/, Tips to keep your identity| apps| and bank accounts safe from hackers., 0
https://www.usatoday.com/https://www.usatoday.com/story/sports/soccer/2021/01/14/russia-giving-up-top-fifa-seat-targets-new-uefa-position/115292226/, Russia giving up top FIFA seat| targets new UEFA position, 0
https://www.usatoday.com/https://www.usatoday.com/videos/news/nation/2021/01/14/ap-top-stories-january-14/4155974001/, AP Top Stories January 14, 0
https://www.usatoday.com/https://www.usatoday.com/story/sports/soccer/2021/01/14/another-aston-villa-game-called-off-because-of-virus-cases/115292270/, EPL calls off game| calls captains to order end to hugging, 0
https://www.usatoday.com/https://www.usatoday.com/picture-gallery/entertainment/celebrities/2021/01/14/faye-dunaway-birthday-her-life-photos/4144729001/, Faye Dunaway: Her life in photos, 0
https://www.usatoday.com/https://www.usatoday.com/story/sports/nfl/2021/01/14/nfl-coaches-best-and-worst-nfl-teams-when-hiring-people-color/6653774002/, NFL coaches: Best and worst NFL teams when hiring people of color, 0
https://www.usatoday.com/https://www.usatoday.com/story/money/investing/2021/01/14/monthly-retirement-dividends/115280052/, Retirement income: How to earn $1|000 in monthly dividends, 0
https://www.usatoday.com/https://www.usatoday.com/story/opinion/2021/01/14/how-overcame-my-concerns-receiving-covid-19-vaccination-column/6653137002/, How I overcame my fear about receiving a COVID-19 vaccination, 0
https://www.usatoday.com/https://www.usatoday.com/story/sports/nfl/playoffs/2021/01/14/green-bay-packers-must-contain-rams-aaron-donald-nfl-playoffs/6647227002/, Green Bay Packers must contain Rams' Aaron Donald in NFL playoffs, 0
https://www.usatoday.com/https://www.usatoday.com/videos/news/weather/2021/01/14/dust-and-smoke-grass-fire-were-blown-across-great-falls-montana/4151485001/, Dust and smoke from a grass fire blown across Great Falls| Montana, 0
https://www.usatoday.com/https://www.usatoday.com/story/sports/tennis/2021/01/14/andy-murray-tests-positive-for-virus-before-australian-open/115292304/, Murray status for Australia in doubt after contracting virus, 0
https://www.usatoday.com/https://www.usatoday.com/story/sports/ncaab/2021/01/14/gonzaga-kentucky-mens-college-basketball-ncaa-tournament/4150934001/, College basketball picks: Who will beat Gonzaga? Kentucky streak over?, 0
https://www.usatoday.com/https://www.usatoday.com/story/sports/mlb/2021/01/14/todd-helton-baseball-hall-of-fame-case-rockies/6641510002/, Todd Helton’s Baseball Hall of Fame candidacy shunned by Coors Field, 0
https://www.usatoday.com/https://www.usatoday.com/videos/news/nation/2021/01/14/day-14-january-1954/4156034001/, On This Day: 14 January 1954, 0
https://www.usatoday.com/https://www.usatoday.com/videos/entertainment/2021/01/14/day-14-january-1954/4156035001/, On This Day: 14 January 1954, 0
https://www.usatoday.com/https://www.usatoday.com/story/news/politics/elections/2021/01/14/live-politics-updates-senate-awaits-article-after-trump-impeachment/4151158001/, Politics live updates: Senate awaits article after Trump impeachment, 0
https://www.usatoday.com/https://www.usatoday.com/videos/entertainment/music/2021/01/14/shakira-sells-entire-music-publishing-rights-uks-hipgnosis-songs-fund/4156134001/, Shakira sells entire music publishing rights to UK's Hipgnosis Songs Fund, 0
https://www.usatoday.com/https://www.usatoday.com/story/sports/nba/2021/01/14/george-carter-former-aba-basketball-star-tragic-ending/6616181002/, Former ABA basketball star George Carter struggled before death, 0
https://www.usatoday.com/https://www.usatoday.com/story/sports/ftw/2021/01/14/brooklyn-nets-new-big-3-could-still-fall-flat/115292354/, The Brooklyn Nets and their new Big 3 could still fall flat, 0
https://www.usatoday.com/https://www.usatoday.com/story/tech/columnist/2021/01/14/personal-computer-laptop-innovations-5-g/6649506002/, CES 2021 PC innovations include fast pivot to 5G, 0
https://www.usatoday.com/https://www.usatoday.com/story/travel/columnist/cox/2021/01/14/ask-captain-why-must-put-my-phone-airplane-mode-when-flying/4145874001/, Ask the Captain: Why must I put my phone in airplane mode when flying?, 0
https://www.usatoday.com/https://www.usatoday.com/story/money/investing/2021/01/14/retirement-etfs-grow-your-401-k/43320133/, From Vanguard to Global X: Here are 5 ETFs perfect to grow your 401(k), 0
https://www.usatoday.com/https://www.usatoday.com/videos/news/weather/2021/01/14/lightning-storm-lights-up-skies-over-tasmania/4155639001/, Lightning storm lights up skies over Tasmania, 0
https://www.usatoday.com/https://www.usatoday.com/story/sports/sports-betting/2021/01/14/california-at-colorado-odds-picks-and-prediction/115292392/, California at Colorado odds| picks and prediction, 0
https://www.usatoday.com/https://www.usatoday.com/videos/entertainment/celebrities/2021/01/14/anne-hathaway-reveals-she-dislikes-being-called-her-first-name/4156166001/, Anne Hathaway reveals she dislikes being called by her first name, 0
https://www.usatoday.com/https://www.usatoday.com/story/news/world/2021/01/14/australia-pigeon-who-flew-over-pacific-us-killed-over-covid/4156113001/, Australia pigeon that flew over Pacific from US to be killed, 0
https://www.usatoday.com/https://www.usatoday.com/story/nletter/2021/01/14/trump-impeachment-covid-19-vaccinations-samsung-galaxy-flint/4156010001/, Trump impeachment| COVID-19 vaccinations: Daily Briefing, 0
https://www.usatoday.com/https://www.usatoday.com/story/sports/ncaaf/2021/01/14/college-football-all-bowl-team-alabama-mac-jones-devonta-smith/6639873002/, College football all-bowl team has Alabama's Mac Jones| DeVonta Smith, 0
https://www.usatoday.com/https://www.usatoday.com/story/life/health-wellness/2021/01/14/capitol-violence-fake-news-psychology-conspiracy-theories/6636395002/, Capitol riot| fake news| and the psychology of conspiracy theories, 0
https://www.usatoday.com/https://www.usatoday.com/videos/entertainment/2021/01/14/showbiz-minute-kennedy-center-jeopardy-disneyland/4156202001/, ShowBiz Minute: Kennedy Center| 'Jeopardy!'| Disneyland, 0
https://www.usatoday.com/https://www.usatoday.com/videos/news/nation/2021/01/14/showbiz-minute-kennedy-center-jeopardy-disneyland/4156199001/, ShowBiz Minute: Kennedy Center| 'Jeopardy!'| Disneyland, 0
https://www.usatoday.com/https://www.usatoday.com/story/entertainment/celebrities/2021/01/14/jeff-bridges-lymphoma-update-tumor-has-drastically-shrunk/4156009001/, Jeff Bridges lymphoma update: Tumor has 'drastically shrunk', 0
https://www.usatoday.com/https://www.usatoday.com/story/sports/sports-betting/2021/01/14/pepperdine-at-gonzaga-odds-picks-and-prediction/115292512/, Pepperdine at Gonzaga odds| picks and prediction, 0
https://www.usatoday.com/https://www.usatoday.com/story/sports/sports-betting/2021/01/14/golden-state-warriors-at-denver-nuggets-odds-picks-and-prediction/115292516/, Golden State Warriors at Denver Nuggets odds| picks and prediction, 0
https://www.usatoday.com/https://www.usatoday.com/story/sports/ftw/2021/01/14/steelers-ben-roethlisberger-maurkice-pouncey-emotional-conversation/115282474/, Steelers' Ben Roethlisberger shares emotional moment with teammate, 0
https://www.usatoday.com/https://www.usatoday.com/story/money/shopping/2021/01/14/christopher-banks-stores-closing-chapter-11-bankruptcy-coronavirus/4156233001/, Christopher & Banks store closings 2021: Retailer filed for bankruptcy, 0
https://www.usatoday.com/https://www.usatoday.com/story/sports/sports-betting/2021/01/14/carolina-hurricanes-at-detroit-red-wings-odds-picks-and-prediction/115292582/, Carolina Hurricanes at Detroit Red Wings odds| picks and prediction, 0
https://www.usatoday.com/https://www.usatoday.com/story/opinion/2021/01/14/trump-banned-twitter-rachel-bovard-column/4145532001/, Twitter bans Trump| beginning the Big Tech crackdown on conservatives, 0
https://www.usatoday.com/https://www.usatoday.com/story/sports/mlb/2021/01/14/1952-mickey-mantle-baseball-card-sells-record-price/6653563002/, 1952 Mickey Mantle baseball card sells for record $5.2 million, 0
https://www.usatoday.com/https://art19.com/shows/5-things/episodes/d4d29a66-e454-422e-bea6-c17c94bffb7c, USA TODAY's Chelsey Cox talks about President Biden's first 100 days promises, 0
https://www.usatoday.com/https://www.usatoday.com/story/sports/soccer/2021/01/14/trippiers-ban-to-end-in-feb-regardless-of-atletico-appeal/43325841/, Trippier's ban to end in Feb regardless of Atletico appeal, 0
https://www.usatoday.com/https://www.usatoday.com/story/nletter/2021/01/14/daily-money-1-14-21/4156265001/, The Daily Money 1-14-21, 0
https://www.usatoday.com/https://www.usatoday.com/story/sports/sports-betting/2021/01/14/columbus-blue-jackets-at-nashville-predators-odds-picks-and-prediction/115292636/, Columbus Blue Jackets at Nashville Predators odds| picks and prediction, 0
https://www.usatoday.com/https://www.usatoday.com/story/news/politics/2021/01/14/capitol-riot-trump-loyalists-ohio-relive-jan-6-no-regrets/4156313001/, Capitol riot: Trump loyalists in Ohio relive Jan. 6| with no regrets, 0
https://www.usatoday.com/https://www.usatoday.com/story/travel/airline-news/2021/01/14/inauguration-security-delta-bans-checked-weapons-dc-flights/4156304001/, Inauguration: Delta| American| United| Southwest ban firearms to DC, 0
https://www.usatoday.com/https://www.usatoday.com/story/news/factcheck/2021/01/14/fact-check-dominion-voting-machines-create-ballots-only-audits-tests/3973030001/, Fact check: Dominion Voting machines create ballots only in audits| tests, 0
https://www.usatoday.com/https://www.usatoday.com/story/sports/sports-betting/2021/01/14/anaheim-ducks-at-vegas-golden-knights-odds-picks-and-prediction/115292704/, Anaheim Ducks at Vegas Golden Knights odds| picks and prediction, 0
https://www.usatoday.com/https://www.usatoday.com/story/news/nation/2021/01/14/kyle-rittenhouse-seen-bar-white-power-sign-proud-boys-song/4156448001/, Kyle Rittenhouse accused of flashing white power sign at bar, 0
https://www.usatoday.com/https://www.usatoday.com/story/tech/2021/01/14/ettie-high-tech-doorbell-checks-your-temperature/4156217001/, Ettie is a high-tech doorbell that checks your temperature, 0
https://www.usatoday.com/https://www.usatoday.com/story/sports/nfl/playoffs/2021/01/14/buffalo-bills-defense-held-lamar-jackson-in-check-last-year-nfl-playoffs/4149001001/, Buffalo Bills' defense held Ravens' Lamar Jackson in check last year, 0
https://www.usatoday.com/https://www.reviewed.com/small-appliances/features/how-air-fry-chicken-wings?utm_source=usat&utm_medium=referral&utm_campaign=collab, How to air fry chicken wings| according to a nutritionist, 0
https://www.usatoday.com/https://www.usatoday.com/story/sports/mlb/columnist/bob-nightengale/2021/01/14/players-alliance-shows-up-record-numbers-phoenix/4156709001/, Players Alliance shows up in record numbers in Phoenix, 0
https://www.usatoday.com/https://www.usatoday.com/videos/travel/2021/01/14/winter-wonderland-spain-breathtakingly-beautiful/4156906001/, Winter wonderland in Spain is a breathtakingly beautiful, 0
https://www.usatoday.com/https://www.usatoday.com/story/money/economy/2021/01/14/unemployment-claims-jump-965-000-virus-takes-toll/4156941001/, Unemployment claims jump to 965|000 as virus takes toll, 0
https://www.usatoday.com/https://www.usatoday.com/story/travel/airline-news/2021/01/14/norwegian-air-ending-long-haul-flights-amid-covid-19-struggles/4156989001/, Norwegian Air ending long-haul flights| amid COVID-19 struggles, 0
https://www.usatoday.com/https://www.reviewed.com/pets/features/kittyspring-cat-water-fountain-promises-keep-cats-hydrated/?utm_source=usat&utm_medium=referral&utm_campaign=collab, Your cat could be sipping pretty with this clever new device, 0
https://www.usatoday.com/https://www.usatoday.com/story/entertainment/celebrities/2021/01/14/siegfried-fischbacher-siegfried-and-roy-duo-dies-cancer-81/4156300001/, Siegfried Fischbacher of Siegfried and Roy duo dies of cancer at 81, 0
https://www.usatoday.com/https://www.usatoday.com/story/sports/nfl/2021/01/14/stefanski-returns-to-browns-playoffs-after-covid-19-absence/115294980/, Stefanski out of basement| back with Browns after COVID-19, 0
https://www.usatoday.com/https://www.usatoday.com/story/sports/nfl/2021/01/14/urban-meyer-jacksonville-jaguars-coach/4157120001/, Urban Meyer| Jaguars finalizing talks to make him next head coach, 0
https://www.usatoday.com/https://www.usatoday.com/picture-gallery/news/nation/2021/01/14/trump-impeached-again-front-pages-across-nation/4156930001/, Trump impeached again: Front pages across the nation, 0
https://www.usatoday.com/https://www.usatoday.com/story/travel/2021/01/14/president-elect-joe-biden-forgoing-amtrak-trip-dc-over-security-fears/4157079001/, President-elect Joe Biden forgoing Amtrak trip to DC over security fears, 0
https://www.usatoday.com/https://www.usatoday.com/story/sports/nfl/seahawks/2021/01/14/aaron-miyasato-arrest-child-porn-charges-seahawks/4156896001/, Aaron Miyasato| ex-Seahawks employee| arrested on child porn charges, 0
https://www.usatoday.com/https://www.usatoday.com/story/tech/2021/01/14/samsung-galaxy-s-21-smartphones-due-jan-29-pre-orders-now-being-taken/6648610002/, Samsung Galaxy S21 smartphones due Jan. 29| pre-orders now being taken, 0
https://www.usatoday.com/https://www.usatoday.com/story/travel/news/2021/01/14/us-canada-border-us-mexico-border-closures-extended-through-february/4156343001/, US-Canada border| US-Mexico border closures extended through Feb. 21, 0
https://www.usatoday.com/https://www.usatoday.com/story/news/politics/elections/2021/01/14/julia-letlow-widow-rep-elect-luke-letlow-run-congress/4157524001/, Julia Letlow| widow of U.S. Rep-elect Luke Letlow| to run for Congress, 0
https://www.usatoday.com/https://www.reviewed.com/smartphones/features/samsung-galaxy-s21-buds-pro-preorder?utm_source=usat&utm_medium=referral&utm_campaign=collab, How to pre-order Samsung's new Galaxy phones, 0
https://www.usatoday.com/https://www.usatoday.com/story/sports/nfl/playoffs/2021/01/14/baker-mayfield-patrick-mahomes-had-epic-college-football-game-2016/4155274001/, Baker Mayfield| Patrick Mahomes had epic college football game in 2016, 0
https://www.usatoday.com/https://www.usatoday.com/videos/sports/olympics/2021/01/14/olympic-gold-medal-swimmer-klete-keller-charged-u-s-capitol-riots/4157549001/, Olympic gold-medal swimmer Klete Keller charged for U.S. Capitol riots, 0
https://www.usatoday.com/https://www.usatoday.com/story/opinion/2021/01/14/trump-impeachment-trial-constitutional-mess-column/4157285001/, Trump impeachment trial is a constitutional mess, 0
https://www.usatoday.com/https://www.reviewed.com/sleep/features/aromeo-essential-oil-sound-light-bedside-device?utm_source=usat&utm_medium=referral&utm_campaign=collab, A new three-in-one bedside device for relaxation, 0
https://www.usatoday.com/https://www.usatoday.com/story/news/politics/2021/01/14/biden-names-white-house-domestic-policy-team-work-under-susan-rice/4156865001/, Biden names White House domestic policy team to work under Susan Rice, 0
https://www.usatoday.com/https://www.usatoday.com/story/sports/nfl/2021/01/14/ap-source-urban-meyer-nearing-deal-to-coach-jaguars/115293386/, Urban Hire: Meyer returns to sidelines with NFL's Jaguars, 0
https://www.usatoday.com/https://www.usatoday.com/story/tech/2021/01/14/samsung-galaxy-s-21-apples-iphone-12-comparing-two-smartphones/4144669001/, Samsung Galaxy S21 or Apple's iPhone 12? Comparing the two smartphones, 0
https://www.usatoday.com/https://www.usatoday.com/story/news/factcheck/2021/01/14/fact-check-truth-capitol-riot-antifa-chuck-norris/6653343002/, Fact check: The truth about Capitol riot| antifa| Chuck Norris, 0
https://www.usatoday.com/https://www.usatoday.com/story/sports/sports-betting/2021/01/14/charlotte-hornets-at-toronto-raptors-odds-picks-and-prediction/115293406/, Charlotte Hornets at Toronto Raptors odds| picks and prediction, 0
https://www.usatoday.com/https://www.usatoday.com/videos/news/have-you-seen/2021/01/14/little-boys-laugh-contagious-and-his-dog-cute-too/4157754001/, Little boy's laugh is contagious and his dog is cute too, 0
https://www.usatoday.com/https://www.usatoday.com/story/entertainment/celebrities/2021/01/14/yfn-lucci-atlanta-rapper-surrenders-police-murder-charges/4156832001/, YFN Lucci| Atlanta rapper| surrenders to police for murder charges, 0
https://www.usatoday.com/https://www.reviewed.com/small-appliances/features/magnetic-powered-millo-blender-debuts-virtual-ces-2021?utm_source=usat&utm_medium=referral&utm_campaign=collab, Start-up debuts sleek| cordless| magnetic-powered blender, 0
https://www.usatoday.com/https://www.usatoday.com/story/sports/sports-betting/2021/01/14/miami-heat-at-philadelphia-76ers-odds-picks-and-prediction/115293792/, Miami Heat at Philadelphia 76ers odds| picks and prediction, 0
https://www.usatoday.com/https://www.usatoday.com/story/sports/sports-betting/2021/01/14/calgary-flames-at-winnipeg-jets-odds-picks-and-prediction/115293824/, Calgary Flames at Winnipeg Jets odds| picks and prediction, 0
https://www.usatoday.com/https://www.usatoday.com/story/news/politics/2021/01/14/nancy-pelosi-wants-fines-ignoring-capitol-metal-detectors-house/4157444001/, Nancy Pelosi wants fines for ignoring Capitol metal detectors at House, 0
https://www.usatoday.com/https://www.usatoday.com/story/money/restaurants/2021/01/14/taco-bell-potatoes-making-comeback-fast-food-chains-menu/4157767001/, Taco Bell potatoes making a comeback to fast food chain's menu, 0
https://www.usatoday.com/https://www.usatoday.com/videos/entertainment/entertainthis/2021/01/14/leslie-odom-jr-initially-said-no-thank-you-sam-cooke-one-night-miami-role-interview/4157453001/, Leslie Odom Jr. initially said 'no thank you' to 'One Night in Miami', 0
https://www.usatoday.com/https://www.usatoday.com/story/entertainment/movies/2021/01/14/leslie-odom-jr-talks-one-night-in-miami-hamilton-pay/6631652002/, 'One Night in Miami': Leslie Odom Jr. on seeking 'Hamilton' pay parity, 0
https://www.usatoday.com/https://www.usatoday.com/story/news/2021/01/14/black-and-constantly-traumatized-america/4158691001/, Black and constantly traumatized: This is America, 0
https://www.usatoday.com/https://www.usatoday.com/videos/sports/nfl/sportspulse/2021/01/14/shaun-alexander-what-take-seahawks-great-again/4158936001/, Shaun Alexander on what it will take for the Seahawks to be great again, 0
https://www.usatoday.com/https://www.usatoday.com/story/sports/mlb/columnist/bob-nightengale/2021/01/14/spring-training-covid-19-players-optimistic/4158052001/, MLB players optimistic 2021 season will start on time despite pandemic, 0
https://www.usatoday.com/https://www.usatoday.com/story/news/nation/2021/01/14/capitol-riot-security-national-mall-close-inauguration/4156382001/, Security tightens in Washington| states before inauguration, 0
https://www.usatoday.com/https://www.usatoday.com/videos/news/have-you-seen/2021/01/14/dog-loves-have-his-belly-vacuumed/4158614001/, Dog loves to have his belly vacuumed, 0
https://www.usatoday.com/https://www.usatoday.com/story/news/politics/2021/01/14/impeachment-vote-causes-republican-peter-meijer-buy-body-armor/4158935001/, Impeachment vote causes Republican Peter Meijer to buy body armor, 0
https://www.usatoday.com/https://www.usatoday.com/story/sports/nba/2021/01/14/celtics-expect-to-play-friday-as-nba-weighs-more-testing/43326207/, Celtics plan to play Friday| another Suns game called by NBA, 0
https://www.usatoday.com/https://www.usatoday.com/story/sports/sports-betting/2021/01/14/vancouver-canucks-at-edmonton-oilers-odds-picks-and-prediction/115294182/, Vancouver Canucks at Edmonton Oilers odds| picks and prediction, 0
https://www.usatoday.com/https://www.usatoday.com/videos/news/nation/2021/01/14/2020-sets-yet-another-global-temperature-record/4159356001/, 2020 sets yet another global temperature record, 0
https://www.usatoday.com/https://www.usatoday.com/story/sports/sports-betting/2021/01/14/boston-bruins-at-new-jersey-devils-odds-picks-and-prediction/115294200/, Boston Bruins at New Jersey Devils odds| picks and prediction, 0
https://www.usatoday.com/https://www.usatoday.com/story/sports/soccer/2021/01/14/after-2018-own-goal-fifa-opens-world-cup-tv-sale-in-italy/115294226/, After 2018 own goal| FIFA opens World Cup TV sale in Italy, 0
https://www.usatoday.com/https://www.usatoday.com/story/tech/reviewedcom/2021/01/14/dash-mini-waffle-maker-his-popular-gadget-just-10-right-now/4158485001/, Dash mini waffle maker: his popular gadget is just $10 right now, 0
https://www.usatoday.com/https://www.10best.com/interests/food-culture/vertical-tasting-best-way-expand-cheese-knowledge/, Here's the best way to expand your cheese knowledge, 0
https://www.usatoday.com/https://www.usatoday.com/story/travel/experience/america/national-parks/2021/01/14/national-parks-free-day-mlk-2021-arizona-state-parks-jan-18/4149673001/, MLK Day: National parks offering free admission Monday| Jan. 18, 0
https://www.usatoday.com/https://www.usatoday.com/story/sports/sports-betting/2021/01/14/washington-capitals-at-buffalo-sabres-odds-picks-and-prediction/115294308/, Washington Capitals at Buffalo Sabres odds| picks and prediction, 0
https://www.usatoday.com/https://www.usatoday.com/story/money/markets/2021/01/14/stocks-tick-up-despite-dismal-data-ahead-biden-speech/4159600001/, Late drop in Big Tech stocks pulls indexes mostly lower, 0
https://www.usatoday.com/https://www.usatoday.com/story/opinion/voices/2021/01/14/mike-gallagher-donald-trump-capitol-2021-attack-column/4149115001/, Rep. Mike Gallagher: We barricaded in my office during Capitol attack, 0
https://www.usatoday.com/https://www.usatoday.com/story/entertainment/tv/2021/01/14/wandavision-review-disney-s-marvel-series-funny-but-frustrating/6653364002/, 'WandaVision' review: Disney+'s Marvel series is funny but frustrating, 0
https://www.usatoday.com/https://www.usatoday.com/story/entertainment/tv/2021/01/14/glaad-study-lgbtq-representation-ticks-down-broadcast-tv/4156712001/, GLAAD study: LGBTQ representation ticks down on broadcast TV, 0
https://www.usatoday.com/https://www.usatoday.com/sitemap/2021/january/14/, 1, 0
https://www.usatoday.com/https://www.usatoday.com/sitemap/2021/january/14/?page=2, 2, 0
