https://www.usatoday.com/https://www.usatoday.com/story/sports/soccer/2021/01/17/matchday-milan-eyes-top-spot-resurgent-arsenal-v-newcastle/43330627/, MATCHDAY: Milan eyes top spot; resurgent Arsenal v Newcastle, 0
https://www.usatoday.com/https://www.usatoday.com/story/sports/ncaab/2021/01/17/sherfield-scores-27-to-carry-nevada-past-fresno-st-79-65/115326748/, Sherfield scores 27 to carry Nevada past Fresno St. 79-65, 0
https://www.usatoday.com/https://www.usatoday.com/videos/news/politics/2021/01/18/national-guards-rest-u-s-capitol-building-ahead-inauguration/4200392001/, National Guards rest in U.S. Capitol building ahead of inauguration, 0
https://www.usatoday.com/https://www.usatoday.com/videos/news/nation/2021/01/18/kremlin-critic-navalny-arrested-upon-landing-moscow/4200533001/, Kremlin critic Navalny arrested upon landing in Moscow, 0
https://www.usatoday.com/https://www.usatoday.com/story/sports/nfl/playoffs/2021/01/17/nfc-championship-game-snow-may-forecast-playoff-lambeau/4200581001/, NFC championship game: Snow may be in forecast for playoff at Lambeau, 0
https://www.usatoday.com/https://www.usatoday.com/story/sports/ncaaw/2021/01/17/no-12-kentucky-women-pull-away-late-80-73-hold-off-vandy/115326872/, No. 12 Kentucky women pull away late| 80-73| hold off Vandy, 0
https://www.usatoday.com/https://www.usatoday.com/story/sports/ncaab/2021/01/17/rizzuto-scores-19-as-albany-sweeps-njit-83-71/43330635/, Rizzuto scores 19 as Albany sweeps NJIT 83-71, 0
https://www.usatoday.com/https://www.usatoday.com/story/sports/ncaab/2021/01/17/carter-lifts-norfolk-st-past-delaware-st-83-79-in-ot/43330741/, Carter lifts Norfolk St. past Delaware St. 83-79 in OT, 0
https://www.usatoday.com/https://www.usatoday.com/story/sports/ncaab/2021/01/17/radford-helps-no-20-virginia-tech-beat-wake-forest-64-60/115326924/, Radford helps No. 20 Virginia Tech beat Wake Forest 64-60, 0
https://www.usatoday.com/https://www.usatoday.com/story/sports/ncaab/2021/01/17/hall-lifts-loyola-of-chicago-over-northern-iowa-88-46/115326922/, Hall lifts Loyola of Chicago over Northern Iowa 88-46, 0
https://www.usatoday.com/https://www.usatoday.com/story/sports/ncaab/2021/01/17/ridder-carries-missouri-st-past-missouri-st-94-49/115327260/, Ridder carries Missouri St. past Missouri S&T 94-49, 0
https://www.usatoday.com/https://www.usatoday.com/videos/news/nation/2021/01/18/d-c-capitals-quiet-yet-guarded-sunday-before-inauguration-day/4200827001/, D.C.| capitals quiet yet guarded on Sunday before Inauguration Day, 0
https://www.usatoday.com/https://www.usatoday.com/story/sports/golf/2021/01/17/kevin-na-has-a-big-finish-and-wins-the-sony-open/43330637/, Kevin Na has a big finish and wins the Sony Open, 0
https://www.usatoday.com/https://www.usatoday.com/story/sports/ncaab/2021/01/17/jaworski-carries-lafayette-over-loyola-md-72-70/115326950/, Jaworski carries Lafayette over Loyola (MD) 72-70, 0
https://www.usatoday.com/https://www.usatoday.com/story/entertainment/celebrities/2021/01/17/joe-biden-dog-major-honored-indoguration-josh-groban-performs/4200826001/, Joe Biden dog Major honored at 'Indoguration|' Josh Groban performs, 0
https://www.usatoday.com/https://www.usatoday.com/story/sports/nfl/columnist/bell/2021/01/17/chiefs-show-win-without-patrick-mahomes-chad-henne/4199468001/, Chiefs love Patrick Mahomes but prove they're more than a one-man show, 0
https://www.usatoday.com/https://www.usatoday.com/story/sports/nfl/2021/01/17/gutsy-or-insane-depends-on-the-outcome-of-tough-calls/115326954/, Gutsy or insane? Depends on the outcome of tough calls, 0
https://www.usatoday.com/https://www.usatoday.com/story/sports/nfl/2021/01/17/browns-comeback-comes-up-short-fall-to-chiefs-in-playoffs/43330659/, Browns' comeback comes up short| fall to Chiefs in playoffs, 0
https://www.usatoday.com/https://www.usatoday.com/story/sports/ftw/2021/01/17/johnny-manziel-appeared-to-celebrate-browns-playoff-loss/115326910/, Johnny Manziel appeared to celebrate Browns' playoff loss to Chiefs, 0
https://www.usatoday.com/https://www.usatoday.com/story/sports/columnist/brennan/2021/01/17/figure-skating-nathan-chen-wins-national-title-olympics/4200821001/, Figure skating: Nathan Chen wins national title| focuses on Olympics, 0
https://www.usatoday.com/https://www.usatoday.com/videos/news/2021/01/18/shocking-video-inside-capitol-siege-new-yorker/4200729001/, Shocking video inside Capitol siege shows rioters looking for lawmakers, 0
https://www.usatoday.com/https://www.usatoday.com/story/news/nation/2021/01/18/new-yorker-video-us-capitol-rioters-luke-mogelson/4198301001/, New Yorker video captures 'mob mentality' of Jan. 6 US Capitol rioters, 0
https://www.usatoday.com/https://www.usatoday.com/story/sports/nfl/2021/01/17/brady-bucs-end-playoffs-for-saints-brees-30-20/43330689/, Brady| Bucs| end playoffs for Saints| Brees| 30-20, 0
https://www.usatoday.com/https://www.usatoday.com/story/sports/nfl/playoffs/2021/01/17/tom-brady-bucs-beat-drew-brees-saints-make-nfc-championship-game-nfl-playoffs/4200718001/, Tom Brady| Bucs beat Drew Brees| Saints to make NFC championship game, 0
https://www.usatoday.com/https://www.usatoday.com/story/sports/nhl/2021/01/17/yandle-gets100th-nhl-goal-panthers-beat-blackhawks-5-2/43330717/, Yandle gets 100th NHL goal| Panthers beat Blackhawks 5-2, 0
https://www.usatoday.com/https://www.usatoday.com/story/sports/nhl/2021/01/17/jake-guentzel-lifts-penguins-past-capitals-in-shootout/115327032/, Jake Guentzel lifts Penguins past Capitals in shootout, 0
https://www.usatoday.com/https://www.usatoday.com/picture-gallery/sports/nba/2021/01/18/sick-kicks-coolest-shoes-2020-21-nba-season/4168675001/, Sick kicks: Coolest shoes of the NBA season, 0
https://www.usatoday.com/https://www.usatoday.com/story/news/politics/2021/01/17/fbi-vet-25-k-national-guard-troops-joe-biden-inauguration/4201117001/, FBI to vet 25K National Guard troops in DC for Joe Biden inauguration, 0
https://www.usatoday.com/https://www.usatoday.com/story/sports/nfl/chargers/2021/01/17/brandon-staley-hired-los-angeles-chargers-next-head-coach/4201253001/, Brandon Staley hired by Los Angeles Chargers to be next head coach, 0
https://www.usatoday.com/https://www.usatoday.com/story/sports/nfl/2021/01/17/buccaneers-chiefs-reach-conference-championship-games/115327094/, Buccaneers| Chiefs reach conference championship games, 0
https://www.usatoday.com/https://www.usatoday.com/story/sports/nfl/playoffs/2021/01/17/cleveland-browns-magic-ends-defensive-realities-rule-versus-chiefs/4201302001/, Cleveland Browns' magic ends| defensive realities rule versus Chiefs, 0
https://www.usatoday.com/https://www.usatoday.com/story/sports/nfl/columnist/mike-jones/2021/01/17/saints-drew-brees-shows-age-bucs-tom-brady-marches-on/4201048001/, Saints' Drew Brees shows his age while Bucs' Tom Brady marches on, 0
https://www.usatoday.com/https://www.usatoday.com/story/sports/nfl/2021/01/17/the-los-angeles-chargers-have-hired-los-angeles-rams-defensive-coordinator-brandon-staley-as-head-co/115327112/, The Los Angeles Chargers have hired Los Angeles Rams defensive coordinator Brandon Staley as head coach, 0
https://www.usatoday.com/https://www.usatoday.com/story/sports/nba/2021/01/17/clarkson-helps-jazz-to-5th-straight-beat-nuggets-109-105/115327116/, Clarkson helps Jazz to 5th straight| beat Nuggets 109-105, 0
https://www.usatoday.com/https://www.usatoday.com/story/sports/nfl/2021/01/17/los-angeles-chargers-hiring-brandon-staley-as-head-coach/115327138/, Chargers hire Rams DC Brandon Staley as head coach, 0
https://www.usatoday.com/https://www.usatoday.com/story/sports/nfl/lions/2021/01/17/detroit-lions-dan-campbell-head-coach-new-orleans-saints/4201343001/, Lions can pursue Dan Campbell as head coach after Saints loss, 0
https://www.usatoday.com/https://www.usatoday.com/story/sports/ncaab/2021/01/17/weber-st-needs-2nd-half-rally-to-beat-upset-minded-tarleton/43330773/, Weber St. needs 2nd half rally to beat upset-minded Tarleton, 0
https://www.usatoday.com/https://www.usatoday.com/story/sports/nfl/saints/2021/01/17/drew-brees-wants-time-ponder-if-he-stay-saints-nfl-playoffs/4201354001/, Drew Brees wants time to ponder if he will stay with the Saints, 0
https://www.usatoday.com/https://www.usatoday.com/videos/sports/nfl/sportspulse/2021/01/18/nfl-divisional-sunday-overreactions-bradys-not-done-yet-brees-other-hand/4201420001/, NFL divisional Sunday overreactions: Brady's not done yet| Brees on the other hand..., 0
https://www.usatoday.com/https://www.usatoday.com/story/sports/tennis/2021/01/17/australian-open-tennis-players-quarantined/4201425001/, Australian Open: 72 players in lockdown after virus cases on flights, 0
https://www.usatoday.com/https://www.usatoday.com/story/sports/nba/2021/01/17/williamson-pelicans-spoil-foxs-big-night-in-win-over-kings/115327204/, Williamson| Pelicans spoil Fox's big night in win over Kings, 0
https://www.usatoday.com/https://www.usatoday.com/story/sports/ftw/2021/01/17/tom-brady-drew-brees-family-postgame-moment/4201461001/, Tom Brady shares moment with Drew Brees and family after playoff game, 0
https://www.usatoday.com/https://www.usatoday.com/story/sports/ncaab/2021/01/17/lees-career-high-25-sends-cs-fullerton-past-cs-northridge/43330739/, Lee's career-high 25 sends CS Fullerton past CS Northridge, 0
https://www.usatoday.com/https://www.usatoday.com/story/money/2021/01/18/biden-black-america-plans-boost-lending-address-racial-inequities/3578539001/, Biden to address jobs| pay gaps| housing| lending for Black Americans, 0
https://www.usatoday.com/https://www.usatoday.com/story/money/shopping/2021/01/18/martin-luther-king-jr-day-2021-stock-market-closed/4168234001/, MLK Day 2021: What businesses are open and what is closed Monday, 0
https://www.usatoday.com/https://www.usatoday.com/story/sports/nfl/columnist/nate-davis/2021/01/18/nfl-divisional-playoffs-32-things-we-learned-2020-2021/4194648001/, NFL divisional playoffs: 32 things we learned from postseason Round 2, 0
https://www.usatoday.com/https://www.usatoday.com/story/sports/nba/2021/01/18/clippers-beat-pacers-129-96-for-1st-4-game-winning-streak/115327240/, Clippers beat Pacers 129-96 for 1st 4-game winning streak, 0
https://www.usatoday.com/https://www.usatoday.com/story/sports/nfl/2021/01/18/saints-brees-exits-playoffs-perhaps-career-on-sour-note/115327276/, Saints' Brees exits playoffs| perhaps career| on sour note, 0
https://www.usatoday.com/https://www.usatoday.com/videos/news/nation/2021/01/18/today-history-january-18th/4201587001/, Today in History for January 18th, 0
https://www.usatoday.com/https://www.usatoday.com/videos/news/nation/2021/01/18/biden-faces-unrivaled-challenges-he-takes-oath/4201592001/, Biden faces unrivaled challenges as he takes oath, 0
https://www.usatoday.com/https://www.usatoday.com/videos/news/nation/2021/01/18/trump-leaves-destructive-presidential-legacy/4201595001/, Trump leaves a destructive presidential legacy, 0
https://www.usatoday.com/https://www.usatoday.com/story/sports/sports-betting/2021/01/18/afc-championship-game-kansas-city-chiefs-home-favorites-vs-buffalo-bills/115327298/, AFC Championship Game: Kansas City Chiefs home favorites vs. Buffalo Bills, 0
https://www.usatoday.com/https://www.usatoday.com/story/news/2021/01/18/martin-luther-king-jr-day-covid-19-kamala-harris-5-things-know-monday/4149360001/, Martin Luther King Jr. Day| COVID-19| Kamala Harris: 5 things to know Monday, 0
https://www.usatoday.com/https://www.usatoday.com/story/sports/nfl/2021/01/18/column-brady-moves-on-making-history-with-every-throw/43330751/, Column: Brady moves on| making history with every throw, 0
https://www.usatoday.com/https://www.usatoday.com/story/sports/golf/2021/01/18/kirks-long-road-back-ends-with-finish-that-feels-like-a-win/115327318/, Kirk's long road back ends with finish that feels like a win, 0
https://www.usatoday.com/https://www.usatoday.com/story/sports/nfl/2021/01/18/still-playing-bills-bucs-risen-from-super-bowl-droughts/43330761/, Still playing: Bills| Bucs risen from Super Bowl droughts, 0
https://www.usatoday.com/https://www.usatoday.com/videos/news/nation/2021/01/18/fbi-vetting-national-guard-possible-threats/4201696001/, FBI vetting National Guard for possible threats, 0
https://www.usatoday.com/https://www.usatoday.com/story/opinion/2021/01/18/donald-trump-new-lows-presidency-never-hit-bottom-column/4174676001/, Trump constantly scored 'new lows' as president. He never hit bottom., 0
https://www.usatoday.com/https://www.usatoday.com/story/opinion/2021/01/18/biden-inaugural-reach-out-but-prepare-for-division-column/4197210001/, Biden inaugural: No Trump pardon or wish for fast impeachment trial, 0
https://www.usatoday.com/https://www.usatoday.com/story/news/politics/2021/01/18/covid-economy-joe-bidens-policies-his-first-100-days/6643346002/, COVID| economy: Joe Biden's policies in his first 100 days, 0
https://www.usatoday.com/https://www.usatoday.com/story/news/health/2021/01/18/grassroots-efforts-underway-get-covid-19-vaccine-people-color-at-risk-communities/4006702001/, Grassroots efforts underway to get COVID-19 vaccine to people of color, 0
https://www.usatoday.com/https://www.usatoday.com/story/opinion/2021/01/18/covid-masks-safety-persuade-conservatives-to-comply-column/6567393002/, COVID vaccine: Liberal or conservative| masks| distancing still needed, 0
https://www.usatoday.com/https://www.usatoday.com/story/news/nation/2021/01/18/kansas-couple-dies-coronavirus-same-day-hours-apart/4200204001/, Kansas couple dies of coronavirus on same day| hours apart, 0
https://www.usatoday.com/https://www.usatoday.com/story/sports/tennis/2021/01/18/lockdown-tennis-players-getting-on-with-life-in-australia/43331115/, Lockdown: Tennis players getting on with life in Australia, 0
https://www.usatoday.com/https://www.usatoday.com/videos/news/nation/2021/01/18/day-18-january-1969/4201741001/, On This Day: 18 January 1969, 0
https://www.usatoday.com/https://www.usatoday.com/videos/entertainment/2021/01/18/day-18-january-1969/4201742001/, On This Day: 18 January 1969, 0
https://www.usatoday.com/https://www.usatoday.com/videos/news/nation/2021/01/18/ap-top-stories-january-18/4201745001/, AP Top Stories January 18 A, 0
https://www.usatoday.com/https://www.usatoday.com/story/opinion/2021/01/18/alaskas-ranked-choice-voting-model-reducing-toxic-polarization-column/4172422001/, Alaska's ranked choice voting is model for reducing toxic polarization, 0
https://www.usatoday.com/https://www.usatoday.com/in-depth/news/investigations/2021/01/18/biden-climate-plan-carbon-emission-cuts-new-jobs-lots-questions/4176058001/, Biden climate plan: Carbon emission cuts| new jobs| lots of questions, 0
https://www.usatoday.com/https://www.usatoday.com/story/entertainment/music/2021/01/18/protest-songs-sam-cooke-kendrick-lamar-lauryn-hill-public-enemy-mavis-staples-nina-simone/4152376001/, MLK Day 2021: Best civils rights songs from Sam Cooke to Lauryn Hill, 0
https://www.usatoday.com/https://www.usatoday.com/in-depth/news/2021/01/18/coastal-experts-hope-biden-partner-combat-sea-level-rise/6559610002/, Coastal experts hope Biden will partner to combat sea level rise, 0
https://www.usatoday.com/https://www.usatoday.com/in-depth/news/investigations/2021/01/18/biden-plan-could-affect-oklahomas-energy-industry-surprising-ways/4181584001/, Biden plan could affect Oklahoma's energy industry in surprising ways, 0
https://www.usatoday.com/https://www.usatoday.com/story/news/investigations/2021/01/18/trump-admin-told-illinois-keep-rochelle-foods-open-covid-19-hit/4196577001/, Rochelle Foods plant in Illinois kept open despite COVID-19 dangers, 0
https://www.usatoday.com/https://www.usatoday.com/story/money/personalfinance/2021/01/18/down-payment-home-options/43323945/, Don't have much money for a down payment on a home? 3 options for you, 0
https://www.usatoday.com/https://www.usatoday.com/story/sports/columnist/nancy-armour/2021/01/18/mahomes-status-takes-some-attention-brady-rodgers-matchup/4201404001/, Patrick Mahomes' injury status takes center stage in NFL playoffs, 0
https://www.usatoday.com/https://www.usatoday.com/story/news/health/2021/01/18/poll-covid-vaccine-acceptance-rises-pessimism-future-suffolk-poll/4196840001/, Poll: COVID vaccine acceptance rises; so does pessimism, 0
https://www.usatoday.com/https://www.usatoday.com/story/sports/soccer/2021/01/18/trippiers-ban-resumes-after-fifa-rejects-atleticos-appeal/43331169/, Trippier's ban resumes after FIFA rejects Atletico's appeal, 0
https://www.usatoday.com/https://www.usatoday.com/story/sports/nfl/playoffs/2021/01/18/nfl-winners-losers-tom-brady-andy-reid/4198881001/, NFL winners| losers: With Bucs D| Tom Brady has bigger margin of error, 0
https://www.usatoday.com/https://www.usatoday.com/story/sports/soccer/2021/01/18/phil-neville-leaving-job-coaching-england-womens-team/115327792/, Neville quits early for Miami| Britain needs Olympic coach, 0
https://www.usatoday.com/https://www.usatoday.com/story/sports/columnist/mike-freeman/2021/01/18/tiger-woods-hbo-documentary-details-tawdry-side/4198247001/, Tiger Woods HBO documentary details tawdry side of his story| comeback, 0
https://www.usatoday.com/https://www.usatoday.com/story/nletter/2021/01/18/martin-luther-king-jr-day-covid-19-kamala-harris-daily-briefing/4201744001/, Martin Luther King Jr. Day| COVID-19| Kamala Harris: Daily Briefing, 0
https://www.usatoday.com/https://www.usatoday.com/story/money/personalfinance/2021/01/18/money-management-skills/115288674/, How are you handling your money? Signs you need a management overhaul, 0
https://www.usatoday.com/https://www.usatoday.com/story/entertainment/books/2021/01/18/doctors-blackwell-review-sisters-who-changed-american-medicine/4183362001/, 'Doctors Blackwell' review: The sisters who changed American medicine, 0
https://www.usatoday.com/https://www.usatoday.com/story/sports/sports-betting/2021/01/18/columbus-blue-jackets-at-detroit-red-wings-odds-picks-and-prediction/115327854/, Columbus Blue Jackets at Detroit Red Wings odds| picks and prediction, 0
https://www.usatoday.com/https://www.usatoday.com/story/sports/nba/2021/01/18/chris-paul-carmelo-anthony-dwyane-wade-social-change-fund/4199714001/, Chris Paul| Carmelo Anthony| Dwyane Wade come together to make change, 0
https://www.usatoday.com/https://www.usatoday.com/in-depth/opinion/voices/2021/01/18/kamala-harris-swearing-vice-president-shows-strength-our-democracy-column/6564032002/, Kamala Harris swearing-in as vice president shows ‘strength of our democracy.’, 0
https://www.usatoday.com/https://www.usatoday.com/videos/news/nation/2021/01/18/showbiz-minute-spector-milan-timberlake/4201820001/, ShowBiz Minute; Spector| Milan| Timberlake, 0
https://www.usatoday.com/https://www.usatoday.com/videos/entertainment/2021/01/18/showbiz-minute-spector-milan-timberlake/4201821001/, ShowBiz Minute; Spector| Milan| Timberlake, 0
https://www.usatoday.com/https://www.usatoday.com/story/sports/mlb/2021/01/18/scott-rolen-baseball-hall-of-fame-case/4160154001/, Scott Rolen's Baseball Hall of Fame support rising rapidly, 0
https://www.usatoday.com/https://www.usatoday.com/story/news/politics/2021/01/18/biden-inauguration-his-push-normalcy-complicated-af-capitol-riot/4165858001/, Biden inauguration: His campaign for normalcy hobbled by riot| Trump, 0
https://www.usatoday.com/https://www.usatoday.com/story/sports/columnist/mike-freeman/2021/01/18/mlk-day-colin-kaepernicks-warnings-police-prescient-holiday/4192968001/, MLK Day: Colin Kaepernick's warnings about police prescient on holiday, 0
https://www.usatoday.com/https://www.usatoday.com/story/sports/sports-betting/2021/01/18/detroit-pistons-at-miami-heat-odds-picks-and-prediction/115327902/, Detroit Pistons at Miami Heat odds| picks and prediction, 0
https://www.usatoday.com/https://www.usatoday.com/story/sports/tennis/aus/2021/01/18/nick-kyrgios-novak-djokovic-australian-open/4201794001/, Nick Kyrgios rips Novak Djokovic for Australian Open COVID complaints, 0
https://www.usatoday.com/https://www.usatoday.com/story/sports/ftw/2021/01/18/nfl-playoffs-tom-brady-aaron-rodgers-nfc-championship/4201830001/, Tom Brady| Aaron Rodgers thankfully gave us exactly what we wanted, 0
https://www.usatoday.com/https://www.usatoday.com/story/sports/tennis/2021/01/18/davis-cup-finals-up-to-11-days-in-2021-could-be-in-3-cities/43331207/, Davis Cup Finals up to 11 days in 2021| could be in 3 cities, 0
https://www.usatoday.com/https://www.usatoday.com/story/news/2021/01/18/king-holiday-martin-luther-king-jr-words-unity/4153503001/, Martin Luther King Jr.'s words of unity transcend how they are twisted, 0
https://www.usatoday.com/https://www.usatoday.com/story/sports/nba/2021/01/18/suns-grizzlies-celebrate-legacy-martin-luther-king-jr-day/4201427001/, NBA celebrates Dr. Martin Luther King's legacy with holiday games, 0
https://www.usatoday.com/https://www.usatoday.com/story/news/2021/01/18/jim-clyburn-essay-kings-vision-america/6567342002/, Rep. Jim Clyburn: We must urgently reclaim King's vision of America, 0
https://www.usatoday.com/https://www.usatoday.com/story/travel/advice/2021/01/18/international-regional-foods-try-2021-fairy-bread-bierock-and-more/4163559001/, International and regional foods to try| from fairy bread to bierock, 0
https://www.usatoday.com/https://www.usatoday.com/story/news/2021/01/18/martin-luther-king-jr-where-do-we-go-here-civil-rights/6617078002/, 'Where Do We Go from Here?' King's 1967 question still resonates today, 0
https://www.usatoday.com/https://www.usatoday.com/story/nletter/fourth-and-monday/2021/01/18/nfl-playoffs-tom-brady-play-14th-conference-title-game/4200012001/, NFL playoffs: Tom Brady to play in 14th conference title game, 0
https://www.usatoday.com/https://www.usatoday.com/story/sports/sports-betting/2021/01/18/nfc-championship-game-green-bay-packers-betting-favorites-vs-tampa-bay-buccaneers/115327932/, NFC Championship Game: Green Bay Packers betting favorites vs. Tampa Bay Buccaneers, 0
https://www.usatoday.com/https://www.usatoday.com/story/opinion/2021/01/18/applying-peaceful-social-justice-principles-todays-world-column/4146098001/, Applying peaceful social justice principles in today's world, 0
https://www.usatoday.com/https://www.usatoday.com/story/news/politics/2021/01/18/poll-most-say-police-wouldve-been-harsher-black-mob-capitol/4197334001/, Poll: Most say police would've been harsher to a Black mob at Capitol, 0
https://www.usatoday.com/https://www.usatoday.com/story/news/health/2021/01/18/covid-updates-vaccinations-lag-death-toll-approaches-400-000/4201783001/, COVID updates: Variants a new threat as death toll approaches 400|000, 0
https://www.usatoday.com/https://www.usatoday.com/story/entertainment/music/2021/01/18/dr-dre-released-hospital-after-reported-brain-aneurysm-treatment/4201921001/, Dr. Dre released from hospital after reported brain aneurysm treatment, 0
https://www.usatoday.com/https://www.usatoday.com/videos/news/have-you-seen/2021/01/18/firefighter-rescues-dog-after-falling-into-frozen-pond-co/4202013001/, Firefighter rescues dog after falling into a frozen pond in Colo., 0
https://www.usatoday.com/https://www.usatoday.com/story/sports/soccer/2021/01/18/jovic-starts-rebuilding-career-in-germany-after-madrid-lows/115328122/, Jovic starts rebuilding career in Germany after Madrid lows, 0
https://www.usatoday.com/https://www.usatoday.com/story/sports/nfl/columnist/nate-davis/2021/01/18/saints-quarterback-drew-brees-taysom-hill-jameis-winston/4201491001/, Drew Brees' replacement as Saints QB? The answer may be complicated, 0
https://www.usatoday.com/https://www.usatoday.com/story/news/politics/2021/01/18/biden-inauguration-virtual-parade-replaces-pennsylvania-ave-parade/4201809001/, Biden inauguration: Virtual parade replaces Pennsylvania Ave. parade, 0
https://www.usatoday.com/https://www.usatoday.com/story/entertainment/celebrities/2021/01/18/big-bang-theory-mayim-bialik-uses-science-on-new-podcast/4153600001/, 'Big Bang Theory' alum Mayim Bialik uses science Ph.D. in new podcast, 0
https://www.usatoday.com/https://www.usatoday.com/story/sports/ncaab/2021/01/18/oklahoma-state-player-awarded-scholarship-while-working-walmart/4201028001/, Oklahoma State player awarded scholarship while working at Walmart, 0
https://www.usatoday.com/https://www.usatoday.com/story/news/nation/2021/01/18/naacp-gets-40-million-anonymous-donor-civil-rights-lawyers/4202244001/, NAACP gets $40 million from anonymous donor for civil rights lawyers, 0
https://www.usatoday.com/https://www.usatoday.com/story/entertainment/music/2021/01/18/phil-spector-death-stars-react-debate-his-tainted-legacy/4202056001/, Phil Spector's death: Stars react| debate complicated legacy, 0
https://www.usatoday.com/https://www.usatoday.com/story/news/world/2021/01/18/russia-orders-putin-opponent-alexei-navalny-remanded-custody/4202405001/, Russia orders Putin opponent Alexei Navalny to be remanded in custody, 0
https://www.usatoday.com/https://www.usatoday.com/story/entertainment/celebrities/2021/01/18/justin-timberlake-jessica-biel-reveal-their-second-baby-ellen/4201892001/, Justin Timberlake| Jessica Biel reveal their second baby on 'Ellen', 0
https://www.usatoday.com/https://www.usatoday.com/story/sports/nfl/chiefs/2021/01/18/laurent-duvernay-tarif-doctor-coronavirus/4202181001/, Chiefs' Laurent Duvernay-Tardif still serves on coronavirus frontlines, 0
https://www.usatoday.com/https://www.usatoday.com/story/sports/sports-betting/2021/01/18/montreal-canadiens-at-edmonton-oilers-odds-picks-and-prediction/115328306/, Montreal Canadiens at Edmonton Oilers odds| picks and prediction, 0
https://www.usatoday.com/https://www.usatoday.com/picture-gallery/tech/2021/01/18/ces-2021-22-smart-products-unveiled-pandemic-era-conference/4157927001/, CES 2021: 22 smart products unveiled at pandemic-era conference, 0
https://www.usatoday.com/https://www.usatoday.com/videos/news/nation/2021/01/18/harris-hold-central-role-bidens-white-house/4202645001/, Harris to hold central role in Biden's White House, 0
https://www.usatoday.com/https://www.usatoday.com/story/sports/sports-betting/2021/01/18/boston-bruins-at-new-york-islanders-odds-picks-and-prediction/115328318/, Boston Bruins at New York Islanders odds| picks and prediction, 0
https://www.usatoday.com/https://www.usatoday.com/story/sports/sports-betting/2021/01/18/vancouver-canucks-at-calgary-flames-odds-picks-and-prediction/115328326/, Vancouver Canucks at Calgary Flames odds| picks and prediction, 0
https://www.usatoday.com/https://www.usatoday.com/story/sports/sports-betting/2021/01/18/florida-state-at-louisville-odds-picks-and-prediction/115328364/, Florida State at Louisville odds| picks and prediction, 0
https://www.usatoday.com/https://www.usatoday.com/story/sports/mlb/2021/01/18/archie-bradley-phillies-finalize-6-million-1-yea-contract/115328502/, Bradley joins Phillies| urges new team to keep Realmuto, 0
https://www.usatoday.com/https://www.usatoday.com/story/news/politics/2021/01/18/politics-updates-2-days-inauguration-bidens-picks-sec/4202741001/, Politics updates: 2 days to inauguration| Trump signs executive orders, 0
https://www.usatoday.com/https://www.usatoday.com/story/sports/sports-betting/2021/01/18/carolina-hurricanes-at-nashville-predators-odds-picks-and-prediction/115328494/, Carolina Hurricanes at Nashville Predators odds| picks and prediction, 0
https://www.usatoday.com/https://www.usatoday.com/story/news/nation/2021/01/18/inauguration-rehearsal-outside-us-capitol-evacuated-due-nearby-fire/4202683001/, Inauguration rehearsal outside US Capitol evacuated due to nearby fire, 0
https://www.usatoday.com/https://www.usatoday.com/story/sports/mlb/yankees/2021/01/18/aaron-hicks-hole-in-one-cheyenne-woods/4202542001/, Yankees' Aaron Hicks nails hole-in-one on Par 4 with Cheyenne Woods, 0
https://www.usatoday.com/https://www.usatoday.com/story/sports/sports-betting/2021/01/18/buffalo-sabres-at-philadelphia-flyers-odds-picks-and-prediction/115328588/, Buffalo Sabres at Philadelphia Flyers odds| picks and prediction, 0
https://www.usatoday.com/https://www.usatoday.com/story/sports/sports-betting/2021/01/18/kansas-at-baylor-odds-picks-and-prediction/115328622/, Kansas at Baylor odds| picks and prediction, 0
https://www.usatoday.com/https://www.usatoday.com/videos/sports/nfl/sportspulse/2021/01/18/brees-and-brady-share-moment-after-bucs-divisional-round-win/4202976001/, Brees and Brady share moment after Bucs' divisional round win, 0
https://www.usatoday.com/https://www.usatoday.com/story/sports/soccer/2021/01/18/pirlos-position-precarious-heading-into-italian-super-cup/43331409/, Pirlo's position precarious heading into Italian Super Cup, 0
https://www.usatoday.com/https://www.usatoday.com/story/sports/soccer/2021/01/18/blend-it-with-beckham-neville-hired-to-coach-inter-miami/115328750/, Blend it with Beckham: Neville hired to coach Inter Miami, 0
https://www.usatoday.com/https://www.usatoday.com/story/tech/2021/01/18/parler-app-conservative-platform-could-return-ceo-john-matze/4202517001/, Parler reappears partially with the help of Russian-owned company, 0
https://www.usatoday.com/https://www.usatoday.com/story/news/politics/2021/01/18/fbi-investigates-riley-june-williams-alleged-pelosi-laptop-theft-russia-ties/4202432001/, FBI investigates Riley June Williams for alleged Pelosi laptop theft, 0
https://www.usatoday.com/https://www.usatoday.com/story/sports/soccer/2021/01/18/poland-national-soccer-team-coach-jerzy-brzczek-fired/43331457/, Poland national soccer team coach Jerzy Brzczek fired, 0
https://www.usatoday.com/https://www.usatoday.com/in-depth/news/health/2021/01/18/experts-slam-chaotic-covid-vaccination-rollout-look-forward-biden/4168188001/, Experts slam COVID-19 vaccination rollout| look forward to Biden, 0
https://www.usatoday.com/https://www.usatoday.com/story/news/nation/2021/01/18/rebekah-jones-arrested-may-banned-computers-internet/4203215001/, Rebekah Jones arrested; Florida sought to ban her from internet access, 0
https://www.usatoday.com/https://www.usatoday.com/picture-gallery/news/nation/2021/01/18/first-covid-19-case-us-residents-frontline-staff-reflect-year/4200330001/, First COVID-19 case in US: Residents| frontline staff reflect on year, 0
https://www.usatoday.com/https://www.usatoday.com/videos/news/nation/2021/01/18/inauguration-rehearsal-briefly-evacuated-capitol-nearby-fire/4203289001/, Inauguration rehearsal briefly evacuated from Capitol for nearby fire, 0
https://www.usatoday.com/https://www.usatoday.com/story/sports/columnist/dan-wolken/2021/01/18/tennessee-football-poised-move-phil-fulmer-jeremy-pruitt/4200503001/, Tennessee football poised to move on from Phil Fulmer| Jeremy Pruitt, 0
https://www.usatoday.com/https://www.usatoday.com/story/sports/nfl/draft/2021/01/18/nfl-draft-justin-fields-ohio-state/4203220001/, Justin Fields| Ohio State quarterback| says he is entering NFL draft, 0
https://www.usatoday.com/https://www.usatoday.com/story/tech/2021/01/18/search-engine-duckduckgo-increases-traffic-google-competitor/4202556001/, Google competition: DuckDuckGo search engine increases in traffic, 0
https://www.usatoday.com/https://www.usatoday.com/story/sports/ncaab/2021/01/18/duke-falls-out-of-ap-top-25-gonzaga-baylor-remain-1-2/115329250/, Duke falls out of AP Top 25; Gonzaga| Baylor remain 1-2, 0
https://www.usatoday.com/https://www.usatoday.com/story/sports/nfl/chiefs/2021/01/18/patrick-mahomes-nfl-concussion-protocol/4202998001/, Patrick Mahomes has to pass NFL concussion protocol before he can play, 0
https://www.usatoday.com/https://www.usatoday.com/story/sports/ncaaf/sec/2021/01/18/jeremy-pruitt-fired-tennessee-football-coaching-search-vols-sec-college/4203725001/, Tennessee football fires Jeremy Pruitt| begins another coaching search, 0
https://www.usatoday.com/https://www.usatoday.com/story/entertainment/celebrities/2021/01/18/jennifer-lopez-shuts-down-speculation-she-had-botox-plastic-surgery/4202684001/, Jennifer Lopez shuts down speculation she's had Botox| plastic surgery, 0
https://www.usatoday.com/https://www.usatoday.com/story/sports/sports-betting/2021/01/18/2021-american-express-odds-predictions-and-pga-tour-best-bets/115329336/, 2021 American Express odds| predictions and PGA Tour best bets, 0
https://www.usatoday.com/https://www.usatoday.com/videos/news/have-you-seen/2021/01/18/dog-arrives-elevator-walk-neighbor-while-owner-has-covid/4203805001/, Dog arrives in elevator for a walk by neighbor while owner has COVID, 0
https://www.usatoday.com/https://www.usatoday.com/story/sports/ncaaw/2021/01/18/louisville-is-no-1-in-womens-ap-top-25-for-1st-time/43331499/, Louisville is No. 1 in women's AP Top 25 for 1st time, 0
https://www.usatoday.com/https://www.usatoday.com/story/news/politics/2021/01/18/donald-trump-may-pardon-100-people-allies-warn-not-pardon-rioters/4202237001/, Donald Trump may pardon 100 people; allies warn not to pardon rioters, 0
https://www.usatoday.com/https://www.usatoday.com/story/sports/ncaab/2021/01/18/college-basketball-poll-gonzaga-leads-iowa-rises-top-10-shuffle/4202538001/, College basketball poll: Gonzaga leads| Iowa rises in top 10 shuffle, 0
https://www.usatoday.com/https://www.usatoday.com/videos/news/2021/01/18/snohomishart-01/4204214001/, SnohomishArt01, 0
https://www.usatoday.com/https://www.usatoday.com/story/news/nation/2021/01/18/inauguration-day-weather-forecast-clear-skies-but-breezy-and-cold/4203089001/, Inauguration Day weather forecast: Clear skies but breezy and cold, 0
https://www.usatoday.com/https://www.usatoday.com/story/opinion/2021/01/18/trump-self-pardon-impossible-column/6630712002/, The self-pardon trap that may catch our rogue President Trump, 0
https://www.usatoday.com/https://www.usatoday.com/story/news/factcheck/2021/01/18/fact-check-opinion-piece-trump-misattributed-ex-livermore-mayor/4172190001/, Fact check: Opinion piece on Trump misattributed to ex-Livermore mayor, 0
https://www.usatoday.com/https://www.usatoday.com/story/sports/nba/2021/01/18/bill-russell-mlk-martin-luther-king-jr-donald-trump/4204100001/, Bill Russell uses Martin Luther King Jr. memory to decry Donald Trump, 0
https://www.usatoday.com/https://www.usatoday.com/story/sports/ncaaf/2021/01/18/vols-schedule-news-conference-amid-reports-pruitt-fired/43331509/, Tennessee fires Pruitt| 9 others for 'serious' NCAA issues, 0
https://www.usatoday.com/https://www.usatoday.com/story/news/nation/2021/01/18/inauguration-capitol-protests-national-guard-richmond-gun-rally/4202080001/, Inauguration| Capitol protests: National Guard| Richmond gun rally, 0
https://www.usatoday.com/https://www.usatoday.com/story/nletter/health/2021/01/18/coronavirus-watch-what-us-can-learn-disneyland-vaccine-rollout/4203140001/, Coronavirus Watch: What the US can learn from Disneyland about vaccine rollout, 0
https://www.usatoday.com/https://www.usatoday.com/story/news/politics/2021/01/18/heres-how-trumps-tumultuous-four-years-president-changed-america/4165708001/, Here's how Trump's tumultuous four years as president changed America., 0
https://www.usatoday.com/https://www.usatoday.com/story/sports/nba/2021/01/18/irving-to-sit-out-seventh-straight-game-as-nets-host-bucks/115329584/, Irving sits out seventh straight game as Nets host Bucks, 0
https://www.usatoday.com/https://www.usatoday.com/story/sports/nba/2021/01/18/ap-source-cavs-plan-to-move-on-without-f-kevin-porter-jr/43331533/, AP source: Cavs move on without troubled Kevin Porter Jr., 0
https://www.usatoday.com/https://www.usatoday.com/story/travel/hotels/2021/01/18/inauguration-week-vrbo-expedia-security-measures/4203630001/, Vrbo| Expedia tighten security measures for inauguration week, 0
https://www.usatoday.com/https://www.usatoday.com/story/sports/nfl/columnist/mike-jones/2021/01/18/houston-texans-disaster-angered-deshaun-watson-save-team/4203932001/, Texans a disaster and star Deshaun Watson unhappy. Can team be saved?, 0
https://www.usatoday.com/https://www.usatoday.com/story/nletter/2021/01/18/happy-martin-luther-king-jr-day/4202863001/, What would MLK say?, 0
https://www.usatoday.com/https://www.usatoday.com/story/sports/nba/2021/01/18/heat-pistons-game-delayed-to-allow-for-additional-testing/115329666/, Wizards see a 5th consecutive game postponed by virus issues, 0
https://www.usatoday.com/https://www.usatoday.com/story/entertainment/celebrities/2021/01/18/kristy-swanson-backs-trump-slams-cancel-culture-home-alone-flap/4203531001/, Kristy Swanson backs Trump| slams cancel culture in 'Home Alone' flap, 0
https://www.usatoday.com/https://www.usatoday.com/story/sports/mlb/2021/01/18/phillies-acquire-cj-chatham-from-red-sox/115329746/, Phillies acquire CJ Chatham from Red Sox, 0
https://www.usatoday.com/https://www.usatoday.com/story/sports/nfl/2021/01/18/chiefs-mahomes-in-concussion-protocol-after-playoff-win/43331623/, Chiefs' Mahomes in concussion protocol after playoff win, 0
https://www.usatoday.com/https://www.usatoday.com/story/sports/nba/cavaliers/2021/01/18/cavaliers-kevin-porter-jr-locker-room-outburst/4204755001/, Kevin Porter Jr. to be traded or released from Cavs after outburst, 0
https://www.usatoday.com/https://www.usatoday.com/videos/tech/problemsolved/2021/01/18/thinly-sliced-meat-and-how-prepare/4179863001/, Thinly sliced meat and how to prepare it, 0
https://www.usatoday.com/https://www.usatoday.com/story/entertainment/music/2021/01/18/inauguration-day-garth-brooks-tapped-performance/4204970001/, Inauguration Day: Garth Brooks to perform at Joe Biden's swearing-in, 0
https://www.usatoday.com/https://www.usatoday.com/videos/sports/ncaab/sportspulse/2021/01/18/three-teams-making-noise-latest-ferris-mowers-mens-college-basketball-poll/4205257001/, Three teams making noise in latest Ferris Mowers Men's College Basketball Poll, 0
https://www.usatoday.com/https://www.usatoday.com/story/sports/nfl/2021/01/18/49ers-promote-demeco-ryans-to-de-mike-mcdaniel-to-oc/43331679/, 49ers promote DeMeco Ryans to DC| Mike McDaniel to OC, 0
https://www.usatoday.com/https://www.usatoday.com/videos/sports/sportspulse/2021/01/18/where-student-athletes-stand-fight-compensation/4205424001/, Where student athletes stand in fight for compensation, 0
https://www.usatoday.com/https://www.usatoday.com/story/news/nation/2021/01/18/mlk-day-dc-martin-luther-king-jr-memorial-closed-inauguration/4199001001/, MLK Day DC: Martin Luther King Jr. Memorial closed before inauguration, 0
https://www.usatoday.com/https://www.usatoday.com/story/tech/2021/01/18/inauguration-fcc-warning-extremists-radio-social-media-alternative/4204288001/, FCC: Extremists use radio to plan attacks after social media bans, 0
https://www.usatoday.com/https://www.usatoday.com/story/entertainment/books/2021/01/18/josh-hawley-book-tyranny-big-tech-picked-up-new-publisher/4204386001/, Josh Hawley's book 'Tyranny of Big Tech' picked up by new publisher, 0
https://www.usatoday.com/https://www.usatoday.com/story/sports/nba/2021/01/18/knicks-barrett-randle-double-up-magic/43331685/, Barrett| Randle power Knicks past struggling Magic 91-84, 0
https://www.usatoday.com/https://www.usatoday.com/story/sports/nhl/2021/01/18/blue-jackets-hold-on-defeat-red-wings-3-2-for-their-1st-win/43331701/, Blue Jackets hold on| defeat Red Wings 3-2 for their 1st win, 0
https://www.usatoday.com/https://www.usatoday.com/story/sports/nfl/2021/01/18/tennessee-fires-football-coach-jeremy-pruitt-over-ncaa-recruiting-rules-violations/43331717/, Tennessee fires football coach Jeremy Pruitt over NCAA recruiting rules violations, 0
https://www.usatoday.com/https://www.usatoday.com/videos/news/politics/2021/01/18/mlk-day-joe-and-jill-biden-participate-day-service/4205453001/, MLK Day: Joe and Jill Biden participate in day of service, 0
https://www.usatoday.com/https://www.usatoday.com/story/sports/ncaaw/sec/2021/01/18/vanderbilt-women-basketball-season-discontinued-covid-19/4205527001/, Vanderbilt women's basketball ends season over COVID| depleted roster, 0
https://www.usatoday.com/https://www.usatoday.com/picture-gallery/news/nation/2021/01/18/photos-martin-luther-king-jr-day/4205821001/, Photos: Martin Luther King Jr. Day, 0
https://www.usatoday.com/https://www.usatoday.com/story/sports/ncaaw/2021/01/18/vanderbilt-ends-womens-basketball-season/115329958/, Vanderbilt ends women's basketball season, 0
https://www.usatoday.com/https://www.usatoday.com/story/sports/nascar/2021/01/18/column-stewart-balances-personal-bliss-professional-angst/43331723/, Column: Stewart balances personal bliss| professional angst, 0
https://www.usatoday.com/https://www.usatoday.com/story/nletter/2021/01/18/let-inauguration-week-begin/4205867001/, Let inauguration week begin, 0
https://www.usatoday.com/https://www.usatoday.com/story/sports/sports-betting/2021/01/18/ufc-on-espn-46-ike-villanueva-vs-vinicius-moreira-odds-picks-and-prediction/115330020/, UFC on ESPN+ 46: Ike Villanueva vs. Vinicius Moreira odds| picks and prediction, 0
https://www.usatoday.com/https://www.usatoday.com/videos/news/nation/2021/01/18/harris-going-into-wednesday-ready-work/4206395001/, Harris: Going into Wednesday 'ready to work', 0
https://www.usatoday.com/https://www.usatoday.com/story/sports/nba/2021/01/18/kyrie-irving-bought-house-family-george-floyd-stephen-jackson/4205659001/, Stephen Jackson: Kyrie Irving bought house for family of George Floyd, 0
https://www.usatoday.com/https://www.usatoday.com/story/nletter/For-the-love-of-the-game/2021/01/18/bills-fans-oklahoma-state-hoops-why-we-love-sports/4194249001/, Bills fans and Oklahoma State hoops show why we love sports, 0
https://www.usatoday.com/https://www.usatoday.com/story/sports/ncaaf/sec/2021/01/18/tennessee-football-has-clean-start-jeremy-pruitt-phil-fulmer-out-sec-vols/4206145001/, Tennessee football has clean start with Jeremy Pruitt| Phil Fulmer out, 0
https://www.usatoday.com/https://www.usatoday.com/story/news/nation/2021/01/18/mega-millions-850-m-powerball-730-m-jackpots/4205531001/, Mega Millions ($850M)| Powerball ($730M) jackpots hit historic levels, 0
https://www.usatoday.com/https://www.usatoday.com/story/sports/columnist/brennan/2021/01/18/reigning-wnba-mvp-aja-wilson-gets-statue-work-and-off-court/4206094001/, Reigning WNBA MVP A'ja Wilson gets statue for work on and off court, 0
https://www.usatoday.com/https://www.usatoday.com/story/sports/nhl/2021/01/18/friends-dylan-larkin-zach-werenski-fight/4206095001/, NHL friends Dylan Larkin| Zach Werenski fight as tempers flare late, 0
https://www.usatoday.com/https://www.usatoday.com/story/sports/nfl/2021/01/18/staleys-departure-free-agent-questions-loom-over-la-rams/115330604/, Staley's departure| free agent questions loom over LA Rams, 0
https://www.usatoday.com/https://www.usatoday.com/story/sports/soccer/2021/01/18/aubameyang-ends-drought-in-arsenals-3-0-win-over-newcastle/43331737/, Aubameyang ends drought in Arsenal's 3-0 win over Newcastle, 0
https://www.usatoday.com/https://www.usatoday.com/story/sports/soccer/2021/01/18/ibrahimovi-scores-2-as-milan-beats-cagliari-2-0-to-go-clear/43331865/, Ibrahimovi scores 2 as Milan beats Cagliari 2-0 to go clear, 0
https://www.usatoday.com/https://www.usatoday.com/story/sports/nba/2021/01/18/nuggets-porter-expected-to-miss-10th-straight-game/115330190/, Nuggets' Porter expected to miss 10th straight game, 0
https://www.usatoday.com/https://www.usatoday.com/sitemap/2021/january/18/, 1, 0
https://www.usatoday.com/https://www.usatoday.com/sitemap/2021/january/18/?page=2, 2, 0
