https://www.usatoday.com/https://www.usatoday.com/story/sports/soccer/2021/01/18/matchday-leicester-bids-to-go-top-of-epl/43331817/, MATCHDAY: Leicester bids to go top of EPL, 0
https://www.usatoday.com/https://www.usatoday.com/story/sports/mlb/2021/01/18/hendriks-has-full-no-trade-this-year-then-limited-provision/43331825/, Hendriks has full no-trade this year| then limited provision, 0
https://www.usatoday.com/https://www.usatoday.com/story/sports/mlb/2021/01/18/bez-can-boost-option-price-and-buyout-with-astros/115330470/, Báez can boost option price and buyout with Astros, 0
https://www.usatoday.com/https://www.usatoday.com/story/sports/ncaab/2021/01/18/martin-scores-21-to-lift-towson-past-unc-wilmington-72-69/43331835/, Martin scores 21 to lift Towson past UNC Wilmington 72-69, 0
https://www.usatoday.com/https://www.usatoday.com/story/opinion/readers/2021/01/18/applause-10-republicans-who-stood-up-trump-reader-views/4184397001/, Applause for 10 Republicans who stood up to Trump: Reader views, 0
https://www.usatoday.com/https://www.usatoday.com/story/sports/mlb/2021/01/18/ap-source-padres-acquiring-sd-native-musgrove-from-pirates/43331837/, AP source: Padres acquiring SD native Musgrove from Pirates, 0
https://www.usatoday.com/https://www.usatoday.com/story/sports/ncaab/2021/01/18/esposito-leads-sacramento-state-over-idaho-state-70-65/115330490/, Esposito leads Sacramento State over Idaho State 70-65, 0
https://www.usatoday.com/https://www.usatoday.com/story/sports/ncaab/2021/01/18/crosby-carries-alcorn-state-over-arkansa-pine-bluff-82-48/115330518/, Crosby carries Alcorn State over Arkansa-Pine Bluff 82-48, 0
https://www.usatoday.com/https://www.usatoday.com/story/sports/nba/2021/01/18/morant-has-17-points-10-assists-grizzlies-top-suns-108-104/115330532/, Morant has 17 points| 10 assists; Grizzlies top Suns 108-104, 0
https://www.usatoday.com/https://www.usatoday.com/story/entertainment/tv/2021/01/18/critics-choice-awards-2021-the-crown-ozark-top-tv-nominations/4207980001/, Critics Choice Awards 2021: 'The Crown|' 'Ozark' top TV nominations, 0
https://www.usatoday.com/https://www.usatoday.com/picture-gallery/news/nation/2021/01/19/field-flags-display-national-mall/4208016001/, “Field of Flags” display on the National Mall, 0
https://www.usatoday.com/https://www.usatoday.com/story/sports/nhl/2021/01/18/varlamov-pageau-lead-islanders-to-1-0-win-over-bruins/43331839/, Islanders' Semyon Varlamov| Jean-Gabriel Pageau beat Bruins 1-0, 0
https://www.usatoday.com/https://www.usatoday.com/story/sports/nfl/2021/01/18/signs-point-to-saints-entering-new-era-in-2021/43332331/, Signs point to Saints entering new era in 2021, 0
https://www.usatoday.com/https://www.usatoday.com/story/sports/ncaaf/2021/01/18/ohio-state-qb-fields-declares-for-draft-wr-olave-returning/115330570/, Ohio State QB Fields declares for draft; WR Olave returning, 0
https://www.usatoday.com/https://www.usatoday.com/story/sports/mlb/2021/01/18/padres-pirates-mets-trade-joe-musgrove/4207899001/, Padres add Joe Musgrove to rotation in 3-team deal with Pirates| Mets, 0
https://www.usatoday.com/https://www.usatoday.com/story/sports/tennis/2021/01/18/3-more-covid-19-cases-linked-to-australian-open-arrivals/115330578/, 3 more COVID-19 cases linked to Australian Open arrivals, 0
https://www.usatoday.com/https://www.usatoday.com/story/sports/nfl/2021/01/18/ap-sources-daboll-likely-to-stay-put-as-bills-coordinator/43331859/, AP sources: Daboll likely to stay put as Bills coordinator, 0
https://www.usatoday.com/https://www.usatoday.com/story/sports/ncaaw/2021/01/18/no-4-south-carolina-boston-beat-no-15-arkansas-104-82/115330618/, No. 4 South Carolina| Boston beat No. 15 Arkansas 104-82, 0
https://www.usatoday.com/https://www.usatoday.com/story/sports/mlb/nationals/2021/01/18/jon-lester-nationals-1-year-deal/4208182001/, Jon Lester reaches agreement on 1-year deal with Washington Nationals, 0
https://www.usatoday.com/https://www.usatoday.com/story/sports/ncaab/2021/01/18/grays-17-points-lead-florida-state-past-louisville-78-65/115330644/, Gray's 17 points lead Florida State past Louisville 78-65, 0
https://www.usatoday.com/https://www.usatoday.com/picture-gallery/sports/2021/01/19/sports-figures-we-lost-2021/4114802001/, Sports figures we lost in 2021, 0
https://www.usatoday.com/https://www.usatoday.com/story/sports/ncaaf/2021/01/18/jon-arnett-college-football-hall-fame-rb-and-nfl-pro-bowler-dies/4208346001/, Jon Arnett| College Football Hall of Fame RB and NFL Pro Bowler| dies, 0
https://www.usatoday.com/https://www.usatoday.com/story/sports/mlb/2021/01/18/ap-source-jon-lester-nats-agree-to-deal-pending-physical/115330646/, AP source: Jon Lester| Nats agree to deal| pending physical, 0
https://www.usatoday.com/https://www.usatoday.com/story/sports/ncaab/2021/01/18/cele-leads-southern-past-mississippi-valley-state-102-61/115330658/, Cele leads Southern past Mississippi Valley State 102-61, 0
https://www.usatoday.com/https://www.usatoday.com/story/sports/ncaab/2021/01/18/brewer-scores-23-to-lead-east-tennessee-state-over-vmi-92-81/43331877/, Brewer scores 23 to lead East Tennessee State over VMI 92-81, 0
https://www.usatoday.com/https://www.usatoday.com/story/sports/ncaab/2021/01/18/miller-carries-unc-greensboro-past-the-citadel-87-73/43331879/, Miller carries UNC Greensboro past The Citadel 87-73, 0
https://www.usatoday.com/https://www.usatoday.com/story/news/politics/2021/01/18/yvette-herrell-couy-griffin-cowboys-trump-capitol-riot/4208347001/, Capitol riot: GOP Rep. Yvette Herrell retreats from Cowboys for Trump, 0
https://www.usatoday.com/https://www.usatoday.com/story/entertainment/tv/2021/01/19/the-bachelor-recap-matt-james-loses-frontrunner-self-elimination/4204462001/, 'The Bachelor' recap: Matt loses a frontrunner in self-elimination, 0
https://www.usatoday.com/https://www.usatoday.com/story/sports/soccer/2021/01/18/uswnt-colombia-exhibition-mewis-sisters-lead-way/4208521001/, USWNT: Samantha Mewis scores hat trick in win over Colombia, 0
https://www.usatoday.com/https://www.usatoday.com/story/sports/nfl/2021/01/18/texans-interview-bieniemy-3-others-in-coaching-search/115330692/, Texans interview Bieniemy| 3 others in coaching search, 0
https://www.usatoday.com/https://www.usatoday.com/story/sports/nhl/2021/01/18/marner-scores-2-maple-leafs-beat-jets-3-1/43331885/, Marner scores 2| Maple Leafs beat Jets 3-1, 0
https://www.usatoday.com/https://www.usatoday.com/story/sports/nba/2021/01/18/harden-durant-star-as-nets-edge-bucks-125-123/115330694/, Harden| Durant star as Nets edge Bucks 125-123, 0
https://www.usatoday.com/https://www.usatoday.com/story/sports/nfl/ravens/2021/01/18/ravens-releasing-running-back-mark-ingram/4208448001/, Ravens releasing RB Mark Ingram on Tuesday| per reports, 0
https://www.usatoday.com/https://www.usatoday.com/story/sports/2021/01/18/national-garden-american-heroes-sports-figures-proposed/4208109001/, National Garden of American Heroes: 11 sports figures on proposed list, 0
https://www.usatoday.com/https://www.usatoday.com/story/sports/sports-betting/2021/01/18/colorado-avalanche-at-los-angeles-kings-odds-picks-and-prediction/115331400/, Colorado Avalanche at Los Angeles Kings odds| picks and prediction, 0
https://www.usatoday.com/https://www.usatoday.com/story/sports/nhl/2021/01/18/reinhart-lazar-score-twice-in-buffalos-6-1-win-over-flyers/115330722/, Reinhart| Lazar score twice in Sabres' 6-1 win over Flyers, 0
https://www.usatoday.com/https://www.usatoday.com/story/sports/nba/2021/01/18/heat-rally-from-19-down-top-pistons-113-107-to-end-slide/43331901/, Heat rally from 19 down| top Pistons 113-107 to end slide, 0
https://www.usatoday.com/https://www.usatoday.com/story/sports/nba/2021/01/18/bulls-beat-rockets-125-120-oladipo-solid-in-houston-debut/115330750/, Bulls beat Rockets 125-120; Oladipo solid in Houston debut, 0
https://www.usatoday.com/https://www.usatoday.com/story/sports/nhl/2021/01/18/kyrous-goal-lifts-blues-to-5-4-comeback-win-over-sharks/43331911/, Kyrou's goal lifts Blues to 5-4 comeback win over Sharks, 0
https://www.usatoday.com/https://www.usatoday.com/story/sports/nba/2021/01/18/nets-beat-bucks-kevin-durant-james-harden-giannis-antetokounmpo/4208737001/, Kevin Durant| James Harden power Nets over Giannis| Bucks, 0
https://www.usatoday.com/https://www.usatoday.com/story/sports/nhl/2021/01/18/hurricanes-score-3-in-third-to-beat-predators-4-2/43331925/, Hurricanes score 3 in third to beat Predators 4-2, 0
https://www.usatoday.com/https://www.usatoday.com/story/sports/nba/2021/01/18/raptors-beat-mavericks-116-93-extend-win-streak-to-3-games/43332209/, Raptors beat Mavericks 116-93| extend win streak to 3 games, 0
https://www.usatoday.com/https://www.usatoday.com/story/sports/ncaab/2021/01/18/butler-scores-30-unbeaten-no-2-baylor-tops-no-9-kansas/115330776/, Butler scores 30| unbeaten No. 2 Baylor tops No. 9 Kansas, 0
https://www.usatoday.com/https://www.usatoday.com/story/sports/ncaab/2021/01/18/no-2-baylor-still-unbeaten-with-77-69-win-over-no-9-kansas/115330816/, No. 2 Baylor still unbeaten with 77-69 win over No. 9 Kansas, 0
https://www.usatoday.com/https://www.usatoday.com/story/sports/ncaab/2021/01/18/dusell-scores-19-to-carry-wyoming-past-air-force-77-58/43332127/, DuSell scores 19 to carry Wyoming past Air Force 77-58, 0
https://www.usatoday.com/https://www.usatoday.com/story/sports/nhl/2021/01/18/varlamov-stops-27-shots-islanders-beat-bruins-1-0/43332129/, Varlamov stops 27 shots| Islanders beat Bruins 1-0, 0
https://www.usatoday.com/https://www.usatoday.com/videos/news/nation/2021/01/19/today-history-january-19th/4208959001/, Today in History for January 19th, 0
https://www.usatoday.com/https://www.usatoday.com/story/sports/nhl/2021/01/18/gibson-posts-shutout-ducks-hold-off-wild-1-0-in-home-opener/115330826/, Gibson posts shutout| Ducks hold off Wild 1-0 in home opener, 0
https://www.usatoday.com/https://www.usatoday.com/story/sports/ncaab/2021/01/19/mack-leads-prairie-view-past-grambling-st-59-50/115330846/, Mack leads Prairie View past Grambling St. 59-50, 0
https://www.usatoday.com/https://www.usatoday.com/story/sports/nhl/2021/01/19/allen-weber-lift-canadiens-over-oilers-3-1/43332135/, Allen| Weber lift Canadiens over Oilers 3-1, 0
https://www.usatoday.com/https://www.usatoday.com/story/sports/columnist/nancy-armour/2021/01/18/carli-lloyd-shows-no-signs-rust-after-lengthy-uswnt-layoff/4208964001/, Carli Lloyd shows no signs of rust after lengthy USWNT layoff, 0
https://www.usatoday.com/https://www.usatoday.com/story/sports/ncaab/2021/01/19/defense-shines-as-unlv-beats-new-mexico-53-46/43332149/, Defense shines as UNLV beats New Mexico 53-46, 0
https://www.usatoday.com/https://www.usatoday.com/story/sports/mlb/2021/01/19/espn-report-mets-gm-sent-explicit-texts-to-female-reporter/115330852/, Mets fire GM after he sent explicit texts to female reporter, 0
https://www.usatoday.com/https://www.usatoday.com/story/sports/nhl/2021/01/19/gaudreau-has-goal-assist-as-flames-beat-canucks-5-2/115330858/, Gaudreau has goal| assist as Flames beat Canucks 5-2, 0
https://www.usatoday.com/https://www.usatoday.com/story/sports/mlb/mets/2021/01/18/mets-gm-jared-porter-espn-report-unsolicited-messages-lewd-photos/4208946001/, Mets GM Jared Porter acknowledges 'serious error in judgment', 0
https://www.usatoday.com/https://www.usatoday.com/story/sports/nba/2021/01/19/warriors-rally-from-14-down-in-4th-beat-lakers-115-113/115330886/, Warriors rally from 14 down in 4th| beat Lakers 115-113, 0
https://www.usatoday.com/https://www.usatoday.com/story/sports/nhl/2021/01/19/stickless-stephenson-gets-winner-vegas-beats-coyotes-4-2/115330900/, Stickless Stephenson gets winner| Vegas beats Coyotes 4-2, 0
https://www.usatoday.com/https://www.usatoday.com/videos/news/nation/2021/01/19/amid-virus-surge-hospital-chaplains-front-line/4209120001/, Amid virus surge| hospital chaplains on front line, 0
https://www.usatoday.com/https://www.usatoday.com/story/sports/mlb/columnist/gabe-lacques/2021/01/18/mets-must-fire-gm-jared-porter-espn-report/4209116001/, Mets must fire general manager Jared Porter in wake of ESPN report, 0
https://www.usatoday.com/https://www.usatoday.com/story/sports/ncaab/2021/01/19/no-3-villanova-gets-back-on-the-floor-after-covid-19-pauses/43332307/, No. 3 Villanova gets back on the floor after COVID-19 pauses, 0
https://www.usatoday.com/https://www.usatoday.com/story/sports/nba/2021/01/19/analysis-in-tough-nba-times-games-not-the-top-priority/43332309/, Analysis: In tough NBA times| games not the top priority, 0
https://www.usatoday.com/https://www.usatoday.com/videos/tech/problemsolved/2021/01/19/5-ways-save-money-dog-owner/4202674001/, 5 ways to save money as a dog owner, 0
https://www.usatoday.com/https://www.usatoday.com/story/sports/nfl/2021/01/19/analysis-backup-qbs-saw-plenty-of-action-in-nfl-playoffs/43332315/, Analysis: Backup QBs saw plenty of action in NFL playoffs, 0
https://www.usatoday.com/https://www.usatoday.com/story/opinion/2021/01/19/corporate-spending-boosted-assault-on-capital-column/4160114001/, Corporate political spending and rhetoric do not match, 0
https://www.usatoday.com/https://www.usatoday.com/story/news/50-states/2021/01/19/car-choir-bear-boom-festival-changes-news-around-states/115331156/, ‘Car Choir|’ bear boom: News from around our 50 states, 0
https://www.usatoday.com/https://www.usatoday.com/story/opinion/2021/01/19/biden-win-reagan-trump-era-government-cynicism-ending-column/4202321001/, Biden win signals Reagan-Trump era of government cynicism may be over, 0
https://www.usatoday.com/https://www.usatoday.com/story/news/health/2021/01/19/covid-news-memorial-400-k-deaths-starbucks-california-washington/4205278001/, COVID update: US passes 400|000 deaths; Rebekah Jones arrested, 0
https://www.usatoday.com/https://www.usatoday.com/story/news/2021/01/19/covid-19-memorial-trump-pardon-watch-5-things-know-tuesday/4153494001/, COVID-19 memorial| Trump pardon watch: 5 things to know Tuesday, 0
https://www.usatoday.com/https://www.usatoday.com/story/sports/olympics/2021/01/19/tokyo-olympics-qa-6-months-out-and-murmurs-of-cancellation/115331178/, Tokyo Olympics Q&A: 6 months out and murmurs of cancellation, 0
https://www.usatoday.com/https://www.usatoday.com/story/opinion/2021/01/19/josh-hawleys-threat-free-speech-and-other-vital-liberties-column/6643408002/, Josh Hawley's threat to free speech and other vital liberties, 0
https://www.usatoday.com/https://www.usatoday.com/story/news/politics/elections/2021/01/19/mike-pences-future-chances-running-president-hurt-trump/6640990002/, Mike Pence's future chances of running for president hurt by Trump, 0
https://www.usatoday.com/https://www.usatoday.com/story/news/politics/2021/01/19/5-things-biden-can-do-inauguration-crises-america/4093475001/, 5 things Biden can do right away to take charge of crises in America, 0
https://www.usatoday.com/https://www.usatoday.com/story/sports/sports-betting/2021/01/19/buffalo-sabres-at-philadelphia-flyers-odds-picks-and-prediction/115331192/, Buffalo Sabres at Philadelphia Flyers odds| picks and prediction, 0
https://www.usatoday.com/https://www.usatoday.com/story/money/personalfinance/2021/01/19/switch-medicare-advantage-plan/115297404/, Is Medicare Advantage Plan serving you? Here are 4 reasons to switch., 0
https://www.usatoday.com/https://www.usatoday.com/in-depth/news/nation/2021/01/19/first-covid-case-us-year-anniversary-snohomish-county/4154942001/, First COVID case in US: A year later| Washington county still holds on, 0
https://www.usatoday.com/https://www.usatoday.com/story/opinion/2021/01/19/covid-19-deaths-reach-400-000-its-time-mourn-those-weve-lost/4201980001/, As COVID-19 deaths reach 400|000| it's time to mourn those we've lost, 0
https://www.usatoday.com/https://www.usatoday.com/story/news/politics/elections/2021/01/19/avril-haines-bidens-intelligence-pick-set-confirmation-hearing/3867964001/, Avril Haines: Biden's intelligence pick set for confirmation hearing, 0
https://www.usatoday.com/https://www.usatoday.com/story/sports/sports-betting/2021/01/19/columbus-blue-jackets-at-detroit-red-wings-odds-picks-and-prediction/115331202/, Columbus Blue Jackets at Detroit Red Wings odds| picks and prediction, 0
https://www.usatoday.com/https://www.usatoday.com/story/sports/sports-betting/2021/01/19/carolina-hurricanes-at-nashville-predators-odds-picks-and-prediction/115331220/, UPDATE: Carolina Hurricanes at Nashville Predators postponed, 0
https://www.usatoday.com/https://www.usatoday.com/videos/news/nation/2021/01/19/ap-top-stories-january-19/4209323001/, AP Top Stories January 19, 0
https://www.usatoday.com/https://www.usatoday.com/story/sports/nfl/columnist/bell/2021/01/19/bruce-arians-takes-nfls-most-diverse-staff-nfc-championship-game/4207467001/, Bruce Arians takes NFL's most diverse staff to NFC championship game, 0
https://www.usatoday.com/https://www.usatoday.com/story/sports/sports-betting/2021/01/19/oklahoma-city-thunder-at-denver-nuggets-odds-picks-and-prediction/115331232/, Oklahoma City Thunder at Denver Nuggets odds| picks and prediction, 0
https://www.usatoday.com/https://www.usatoday.com/videos/news/nation/2021/01/19/more-national-guard-forces-going-washington-dc/4209370001/, More National Guard forces going to Washington| DC, 0
https://www.usatoday.com/https://www.usatoday.com/story/sports/nfl/columnist/nate-davis/2021/01/19/deshaun-watson-landing-spots-ranked-dolphins-jets/4202427001/, If Texans trade Deshaun Watson| where will he go? 31 NFL teams ranked, 0
https://www.usatoday.com/https://www.usatoday.com/story/money/2021/01/19/gannett-fourth-quarter-earnings-revenue/4208879001/, Gannett fourth-quarter earnings: 'Rebound' underway, 0
https://www.usatoday.com/https://www.usatoday.com/story/sports/sports-betting/2021/01/19/south-carolina-at-missouri-odds-picks-and-prediction/115331272/, South Carolina at Missouri odds| picks and prediction, 0
https://www.usatoday.com/https://www.usatoday.com/story/nletter/2021/01/19/covid-19-memorial-trump-pardon-watch-5-things-know-tuesday/4209292001/, COVID-19 memorial| Trump pardon watch: Daily Briefing, 0
https://www.usatoday.com/https://www.usatoday.com/story/money/personalfinance/retirement/2021/01/19/gig-worker-retirement-manage-social-security-savings/115292776/, Working a gig while in retirement? Manage your Social Security savings, 0
https://www.usatoday.com/https://www.usatoday.com/story/opinion/voices/2021/01/19/inauguration-capitol-security-riot-architecture-column/4203670001/, 9/11-era Capitol architect: Security designs not meant for a mob, 0
https://www.usatoday.com/https://www.usatoday.com/story/travel/news/2021/01/19/covid-vaccine-passports-2021-travel-trends-watch/4206739001/, COVID vaccine passports| last-minute trips| more 2021 travel trends, 0
https://www.usatoday.com/https://www.usatoday.com/story/entertainment/music/2021/01/19/dolly-parton-quotes-best-of-usa-today-interviews/6638882002/, Dolly Parton turns 75: Her best USA TODAY interview moments, 0
https://www.usatoday.com/https://www.usatoday.com/story/life/health-wellness/2021/01/19/ciara-how-she-keeps-her-sexy-up-during-covid-19-pandemic/4172895001/, Ciara on how she keeps her 'sexy up' during the COVID-19 pandemic, 0
https://www.usatoday.com/https://www.usatoday.com/story/money/columnist/2021/01/19/can-employers-mandate-covid-19-vaccine-employees-ask-hr/4153433001/, Can employers mandate a COVID-19 vaccine for employees? Ask HR, 0
https://www.usatoday.com/https://www.usatoday.com/story/opinion/2021/01/19/trump-presidency-inauguration-biden-cartoon-humor-impeachment/4201064001/, Donald Trump's presidency: Mike Thompson's cartoon look back, 0
https://www.usatoday.com/https://www.usatoday.com/story/sports/mlb/2021/01/19/omar-vizquel-baseball-hall-fame-case/4154716001/, Omar Vizquel has Hall of Fame credentials| especially on defense, 0
https://www.usatoday.com/https://www.usatoday.com/story/news/nation/2021/01/19/toledo-police-officer-shot-suspect-killed-standoff/4209392001/, Toledo police officer shot: Brandon Stalker killed in standoff, 0
https://www.usatoday.com/https://www.usatoday.com/videos/news/nation/2021/01/19/showbiz-minute-wonder-brooks-trump/4209472001/, ShowBiz Minute: Wonder| Brooks| Trump, 0
https://www.usatoday.com/https://www.usatoday.com/videos/entertainment/2021/01/19/showbiz-minute-wonder-brooks-trump/4209473001/, ShowBiz Minute: Wonder| Brooks| Trump, 0
https://www.usatoday.com/https://www.usatoday.com/story/sports/columnist/mike-freeman/2021/01/19/donald-trump-fails-women-sports-figures-garden-heroes/4208141001/, Donald Trump fails to put women sports figures in Garden of Heroes, 0
https://www.usatoday.com/https://www.usatoday.com/story/sports/ncaaw/2021/01/19/tara-vanderveer-stanford-indiana-bob-knight-lessons/4194597001/, How Stanford's Tara VanDerveer forged success learning from Bob Knight, 0
https://www.usatoday.com/https://www.usatoday.com/videos/entertainment/music/2021/01/19/dr-dre-returns-home-after-brain-aneurysm/4209401001/, Dr. Dre returns home after brain aneurysm, 0
https://www.usatoday.com/https://www.usatoday.com/story/life/health-wellness/2021/01/19/dry-january-mocktails-try-when-abstaining-alcohol/4209516001/, Dry January mocktails to try when abstaining from alcohol, 0
https://www.usatoday.com/https://www.usatoday.com/story/sports/sports-betting/2021/01/19/2021-american-express-fantasy-golf-power-rankings/115331474/, 2021 American Express Fantasy Golf Power Rankings, 0
https://www.usatoday.com/https://www.usatoday.com/story/sports/ftw/2021/01/19/andy-reids-guts-chiefs-playoffs/115331460/, Chiefs: We're not talking enough about Andy Reid's guts, 0
https://www.usatoday.com/https://www.usatoday.com/videos/entertainment/2021/01/19/day-19-january-1999/4209607001/, On This Day: 19 January 1999, 0
https://www.usatoday.com/https://www.usatoday.com/videos/news/nation/2021/01/19/day-19-january-1999/4209606001/, On This Day: 19 January 1999, 0
https://www.usatoday.com/https://www.usatoday.com/videos/news/have-you-seen/2021/01/19/adorable-dog-can-make-incredible-basketball-trick-shots/4204178001/, Adorable dog can make incredible basketball trick shots, 0
https://www.usatoday.com/https://www.usatoday.com/story/sports/golf/2021/01/19/westwood-back-in-the-middle-east-with-a-target-on-his-back/115331504/, Westwood back in the Middle East with a target on his back, 0
https://www.usatoday.com/https://www.usatoday.com/story/travel/news/2021/01/19/man-accused-living-chicago-ohare-airport-months/4209477001/, Man who feared COVID lived at Chicago O'Hare Airport for months, 0
https://www.usatoday.com/https://www.usatoday.com/videos/news/have-you-seen/2021/01/19/nearly-200-000-state-and-territory-flags-planted-national-mall/4209563001/, Nearly 200|000 state and territory flags planted on the National Mall, 0
https://www.usatoday.com/https://www.usatoday.com/story/sports/soccer/2021/01/19/atltico-appeals-to-cas-in-attempt-to-suspend-trippier-ban/43332389/, Atlético appeals to CAS in attempt to suspend Trippier ban, 0
https://www.usatoday.com/https://www.usatoday.com/story/sports/mlb/2021/01/19/new-york-mets-fire-general-manager-jared-porter/43332391/, New York Mets fire general manager Jared Porter, 0
https://www.usatoday.com/https://www.usatoday.com/story/sports/sports-betting/2021/01/19/maryland-at-michigan-odds-picks-and-prediction/115331538/, Maryland at Michigan odds| picks and prediction, 0
https://www.usatoday.com/https://www.usatoday.com/story/sports/mlb/mets/2021/01/19/mets-fire-gm-jared-porter-lewd-text-message/4209608001/, New York Mets fire GM Jared Porter amid report of harassment, 0
https://www.usatoday.com/https://www.usatoday.com/story/money/cars/2021/01/19/ces-harman-technology-in-vehicles/4209573001/, In-vehicle tech shows car usage 'as much for living as traveling', 0
https://www.usatoday.com/https://www.usatoday.com/story/sports/soccer/2021/01/19/lionel-messi-suspended-2-matches-for-hitting-opponent/115331588/, Lionel Messi suspended 2 matches for hitting opponent, 0
https://www.usatoday.com/https://www.usatoday.com/story/news/nation/2021/01/19/inauguration-capitol-riots-fbi-chatter-extremists-national-guard/4209379001/, Inauguration| Capitol riots: FBI| extremists| Army National Guard, 0
https://www.usatoday.com/https://www.usatoday.com/story/sports/nfl/2021/01/19/falcons-name-saints-terry-fontenot-as-general-manager/115331590/, Falcons name Saints' Terry Fontenot as general manager, 0
https://www.usatoday.com/https://www.usatoday.com/story/entertainment/celebrities/2021/01/19/joe-biden-daughter-ashley-biden-melania-trump-breaking-tour-tradition/4209557001/, Joe Biden: Daughter Ashley Biden on Melania Trump breaking tradition, 0
https://www.usatoday.com/https://www.usatoday.com/videos/life/militarykind/2021/01/19/marine-surprises-mom-doctors-office/4209875001/, Marine surprises mom in doctor's office, 0
https://www.usatoday.com/https://www.usatoday.com/story/nletter/2021/01/19/daily-money-1-19-21/4209778001/, The Daily Money 1-19-21, 0
https://www.usatoday.com/https://www.usatoday.com/videos/life/militarykind/2021/01/19/marine-surprises-mom-doctors-office/4209916001/, Marine surprises mom in doctor's office, 0
https://www.usatoday.com/https://www.usatoday.com/story/sports/cycling/2021/01/19/frenchman-thibaut-pinot-will-skip-tour-to-focus-on-giro/115331712/, Frenchman Thibaut Pinot will skip Tour to focus on Giro, 0
https://www.usatoday.com/https://www.reviewed.com/refrigerators/content/lg-lrfdc2406s-french-door-refrigerator-review?utm_source=usat&utm_medium=referral&utm_campaign=collab, Steady temps make this fridge a solid buy, 0
https://www.usatoday.com/https://www.usatoday.com/story/entertainment/celebrities/2021/01/19/meghan-markle-seeks-settlement-british-newspaper-ahead-trial/4210027001/, Meghan Markle seeks settlement with British newspaper ahead of trial, 0
https://www.usatoday.com/https://www.usatoday.com/story/money/2021/01/19/office-depot-staples-merger-officemax-sycamore-odp/4209712001/, Office Depot rejects Staples acquisition bid but open to retail merger, 0
https://www.usatoday.com/https://www.usatoday.com/story/sports/nfl/washington/2021/01/19/washington-football-team-hire-ex-panthers-exec-marty-hurney-gm/4209897001/, Washington Football Team to hire ex-Panthers exec Marty Hurney as GM, 0
https://www.usatoday.com/https://www.usatoday.com/story/travel/airline-news/2021/01/19/tsa-hundreds-being-considered-no-fly-list-after-capitol-riots/4210079001/, TSA: 'Hundreds' being considered for no-fly list after Capitol riots, 0
https://www.usatoday.com/https://www.usatoday.com/story/sports/soccer/2021/01/19/manduki-returns-to-italy-signs-for-league-leader-ac-milan/115332184/, Mandžuki returns to Italy| signs for league leader AC Milan, 0
https://www.usatoday.com/https://www.usatoday.com/story/sports/soccer/2021/01/19/england-appoints-hege-riise-as-temporary-womens-coach/43332479/, England appoints Hege Riise as temporary women's coach, 0
https://www.usatoday.com/https://www.usatoday.com/picture-gallery/entertainment/celebrities/2021/01/19/joe-biden-inauguration-events-kamala-harris-celebrities-appear/4209885001/, Inauguration day events: Justin Timberlake| Gaga| more stars appear, 0
https://www.usatoday.com/https://www.usatoday.com/story/news/politics/2021/01/19/biden-picks-pa-health-secretary-levine-federal-health-post/4210154001/, Rachel Levine picked by Biden for assistant health secretary, 0
https://www.usatoday.com/https://www.usatoday.com/story/news/politics/2021/01/19/live-politics-updates/4210750001/, Live updates: Biden says goodbye to Delaware on eve of inauguration, 0
https://www.usatoday.com/https://www.usatoday.com/story/news/2021/01/19/democrats-trump-legacy-project-aims-use-trump-2022-issue/4209328001/, Democrats' 'Trump Legacy Project' aims to use Trump as 2022 issue, 0
https://www.usatoday.com/https://www.usatoday.com/story/tech/2021/01/19/facebook-racist-claims-george-floyd-breonna-taylor-jacob-blake/4184064001/, George Floyd| Breonna Taylor racist claims still on Facebook: report, 0
https://www.usatoday.com/https://www.usatoday.com/story/sports/nascar/2021/01/19/nascar-to-hold-pre-race-daytona-500-concert-with-luke-combs/43332525/, NASCAR to hold pre-race Daytona 500 concert with Luke Combs, 0
https://www.usatoday.com/https://www.usatoday.com/story/travel/news/2021/01/19/las-vegas-meow-wolf-omega-mart-opening-february-18-tickets/4211359001/, Las Vegas Meow Wolf Omega Mart opening Feb. 18. How to get tickets, 0
https://www.usatoday.com/https://www.usatoday.com/story/news/politics/2021/01/19/josh-hawley-was-a-republican-rising-star-before-capitol-riot-whats-next/4211107001/, Josh Hawley was a Republican rising star before Capitol riot; now what, 0
https://www.usatoday.com/https://www.usatoday.com/in-depth/news/2020/12/30/trump-pardons-controversial-patterns/4038315001/, Trump's pardons in final days of presidency, 0
https://www.usatoday.com/https://www.usatoday.com/story/entertainment/celebrities/2021/01/19/al-roker-gets-covid-19-vaccine-live-today-show/4210743001/, Al Roker gets COVID-19 vaccine live on 'Today' show, 0
https://www.usatoday.com/https://www.usatoday.com/videos/news/nation/2021/01/19/new-clinics-aid-virus-long-haulers/4211758001/, New clinics aid virus 'long haulers', 0
https://www.usatoday.com/https://www.usatoday.com/story/sports/nfl/2021/01/19/lemuel-jeanpierre-promoted-to-dolphins-offensive-line-coach/115332200/, Lemuel Jeanpierre promoted to Dolphins offensive line coach, 0
https://www.usatoday.com/https://www.usatoday.com/videos/sports/nfl/sportspulse/2021/01/19/what-take-new-texans-gm-save-dysfunctional-organization/4211785001/, What it will take for the new Texans GM to save a dysfunctional organization, 0
https://www.usatoday.com/https://www.usatoday.com/story/money/2021/01/19/janet-yellen-bidens-pick-treasury-secretary-urges-congress-act-big/4211165001/, Janet Yellen: Biden's pick for Treasury secretary urges Congress to 'act big', 0
https://www.usatoday.com/https://www.usatoday.com/story/sports/sports-betting/2021/01/19/seton-hall-at-villanova-odds-picks-and-prediction/115332202/, Seton Hall at Villanova odds| picks and prediction, 0
https://www.usatoday.com/https://www.usatoday.com/videos/news/nation/2021/01/19/covid-19-unit-nurse-sing-national-memorial-before-inauguration/4211271001/, COVID-19 unit nurse to sing at national memorial before inauguration, 0
https://www.usatoday.com/https://www.usatoday.com/story/news/nation/2021/01/19/oregon-police-say-car-thief-lectured-mom-leaving-child-suv/4211790001/, Oregon police say car thief lectured mom for leaving child in SUV, 0
https://www.usatoday.com/https://www.usatoday.com/story/entertainment/celebrities/2021/01/19/harry-brant-son-stephanie-seymour-and-peter-brant-dies-24/4211890001/, Harry Brant dead: Stephanie Seymour and Peter Brant's son dies at 24, 0
https://www.usatoday.com/https://www.usatoday.com/story/sports/nascar/2021/01/19/dillon-lands-daytona-500-ride-with-rebuilding-gaunt-brothers/115332282/, Dillon lands Daytona 500 ride with rebuilding Gaunt Brothers, 0
https://www.usatoday.com/https://www.usatoday.com/story/sports/mlb/columnist/bob-nightengale/2021/01/19/mets-gm-jared-porter-fired-harassment/4209832001/, Mets fire Jared Porter after MLB team thought it had turned a corner, 0
https://www.usatoday.com/https://www.usatoday.com/story/travel/cruises/2021/01/19/royal-caribbean-group-selling-off-azamara-cruise-line/4211806001/, Royal Caribbean Group is selling off Azamara cruise line, 0
https://www.usatoday.com/https://www.usatoday.com/story/money/shopping/2021/01/19/mypillow-ceo-says-kohls-wayfair-bed-bath-beyond-removing-brand/4210808001/, Kohl's| Bed Bath & Beyond to stop selling MyPillow| per Mike Lindell, 0
https://www.usatoday.com/https://www.usatoday.com/videos/news/politics/2021/01/19/joe-biden-plans-tackle-covid-19-immigration-first-100-days/4212060001/, Joe Biden plans to tackle COVID-19| immigration in first 100 days, 0
https://www.usatoday.com/https://www.usatoday.com/story/tech/2021/01/19/paramount-streaming-service-take-place-cbs-all-access/4211033001/, Paramount+ streaming service to take place of CBS All Access|, 0
https://www.usatoday.com/https://www.usatoday.com/story/entertainment/music/2021/01/19/10-best-inauguration-performances-beyonce-bruce-springsteen-aretha-franklin-bob-dylan-kelly-clarkson/6631794002/, Inauguration performances: The 10 best ever| including Lady Gaga, 0
https://www.usatoday.com/https://www.usatoday.com/story/entertainment/tv/2021/01/19/elisabeth-shue-cobra-kai-return-karate-kid-series/4212180001/, 'Cobra Kai': Elisabeth Shue talks return to 'Karate Kid' series, 0
https://www.usatoday.com/https://www.usatoday.com/story/sports/sports-betting/2021/01/19/duke-at-pittsburgh-odds-picks-and-prediction/115332374/, Duke at Pittsburgh odds| picks and prediction, 0
https://www.usatoday.com/https://www.usatoday.com/story/news/politics/elections/2021/01/19/antony-blinken-5-things-know-bidens-secretary-state-nominee/4174535001/, Antony Blinken: 5 things to know about Biden's secretary of state pick, 0
https://www.usatoday.com/https://www.usatoday.com/in-depth/news/2021/01/19/covid-19-deaths-americans-dying-faster-than-our-soldiers-did-wwii/6602717002/, COVID-19 deaths: Americans dying faster than our soldiers did in WWII, 0
https://www.usatoday.com/https://www.reviewed.com/style/features/where-buy-celebrity-approved-winter-coats-canada-goose-north-face-aritzia?utm_source=usat&utm_medium=referral&utm_campaign=collab, 10 popular winter coats spotted on celebrities—and where to buy them, 0
https://www.usatoday.com/https://www.usatoday.com/videos/news/nation/2021/01/19/peanuts-pen-pals-find-comfort-correspondence/4212629001/, 'Peanuts' pen pals find comfort in correspondence, 0
https://www.usatoday.com/https://www.10best.com/interests/food-culture/10-classic-desserts-nostalgia-cheesecake-smores/, Feed your nostalgia with these classic desserts, 0
https://www.usatoday.com/https://www.10best.com/interests/food-culture/bologna-meat-what-made-of-where-comes-from/, How bologna became America's favorite sandwich meat, 0
https://www.usatoday.com/https://www.usatoday.com/story/sports/mlb/2021/01/19/twins-tap-toby-gardenhire-to-manage-new-triple-a-affiliate/43332789/, Twins tap Toby Gardenhire to manage new Triple-A affiliate, 0
https://www.usatoday.com/https://www.usatoday.com/story/opinion/2021/01/19/delay-trump-impeachment-trial-raise-conviction-odds-column/4204611001/, Delay Trump's impeachment trial to help Biden and raise conviction odds, 0
https://www.usatoday.com/https://www.usatoday.com/videos/news/nation/2021/01/19/west-virginia-sets-pace-vaccine-rollout/4213051001/, West Virginia sets pace on vaccine rollout, 0
https://www.usatoday.com/https://www.usatoday.com/story/money/2021/01/19/jenis-releases-biden-special-flavor-ice-cream-inauguration/4212638001/, Jeni's releases Biden special flavor ice cream for inauguration, 0
https://www.usatoday.com/https://www.usatoday.com/story/news/nation/2021/01/19/field-flags-security-washington-d-c-quiet-before-inauguration/4209956001/, Flags on National Mall for Joe Biden inauguration: Photos show calm DC, 0
https://www.usatoday.com/https://www.usatoday.com/story/sports/nba/2021/01/19/blazers-guard-cj-mccollum-has-fracture-in-left-foot/43333335/, Blazers guard CJ McCollum has fracture in left foot, 0
https://www.usatoday.com/https://www.usatoday.com/story/entertainment/music/2021/01/19/jazmine-sullivan-eric-church-h-e-r-sing-super-bowl-national-anthem-america-the-beautiful/4212956001/, Jazmine Sullivan| Eric Church| H.E.R. to sing at Super Bowl, 0
https://www.usatoday.com/https://www.usatoday.com/story/sports/nfl/2021/01/19/indiana-state-ties-connect-packers-tight-ends-tonyan-dafney/43332971/, Indiana State ties connect Packers tight ends Tonyan| Dafney, 0
https://www.usatoday.com/https://www.usatoday.com/story/news/nation/2021/01/19/flint-water-rick-snyder-wrong-court/4213049001/, Flint water charges against Rick Snyder should be tossed| lawyer says, 0
https://www.usatoday.com/https://www.usatoday.com/videos/news/nation/2021/01/19/yellen-calls-congress-fight-pandemic-recession/4213364001/, Yellen calls Congress to fight pandemic recession, 0
https://www.usatoday.com/https://www.usatoday.com/story/sports/sports-betting/2021/01/19/washington-capitals-at-pittsburgh-penguins-odds-picks-and-prediction/115332678/, Washington Capitals at Pittsburgh Penguins odds| picks and prediction, 0
https://www.usatoday.com/https://www.usatoday.com/story/news/world/2021/01/19/mike-pompeo-says-chinas-policies-muslims-amount-genocide/4213686001/, Mike Pompeo says China’s policies on Muslims amount to ‘genocide’, 0
https://www.usatoday.com/https://www.usatoday.com/videos/news/nation/2021/01/19/mayorkas-addresses-horrifying-capitol-attack/4213838001/, Mayorkas addresses 'horrifying' Capitol attack, 0
https://www.usatoday.com/https://www.usatoday.com/story/sports/sports-betting/2021/01/19/chicago-blackhawks-at-florida-panthers-odds-picks-and-prediction/115332730/, Chicago Blackhawks at Florida Panthers odds| picks and prediction, 0
https://www.usatoday.com/https://www.usatoday.com/videos/news/nation/2021/01/19/pandemic-support-center-yellen-hearing/4213951001/, Pandemic support at center of Yellen hearing, 0
https://www.usatoday.com/https://www.usatoday.com/videos/sports/mlb/whatimhearing/2021/01/19/whats-next-mets-after-firing-gm-jared-porter/4213933001/, What's next for the Mets after firing GM Jared Porter, 0
https://www.usatoday.com/https://www.usatoday.com/story/tech/reviewedcom/2021/01/19/best-humidifiers-could-help-ease-covid-19-symptoms/4212786001/, The best humidifiers that could help ease COVID-19 symptoms, 0
https://www.usatoday.com/https://www.usatoday.com/story/entertainment/celebrities/2021/01/19/tiffany-trump-announces-engagement-boyfriend-michael-boulos/4213613001/, Tiffany Trump announces engagement to boyfriend Michael Boulos, 0
https://www.usatoday.com/https://www.usatoday.com/story/sports/mlb/2021/01/19/jared-porter-mlb-investigation-harassment-texts/4213620001/, MLB to investigate Jared Porter| now-disgraced executive, 0
https://www.usatoday.com/https://www.usatoday.com/story/travel/hotels/2021/01/19/vrbo-blocks-new-dc-reservations-before-inauguration-follows-airbnb/4213867001/, Vrbo blocks new DC reservations before inauguration| follows Airbnb, 0
https://www.usatoday.com/https://www.usatoday.com/story/news/politics/2021/01/19/mitch-mcconnell-says-attack-capitol-provoked-president-trump/4213929001/, Mitch McConnell says attack at Capitol was provoked by President Trump, 0
https://www.usatoday.com/https://www.usatoday.com/story/sports/ncaaw/2021/01/19/ncaa-plan-womens-tournament-bracket-san-antonio/4213899001/, College basketball: NCAA announces plan for women's tournament bracket, 0
https://www.usatoday.com/https://www.usatoday.com/story/tech/2021/01/19/joe-biden-snapchat-ar-lenses-inauguration/4213400001/, Joe Biden releasing Snapchat AR lenses for inauguration, 0
https://www.usatoday.com/https://www.usatoday.com/story/money/markets/2021/01/19/wall-streets-momentum-swings-back-stocks-yields-tick-up/4215042001/, Stocks fall as economic pain deepens| rally runs out of gas, 0
https://www.usatoday.com/https://www.usatoday.com/story/sports/nhl/2021/01/19/carolina-nashville-1st-nhl-postponement-since-season-started/43333055/, Carolina-Nashville 1st NHL postponement since season started, 0
https://www.usatoday.com/https://www.usatoday.com/story/sports/sports-betting/2021/01/19/winnipeg-jets-at-ottawa-senators-odds-picks-and-prediction/115332936/, Winnipeg Jets at Ottawa Senators odds| picks and prediction, 0
https://www.usatoday.com/https://www.usatoday.com/story/nletter/staying-apart-together/2021/01/19/im-not-wasting-any-moment-feel-good/4209665001/, I'm not wasting any moment I feel good, 0
https://www.usatoday.com/https://www.usatoday.com/videos/news/nation/2021/01/19/mayor-says-nyc-run-out-vaccine-week/4215206001/, Mayor says NYC will run out of vaccine this week, 0
https://www.usatoday.com/https://www.usatoday.com/videos/entertainment/celebrities/2021/01/19/ciara-opens-up-keeping-her-sexy-up-during-quarantine/4214963001/, Ciara opens up about keeping her 'sexy up' during quarantine, 0
https://www.usatoday.com/https://www.usatoday.com/story/travel/news/2021/01/19/dubais-covid-reckoning-mideast-party-haven-faces-biggest-surge-yet/4209676001/, Dubai's COVID reckoning: Mideast party haven faces biggest surge yet, 0
https://www.usatoday.com/https://www.usatoday.com/story/sports/ncaab/2021/01/19/former-byu-kennesaw-coach-ingle-dies-at-68-from-covid-19/115332974/, Former BYU| Kennesaw coach Ingle dies at 68 from COVID-19, 0
https://www.usatoday.com/https://www.usatoday.com/story/sports/mlb/2021/01/19/padres-bring-musgrove-home-in-3-team-trade-with-bucs-mets/115332976/, Padres bring Musgrove home in 3-team trade with Bucs| Mets, 0
https://www.usatoday.com/https://www.usatoday.com/story/entertainment/tv/2021/01/19/netflix-february-2021-to-all-boys-always-and-forever-more/4210645001/, Netflix in February 2021: 'To All The Boys: Always And Forever|' more, 0
https://www.usatoday.com/https://www.usatoday.com/videos/news/nation/2021/01/19/zoo-gorillas-showered-popcorn-illinois/4215525001/, Zoo gorillas showered with popcorn in Illinois, 0
https://www.usatoday.com/https://www.usatoday.com/story/travel/experience/america/theme-parks/2021/01/19/half-of-disneys-theme-parks-arent-opening-anytime-soon/43332687/, Disney World open| but Disneyland| half of Disney's parks aren't, 0
https://www.usatoday.com/https://www.usatoday.com/story/sports/nba/2021/01/19/kyrie-irving-rejoins-nets-says-he-just-needed-a-pause/115333018/, Kyrie Irving rejoins Nets| says he 'just needed a pause', 0
https://www.usatoday.com/https://www.usatoday.com/story/news/nation/2021/01/19/california-wind-advisory-power-outages-wildfire-threat/4213547001/, California wind| power outage: Hurricane-force gusts bring fire threat, 0
https://www.usatoday.com/https://www.usatoday.com/sitemap/2021/january/19/, 1, 0
https://www.usatoday.com/https://www.usatoday.com/sitemap/2021/january/19/?page=2, 2, 0
