https://www.usatoday.com/https://www.usatoday.com/story/news/education/2021/01/19/sat-eliminates-optional-essay-subject-tests-covid-19-college-board/4220933001/, SAT eliminates optional essay| subject tests amid COVID-19 pandemic, 0
https://www.usatoday.com/https://www.usatoday.com/story/news/politics/2021/01/19/trump-biden-presidential-transition-isnt-first-spiral-into-conflict/4220298001/, Trump-Biden presidential transition isn't first to spiral into conflict, 0
https://www.usatoday.com/https://www.usatoday.com/story/entertainment/celebrities/2021/01/19/amanda-gorman-meet-youngest-inaugural-poet-u-s-history/4217887001/, Amanda Gorman: Poet calls for unity in Biden inauguration poem, 0
https://www.usatoday.com/https://www.usatoday.com/story/news/politics/2021/01/19/lloyd-austin-biden-defense-nominee-defends-need-waiver-serve/4213034001/, Lloyd Austin: Biden defense nominee defends need for waiver to serve, 0
https://www.usatoday.com/https://www.usatoday.com/videos/news/nation/2021/01/20/former-colombian-pres-biden-can-unite-nations/4222080001/, Former Colombian Pres.: Biden can unite nations, 0
https://www.usatoday.com/https://www.usatoday.com/videos/news/nation/2021/01/20/covid-19-statistics-startling-numbers-coronavirus-us/4222058001/, COVID-19 statistics: Startling numbers about coronavirus in the US, 0
https://www.usatoday.com/https://www.usatoday.com/story/news/2021/01/19/paramilitary-group-intent-capturing-capitol-bragged-operation/4221925001/, Paramilitary group was intent on capturing Capitol| bragged about operation, 0
https://www.usatoday.com/https://www.usatoday.com/story/entertainment/celebrities/2021/01/19/bachelorette-stars-dale-moss-and-clare-crawley-split/4221204001/, 'Bachelorette' stars Dale Moss and Clare Crawley split| speak out, 0
https://www.usatoday.com/https://www.usatoday.com/videos/news/nation/2021/01/20/dc-landmark-cathedral-mourns-400-k-covid-deaths/4222168001/, DC landmark cathedral mourns 400K COVID deaths, 0
https://www.usatoday.com/https://www.usatoday.com/story/sports/soccer/2021/01/19/matchday-manchester-rivals-united-city-chase-epl-top-spot/115334332/, MATCHDAY: Manchester rivals United| City chase EPL top spot, 0
https://www.usatoday.com/https://www.usatoday.com/story/news/factcheck/2021/01/19/fact-check-post-miscaptions-photo-pelosi-thanking-national-guard/4196900001/, Fact check: Post miscaptions photo of Pelosi thanking National Guard, 0
https://www.usatoday.com/https://www.usatoday.com/story/sports/soccer/2021/01/19/fowler-takes-indian-soccer-to-new-levels-of-publicity/115334344/, Fowler takes Indian soccer to new levels -- of publicity, 0
https://www.usatoday.com/https://www.usatoday.com/story/news/politics/elections/2021/01/19/biden-nominee-antony-blinken-china-committing-genocide-uyghurs/4215835001/, Biden-nominee Antony Blinken: China committing 'genocide' on Uyghurs, 0
https://www.usatoday.com/https://www.usatoday.com/story/sports/nfl/2021/01/19/confident-white-sets-tone-for-rejuvenated-buccaneers-defense/43333485/, Confident White sets tone for rejuvenated Buccaneers defense, 0
https://www.usatoday.com/https://www.usatoday.com/story/news/nation/2021/01/19/covid-19-memorial-amazing-grace-lori-key-detroit-nurse/4222005001/, COVID-19 memorial: Detroit nurse Lori Key wows with 'Amazing Grace', 0
https://www.usatoday.com/https://www.usatoday.com/story/sports/ncaab/2021/01/19/nuga-scores-23-to-lead-kent-state-over-buffalo-84-81/43333497/, Nuga scores 23 to lead Kent State over Buffalo 84-81, 0
https://www.usatoday.com/https://www.usatoday.com/story/sports/nfl/2021/01/19/lions-hire-gm-brad-holmes-after-he-wasnt-on-original-list/115334376/, Lions hire GM Brad Holmes after he wasn't on original list, 0
https://www.usatoday.com/https://www.usatoday.com/story/sports/wnba/dream/2021/01/19/wnba-atlanta-dream-co-owned-kelly-loeffler-close-being-sold/4222307001/, WNBA's Atlanta Dream| co-owned by Kelly Loeffler| close to being sold, 0
https://www.usatoday.com/https://www.usatoday.com/story/money/business/2021/01/19/kroger-unwittingly-contributed-indiana-militia-group/4222414001/, Kroger unwittingly contributed to Indiana militia group, 0
https://www.usatoday.com/https://www.usatoday.com/story/tech/reviewedcom/2021/01/19/amazon-deals-save-acer-spin-5-amazon-fire-tablets-and-more/4172323001/, Amazon deals: Save on the Acer Spin 5| Amazon Fire tablets and more, 0
https://www.usatoday.com/https://www.usatoday.com/story/sports/nfl/2021/01/19/elway-empowers-gm-as-paton-promises-collaboration-consensus/43333513/, Elway empowers GM as Paton promises collaboration| consensus, 0
https://www.usatoday.com/https://www.usatoday.com/story/tech/reviewedcom/2021/01/19/popsocket-get-our-favorite-phone-grip-models-less-right-now/4157560001/, PopSocket: Get our favorite phone grip models for less right now, 0
https://www.usatoday.com/https://www.usatoday.com/story/sports/mlb/2021/01/19/mets-fire-porter-after-38-days-for-explicit-texts-in-2016/43333515/, Mets fire Porter after 38 days for explicit texts in 2016, 0
https://www.usatoday.com/https://www.usatoday.com/story/sports/ncaaw/2021/01/19/geno-auriemma-passes-pat-summitt-all-time-wins-accomplishments/4220706001/, Geno Auriemma passes Pat Summitt on college basketball wins list, 0
https://www.usatoday.com/https://www.usatoday.com/story/news/politics/2021/01/19/biden-immigration-proposal-includes-pathway-citizenship-some/4212870001/, Biden immigration proposal includes pathway to citizenship for some, 0
https://www.usatoday.com/https://www.usatoday.com/story/entertainment/movies/2021/01/19/top-gun-black-widow-movies-we-hope-see-theater-2021/4184208001/, 'F9|' 'Top Gun 2|' 'Dune': Movies we hope to see in a theater in 2021, 0
https://www.usatoday.com/https://www.usatoday.com/story/sports/ncaab/2021/01/19/harmon-harkless-lead-oklahoma-to-76-50-win-over-k-state/115334772/, Harmon| Harkless lead Oklahoma to 76-50 win over K-State, 0
https://www.usatoday.com/https://www.usatoday.com/story/news/politics/2021/01/18/covid-economy-joe-bidens-policies-his-first-100-days/6643346002/, What's on the agenda, 0
https://www.usatoday.com/https://www.usatoday.com/story/news/nation/2021/01/19/field-flags-security-washington-d-c-quiet-before-inauguration/4209956001/, Surreal Washington D.C. photos, 0
https://www.usatoday.com/https://www.usatoday.com/videos/news/politics/2021/01/20/biden-pays-tribute-americans-lost-covid-19-before-inauguration/4222915001/, Biden pays tribute to Americans lost to COVID-19 before inauguration, 0
https://www.usatoday.com/https://www.usatoday.com/story/entertainment/music/2021/01/19/10-best-inauguration-performances-beyonce-bruce-springsteen-aretha-franklin-bob-dylan-kelly-clarkson/6631794002/, Videos: Top inauguration songs, 0
https://www.usatoday.com/https://www.usatoday.com/picture-gallery/sports/ncaaw/2021/01/20/geno-auriemma-through-the-years/4221661001/, Geno Auriemma: Connecticut women's basketball coach through the years, 0
https://www.usatoday.com/https://www.usatoday.com/videos/entertainment/2021/01/20/washington-malek-and-leto-face-off-the-little-things/4223256001/, Washington| Malek and Leto face off in ‘The Little Things’, 0
https://www.usatoday.com/https://www.usatoday.com/videos/news/nation/2021/01/20/washington-malek-and-leto-face-off-the-little-things/4223253001/, Washington| Malek and Leto face off in ‘The Little Things’, 0
https://www.usatoday.com/https://www.usatoday.com/story/sports/ncaaw/2021/01/19/no-3-uconn-beats-butler-auriemma-passes-summitt-in-wins/43333519/, No. 3 UConn beats Butler| Auriemma passes Summitt in wins, 0
https://www.usatoday.com/https://www.usatoday.com/story/sports/ncaab/2021/01/19/iveys-late-3-finishes-purdues-rally-past-no-15-ohio-state/115334472/, Ivey's late 3 finishes Purdue's rally past No. 15 Ohio State, 0
https://www.usatoday.com/https://www.usatoday.com/story/sports/ncaab/2021/01/19/no-7-michigan-back-on-track-after-87-63-rout-of-maryland/43333523/, No. 7 Michigan back on track after 87-63 rout of Maryland, 0
https://www.usatoday.com/https://www.usatoday.com/story/sports/ncaab/2021/01/19/short-handed-florida-stuns-no-6-tennessee-75-49/43333533/, Short-handed Florida stuns No. 6 Tennessee 75-49, 0
https://www.usatoday.com/https://www.usatoday.com/story/sports/tennis/2021/01/19/3-more-covid-19-cases-linked-to-australian-open-total-is-10/43333545/, 3 more COVID-19 cases linked to Australian Open| total is 10, 0
https://www.usatoday.com/https://www.usatoday.com/story/sports/ncaab/2021/01/19/bolden-scores-21-to-carry-butler-over-depaul-67-53/115334498/, Bolden scores 21 to carry Butler over DePaul 67-53, 0
https://www.usatoday.com/https://www.usatoday.com/story/sports/ncaab/2021/01/19/rollins-scores-25-to-lead-toledo-past-central-michigan-89-72/115334504/, Rollins scores 25 to lead Toledo past Central Michigan 89-72, 0
https://www.usatoday.com/https://www.usatoday.com/story/sports/ncaab/sec/2021/01/19/tennessee-volunteers-florida-gators-basketball/4223392001/, Tennessee men's basketball team blown out by Florida, 0
https://www.usatoday.com/https://www.usatoday.com/videos/news/weather/2021/01/20/winds-roar-across-california-leaving-trail-damage/4221145001/, Winds roar across California| leaving trail of damage, 0
https://www.usatoday.com/https://www.usatoday.com/story/sports/mlb/2021/01/19/tommy-lasorda-memorialized-at-dodger-stadium-service/115334532/, Tommy Lasorda memorialized at Dodger Stadium service, 0
https://www.usatoday.com/https://www.usatoday.com/story/sports/ncaab/2021/01/19/freeman-leads-akron-over-bowling-green-69-57/43333547/, Freeman leads Akron over Bowling Green 69-57, 0
https://www.usatoday.com/https://www.usatoday.com/story/sports/nhl/2021/01/19/elliott-stops-40-konecny-scores-as-flyers-beat-sabres-3-0/115334554/, Elliott stops 40| Konecny scores as Flyers beat Sabres 3-0, 0
https://www.usatoday.com/https://www.usatoday.com/picture-gallery/news/nation/2021/01/20/buildings-around-country-lit-up-honor-covid-19-dead/4223786001/, Buildings around the country lit up to honor COVID-19 dead, 0
https://www.usatoday.com/https://www.usatoday.com/story/sports/ncaab/2021/01/19/boeheim-girard-lead-syracuse-to-83-57-rout-of-miami/115334792/, Boeheim| Girard lead Syracuse to 83-57 rout of Miami, 0
https://www.usatoday.com/https://www.usatoday.com/videos/news/nation/2021/01/20/covid-19-vaccine-supply-issues-plague-california/4223936001/, COVID-19 vaccine supply issues plague California, 0
https://www.usatoday.com/https://www.usatoday.com/story/sports/ncaab/2021/01/19/winthrop-beats-presbyterian-72-58-for-19th-straight-win/43333549/, Winthrop beats Presbyterian 72-58 for 19th straight win, 0
https://www.usatoday.com/https://www.usatoday.com/story/sports/nhl/2021/01/19/crosbys-ot-goal-lifts-penguins-past-capitals-5-4/115334568/, Crosby's OT goal lifts Penguins past Capitals 5-4, 0
https://www.usatoday.com/https://www.usatoday.com/story/sports/nhl/2021/01/19/vatrano-scores-overtime-goal-panthers-over-blackhawks-5-4/43333551/, Vatrano scores overtime goal| Panthers over Blackhawks 5-4, 0
https://www.usatoday.com/https://www.usatoday.com/story/sports/ncaab/2021/01/19/beck-scores-17-to-carry-miami-ohio-past-ball-st-81-71/115334580/, Beck scores 17 to carry Miami (Ohio) past Ball St. 81-71, 0
https://www.usatoday.com/https://www.usatoday.com/story/nletter/in-california/2021/01/19/california-audit-questions-how-state-spent-coronavirus-funds/4223700001/, In California: Audit questions how state spent coronavirus funds, 0
https://www.usatoday.com/https://www.usatoday.com/story/sports/nhl/2021/01/19/ryan-makes-red-wings-history-in-3-2-ot-win-over-blue-jackets/43333561/, Ryan makes Red Wings history in 3-2 OT win over Blue Jackets, 0
https://www.usatoday.com/https://www.usatoday.com/story/sports/ncaab/2021/01/19/short-handed-florida-shocks-no-6-vols-75-49-in-sec-matchup/43333563/, Short-handed Florida shocks No. 6 Vols 75-49 in SEC matchup, 0
https://www.usatoday.com/https://www.usatoday.com/story/sports/nhl/2021/01/19/hughes-has-3-points-in-2nd-period-as-devils-beat-rangers-4-3/43333575/, Hughes has 3 points in 2nd period as Devils beat Rangers 4-3, 0
https://www.usatoday.com/https://www.usatoday.com/story/sports/ncaaw/2021/01/19/joens-makes-go-ahead-shot-no-24-iowa-st-women-top-sooners/43333577/, Joens makes go-ahead shot| No. 24 Iowa St. women top Sooners, 0
https://www.usatoday.com/https://www.usatoday.com/story/sports/nhl/2021/01/19/ehlers-scores-in-ot-jets-rally-past-senators-4-3/43333579/, Ehlers scores in OT| Jets rally past Senators 4-3, 0
https://www.usatoday.com/https://www.usatoday.com/story/news/factcheck/2021/01/19/fact-check-biden-didnt-say-he-would-discriminate-covid-relief/4213252001/, Fact check: Biden didn't say he would discriminate with COVID relief, 0
https://www.usatoday.com/https://www.usatoday.com/story/sports/ncaab/2021/01/19/mangum-leads-radford-past-campbell-97-91-in-3ot/43333601/, Mangum leads Radford past Campbell 97-91 in 3OT, 0
https://www.usatoday.com/https://www.usatoday.com/story/news/nation/2021/01/19/mega-millions-jackpot-winning-numbers-powerball-lottery/4219698001/, Mega Millions: No winner Tuesday night; jackpot climbs to $970M, 0
https://www.usatoday.com/https://www.usatoday.com/story/sports/ncaab/2021/01/19/harris-leads-se-missouri-past-tennessee-state-63-59/115334626/, Harris leads SE Missouri past Tennessee State 63-59, 0
https://www.usatoday.com/https://www.usatoday.com/story/sports/ncaab/2021/01/19/thorpe-lifts-unc-asheville-over-gardner-webb-79-75/43333619/, Thorpe lifts UNC Asheville over Gardner-Webb 79-75, 0
https://www.usatoday.com/https://www.usatoday.com/story/sports/ncaaw/2021/01/19/iowa-maryland-womens-game-postponed-because-of-inauguration/115334628/, Iowa-Maryland women's game postponed because of inauguration, 0
https://www.usatoday.com/https://www.usatoday.com/story/sports/nba/2021/01/19/jokic-scores-27-in-3-quarters-nuggets-rout-thunder-119-101/43333621/, Jokic scores 27 in 3 quarters| Nuggets rout Thunder 119-101, 0
https://www.usatoday.com/https://www.usatoday.com/story/sports/ncaab/2021/01/19/shuler-scores-22-ole-miss-beats-mississippi-state-64-46/43333623/, Shuler scores 22; Ole Miss beats Mississippi State 64-46, 0
https://www.usatoday.com/https://www.usatoday.com/story/sports/mlb/bluejays/2021/01/19/george-springer-agrees-6-year-150-m-deal-toronto-blue-jays/4225059001/, George Springer agrees to 6-year| $150M deal with Toronto Blue Jays, 0
https://www.usatoday.com/https://www.usatoday.com/story/sports/ncaab/2021/01/19/cockburn-leads-no-22-illinois-to-79-65-win-over-penn-state/115334636/, Cockburn leads No. 22 Illinois to 79-65 win over Penn State, 0
https://www.usatoday.com/https://www.usatoday.com/story/sports/ncaaw/2021/01/19/uconn-routs-butler-103-35-auriemma-passes-summitt-in-wins/43333669/, UConn routs Butler 103-35| Auriemma passes Summitt in wins, 0
https://www.usatoday.com/https://www.usatoday.com/story/sports/nba/2021/01/19/mitchell-scores-28-jazz-beat-pelicans-118-102/115334640/, Mitchell scores 28| Jazz beat Pelicans 118-102, 0
https://www.usatoday.com/https://www.usatoday.com/story/sports/ncaab/2021/01/19/petty-no-18-alabama-rain-in-3s-beat-lsu-105-75/115334672/, Petty| No. 18 Alabama rain in 3s| beat LSU 105-75, 0
https://www.usatoday.com/https://www.usatoday.com/story/sports/ncaab/2021/01/19/no-3-villanova-edges-seton-hall-in-return-from-27-day-break/115334670/, No. 3 Villanova edges Seton Hall in return from 27-day break, 0
https://www.usatoday.com/https://www.usatoday.com/story/sports/mlb/2021/01/19/ap-source-springer-agrees-to-150m-6-year-deal-with-jays/43333631/, AP source: Springer agrees to $150M| 6-year deal with Jays, 0
https://www.usatoday.com/https://www.usatoday.com/story/sports/nhl/2021/01/19/crosby-scores-in-ot-to-lift-penguins-over-capitals/43333637/, Crosby scores in OT to lift Penguins over Capitals, 0
https://www.usatoday.com/https://www.usatoday.com/story/news/politics/2021/01/19/donald-trump-pardons-steve-bannon-white-house/4209763001/, Trump pardons: Steve Bannon| Jeanine Pirro's ex get clemency, 0
https://www.usatoday.com/https://www.usatoday.com/videos/news/nation/2021/01/20/blinken-sees-congress-foreign-policy-partner/4225639001/, Blinken sees Congress as foreign policy 'partner', 0
https://www.usatoday.com/https://www.usatoday.com/story/money/2021/01/20/kamala-harris-corporate-america-black-women/4213945001/, Kamala Harris: VP could change how corporate America sees Black women, 0
https://www.usatoday.com/https://www.usatoday.com/videos/news/nation/2021/01/20/today-history-january-20th/4225659001/, Today in History for January 20th, 0
https://www.usatoday.com/https://www.usatoday.com/story/news/politics/2021/01/19/trump-adviser-stephen-bannon-receives-pardon/3811128001/, Trump adviser Stephen Bannon receives pardon, 0
https://www.usatoday.com/https://www.usatoday.com/story/sports/ncaab/2021/01/20/scott-quintana-lead-lmu-past-san-diego-72-69-in-ot/43333641/, Scott| Quintana lead LMU past San Diego 72-69 in OT, 0
https://www.usatoday.com/https://www.usatoday.com/story/sports/mlb/2021/01/20/ap-source-jos-quintana-agrees-to-8m-deal-with-angels/43333643/, AP source: José Quintana agrees to $8M deal with Angels, 0
https://www.usatoday.com/https://www.usatoday.com/story/sports/media/2021/01/06/joe-buck-tops-2021-usa-today-sports-announcer-power-rankings/6555647002/, Sports Announcer Power Rankings, 0
https://www.usatoday.com/https://www.usatoday.com/story/sports/ncaab/acc/2021/01/19/duke-pitt-mike-krzyzewski-jeff-capel-justin-champagnie/4225771001/, Duke loses to Pitt thanks to career game from Justin Champagnie, 0
https://www.usatoday.com/https://www.usatoday.com/story/sports/wnba/2021/01/20/dream-close-to-being-sold-taking-loeffler-out-of-wnba/43333687/, Dream close to being sold| taking Loeffler out of WNBA, 0
https://www.usatoday.com/https://www.usatoday.com/story/sports/nhl/2021/01/20/mackinnon-reaches-500-points-as-avalanche-top-kings-3-2/43333695/, MacKinnon reaches 500 points as Avalanche top Kings 3-2, 0
https://www.usatoday.com/https://www.usatoday.com/story/money/2021/01/20/vice-president-kamala-harris-husband-doug-emhoff-second-gentleman/4213893001/, Vice President-elect Kamala Harris husband breaks gender stereotypes, 0
https://www.usatoday.com/https://www.usatoday.com/story/sports/ncaab/2021/01/20/rivalry-between-oregon-and-oregon-state-tops-pac-12-week/43333713/, Rivalry between Oregon and Oregon State tops Pac-12 week, 0
https://www.usatoday.com/https://www.usatoday.com/story/sports/nfl/2021/01/20/3-title-games-qbs-share-similar-draft-history/43333717/, 3 title games QBs share similar draft history, 0
https://www.usatoday.com/https://www.usatoday.com/story/sports/nfl/2021/01/20/chiefs-chad-henne-goes-from-backup-qb-to-playoff-stage/43333719/, Chiefs' Chad Henne goes from backup QB to playoff stage, 0
https://www.usatoday.com/https://www.usatoday.com/story/sports/nhl/2021/01/20/capped-out-flat-salary-cap-makes-nhl-teams-get-creative/43333769/, Capped out: Flat salary cap makes NHL teams get creative, 0
https://www.usatoday.com/https://www.usatoday.com/story/news/politics/2021/01/20/donald-trump-plans-end-his-presidency-mar-lago-florida/4210601001/, Trump ends term at Mar-a-Lago| 1st to skip inauguration in 152 years, 0
https://www.usatoday.com/https://www.usatoday.com/story/opinion/2021/01/20/biden-needs-unite-country-but-not-how-lincoln-did-column/4204690001/, Joe Biden shouldn't follow Lincoln's lead in forgiving traitors, 0
https://www.usatoday.com/https://www.usatoday.com/story/sports/nfl/2021/01/20/super-host-bucs-can-become-1st-to-play-super-bowl-at-home/115335458/, Super Host: Bucs become 1st to play Super Bowl at home, 0
https://www.usatoday.com/https://www.usatoday.com/story/news/50-states/2021/01/20/propane-problems-st-pats-sept-fishing-upside-news-around-states/115334814/, Propane problems| St. Pat’s in Sept.: News from around our 50 states, 0
https://www.usatoday.com/https://www.usatoday.com/story/news/health/2021/01/20/covid-news-san-francisco-new-york-city-vaccines/4219420001/, COVID news: Joe Biden mask mandate; 406K US deaths; UK's deadliest day, 0
https://www.usatoday.com/https://www.usatoday.com/story/opinion/voices/2021/01/20/donald-trump-leaves-disgraced-like-my-cousin-roy-cohn-column/4202894001/, Trump leaves office in disgrace| following same arc as mentor Roy Cohn, 0
https://www.usatoday.com/https://www.usatoday.com/story/news/politics/2021/01/20/trump-legacy-how-history-see-presidents-tumultuous-four-years/4158507001/, Trump legacy: How will history see president's tumultuous four years?, 0
https://www.usatoday.com/https://www.usatoday.com/story/news/world/2021/01/20/inauguration-day-world-watches-trump-exits-biden-takes-over/4209958001/, Biden's inauguration vow to weary world: U.S. will 'repair alliances', 0
https://www.usatoday.com/https://www.usatoday.com/videos/news/nation/2021/01/20/ap-top-stories-january-20/4226594001/, AP Top Stories January 20 A, 0
https://www.usatoday.com/https://www.usatoday.com/story/opinion/2021/01/20/repairing-our-democracy-after-trumps-destruction-column/6629342002/, Repairing our democracy after Trump's destruction, 0
https://www.usatoday.com/https://www.usatoday.com/story/news/politics/2021/01/20/live-biden-inauguration-updates-joe-biden-become-46th-president/4214160001/, Biden inauguration live updates: Joe Biden becomes 46th president, 0
https://www.usatoday.com/https://www.usatoday.com/story/news/education/2021/01/20/english-learners-could-forced-take-person-tests-despite-covid/4183818001/, English learners could be forced to take in-person tests despite COVID, 0
https://www.usatoday.com/https://www.usatoday.com/story/news/politics/2021/01/20/joe-bidens-day-1-orders-reversing-trumps-most-egregious-moves/6641289002/, Joe Biden’s executive orders: The first orders of the 46th president, 0
https://www.usatoday.com/https://www.usatoday.com/story/news/2021/01/20/inauguration-day-joe-biden-donald-trump-5-things-know-wednesday/4149458001/, Inauguration Day| Joe Biden| Donald Trump: 5 things to know Wednesday, 0
https://www.usatoday.com/https://www.usatoday.com/story/news/politics/2021/01/20/live-biden-inauguration-updates-joe-biden-become-46th-president/4214160001/, Biden becomes president| begins White House duties, 0
https://www.usatoday.com/https://www.usatoday.com/story/entertainment/celebrities/2021/01/20/trump-pardons-rappers-lil-wayne-kodak-black-biden-inauguration/4225254001/, Trump pardons rappers Lil Wayne| Kodak Black morning of inauguration, 0
https://www.usatoday.com/https://www.usatoday.com/story/opinion/2021/01/20/reunite-america-recommitting-civic-service-column/4209767001/, By recommitting to civic service| we can reunite America, 0
https://www.usatoday.com/https://www.usatoday.com/story/money/cars/2021/01/20/microsoft-self-driving-car-deal-cruise-gm/115331658/, Microsoft joins self-driving car race in new deal with Cruise and GM, 0
https://www.usatoday.com/https://www.usatoday.com/story/sports/columnist/brennan/2021/01/20/annika-sorenstam-and-much-golf-refuses-break-donald-trump/4218756001/, Annika Sorenstam and much of golf refuse to break from Donald Trump, 0
https://www.usatoday.com/https://www.usatoday.com/story/sports/golf/2021/01/20/thomas-to-go-on-training-program-after-anti-gay-slur/115335016/, Thomas to go on training program after anti-gay slur, 0
https://www.usatoday.com/https://www.usatoday.com/story/news/politics/2021/01/20/warnock-ossoff-sworn-in-giving-democrats-majority-senate/4217985001/, Democrats control Senate: Harris swears in Ossoff| Warnock| Padilla, 0
https://www.usatoday.com/https://www.usatoday.com/story/opinion/2021/01/20/what-biden-needs-do-covid-usa-today-contributors-column/4219302001/, What Biden needs to do about COVID: USA TODAY contributors, 0
https://www.usatoday.com/https://www.usatoday.com/story/sports/mlb/2021/01/20/curt-schilling-baseball-hall-of-fame-case/4212299001/, Curt Schilling's Baseball Hall of Fame case complicated by persona, 0
https://www.usatoday.com/https://www.usatoday.com/story/entertainment/celebrities/2021/01/20/donald-trump-faces-expulsion-screen-actors-guild/4226708001/, Donald Trump faces expulsion from Screen Actors Guild, 0
https://www.usatoday.com/https://www.usatoday.com/picture-gallery/news/nation/2021/01/20/joe-biden-presidential-inauguration-photos/4219036001/, Joe Biden presidential inauguration in photos, 0
https://www.usatoday.com/https://www.usatoday.com/story/sports/nfl/playoffs/2021/01/20/tom-brady-12-other-qbs-played-conference-final-new-team/4220908001/, Tom Brady 12 other QBs played in conference final with new team, 0
https://www.usatoday.com/https://www.usatoday.com/story/money/personalfinance/retirement/2021/01/20/social-security-covid-understanding-how-survivors-benefits-work/4221795001/, Social Security: How survivors benefits work, 0
https://www.usatoday.com/https://www.usatoday.com/story/money/personalfinance/2021/01/20/mistakes-paying-off-debt/43332481/, How to pay off debt and avoid common mistakes, 0
https://www.usatoday.com/https://www.usatoday.com/story/life/2021/01/20/biden-inauguration-2021-worried-watch-kids-youre-not-alone/4215172001/, Biden Inauguration 2021: Worried to watch with kids? You're not alone, 0
https://www.usatoday.com/https://www.usatoday.com/story/news/politics/2021/01/20/biden-inauguration-marks-shift-politics-after-four-years-trump/4218321001/, Inauguration: Biden| Kamala Harris become president and vice president, 0
https://www.usatoday.com/https://www.usatoday.com/story/news/nation/2021/01/20/inauguration-day-security-washington-updates-protests-arrests/4214845001/, Inauguration Day security in Washington: Updates on protests| arrests, 0
https://www.usatoday.com/https://www.usatoday.com/story/opinion/voices/2021/01/20/lucie-county-florida-covid-vaccine-distribution-column/4203597001/, COVID-19 vaccine: St. Lucie County| Florida|, 0
https://www.usatoday.com/https://www.usatoday.com/story/sports/ncaab/2021/01/20/college-basketball-coaches-political-turmoil-players/4226791001/, How college basketball coaches talk political turmoil with team, 0
https://www.usatoday.com/https://www.usatoday.com/story/nletter/2021/01/20/inauguration-day-joe-biden-donald-trump-daily-briefing/4226685001/, Inauguration Day| Joe Biden| Donald Trump: Daily Briefing, 0
https://www.usatoday.com/https://www.usatoday.com/videos/news/nation/2021/01/20/trump-pardons-steve-bannon-dozens-others/4226870001/, Trump pardons Steve Bannon| dozens of others, 0
https://www.usatoday.com/https://www.usatoday.com/videos/entertainment/2021/01/20/day-20-january-1960/4226884001/, On This Day: 20 January 1960, 0
https://www.usatoday.com/https://www.usatoday.com/videos/news/nation/2021/01/20/day-20-january-1960/4226883001/, On This Day: 20 January 1960, 0
https://www.usatoday.com/https://www.usatoday.com/videos/news/nation/2021/01/20/showbiz-minute-inauguration-lil-wayne-mulaney/4226905001/, ShowBiz Minute: Inauguration| Lil Wayne| Mulaney, 0
https://www.usatoday.com/https://www.usatoday.com/videos/entertainment/2021/01/20/showbiz-minute-inauguration-lil-wayne-mulaney/4226906001/, ShowBiz Minute: Inauguration| Lil Wayne| Mulaney, 0
https://www.usatoday.com/https://www.usatoday.com/videos/news/politics/2021/01/20/bidens-inauguration-look-like-no-inauguration-before-american-history/4210209001/, Biden’s Inauguration Will Look Like No Inauguration Before in American History, 0
https://www.usatoday.com/https://www.usatoday.com/story/news/politics/2021/01/20/kwame-kilpatrick-pardoned-donald-trump-detroit-mayor/4226873001/, Kwame Kilpatrick| ex-Detroit mayor| granted clemency by Donald Trump, 0
https://www.usatoday.com/https://www.usatoday.com/story/sports/sports-betting/2021/01/20/memphis-grizzlies-at-portland-trail-blazers-odds-picks-and-prediction/115335174/, Memphis Grizzlies at Portland Trail Blazers odds| picks and prediction, 0
https://www.usatoday.com/https://www.usatoday.com/story/travel/news/2021/01/20/bali-deported-american-traveler-promoting-island-lgbt-friendly/4226891001/, Bali deporting American traveler promoting island as 'LGBT-friendly', 0
https://www.usatoday.com/https://www.usatoday.com/story/money/2021/01/20/jack-ma-e-commerce-billionaire-breaks-silence-online-video/4226943001/, Jack Ma: E-commerce billionaire breaks silence with online video, 0
https://www.usatoday.com/https://www.usatoday.com/videos/news/politics/2021/01/20/joe-biden-wipes-away-tears-he-departs-white-house/4226980001/, Joe Biden wipes away tears as he departs for White House, 0
https://www.usatoday.com/https://www.usatoday.com/story/sports/sports-betting/2021/01/20/northwestern-at-wisconsin-odds-picks-and-prediction/115335200/, Northwestern at Wisconsin odds| picks and prediction, 0
https://www.usatoday.com/https://www.usatoday.com/story/entertainment/tv/2021/01/20/fox-news-politics-editor-chris-stirewalt-digital-staffers-laid-off-out-after-calling-arizona-biden/4226959001/, Fox News' Chris Stirewalt| digital staffers laid off post-election, 0
https://www.usatoday.com/https://www.usatoday.com/picture-gallery/travel/2021/01/20/us-state-flags-what-each-flag-looks-like-represents/115210452/, US state flags: This is what each flag looks like| represents, 0
https://www.usatoday.com/https://www.youtube.com/watch?v=nGUXcP76Jok, Watch: President Donald Trump departs Washington, 0
https://www.usatoday.com/https://www.usatoday.com/story/sports/ftw/2021/01/20/nfl-playoffs-buccaneers-packers-tom-brady/4227089001/, NFL playoffs: Tom Brady win vs. Packers would be biggest, 0
https://www.usatoday.com/https://www.usatoday.com/story/opinion/2021/01/20/convict-trump-warning-future-presidents-extremists-column/4212189001/, Convict Trump as warning to future presidents and domestic terrorists, 0
https://www.usatoday.com/https://www.usatoday.com/story/money/2021/01/20/stimulus-checks-new-round-payments-means-new-scams/4227025001/, Stimulus checks: New round of payments means new scams, 0
https://www.usatoday.com/https://www.usatoday.com/story/news/investigations/2021/01/20/among-capitol-riot-arrests-fbi-accuses-extremists-conspiracy/4203195001/, Among Capitol riot arrests| FBI accuses extremists of conspiracy, 0
https://www.usatoday.com/https://www.reviewed.com/cooking/features/tasty-soups-dont-come-can?utm_source=usat&utm_medium=referral&utm_campaign=collab, 7 perfect soups to warm you up this winter, 0
https://www.usatoday.com/https://www.usatoday.com/story/nletter/2021/01/20/daily-money-1-20-21/4227294001/, The Daily Money 1-20-21, 0
https://www.usatoday.com/https://www.usatoday.com/story/entertainment/celebrities/2021/01/20/melania-trump-departs-white-house-gives-final-first-lady-speech/4227336001/, Melania Trump departs White House| says being first lady was 'honor', 0
https://www.usatoday.com/https://www.usatoday.com/story/sports/nfl/2021/01/20/philip-rivers-retires-nfl-colts-quarterback/4227565001/, Philip Rivers retires from NFL after 17 seasons| last with Colts, 0
https://www.usatoday.com/https://www.usatoday.com/story/news/politics/2021/01/20/inauguration-who-wont-attendance-bidens-swearing/4167208001/, Inauguration: Who wasn't in attendance at Biden's swearing in, 0
https://www.usatoday.com/https://www.usatoday.com/videos/news/nation/2021/01/20/trump-leaves-wh-last-time-president/4227661001/, Trump leaves WH for last time as president, 0
https://www.usatoday.com/https://www.usatoday.com/videos/news/politics/2021/01/20/donald-trump-leaves-white-house-final-time-before-inauguration-day/4227532001/, Donald Trump leaves White House for final time before Inauguration Day, 0
https://www.usatoday.com/https://www.usatoday.com/videos/news/politics/2021/01/20/trump-grants-clemency-148-people-but-not-himself-his-family/4227880001/, Trump grants clemency to 148 people| but not for himself or his family, 0
https://www.usatoday.com/https://www.usatoday.com/videos/news/nation/2021/01/20/trumps-farewell-after-an-incredible-four-years/4228062001/, Trump's farewell after 'an incredible four years', 0
https://www.usatoday.com/https://www.usatoday.com/story/entertainment/celebrities/2021/01/20/duchess-meghan-lawsuit-daily-mail-publisher-letter-father/4227508001/, Meghan Markle suit: British newspaper publisher wants trial on letter, 0
https://www.usatoday.com/https://www.youtube.com/embed/6ty2zWaANWg, Watch: 'Parade Across America' celebrates Biden| Harris inauguration, 0
https://www.usatoday.com/https://www.usatoday.com/story/news/politics/2021/01/20/donald-trump-leaves-letter-joe-biden-inauguration-day/4228139001/, Inauguration: Biden says Trump wrote him 'a very generous' letter, 0
https://www.usatoday.com/https://www.usatoday.com/videos/news/nation/2021/01/20/covid-19-states-across-nation-honor-those-who-died-due-virus/4227944001/, COVID-19: States across nation honor those who died due to virus, 0
https://www.usatoday.com/https://www.usatoday.com/story/news/politics/2021/01/20/inauguration-washington-cathedral-st-matthew-site-jfk-funeral-iconic-image/4228038001/, Joe Biden attends Mass at Cathedral of St. Matthew| JFK funeral site, 0
https://www.usatoday.com/https://www.usatoday.com/picture-gallery/news/nation/2021/01/20/donald-trump-departs-white-house-last-time-president/4228130001/, Donald Trump departs White House for last time as President, 0
https://www.usatoday.com/https://www.usatoday.com/story/tech/2021/01/20/trump-pardons-former-google-engineer-who-stole-trade-secrets/4228184001/, Trump pardons former Google engineer who stole trade secrets, 0
https://www.usatoday.com/https://www.usatoday.com/videos/news/politics/2021/01/20/trump-wishes-biden-great-success-his-farewell-speech/4228333001/, Trump wishes Biden 'great success' in his farewell speech, 0
https://www.usatoday.com/https://www.usatoday.com/videos/news/nation/2021/01/20/trump-says-goodbye-vows-be-back-some-form/4228491001/, Trump says goodbye| vows to 'be back in some form', 0
https://www.usatoday.com/https://www.usatoday.com/story/entertainment/tv/2021/01/20/joe-biden-inauguration-grandchildren-speak-today-show/4226648001/, Joe Biden inauguration: His grandchildren speak on 'Today' show, 0
https://www.usatoday.com/https://www.usatoday.com/story/money/markets/2021/01/20/biden-inauguration-stock-market-economy-stimulus-checks-trump/4214910001/, Biden inauguration: S&P 500 hits record on hopes for more stimulus aid, 0
https://www.usatoday.com/https://www.usatoday.com/story/sports/sports-betting/2021/01/20/miami-heat-at-toronto-raptors-odds-picks-and-prediction/115335808/, Miami Heat at Toronto Raptors odds| picks and prediction, 0
https://www.usatoday.com/https://www.usatoday.com/story/news/politics/2021/01/20/inauguration-day-scene-us-capitol/4228542001/, Obama| Clinton| Bush| Pence| dignitaries attend Biden inauguration, 0
https://www.usatoday.com/https://www.usatoday.com/story/sports/sports-betting/2021/01/20/edmonton-oilers-at-toronto-maple-leafs-odds-picks-and-prediction/115335892/, Edmonton Oilers at Toronto Maple Leafs odds| picks and prediction, 0
https://www.usatoday.com/https://www.usatoday.com/videos/sports/mlb/whatimhearing/2021/01/20/blue-jays-sign-top-free-agent-george-springer-150-million-deal/4229160001/, Blue Jays sign top free agent George Springer to $150 million deal, 0
https://www.usatoday.com/https://www.usatoday.com/story/sports/sports-betting/2021/01/20/san-jose-sharks-at-st-louis-blues-odds-picks-and-prediction/115335914/, San Jose Sharks at St. Louis Blues odds| picks and prediction, 0
https://www.usatoday.com/https://www.usatoday.com/videos/news/world/2021/01/20/italys-mount-etna-spews-rocks-and-lava-volcanic-explosions/4228951001/, Italy's Mount Etna spews rocks and lava in volcanic explosions, 0
https://www.usatoday.com/https://www.usatoday.com/story/entertainment/books/2021/01/20/joe-biden-kamala-harris-comic-book/4229654001/, Joe Biden| Kamala Harris morph into comic book heroes, 0
https://www.usatoday.com/https://www.usatoday.com/story/entertainment/celebrities/2021/01/20/inauguration-day-kamala-harris-jill-biden-wear-emerging-designers/4228412001/, Inauguration Day: Kamala Harris| Jill Biden wear emerging designers, 0
https://www.usatoday.com/https://www.usatoday.com/story/money/cars/2021/01/20/plymouth-hatteras-presidential-inauguration-face-masks/4228707001/, Mother-daughter team in Mich. printed inauguration face masks, 0
https://www.usatoday.com/https://www.usatoday.com/videos/news/politics/2021/01/20/inauguration-day-barack-obama-bill-clinton-arrive-u-s-capitol/4229935001/, Inauguration Day: Barack Obama| Bill Clinton arrive at U.S. Capitol, 0
https://www.usatoday.com/https://www.usatoday.com/story/sports/soccer/2021/01/20/premier-league-clubs-agree-to-trial-concussion-substitutes/115339222/, Premier League clubs agree to trial concussion substitutes, 0
https://www.usatoday.com/https://www.usatoday.com/in-depth/news/nation/2021/01/20/washington-inauguration-day-photos-joe-biden/4227781001/, Inauguration Day photos: Historic images capture mood of Washington, 0
https://www.usatoday.com/https://www.usatoday.com/story/sports/tennis/2021/01/20/houston-event-off-as-mens-tennis-tour-makes-schedule-tweaks/115338616/, Houston event off as men's tennis tour makes schedule tweaks, 0
https://www.usatoday.com/https://www.usatoday.com/story/news/politics/2021/01/20/inauguration-capitol-police-officer-goodman-escorts-kamala-harris/4229621001/, Eugene Goodman| hero Capitol Police officer| escorts Kamala Harris, 0
https://www.usatoday.com/https://www.usatoday.com/videos/entertainment/celebrities/2021/01/20/melania-trump-gives-farewell-speech-her-last-morning-first-lady/4229394001/, Melania Trump gives farewell speech on her last morning as first lady, 0
https://www.usatoday.com/https://www.usatoday.com/story/sports/nfl/lions/2021/01/20/detroit-lions-dan-campbell-head-coach/4230265001/, Detroit Lions hire Dan Campbell as head coach. Here's what he faces, 0
https://www.usatoday.com/https://www.usatoday.com/story/sports/nfl/2021/01/20/deion-sanders-helped-secure-lil-wayne-pardon-donald-trump/4230263001/, Deion Sanders helped secure pardon for Lil Wayne from Donald Trump, 0
https://www.usatoday.com/https://www.usatoday.com/videos/money/2021/01/20/how-stick-your-2021-money-goals/4228229001/, How to stick to your 2021 money goals, 0
https://www.usatoday.com/https://www.usatoday.com/story/news/politics/2021/01/20/inauguration-vice-president-kamala-harris-first-female-person-color-sworn-in/4217882001/, Vice President Kamala Harris sworn in| becomes first woman of color in role, 0
https://www.usatoday.com/https://www.usatoday.com/story/nletter/health/2021/01/20/coronavirus-watch-presidential-inauguration-like-no-other/4228920001/, Coronavirus Watch: A presidential inauguration like no other, 0
https://www.usatoday.com/https://www.10best.com/interests/recipes/homemade-peppermint-patties-recipe/, Make these homemade peppermint patties this week, 0
https://www.usatoday.com/https://www.10best.com/interests/outdoor-adventures/best-parks-public-spaces-united-states-vote/, Where are the best parks and public spaces in the United States?, 0
https://www.usatoday.com/https://www.usatoday.com/videos/tech/2021/01/20/canon-lets-you-take-pictures-space-their-satellite/4230370001/, Canon lets you take pictures from space with their satellite, 0
https://www.usatoday.com/https://www.usatoday.com/story/sports/nfl/2021/01/20/detroit-lions-hire-new-orleans-saints-tight-ends-coach-dan-campbell-as-head-coach/115338670/, Detroit Lions hire New Orleans Saints tight ends coach Dan Campbell as head coach, 0
https://www.usatoday.com/https://www.usatoday.com/story/life/fashion/2021/01/20/inauguration-why-kamala-harris-jill-biden-wearing-purple/4229427001/, Inauguration: Why Kamala Harris| Jill Biden are wearing purple, 0
https://www.usatoday.com/https://www.usatoday.com/story/news/politics/2021/01/20/inauguration-day-black-women-celebrate-kamala-harris-opportunity/4229985001/, Inauguration Day: Black women celebrate Kamala Harris| 'opportunity', 0
https://www.usatoday.com/https://www.usatoday.com/story/tech/2021/01/20/biden-twitter-president-potus-account-transferred-from-trump/4168321001/, President Biden takes command of @POTUS Twitter account from Trump, 0
https://www.usatoday.com/https://www.usatoday.com/story/entertainment/music/2021/01/20/biden-inauguration-lady-gaga-stuns-national-anthem-performance/4215273001/, Lady Gaga inauguration national anthem performance stuns, 0
https://www.usatoday.com/https://www.usatoday.com/story/sports/2021/01/20/billy-walters-pardon-donald-trump/4230589001/, Billy Walters| famed sports bettor| gets pardon from Donald Trump, 0
https://www.usatoday.com/https://www.usatoday.com/story/opinion/2021/01/20/usa-today-contributors-bidens-first-100-days-column/4216744001/, What Joe Biden needs to do in first 100 days: USA TODAY contributors, 0
https://www.usatoday.com/https://www.usatoday.com/story/sports/nfl/colts/2021/01/20/colts-quarterback-2021-carson-wentz-matthew-stafford/4230320001/, Colts' 2021 quarterback? Eight possibilities as Philip Rivers retires, 0
https://www.usatoday.com/https://www.usatoday.com/videos/news/politics/2021/01/20/joe-biden-sworn-46th-president-united-states/4231205001/, Joe Biden sworn in as the 46th President of the United States, 0
https://www.usatoday.com/https://www.usatoday.com/videos/news/nation/2021/01/20/biden-sworn-46th-us-president/4231383001/, Biden sworn in as 46th US president, 0
https://www.usatoday.com/https://www.usatoday.com/videos/news/nation/2021/01/20/harris-sworn-1st-black-south-asian-woman-vp/4231388001/, Harris sworn in as 1st Black| South Asian woman VP, 0
https://www.usatoday.com/https://www.usatoday.com/videos/news/politics/2021/01/20/joe-biden-and-kamala-harris-arrive-capitol-before-inauguration/4231317001/, Joe Biden and Kamala Harris arrive at the Capitol before Inauguration, 0
https://www.usatoday.com/https://www.usatoday.com/story/money/shopping/2021/01/20/mypillow-backlash-jcpenney-kohls-drop-brand-mike-lindell/4206669001/, JCPenney| Kohl's| Bed Bath & Beyond drop MyPillow| Macy's not selling, 0
https://www.usatoday.com/https://www.usatoday.com/sitemap/2021/january/20/, 1, 0
https://www.usatoday.com/https://www.usatoday.com/sitemap/2021/january/20/?page=2, 2, 0
