https://www.usatoday.com/https://www.usatoday.com/story/sports/ncaaf/2021/01/20/badgers-kolodziej-goes-from-strength-coach-to-d-line-coach/115339830/, Badgers' Kolodziej goes from strength coach to d-line coach, 0
https://www.usatoday.com/https://www.usatoday.com/story/sports/soccer/2021/01/20/matchday-liverpool-looks-for-goals-barca-eyes-cup-win/115339828/, MATCHDAY: Liverpool looks for goals; Barca eyes cup win, 0
https://www.usatoday.com/https://www.usatoday.com/story/sports/nfl/2021/01/20/bills-among-the-nfls-4-defenses-peaking-in-the-postseason/115339842/, Bills among the NFL's 4 defenses peaking in the postseason, 0
https://www.usatoday.com/https://www.usatoday.com/story/tech/reviewedcom/2021/01/20/sony-noise-canceling-headphones-get-sony-wh-ch-710-n-headphones-sale/4220542001/, Sony noise-canceling headphones: Get the Sony WH-CH710N headphones on sale, 0
https://www.usatoday.com/https://www.usatoday.com/story/news/nation/2021/01/20/florida-state-representative-proposes-renaming-us-27-donald-trump/4238678001/, Florida state representative proposes renaming US 27 for Donald Trump, 0
https://www.usatoday.com/https://www.usatoday.com/story/sports/nfl/2021/01/20/ap-source-new-lions-coach-campbell-getting-6-year-deal/115339354/, AP source: New Lions coach Campbell gets 6-year deal, 0
https://www.usatoday.com/https://www.usatoday.com/videos/news/nation/2021/01/21/jennifer-hudson-like-dream-enter-vr-world-baba-yaga/4239869001/, Jennifer Hudson: 'Like a dream' to enter VR world with 'Baba Yaga', 0
https://www.usatoday.com/https://www.usatoday.com/videos/entertainment/2021/01/21/jennifer-hudson-like-dream-enter-vr-world-baba-yaga/4239871001/, Jennifer Hudson: 'Like a dream' to enter VR world with 'Baba Yaga', 0
https://www.usatoday.com/https://www.usatoday.com/story/sports/nhl/2021/01/20/ovechkin-on-covid-list-caps-fined-100k-canes-games-off/115339910/, Ovechkin on COVID list| Caps fined $100K; Canes games off, 0
https://www.usatoday.com/https://www.usatoday.com/story/tech/2021/01/20/biden-trump-censorship-section-230-google-facebook-scrutiny/4238357001/, Biden and Big Tech: Facebook| Google| Twitter under tough scrutiny, 0
https://www.usatoday.com/https://www.usatoday.com/story/opinion/policing/2021/01/20/what-historic-georgia-senate-wins-say-defund-police-column/4228829001/, What historic Georgia Senate wins say about 'defund police' activism, 0
https://www.usatoday.com/https://www.usatoday.com/story/sports/nhl/2021/01/20/nhl-covid-19-updates-hurricanes-games-postponed-capitals-fined/4239537001/, NHL COVID-19 updates: Capitals fined; Alex Ovechkin apologizes, 0
https://www.usatoday.com/https://www.usatoday.com/story/news/politics/2021/01/20/president-joe-biden-oval-office-changes-cesar-chavez-bust/4238437001/, Biden Oval Office: Cesar Chavez bust| FDR painting are among changes, 0
https://www.usatoday.com/https://www.usatoday.com/videos/news/politics/2021/01/21/president-biden-signs-15-executive-orders-during-first-hours-office/4239911001/, President Biden signs 15 executive orders during first hours in office, 0
https://www.usatoday.com/https://www.usatoday.com/story/tech/reviewedcom/2021/01/20/takeya-cold-brew-coffee-maker-our-no-1-pick-less-than-20-amazon/4218312001/, Takeya cold brew coffee maker: Our No.1 pick is less than $20 at Amazon, 0
https://www.usatoday.com/https://www.usatoday.com/videos/news/politics/2021/01/21/vp-harris-very-weird-swearing-new-senators/4239964001/, VP Harris' 'very weird' swearing-in for new GA and CA senators, 0
https://www.usatoday.com/https://www.usatoday.com/story/sports/ncaab/2021/01/20/winthrop-sets-program-record-with-20th-straight-victory/115339934/, Winthrop sets program record with 20th straight victory, 0
https://www.usatoday.com/https://www.usatoday.com/story/sports/nba/2021/01/20/judge-sides-with-zion-williamson-against-ex-marketing-agent/115339936/, Judge sides with Zion Williamson against ex-marketing agent, 0
https://www.usatoday.com/https://www.usatoday.com/story/news/world/2021/01/20/greta-thunberg-trolls-donald-trump-twitter/4239615001/, Greta Thunberg trolls Donald Trump with a parting shot on Twitter, 0
https://www.usatoday.com/https://www.usatoday.com/videos/news/nation/2021/01/21/psaki-pledges-transparency-first-wh-briefing/4240142001/, Psaki pledges transparency in first WH briefing, 0
https://www.usatoday.com/https://www.usatoday.com/videos/news/nation/2021/01/21/hometown-residents-excited-harris-inauguration/4240184001/, Hometown residents 'excited' by Harris inauguration, 0
https://www.usatoday.com/https://www.usatoday.com/story/sports/nfl/2021/01/20/packers-realize-how-much-rodgers-has-at-stake-this-weekend/115339974/, Packers realize how much Rodgers has at stake this weekend, 0
https://www.usatoday.com/https://www.usatoday.com/story/sports/mlb/2021/01/20/ap-source-twins-bolster-rotation-with-8m-deal-for-happ/115339986/, AP source: Twins bolster rotation with $8M deal for Happ, 0
https://www.usatoday.com/https://www.usatoday.com/story/sports/ncaab/2021/01/20/hughes-carries-duquesne-over-rhode-island-71-69/115340016/, Hughes carries Duquesne over Rhode Island 71-69, 0
https://www.usatoday.com/https://www.usatoday.com/story/sports/ncaaf/2021/01/20/4-vols-announce-transfer-plans-2-days-after-pruitts-firing/115340022/, 4 Vols announce transfer plans 2 days after Pruitt's firing, 0
https://www.usatoday.com/https://www.usatoday.com/story/news/factcheck/2021/01/20/biden-inauguration-crowd-size-trump/4239439001/, Fact check: Biden's inauguration was restricted by COVID-19 pandemic, 0
https://www.usatoday.com/https://www.usatoday.com/story/sports/ncaab/2021/01/20/ga-tech-routs-no-20-clemson-83-65-3-players-score-20/115340028/, Ga Tech routs No. 20 Clemson 83-65; 3 players score 20, 0
https://www.usatoday.com/https://www.usatoday.com/story/sports/ncaaf/2021/01/20/harbaugh-adds-linguist-helow-to-michigans-defensive-staff/115340038/, Harbaugh adds Linguist| Helow to Michigan's defensive staff, 0
https://www.usatoday.com/https://www.usatoday.com/videos/news/nation/2021/01/21/biden-and-harris-visit-arlington-cemetery-post-inauguration/4238446001/, Biden and Harris visit Arlington Cemetery post inauguration, 0
https://www.usatoday.com/https://www.usatoday.com/story/sports/ncaaf/sec/2021/01/20/tennessee-players-enter-transfer-portal-jeremy-pruitt-fired/4240394001/, Tennessee players enter transfer portal after Jeremy Pruitt fired, 0
https://www.usatoday.com/https://www.usatoday.com/story/sports/ncaaf/2021/01/20/oklahoma-states-gundy-among-6-in-oklahoma-sports-hof-class/115340058/, Oklahoma State's Gundy among 6 in Oklahoma Sports HOF class, 0
https://www.usatoday.com/https://www.usatoday.com/story/sports/ncaaw/2021/01/20/ursin-has-20-points-no-9-baylor-beats-oklahoma-state-77-58/115340076/, Ursin has 20 points| No. 9 Baylor beats Oklahoma State 77-58, 0
https://www.usatoday.com/https://www.usatoday.com/story/news/nation/2021/01/20/californians-kamala-harris-alex-padilla-make-history/4237388001/, Californians Kamala Harris| Alex Padilla make history, 0
https://www.usatoday.com/https://www.usatoday.com/story/sports/ncaab/2021/01/20/watson-scores-29-to-lead-friars-past-no-11-creighton-74-70/115340084/, Watson scores 29 to lead Friars past No. 11 Creighton 74-70, 0
https://www.usatoday.com/https://golfweek.usatoday.com/2021/01/20/justin-thomas-speaks-abu-dhabi-losing-ralph-lauren-sponsorship/, Golfer addresses slur that cost him sponsorship, 0
https://www.usatoday.com/https://www.usatoday.com/story/sports/ncaab/2021/01/20/parham-scores-24-to-lead-vmi-past-furman-74-73/115340100/, Parham scores 24 to lead VMI past Furman 74-73, 0
https://www.usatoday.com/https://www.usatoday.com/story/sports/ncaab/2021/01/20/love-bacot-help-north-carolina-beat-wake-forest-80-73/115340108/, Love| Bacot help North Carolina beat Wake Forest 80-73, 0
https://www.usatoday.com/https://www.usatoday.com/story/sports/nba/2021/01/20/porzingis-big-night-leads-mavericks-past-pacers-124-112/115340168/, Porzingis' big night leads Mavericks past Pacers 124-112, 0
https://www.usatoday.com/https://www.usatoday.com/story/news/nation/2021/01/20/new-york-helicopter-crash-military-training-mission-national-guard/4240589001/, New York helicopter crash kills 3 on routine military training mission, 0
https://www.usatoday.com/https://www.usatoday.com/story/sports/ncaaf/sec/2021/01/20/vanderbilt-kicker-sarah-fuller-introduces-kamala-harris-biden-inauguration/4240767001/, Biden inauguration: Kicker Sarah Fuller introduces Kamala Harris, 0
https://www.usatoday.com/https://www.usatoday.com/story/sports/nhl/2021/01/20/draisaitl-breaks-3rd-period-tie-oilers-beat-maple-leafs-3-1/115340198/, Draisaitl breaks 3rd-period tie| Oilers beat Maple Leafs 3-1, 0
https://www.usatoday.com/https://www.usatoday.com/story/sports/college/2021/01/20/larry-scott-pac-12-commissioner-leaving-year-early/4234248001/, Larry Scott| Pac-12 commissioner| will leave year early, 0
https://www.usatoday.com/https://www.usatoday.com/story/sports/nba/2021/01/20/embiid-scores-42-leads-76ers-past-celtics-117-109/115340222/, Embiid scores 42| leads 76ers past Celtics 117-109, 0
https://www.usatoday.com/https://www.usatoday.com/story/sports/ncaab/2021/01/20/wahl-helps-no-10-wisconsin-beat-northwestern-68-52/115340226/, Wahl helps No. 10 Wisconsin beat Northwestern 68-52, 0
https://www.usatoday.com/https://www.usatoday.com/story/sports/nba/2021/01/20/irving-returns-but-new-look-nets-beaten-by-cavs-in-2-ots/115340262/, Irving returns| but new-look Nets beaten by Cavs in 2 OTs, 0
https://www.usatoday.com/https://www.usatoday.com/story/sports/tennis/2021/01/20/top-ranked-ash-barty-to-make-return-in-adelaide-exhibition/115340278/, Top-ranked Ash Barty to make return in Adelaide exhibition, 0
https://www.usatoday.com/https://www.usatoday.com/story/news/politics/elections/2021/01/20/biden-inauguration-traditions-trumps-didnt-do/4223098001/, Biden inauguration: All the traditional things the Trumps didn't do, 0
https://www.usatoday.com/https://www.usatoday.com/story/sports/ncaab/2021/01/20/okafor-carries-se-louisiana-past-mcneese-state-92-88/115340280/, Okafor carries SE Louisiana past McNeese State 92-88, 0
https://www.usatoday.com/https://www.usatoday.com/story/sports/ncaab/2021/01/20/stephen-f-austin-defeats-northwestern-state-86-74/115340286/, Stephen F. Austin defeats Northwestern State 86-74, 0
https://www.usatoday.com/https://www.usatoday.com/story/sports/ncaab/2021/01/20/sasser-scores-26-no-8-houston-defeats-tulsa-86-59/115340284/, Sasser scores 26| No. 8 Houston defeats Tulsa| 86-59, 0
https://www.usatoday.com/https://www.usatoday.com/story/sports/ncaab/2021/01/20/mangum-scores-16-to-carry-radford-over-campbell-67-61/115340292/, Mangum scores 16 to carry Radford over Campbell 67-61, 0
https://www.usatoday.com/https://www.usatoday.com/story/sports/nba/2021/01/20/nunn-leads-heat-past-raptors-111-102/115340294/, Nunn scores 28 to lead Heat past Raptors 111-102, 0
https://www.usatoday.com/https://www.usatoday.com/story/sports/nba/columnist/jeff-zillgitt/2021/01/20/kevin-durant-james-harden-kyrie-irving-nets-big-three-debut/4240217001/, Nets Big 3: Kevin Durant| James Harden| Kyrie Irving first impressions, 0
https://www.usatoday.com/https://www.usatoday.com/story/sports/ncaab/2021/01/20/krutwig-scores-15-loyola-of-chicago-routs-valparaiso-75-39/115340332/, Krutwig scores 15; Loyola of Chicago routs Valparaiso 75-39, 0
https://www.usatoday.com/https://www.usatoday.com/story/sports/ncaab/2021/01/20/friars-beat-no-11-creighton-ga-tech-tops-no-20-clemson/115340336/, Friars beat No. 11 Creighton; Ga. Tech tops No. 20 Clemson, 0
https://www.usatoday.com/https://www.usatoday.com/story/sports/nba/2021/01/20/young-has-38-collins-adds-31-as-hawks-beat-pistons-in-ot/115340344/, Young has 38| Collins adds 31 as Hawks beat Pistons in OT, 0
https://www.usatoday.com/https://www.usatoday.com/story/news/politics/2021/01/20/arizona-rep-andy-biggs-brothers-call-his-removal-office/4240802001/, Rep. Andy Biggs' brothers say he 'spread election fraud lies', 0
https://www.usatoday.com/https://www.usatoday.com/story/sports/ncaab/2021/01/20/greene-leads-george-mason-over-saint-josephs-87-85-in-2ot/115340378/, Greene leads George Mason over Saint Joseph's 87-85 in 2OT, 0
https://www.usatoday.com/https://www.usatoday.com/story/sports/nba/columnist/mark-medina/2021/01/20/joe-biden-gregg-popovich-steve-kerr-hope-president-can-unify-nation/4241000001/, Joe Biden: Gregg Popovich| Steve Kerr hope president can unify nation, 0
https://www.usatoday.com/https://www.usatoday.com/story/sports/nba/2021/01/20/cavaliers-sexton-spoil-nets-big-three-debut-durant-harden-irving/4240829001/, Collin Sexton catches fire to spoil Nets' first game with new Big 3, 0
https://www.usatoday.com/https://www.usatoday.com/story/sports/nba/2021/01/20/anthony-hits-buzzer-beating-3-magic-edge-timberwolves-97-96/115340404/, Anthony hits buzzer-beating 3| Magic stun Timberwolves 97-96, 0
https://www.usatoday.com/https://www.usatoday.com/videos/news/weather/2021/01/21/time-lapses-show-snow-squalls-quickly-engulfing-northeastern-towns/4241317001/, Time lapses show snow squalls quickly engulfing northeastern towns, 0
https://www.usatoday.com/https://www.usatoday.com/story/news/nation/2021/01/20/powerball-winning-numbers-mega-millions-lottery-jackpot/4237573001/, Powerball: Maryland ticket hits $730M jackpot in Wednesday's drawing, 0
https://www.usatoday.com/https://www.usatoday.com/story/news/2021/01/20/climate-point-biden-takes-office-ambitious-climate-plans-few-details/4207101001/, Climate Point: Biden takes office with ambitious climate plans| few details, 0
https://www.usatoday.com/https://www.usatoday.com/story/sports/ncaab/2021/01/20/gordon-lifts-nicholls-st-past-houston-baptist-92-83/115340472/, Gordon lifts Nicholls St. past Houston Baptist 92-83, 0
https://www.usatoday.com/https://www.usatoday.com/story/entertainment/tv/2021/01/20/celebrating-america-review-biden-inauguration-special-hit-right-notes/4214309001/, 'Celebrating America' review: Biden inauguration special hit right notes, 0
https://www.usatoday.com/https://www.usatoday.com/story/sports/ncaab/2021/01/20/california-baptist-beats-san-diego-christian-89-37/115340484/, California Baptist beats San Diego Christian 89-37, 0
https://www.usatoday.com/https://www.usatoday.com/story/sports/ncaab/2021/01/20/rosser-lifts-new-orleans-past-texas-am-cc-87-68/115340490/, Rosser lifts New Orleans past Texas A&M-CC 87-68, 0
https://www.usatoday.com/https://www.usatoday.com/story/entertainment/music/2021/01/20/inauguration-concert-katy-perry-john-legend-wow-performances/4240568001/, Inauguration concert: Katy Perry| Tim McGraw wow with performances, 0
https://www.usatoday.com/https://www.usatoday.com/story/sports/ncaab/2021/01/20/smith-scores-16-to-lift-chattanooga-past-samford-70-64/115340494/, Smith scores 16 to lift Chattanooga past Samford 70-64, 0
https://www.usatoday.com/https://www.usatoday.com/story/sports/ncaab/2021/01/20/arkansas-rallies-then-holds-on-to-beat-auburn-75-73/115340502/, Arkansas rallies| then holds on to beat Auburn 75-73, 0
https://www.usatoday.com/https://www.usatoday.com/story/sports/ncaab/2021/01/20/alston-jr-leads-boise-state-over-fresno-state-73-51/115340510/, Alston Jr. leads Boise State over Fresno State 73-51, 0
https://www.usatoday.com/https://www.usatoday.com/story/sports/ncaab/2021/01/20/lampley-carries-sam-houston-st-over-abilene-christian-64-57/115340522/, Lampley carries Sam Houston St. over Abilene Christian 64-57, 0
https://www.usatoday.com/https://www.usatoday.com/story/sports/nhl/2021/01/20/hertls-shootout-goal-lifts-sharks-past-blues-2-1/115340524/, Hertl's shootout goal lifts Sharks over Blues| 2-1, 0
https://www.usatoday.com/https://www.usatoday.com/story/money/2021/01/21/president-trump-inauguration-tv-hotels-golf-capitol-riots/4163570001/, Presidential Inauguration: Is Donald Trump brand beyond repair?, 0
https://www.usatoday.com/https://www.usatoday.com/story/life/health-wellness/2021/01/21/national-hugging-day-safe-feel-good-hug-alternatives-amid-covid-19/4226836001/, National Hugging Day: Safe| feel-good hug alternatives amid COVID-19, 0
https://www.usatoday.com/https://www.usatoday.com/story/money/2021/01/21/covid-19-workplace-absences-surge-2020-due-illness-fears/6585474002/, COVID-19: Workplace absences surge in 2020 due to illness| fears, 0
https://www.usatoday.com/https://www.usatoday.com/videos/news/nation/2021/01/21/today-history-january-21st/4241837001/, Today in History for January 21st, 0
https://www.usatoday.com/https://www.usatoday.com/story/sports/ncaab/2021/01/20/washington-snaps-8-game-skid-topples-colorado-84-80/115340462/, Washington snaps 8-game skid| topples Colorado 84-80, 0
https://www.usatoday.com/https://www.usatoday.com/story/sports/nba/2021/01/21/ayton-has-season-high-26-points-suns-beat-rockets-109-103/115340550/, Ayton has season-high 26 points| Suns beat Rockets 109-103, 0
https://www.usatoday.com/https://www.usatoday.com/story/sports/nba/sixers/2021/01/21/sixers-joel-embiid-laughs-off-flailing-accusation-celtics-marcus-smart/115340364/, Joel Embiid laughs off Marcus Smart's flailing accusation: 'Come on', 0
https://www.usatoday.com/https://www.usatoday.com/story/sports/nhl/2021/01/21/eriksson-ek-helps-wild-cap-road-trip-with-3-2-win-over-ducks/115340576/, Eriksson Ek helps Wild cap road trip with 3-2 win over Ducks, 0
https://www.usatoday.com/https://www.usatoday.com/story/sports/nba/2021/01/21/curry-warriors-honor-vp-kamala-harris-in-win-over-spurs/115340590/, Curry| Warriors honor VP Kamala Harris in win over Spurs, 0
https://www.usatoday.com/https://www.usatoday.com/videos/news/nation/2021/01/21/biden-during-primetime-democracy-has-prevailed/4241992001/, Biden during primetime: 'democracy has prevailed', 0
https://www.usatoday.com/https://www.usatoday.com/story/sports/nhl/2021/01/21/shea-theodore-scores-twice-golden-knights-beat-coyotes-5-2/115340628/, Shea Theodore scores twice| Golden Knights beat Coyotes 5-2, 0
https://www.usatoday.com/https://www.usatoday.com/story/sports/nhl/2021/01/21/theodore-scores-2-goals-golden-knights-top-coyotes-5-2/115340646/, Theodore scores 2 goals| Golden Knights top Coyotes 5-2, 0
https://www.usatoday.com/https://www.usatoday.com/story/sports/nba/2021/01/21/clippers-beat-kings-115-96-for-season-high-5th-straight-win/115340734/, Clippers beat Kings 115-96 for season-high 5th straight win, 0
https://www.usatoday.com/https://www.usatoday.com/videos/news/nation/2021/01/21/vaccine-trial-recruits-nyc-communities-color/4242189001/, Vaccine trial recruits in NYC communities of color, 0
https://www.usatoday.com/https://www.usatoday.com/story/sports/nhl/2021/01/21/horvats-shootout-goal-sends-canucks-past-canadiens-6-5/115340656/, Horvat's shootout goal sends Canucks past Canadiens 6-5, 0
https://www.usatoday.com/https://www.usatoday.com/videos/news/nation/2021/01/21/biden-inauguration-see-biggest-viral-moments-day/4242022001/, Biden inauguration: See the biggest viral moments of the day, 0
https://www.usatoday.com/https://www.usatoday.com/story/sports/mlb/2021/01/21/mike-sadek-former-giants-catcher-dies-at-74-after-illness/115340748/, Mike Sadek| former Giants catcher| dies at 74 after illness, 0
https://www.usatoday.com/https://www.usatoday.com/videos/news/nation/2021/01/21/dancing-robot-scientists-had-bust-move/4242217001/, Dancing robot scientists had to bust a move, 0
https://www.usatoday.com/https://www.usatoday.com/story/sports/ftw/2021/01/21/nascar-daytona-500-derrike-cope-62-compete/115335770/, Daytona 500: Former winner Derrike Cope| 62| plans to compete, 0
https://www.usatoday.com/https://www.usatoday.com/videos/news/nation/2021/01/21/bidens-watch-fireworks-white-house-balcony/4242278001/, Bidens watch fireworks from White House balcony, 0
https://www.usatoday.com/https://www.usatoday.com/story/news/50-states/2021/01/21/vp-harris-sets-example-bow-wow-apologizes-vaccine-shortages-news-around-states/115340676/, 50 States, 0
https://www.usatoday.com/https://www.usatoday.com/story/sports/ncaab/2021/01/21/no-2-baylor-takes-unbeaten-record-to-oklahoma-state/115340696/, No. 2 Baylor takes unbeaten record to Oklahoma State, 0
https://www.usatoday.com/https://www.usatoday.com/story/sports/olympics/2021/01/21/former-ioc-vp-pound-says-fans-optional-for-tokyo-olympics/115340698/, Former IOC VP Pound says fans optional for Tokyo Olympics, 0
https://www.usatoday.com/https://www.usatoday.com/story/sports/nba/2021/01/21/cavs-sexton-outplays-irving-shreds-nets-in-double-ot/115340708/, Cavs' Sexton outplays Irving| shreds Nets in double OT, 0
https://www.usatoday.com/https://www.usatoday.com/story/sports/nfl/2021/01/21/super-bowl-play-ins-at-lambeau-rare-yet-rich-events-for-pack/115340710/, Super Bowl play-ins at Lambeau rare yet rich events for Pack, 0
https://www.usatoday.com/https://www.usatoday.com/story/sports/nfl/2021/01/21/explainer-a-look-at-the-data-behind-nfl-decision-making/115340712/, EXPLAINER: A look at the data behind NFL decision making, 0
https://www.usatoday.com/https://www.usatoday.com/videos/news/nation/2021/01/21/national-guard-members-die-ny-helicopter-crash/4242306001/, National Guard members die in NY helicopter crash, 0
https://www.usatoday.com/https://www.usatoday.com/story/opinion/2021/01/21/challenges-facing-biden-harris-new-administration-column/4228945001/, Biden and Harris face a mountain of threats that would vex anyone, 0
https://www.usatoday.com/https://www.usatoday.com/story/money/2021/01/21/covid-19-workers-coronavirus-ailments-struggle-resume-jobs/4212572001/, COVID-19: Workers with coronavirus ailments struggle to resume jobs, 0
https://www.usatoday.com/https://www.usatoday.com/story/news/2021/01/21/president-biden-white-house-fauci/4149463001/, President Joe Biden| Anthony Fauci at WHO: 5 things to know Thursday, 0
https://www.usatoday.com/https://www.usatoday.com/story/opinion/2021/01/21/trump-republicans-business-bet-nearly-destroyed-america-column/4197834001/, Corporations bet on Trump and Republicans and nearly destroyed America, 0
https://www.usatoday.com/https://www.usatoday.com/story/news/health/2021/01/21/covid-news-vaccine-shortages-us-response-joe-biden-california/4237433001/, COVID update: Biden pandemic executive orders; vaccine shortages, 0
https://www.usatoday.com/https://www.usatoday.com/story/tech/columnist/komando/2021/01/21/big-tech-alternatives-can-save-you-money-and-secure-your-privacy/4203488001/, Big Tech alternatives that can save you money and secure your privacy., 0
https://www.usatoday.com/https://www.usatoday.com/story/news/health/2021/01/21/alzheimers-patients-dying-during-covid-19-pandemic/4218661001/, Alzheimer's| dementia deaths increase during COVID-19 pandemic, 0
https://www.usatoday.com/https://www.usatoday.com/story/news/politics/2021/01/21/joe-biden-sign-executive-orders-and-directives-aimed-covid-19/4219616001/, Joe Biden signs executive orders and directives aimed at COVID-19, 0
https://www.usatoday.com/https://www.usatoday.com/story/travel/airline-news/2021/01/21/president-biden-issues-federal-mask-mandate-on-flights/4214019001/, Biden signs order requiring masks on planes: How it affects travelers, 0
https://www.usatoday.com/https://www.usatoday.com/story/opinion/2021/01/21/biden-hire-democracy-czar-launch-political-social-repairs-column/6596509002/, Biden must fix broken social and political systems to ensure US future, 0
https://www.usatoday.com/https://www.usatoday.com/videos/news/nation/2021/01/21/ap-top-stories-january-21/4242365001/, AP Top Stories January 21, 0
https://www.usatoday.com/https://www.usatoday.com/story/news/health/2021/01/21/covid-19-us-deaths-2020-coronavirus-pandemic/4215586001/, COVID-19: US excess deaths in 2020 show impact of coronavirus pandemic, 0
https://www.usatoday.com/https://www.usatoday.com/story/money/taxes/2021/01/21/inheritance-taxes-pay/43332483/, What taxes do you have to pay on an inheritance?, 0
https://www.usatoday.com/https://www.usatoday.com/story/opinion/2021/01/21/why-joe-bidens-mission-unify-america-can-succeed-column/4227430001/, Why Joe Biden's mission to unify America can succeed, 0
https://www.usatoday.com/https://www.usatoday.com/in-depth/sports/nba/2021/01/21/kobe-bryant-anniversary-legal-fallout-deadly-helicopter-crash/4189988001/, Kobe Bryant anniversary: Legal fallout of the deadly helicopter crash, 0
https://www.usatoday.com/https://www.usatoday.com/videos/news/nation/2021/01/21/protesters-and-police-clash-portland-oregon/4242421001/, Protesters and police clash in Portland| Oregon, 0
https://www.usatoday.com/https://www.usatoday.com/videos/news/nation/2021/01/21/day-21-january-2002/4242442001/, On This Day: 21 January 2002, 0
https://www.usatoday.com/https://www.usatoday.com/videos/entertainment/2021/01/21/day-21-january-2002/4242443001/, On This Day: 21 January 2002, 0
https://www.usatoday.com/https://www.usatoday.com/videos/sports/nba/2021/01/21/remembering-kobe-his-final-interview-his-death-and-his-legacy/4238634001/, Remembering Kobe: His final interview| his death and his legacy, 0
https://www.usatoday.com/https://www.usatoday.com/in-depth/sports/nba/lakers/2021/01/21/kobe-bryant-nba-legend-legacy-year-after-death/4179751001/, Kobe Bryant: How to understand NBA legend's legacy a year after death, 0
https://www.usatoday.com/https://www.usatoday.com/story/sports/soccer/2021/01/21/ap-interview-demanding-ibrahimovic-boosts-dalot-at-milan/115340832/, AP Interview: 'Demanding' Ibrahimovic boosts Dalot at Milan, 0
https://www.usatoday.com/https://www.usatoday.com/story/sports/nfl/buccaneers/2021/01/21/bruce-arians-tom-brady-aaron-rodgers-buccaneers-super-bowl-packers-nfl-playoffs/4239225001/, Bruce Arians| Bucs focus on Green Bay Packers| not Tampa Super Bowl, 0
https://www.usatoday.com/https://www.usatoday.com/story/sports/ftw/2021/01/21/collin-sexton-ruined-nets-big-3-debut/4242569001/, Collin Sexton ruined the Nets' Big 3 debut and it was delicious, 0
https://www.usatoday.com/https://www.usatoday.com/story/sports/soccer/2021/01/21/zidane-under-fire-as-real-madrid-loses-again/115340878/, Zidane under fire as Real Madrid loses again, 0
https://www.usatoday.com/https://www.usatoday.com/story/nletter/2021/01/21/president-biden-white-house-fauci/4242416001/, President Joe Biden| Anthony Fauci at WHO: Daily Briefing, 0
https://www.usatoday.com/https://www.usatoday.com/story/sports/mlb/2021/01/21/roger-clemens-baseball-hall-of-fame-case/4240937001/, Roger Clemens' Baseball Hall of Fame case tarnished by PED allegations, 0
https://www.usatoday.com/https://www.usatoday.com/videos/news/politics/2021/01/21/former-presidents-obama-bush-and-clinton-send-united-message-joe-biden/4242527001/, Former Presidents Obama| Bush| and Clinton send a united message to Joe Biden, 0
https://www.usatoday.com/https://www.usatoday.com/story/money/investing/2021/01/21/the-5-fastest-growing-buffett-stocks-in-2021/115331274/, From Mastercard to Amazon: The 5 fastest-growing Warren Buffett stocks, 0
https://www.usatoday.com/https://www.usatoday.com/story/entertainment/celebrities/2021/01/21/inauguration-day-inaugural-balls-gowns-nixed-jill-biden-smithsonian/4213485001/, Inauguration: Jill Biden Smithsonian donation won't be inaugural gown, 0
https://www.usatoday.com/https://www.usatoday.com/story/travel/columnist/cox/2021/01/21/ask-captain-can-plane-land-without-its-tail-wings/4213519001/, Ask the Captain: Can a plane land without its 'tail wings?', 0
https://www.usatoday.com/https://www.usatoday.com/story/sports/nfl/playoffs/2021/01/21/taron-johnsons-year-turned-around-buffalo-bills-loss-kansas-city-chiefs/4235371001/, Bills' Taron Johnson's year turned around in Buffalo loss to Chiefs, 0
https://www.usatoday.com/https://www.usatoday.com/story/opinion/voices/2021/01/21/tommy-raskin-suicide-depression-help-column/4236343001/, Tommy Raskin's suicide shows still how little we understand depression, 0
https://www.usatoday.com/https://www.usatoday.com/videos/news/politics/2021/01/21/first-white-house-press-briefing-focuses-sharing-truth/4242630001/, First White House press briefing focuses on sharing truth, 0
https://www.usatoday.com/https://www.usatoday.com/story/sports/soccer/2021/01/21/ac-milan-means-business-with-mario-manduki-signing/115340976/, AC Milan means business with Mario Mandžuki signing, 0
https://www.usatoday.com/https://www.usatoday.com/story/sports/nfl/playoffs/2021/01/21/nfc-championship-packers-look-change-what-didnt-work-vs-bucs-playoffs/4236086001/, NFC championship: Packers look to change what didn't work vs. Bucs, 0
https://www.usatoday.com/https://www.usatoday.com/story/tech/2021/01/21/amazon-letter-president-biden-offers-help-covid-vaccines/4242571001/, Amazon letter to President Biden offers help with COVID vaccines, 0
https://www.usatoday.com/https://www.usatoday.com/videos/news/nation/2021/01/21/showbiz-minute-inauguration-gorman-schwarzenegger/4242788001/, ShowBiz Minute: Inauguration| Gorman| Schwarzenegger, 0
https://www.usatoday.com/https://www.usatoday.com/videos/entertainment/2021/01/21/showbiz-minute-inauguration-gorman-schwarzenegger/4242789001/, ShowBiz Minute: Inauguration| Gorman| Schwarzenegger, 0
https://www.usatoday.com/https://www.usatoday.com/story/news/world/2021/01/21/suicide-bombings-rock-iraq-dozens-killed-baghdad-bab-al-sharqi/4242768001/, Suicide bombings rock Iraq| dozens killed in Baghdad Bab al-Sharqi, 0
https://www.usatoday.com/https://www.usatoday.com/story/life/health-wellness/2021/01/21/boost-immune-system-homemade-smoothie-bowls-dietitian-suggests/4215179001/, Boost immune system with homemade smoothie bowls| dietitian suggests, 0
https://www.usatoday.com/https://www.usatoday.com/story/news/health/2021/01/21/monoclonal-antibody-treatment-eli-lilly-found-reduce-covid-risk-bamlanivimab/4242415001/, Eli Lilly reports its monoclonal antibody treatment cuts COVID-19 risk, 0
https://www.usatoday.com/https://www.usatoday.com/story/sports/ncaaw/2021/01/21/geno-auriemma-pat-summitt-lady-vols-rivalry-uconn-coach/4234963001/, Geno Auriemma vs. Pat Summitt: Ex-Lady Vols on rivalry| Huskies coach, 0
https://www.usatoday.com/https://www.usatoday.com/story/sports/sports-betting/2021/01/21/nfc-championship-tampa-bay-buccaneers-at-green-bay-packers-odds-picks-and-prediction/115341230/, NFC Championship: Tampa Bay Buccaneers at Green Bay Packers odds| picks and prediction, 0
https://www.usatoday.com/https://www.usatoday.com/picture-gallery/news/politics/2021/01/21/oval-office-redecorated-president-joe-biden/4242728001/, Oval Office redecorated for President Joe Biden, 0
https://www.usatoday.com/https://www.usatoday.com/story/sports/soccer/2021/01/21/fifa-soccer-warning-super-league-world-cup-ban/4242859001/, FIFA warns clubs against Super League| will ban players from World Cup, 0
https://www.usatoday.com/https://www.usatoday.com/story/opinion/voices/2021/01/21/joe-biden-raised-conservative-hopes-united-america-column/4215349001/, President Joe Biden raised conservative hopes for a united America, 0
https://www.usatoday.com/https://www.usatoday.com/story/sports/sports-betting/2021/01/21/indiana-at-iowa-odds-picks-and-prediction/115341358/, Indiana at Iowa odds| picks and prediction, 0
https://www.usatoday.com/https://www.usatoday.com/story/money/2021/01/21/unemployment-us-jobless-claims-dip-900-k-layoffs-remain-high/4243012001/, Unemployment: US jobless claims dip to 900K as layoffs remain high, 0
https://www.usatoday.com/https://www.usatoday.com/videos/news/politics/2021/01/21/president-joe-biden-has-made-some-decor-changes-oval-office/4243067001/, President Joe Biden has made some decor changes to the Oval Office, 0
https://www.usatoday.com/https://www.usatoday.com/story/entertainment/movies/2021/01/21/netflix-the-white-tiger-our-friend-weekend-streaming-options/4224515001/, 'The White Tiger|' 'Our Friend': What to stream this weekend, 0
https://www.usatoday.com/https://www.usatoday.com/story/sports/nfl/seahawks/2021/01/21/seahawks-dk-metcalf-mississippi-native-talks-racism-emmett-till/4243074001/, Seahawks' DK Metcalf| Mississippi native| talks on racism| Emmett Till, 0
https://www.usatoday.com/https://www.usatoday.com/story/entertainment/music/2021/01/21/covid-19-forces-glastonbury-music-festival-cancel-second-year/4243127001/, COVID-19 forces Glastonbury music festival to cancel for a second year, 0
https://www.usatoday.com/https://www.usatoday.com/story/money/cars/2021/01/21/gda-car-recalls-20210121/115341594/, Car recalls for January 14-21, 0
https://www.usatoday.com/https://www.usatoday.com/story/nletter/2021/01/21/daily-money-1-21-21/4243099001/, The Daily Money 1-21-21, 0
https://www.usatoday.com/https://www.usatoday.com/story/sports/nfl/2021/01/21/jags-hire-ex-49ers-exec-baalke-as-gm-removing-interim-tag/115341694/, Jags hire ex-49ers exec Baalke as GM| removing interim tag, 0
https://www.usatoday.com/https://www.usatoday.com/story/sports/soccer/2021/01/21/veteran-huntelaar-and-teenager-hoppe-aim-to-revive-schalke/115343616/, Veteran Huntelaar and teenager Hoppe aim to revive Schalke, 0
https://www.usatoday.com/https://www.usatoday.com/videos/news/politics/2021/01/21/barack-obama-george-w-bush-wish-joe-biden-success-after-inauguration-day/4243440001/, Barack Obama| George W. Bush wish Joe Biden success after Inauguration Day, 0
https://www.usatoday.com/https://www.reviewed.com/smarthome/features/google-smart-speaker-guest-mode-privacy-feature?utm_source=usat&utm_medium=referral&utm_campaign=collab, Google's new Guest Mode for smart speakers is a privacy must, 0
https://www.usatoday.com/https://www.usatoday.com/story/travel/news/2021/01/21/biden-executive-order-ends-muslim-travel-ban-donald-trump/4240420001/, President Joe Biden ends Muslim travel ban from Donald Trump, 0
https://www.usatoday.com/https://www.usatoday.com/story/sports/soccer/2021/01/21/man-city-striker-sergio-aguero-tests-positive-for-virus/115341960/, Man City striker Sergio Aguero tests positive for virus, 0
https://www.usatoday.com/https://www.usatoday.com/story/sports/nba/2021/01/21/nba-notable-increases-ratings-national-tv-league-pass/4241604001/, NBA reports notable TV ratings increases from last season, 0
https://www.usatoday.com/https://www.usatoday.com/story/news/nation/2021/01/21/beau-biden-grave-viral-photo-why-delaware-reporter-took-picture/4243329001/, Beau Biden's grave gets visitor: Why a Delaware reporter took the pic, 0
https://www.usatoday.com/https://www.usatoday.com/picture-gallery/news/politics/2021/01/21/jen-psaki-bidens-white-house-press-secretary/4243676001/, Jen Psaki| Biden's White House press secretary, 0
https://www.usatoday.com/https://www.usatoday.com/videos/money/business/2021/01/21/pizza-hut-start-testing-drone-delivery-israel/4243295001/, Pizza Hut to start testing drone delivery in Israel, 0
https://www.usatoday.com/https://www.usatoday.com/videos/entertainment/tv/2021/01/21/walker-exclusive-clip-see-jared-padalecki-texas-ranger-job/4241095001/, 'Walker' exclusive clip: See Jared Padalecki's Texas Ranger on the job, 0
https://www.usatoday.com/https://www.usatoday.com/story/entertainment/tv/2021/01/21/walker-supernatural-star-jared-padalecki-ropes-new-starring-role/4222357001/, 'Walker': 'Supernatural' star Jared Padalecki ropes new starring role, 0
https://www.usatoday.com/https://www.usatoday.com/videos/tech/2021/01/21/amazon-offers-help-roll-out-covid-19-vaccines/4243723001/, Amazon offers to help roll out COVID-19 vaccines, 0
https://www.usatoday.com/https://www.usatoday.com/story/nletter/2021/01/21/america-kamala-harris-story-reflects-experience-millions/4243026001/, This is America: Kamala Harris' 'story reflects the experience of millions', 0
https://www.usatoday.com/https://www.usatoday.com/story/sports/soccer/2021/01/21/villas-boas-sounds-resigned-to-his-fate-as-marseilles-coach/115342244/, Villas-Boas sounds resigned to his fate as Marseille's coach, 0
https://www.usatoday.com/https://www.usatoday.com/videos/news/world/2021/01/21/perth-zoos-orangutan-gets-police-escort-his-trip-eye-doctor/4243786001/, Perth Zoo's orangutan gets police escort for his trip to eye doctor, 0
https://www.usatoday.com/https://www.usatoday.com/story/sports/golf/2021/01/21/mcilroy-starts-season-opener-in-abu-dhabi-with-8-under-64/115342278/, McIlroy starts season-opener in Abu Dhabi with 8-under 64, 0
https://www.usatoday.com/https://www.usatoday.com/videos/entertainment/entertainthis/2021/01/21/priyanka-chopra-white-tiger-getting-through-quarantine-nick-jonas-interview/4243525001/, Priyanka Chopra learned 'everything' about Nick Jonas in quarantine, 0
https://www.usatoday.com/https://www.usatoday.com/story/entertainment/movies/2021/01/21/priyanka-chopra-get-real-quarantine-with-nick-jonas-white-tiger/4216867001/, Priyanka Chopra on Nick Jonas| adapting 'The White Tiger' for Netflix, 0
https://www.usatoday.com/https://www.usatoday.com/story/news/nation/2021/01/21/teen-bonded-biden-stutter-jfk-speech-celebrating-america/4242662001/, JFK: Teen with stutter recites speech at Biden inauguration special, 0
https://www.usatoday.com/https://www.usatoday.com/story/life/2021/01/21/stolen-copy-leonardo-da-vincis-salvator-mundi-found-police/4244329001/, Stolen copy of Leonardo da Vinci’s ‘Salvator Mundi’ found by police, 0
https://www.usatoday.com/https://www.usatoday.com/videos/news/nation/2021/01/21/teen-whom-biden-befriended-recites-jfks-inaugural-address/4244353001/, Teen whom Biden befriended recites JFK's inaugural address, 0
https://www.usatoday.com/https://www.usatoday.com/story/news/nation/2021/01/21/why-called-the-paris-agreement-ted-cruz-mocked-tweet/4243443001/, Why is it called the Paris Agreement? Cruz| Boebert mocked for tweets, 0
https://www.usatoday.com/https://www.usatoday.com/story/news/politics/2021/01/21/live-politics-updates-biden-address-covid-response-fauci-debut/4243605001/, Live updates: McConnell wants Senate impeachment trial delayed, 0
https://www.usatoday.com/https://www.usatoday.com/story/tech/2021/01/21/apple-vr-headset-development-part-ar-plans-report/4242821001/, Apple VR headset in development as part of AR plans: report, 0
https://www.usatoday.com/https://www.usatoday.com/story/money/2021/01/21/bernie-sanders-inauguration-memes-mittens-coat-inaguration-2021/4244489001/, Bernie Sanders' mittens: Memes abound over Biden inauguration attire, 0
https://www.usatoday.com/https://www.usatoday.com/story/sports/nhl/2021/01/21/nhl-2021-debate-which-once-top-team-struggle-now/4196449001/, NHL 2021 debate: Which once-top team will tumble this year?, 0
https://www.usatoday.com/https://www.usatoday.com/story/travel/news/2021/01/21/sri-lanka-reopens-foreign-tourists-new-testing-requirements/4242955001/, Sri Lanka reopens to foreign tourists with new testing requirements, 0
https://www.usatoday.com/https://www.usatoday.com/videos/sports/nba/whatimhearing/2021/01/21/kyrie-irving-returns-brooklyn-nets-but-what-take-build-team-chemistry/4245469001/, Kyrie Irving returns to the Brooklyn Nets| but what will it take to build team chemistry?, 0
https://www.usatoday.com/https://www.usatoday.com/videos/news/politics/2021/01/21/who-jen-psaki-president-bidens-white-house-press-secretary/4245281001/, Who is Jen Psaki| President Biden's White House press secretary?, 0
https://www.usatoday.com/https://www.usatoday.com/story/sports/sports-betting/2021/01/21/winnipeg-jets-at-ottawa-senators-odds-picks-and-prediction/115342748/, Winnipeg Jets at Ottawa Senators odds| picks and prediction, 0
https://www.usatoday.com/https://www.10best.com/interests/explore/tasmania-spectacular-virtual-tour-photos/, Explore Tasmania through these spectacular photos, 0
https://www.usatoday.com/https://www.usatoday.com/picture-gallery/news/nation/2021/01/21/2021-presidential-inauguration-joe-biden-kamala-harris-americas-front-pages/4245567001/, The 2021 Presidential Inauguration: America's front pages, 0
https://www.usatoday.com/https://www.usatoday.com/story/sports/nba/2021/01/21/nba-pushes-back-3-more-grizzlies-games-due-to-virus-issues/115342882/, More NBA games called off as contact tracing probes continue, 0
https://www.usatoday.com/https://www.usatoday.com/story/sports/sports-betting/2021/01/21/new-jersey-devils-at-new-york-islanders-odds-picks-and-prediction/115342872/, New Jersey Devils at New York Islanders odds| picks and prediction, 0
https://www.usatoday.com/https://www.usatoday.com/story/entertainment/music/2021/01/21/lifestyle-jason-derulo-adam-levine-new-song/4233331001/, 'Lifestyle': Jason Derulo joined by Adam Levine on new single, 0
https://www.usatoday.com/https://www.usatoday.com/story/sports/soccer/2021/01/21/sepp-blatter-spent-a-week-in-an-induced-coma-daughter-says/115343010/, Sepp Blatter spent a week in an induced coma| daughter says, 0
https://www.usatoday.com/https://www.usatoday.com/story/entertainment/music/2021/01/21/dolly-parton-brother-country-singer-randy-parton-dies-67/6656601002/, Dolly Parton's brother Randy Parton dies of cancer at 67, 0
https://www.usatoday.com/https://www.usatoday.com/story/sports/tennis/2021/01/21/spanish-tennis-player-says-she-tested-positive-for-covid-19/115343102/, Spanish tennis player says she tested positive for COVID-19, 0
https://www.usatoday.com/https://www.usatoday.com/story/sports/sports-betting/2021/01/21/colorado-avalanche-at-los-angeles-kings-odds-picks-and-prediction/115343078/, Colorado Avalanche at Los Angeles Kings odds| picks and prediction, 0
https://www.usatoday.com/https://www.usatoday.com/story/news/nation/2021/01/21/mendon-new-york-helicopter-crash-national-guard-members-die/4245936001/, Mendon| New York| helicopter crash: 3 National Guard members die, 0
https://www.usatoday.com/https://www.usatoday.com/story/sports/nba/2021/01/21/memphis-grizzlies-next-three-games-postponed-due-covid-19-issues/6656675002/, NBA COVID-19 updates: Memphis Grizzlies' next three games postponed, 0
https://www.usatoday.com/https://www.usatoday.com/story/sports/soccer/2021/01/21/union-berlin-player-gets-2-game-ban-cleared-of-racism/115343232/, Union Berlin player gets 2-game ban| cleared of racism, 0
https://www.usatoday.com/https://www.usatoday.com/story/news/politics/2021/01/21/joe-biden-keep-christopher-wray-fbi-director/6656588002/, Joe Biden to keep Christopher Wray on as FBI director, 0
https://www.usatoday.com/https://www.usatoday.com/story/tech/2021/01/21/fbi-probe-into-parler-sought-head-house-oversight-committee/4245457001/, FBI probe into Parler sought by head of House Oversight Committee, 0
https://www.usatoday.com/https://www.usatoday.com/sitemap/2021/january/21/, 1, 0
https://www.usatoday.com/https://www.usatoday.com/sitemap/2021/january/21/?page=2, 2, 0
