https://www.usatoday.com/https://www.usatoday.com/story/sports/sports-betting/2021/01/22/ufc-257-antonio-carlos-junior-vs-brad-tavares-odds-picks-and-prediction/115351770/, UFC 257: Antonio Carlos Junior vs. Brad Tavares odds| picks and prediction, 0
https://www.usatoday.com/https://www.usatoday.com/story/sports/mlb/2021/01/22/former-big-leaguer-davey-johnson-hospitalized-with-covid/115351772/, Former big leaguer Davey Johnson hospitalized with COVID, 0
https://www.usatoday.com/https://www.usatoday.com/story/sports/mlb/2021/01/22/aaron-appreciation-remembering-the-greatness-of-the-hammer/115351778/, Aaron Appreciation: Remembering the greatness of the Hammer, 0
https://www.usatoday.com/https://www.usatoday.com/videos/news/nation/2021/01/23/today-history-january-23rd/6680949002/, Today in History for January 23rd, 0
https://www.usatoday.com/https://www.usatoday.com/videos/news/nation/2021/01/23/lieu-trump-incited-insurrection-support-declined/6680951002/, Lieu: Trump incited insurrection| support declined, 0
https://www.usatoday.com/https://www.usatoday.com/story/sports/golf/2021/01/22/danielle-kang-takes-lead-into-weekend-in-lpga-tour-opener/115352098/, Danielle Kang takes lead into weekend in LPGA Tour opener, 0
https://www.usatoday.com/https://www.usatoday.com/story/sports/nhl/jackets/2021/01/22/blue-jackets-pierre-luc-dubois-benched-john-tortorella/6680953002/, Blue Jackets' Pierre-Luc Dubois says he can be better after benching, 0
https://www.usatoday.com/https://www.usatoday.com/story/sports/golf/2021/01/22/sungjae-im-shoots-65-takes-lead-at-the-american-express/115351840/, Sungjae Im shoots 65| takes lead at The American Express, 0
https://www.usatoday.com/https://www.usatoday.com/story/tech/reviewedcom/2021/01/22/samsung-qled-tv-get-premium-feature-packed-television-less/6675596002/, Samsung QLED TV: Get this premium feature-packed television for less, 0
https://www.usatoday.com/https://www.usatoday.com/videos/news/nation/2021/01/23/states-ready-more-government-vaccine-supply/6681118002/, States ready for more from government vaccine supply, 0
https://www.usatoday.com/https://www.usatoday.com/story/sports/horseracing/2021/01/22/california-board-lets-stand-justifys-win-in-2018-race/115352504/, California board lets stand Justify's win in 2018 race, 0
https://www.usatoday.com/https://www.usatoday.com/story/sports/nfl/2021/01/22/chicago-bears-promote-sean-desai-to-defensive-coordinator/115351894/, Chicago Bears promote Sean Desai to defensive coordinator, 0
https://www.usatoday.com/https://www.usatoday.com/story/sports/mlb/2021/01/22/quintana-finalizes-8-million-1-year-contract-with-angels/115351898/, Quintana finalizes $8 million| 1-year contract with Angels, 0
https://www.usatoday.com/https://www.usatoday.com/story/sports/ncaab/2021/01/22/basile-scores-24-to-carry-wright-state-past-iupui-95-65/115351906/, Basile scores 24 to carry Wright State past IUPUI 95-65, 0
https://www.usatoday.com/https://www.usatoday.com/story/sports/ncaab/2021/01/22/nwandu-scores-18-to-carry-niagara-over-quinnipiac-59-56/115351942/, Nwandu scores 18 to carry Niagara over Quinnipiac 59-56, 0
https://www.usatoday.com/https://www.usatoday.com/story/sports/ncaab/2021/01/22/minor-lifts-merrimack-past-fairleigh-dickinson-76-71/115352530/, Minor lifts Merrimack past Fairleigh Dickinson 76-71, 0
https://www.usatoday.com/https://www.usatoday.com/story/sports/ncaab/2021/01/22/ansong-carries-green-bay-past-purdue-fort-wayne-77-59/115351952/, Ansong carries Green Bay past Purdue Fort Wayne 77-59, 0
https://www.usatoday.com/https://www.usatoday.com/story/sports/ncaaw/2021/01/22/mcdonald-scores-20-to-lead-arizona-over-utah/115351970/, McDonald scores 20 to lead Arizona over Utah, 0
https://www.usatoday.com/https://www.usatoday.com/story/sports/ncaab/2021/01/22/diggins-makes-putback-at-buzzer-uic-tops-youngstown-state/115352650/, Diggins makes putback at buzzer| UIC tops Youngstown State, 0
https://www.usatoday.com/https://www.usatoday.com/story/sports/ncaab/2021/01/22/jones-scores-30-to-lead-coastal-carolina-over-troy-90-81/115352022/, Jones scores 30 to lead Coastal Carolina over Troy 90-81, 0
https://www.usatoday.com/https://www.usatoday.com/story/sports/soccer/2021/01/22/concacaf-champions-league-draw-feb-10-one-leg-final-in-oct/115352584/, CONCACAF Champions League draw Feb 10; one leg final in Oct, 0
https://www.usatoday.com/https://www.usatoday.com/story/sports/ncaab/2021/01/22/forrest-leads-appalachian-state-over-georgia-state-80-71/115352026/, Forrest leads Appalachian State over Georgia State 80-71, 0
https://www.usatoday.com/https://www.usatoday.com/story/news/nation/2021/01/22/state-investigates-la-county-sheriffs-department/6679279002/, State investigates LA County Sheriff's Department, 0
https://www.usatoday.com/https://www.usatoday.com/story/sports/ncaab/2021/01/22/no-7-michigan-uses-strong-defense-to-rout-purdue-70-53/115352084/, No. 7 Michigan uses strong defense to rout Purdue 70-53, 0
https://www.usatoday.com/https://www.usatoday.com/story/sports/ncaab/2021/01/22/west-taylor-lift-marshall-past-fiu-79-66/115352088/, West| Taylor lift Marshall past FIU 79-66, 0
https://www.usatoday.com/https://www.usatoday.com/story/sports/ncaab/2021/01/22/small-carries-texas-st-past-louisiana-monroe-57-47/115352108/, Small carries Texas St. past Louisiana-Monroe 57-47, 0
https://www.usatoday.com/https://www.usatoday.com/story/sports/nba/2021/01/22/lavine-continues-strong-play-leads-bulls-past-hornets/115352120/, LaVine continues strong play| leads Bulls past Hornets, 0
https://www.usatoday.com/https://www.usatoday.com/story/sports/ncaab/2021/01/22/monyyong-carries-ualr-past-texas-arlington-66-59/43354641/, Monyyong carries UALR past Texas-Arlington 66-59, 0
https://www.usatoday.com/https://golfweek.usatoday.com/2021/01/22/phil-mickelson-pars-all-18-holes-missed-cut-the-american-express/, Mickelson pars all 18 holes| misses American Express cut, 0
https://www.usatoday.com/https://www.usatoday.com/story/sports/ncaab/2021/01/22/moore-triple-double-leads-oakland-over-detroit-86-81/115352724/, Moore triple-double leads Oakland over Detroit 86-81, 0
https://www.usatoday.com/https://www.usatoday.com/story/sports/nba/2021/01/22/rockets-withstand-final-review-in-103-102-win-over-pistons/115352726/, Rockets withstand final review in 103-102 win over Pistons, 0
https://www.usatoday.com/https://www.usatoday.com/story/sports/nhl/2021/01/22/penguins-rally-past-rangers-for-4-3-shootout-victory/115352160/, Penguins rally past Rangers for 4-3 shootout victory, 0
https://www.usatoday.com/https://www.usatoday.com/story/sports/nhl/2021/01/22/john-tavares-breaks-late-tie-maple-leafs-beat-oilers-4-2/115352184/, John Tavares breaks late tie| Maple Leafs beat Oilers 4-2, 0
https://www.usatoday.com/https://www.usatoday.com/story/sports/ncaab/2021/01/22/georgia-southern-beats-south-alabama-84-75-in-ot/115352198/, Georgia Southern beats South Alabama 84-75 in OT, 0
https://www.usatoday.com/https://golfweek.usatoday.com/2021/01/22/watch-mark-hubbard-invents-a-putting-stroke-youve-got-to-see-to-believe/, PGA golfer tries strange putting stroke you have to see to believe, 0
https://www.usatoday.com/https://www.usatoday.com/story/sports/ncaab/2021/01/22/uc-santa-barbara-beats-cs-northridge-105-58/115352214/, UC Santa Barbara beats CS Northridge 105-58, 0
https://www.usatoday.com/https://www.usatoday.com/story/sports/ncaab/2021/01/22/hadley-lifts-uc-san-diego-past-uc-davis-89-69/43354807/, Hadley lifts UC San Diego past UC Davis 89-69, 0
https://www.usatoday.com/https://www.usatoday.com/story/tech/reviewedcom/2021/01/22/humidifier-deals-shop-sales-best-selling-models-vicks-and-more/6674752002/, Humidifier deals: Shop sales on best-selling models from Vicks and more, 0
https://www.usatoday.com/https://www.usatoday.com/story/sports/ncaab/2021/01/22/russell-carries-louisiana-lafayette-over-arkansas-st-81-68/115352230/, Russell carries Louisiana-Lafayette over Arkansas St. 81-68, 0
https://www.usatoday.com/https://www.usatoday.com/story/sports/nba/2021/01/22/brogdons-3-pointer-lifts-pacers-past-magic-120-118-in-ot/115352234/, Brogdon's 3-pointer lifts Pacers past Magic 120-118 in OT, 0
https://www.usatoday.com/https://www.usatoday.com/story/sports/nhl/2021/01/22/letang-penguins-beat-rangers-4-3-in-shootout/115352236/, Pavelski| Stars pound Predators 7-0 in delayed opener, 0
https://www.usatoday.com/https://www.usatoday.com/story/sports/nba/2021/01/22/embiid-dominates-again-in-76ers-122-110-win-over-celtics/115352240/, Embiid dominates again in 76ers' 122-110 win over Celtics, 0
https://www.usatoday.com/https://www.usatoday.com/story/sports/nba/2021/01/22/sexton-scores-25-cavaliers-beat-durant-less-nets-125-113/115352246/, Sexton scores 25| Cavaliers beat Durant-less Nets 125-113, 0
https://www.usatoday.com/https://www.usatoday.com/story/sports/ncaaw/2021/01/22/prince-no-13-oregon-women-beat-washington-st-58-50/43354805/, Prince| No. 13 Oregon women beat Washington St. 58-50, 0
https://www.usatoday.com/https://www.usatoday.com/story/sports/ncaab/2021/01/22/hendricksen-lifts-north-florida-over-kennesaw-st-69-54/115352274/, Hendricksen lifts North Florida over Kennesaw St. 69-54, 0
https://www.usatoday.com/https://www.usatoday.com/story/sports/ncaab/2021/01/22/warrick-lifts-n-kentucky-over-robert-morris-81-76/115352624/, Warrick lifts N. Kentucky over Robert Morris 81-76, 0
https://www.usatoday.com/https://www.usatoday.com/story/sports/ncaaw/2021/01/22/mcdonald-lifts-arizona-to-win-over-utah/115352296/, McDonald lifts Arizona to win over Utah, 0
https://www.usatoday.com/https://www.usatoday.com/videos/news/2021/01/23/25-days-ventilator-42-days-hospital-year-after-first-covid-19-case-confirmed-their-county-couple-ren/6676784002/, COVID story of hope: Couple reunites after 42-day hospital stay, 0
https://www.usatoday.com/https://www.usatoday.com/story/sports/ncaab/2021/01/22/moore-leads-csu-bakersfield-over-uc-riverside-47-45/115352626/, Moore leads CSU Bakersfield over UC Riverside 47-45, 0
https://www.usatoday.com/https://www.usatoday.com/story/sports/ncaab/2021/01/22/welp-scores-15-to-lift-uc-irvine-over-cal-poly-68-49/43354699/, Welp scores 15 to lift UC Irvine over Cal Poly 68-49, 0
https://www.usatoday.com/https://www.usatoday.com/story/sports/ncaab/2021/01/22/kamateros-carries-south-dakota-past-w-illinois-65-60/115352316/, Kamateros carries South Dakota past W. Illinois 65-60, 0
https://www.usatoday.com/https://www.usatoday.com/story/sports/mlb/redsox/2021/01/22/red-sox-kike-hernandez-agree-two-year-deal/6683318002/, Red Sox| Kiké Hernandez agree to two-year deal| per report, 0
https://www.usatoday.com/https://www.usatoday.com/story/sports/nhl/2021/01/22/parise-gets-winner-for-wild-in-home-opener-over-sharks-4-1/115352322/, Parise gets winner for Wild in home opener over Sharks| 4-1, 0
https://www.usatoday.com/https://www.usatoday.com/story/sports/nhl/2021/01/22/kane-helps-blackhawks-beat-red-wings-4-1-for-1st-win/115352332/, Kane helps Blackhawks beat Red Wings 4-1 for 1st win, 0
https://www.usatoday.com/https://www.usatoday.com/story/sports/nhl/2021/01/22/short-handed-capitals-beat-sabres-4-3-in-so-in-home-opener/43354651/, Shorthanded Capitals beat Sabres 4-3 in home opener shootout, 0
https://www.usatoday.com/https://www.usatoday.com/story/sports/golf/2021/01/22/kelly-clarke-share-lead-in-mitsubishi-electric-championship/115352346/, Kelly| Clarke share lead in Mitsubishi Electric Championship, 0
https://www.usatoday.com/https://www.usatoday.com/story/sports/tennis/2021/01/22/andy-murray-withdraws-2021-australian-open/6683537002/, Andy Murray pulls out of Australian Open after positive COVID-19 test, 0
https://www.usatoday.com/https://www.usatoday.com/story/sports/ncaab/2021/01/22/foster-scores-15-to-lift-wyoming-past-nevada-71-64/43354721/, Foster scores 15 to lift Wyoming past Nevada 71-64, 0
https://www.usatoday.com/https://www.usatoday.com/story/entertainment/tv/2021/01/22/jeopardy-ends-rare-two-way-tie-forcing-winner-take-all-clue/6681271002/, 'Jeopardy!' ends in a rare two-way tie| forcing a winner-take-all clue, 0
https://www.usatoday.com/https://www.usatoday.com/story/sports/nba/2021/01/22/cavaliers-defeat-nets-second-time-three-days/6683612002/, Cavaliers take down Nets for second time in three days, 0
https://www.usatoday.com/https://www.usatoday.com/story/sports/ncaab/2021/01/22/pac-12-reprimands-arizona-states-bobby-hurley-for-comments/115352388/, Pac-12 reprimands Arizona State's Bobby Hurley for comments, 0
https://www.usatoday.com/https://www.usatoday.com/story/sports/ncaab/2021/01/22/freidel-carries-south-dakota-st-past-north-dakota-92-73/115352390/, Freidel carries South Dakota St. past North Dakota 92-73, 0
https://www.usatoday.com/https://www.usatoday.com/story/sports/nhl/2021/01/22/capitals-beat-sabres-shootout-covid-19-protocol/6683126002/, Capitals get shootout victory against Sabres, 0
https://www.usatoday.com/https://www.usatoday.com/story/sports/ncaab/2021/01/22/largie-lifts-florida-gulf-coast-over-lipscomb-79-69/115352394/, Largie lifts Florida Gulf Coast over Lipscomb 79-69, 0
https://www.usatoday.com/https://www.usatoday.com/story/sports/ncaab/2021/01/22/williams-leads-utep-past-louisiana-tech-82-74/115352396/, Williams leads UTEP past Louisiana Tech 82-74, 0
https://www.usatoday.com/https://www.usatoday.com/story/sports/ncaab/2021/01/22/schakel-carries-san-diego-st-past-air-force-98-61/115352398/, Schakel carries San Diego St. past Air Force 98-61, 0
https://www.usatoday.com/https://www.usatoday.com/story/sports/ncaab/2021/01/22/maddox-jr-lifts-csu-fullerton-over-hawaii-83-67/43354725/, Maddox Jr. lifts CSU Fullerton over Hawaii 83-67, 0
https://www.usatoday.com/https://www.usatoday.com/story/sports/nhl/2021/01/22/coyotes-hand-golden-knights-first-loss-of-the-season-5-2/115352400/, Coyotes hand Golden Knights first loss of the season| 5-2, 0
https://www.usatoday.com/https://www.usatoday.com/story/sports/nhl/2021/01/22/radulov-pavelski-2-goals-as-stars-beat-preds-7-0-in-opener/115352422/, Radulov| Pavelski 2 goals as Stars beat Preds 7-0 in opener, 0
https://www.usatoday.com/https://www.usatoday.com/story/sports/nba/2021/01/22/doncic-mavericks-fend-off-late-rally-to-beat-spurs-122-107/43354707/, Doncic| Mavericks fend off late rally to beat Spurs| 122-107, 0
https://www.usatoday.com/https://www.usatoday.com/story/sports/ncaab/2021/01/22/beaudion-leads-cleveland-st-past-milwaukee-64-53/115352510/, Beaudion leads Cleveland St. past Milwaukee 64-53, 0
https://www.usatoday.com/https://www.usatoday.com/story/sports/ncaab/2021/01/22/dixon-midtgaard-lift-grand-canyon-past-dixie-state-77-74/115352512/, Dixon| Midtgaard lift Grand Canyon past Dixie State 77-74, 0
https://www.usatoday.com/https://www.usatoday.com/story/sports/nhl/2021/01/23/stars-crush-predators-covid-delayed-season-opener/6684519002/, Stars crush Predators 7-0 in COVID-delayed season opener, 0
https://www.usatoday.com/https://www.usatoday.com/story/sports/nba/nets/2021/01/23/steve-nash-laments-subpar-defense-nets-not-defensive-roster/115352300/, Nets: Steve Nash laments subpar defense after another loss to Cavs, 0
https://www.usatoday.com/https://www.usatoday.com/story/sports/nba/2021/01/23/clippers-dominate-beat-thunder-120-106-for-6th-win-in-row/115352542/, Clippers dominate| beat Thunder 120-106 for 6th win in row, 0
https://www.usatoday.com/https://www.usatoday.com/story/tech/gaming/2021/01/23/xbox-live-gold-microsoft-backtracks-price-hike-after-backlash/6684637002/, Xbox Live Gold: Microsoft backtracks on a price hike after backlash, 0
https://www.usatoday.com/https://www.usatoday.com/story/sports/nba/2021/01/23/jokic-scores-31-nuggets-rally-to-beat-suns-130-126-in-ot/115352556/, Jokic scores 31| Nuggets rally to beat Suns 130-126 in OT, 0
https://www.usatoday.com/https://www.usatoday.com/story/sports/nhl/2021/01/23/landeskogs-ot-goal-propels-avalanche-to-3-2-win-over-ducks/115352572/, Landeskog's OT goal propels Avalanche to 3-2 win over Ducks, 0
https://www.usatoday.com/https://www.usatoday.com/story/tech/2021/01/23/facebook-outage-users-logged-out/6684643002/, Facebook logged out: Company says issue ‘fixed’ that logged some out, 0
https://www.usatoday.com/https://www.usatoday.com/story/sports/nba/sixers/2021/01/23/sixers-ben-simmons-fires-back-social-media-critics/6684872002/, 76ers' Ben Simmons fires back at critics: 'I don’t give a (expletive)', 0
https://www.usatoday.com/https://www.usatoday.com/story/sports/nba/2021/01/23/kings-overcome-late-cold-spell-to-beat-knicks-103-94/43354739/, Kings overcome late cold spell to beat Knicks 103-94, 0
https://www.usatoday.com/https://www.usatoday.com/story/sports/mlb/2021/01/23/character-concerns-go-beyond-peds-in-this-hall-of-fame-vote/115352640/, Character concerns go beyond PEDs in this Hall of Fame vote, 0
https://www.usatoday.com/https://www.usatoday.com/story/sports/nfl/2021/01/23/chiefs-mathieu-making-most-of-opportunity-in-kansas-city/115352892/, Chiefs' Mathieu making most of opportunity in Kansas City, 0
https://www.usatoday.com/https://www.usatoday.com/story/sports/nfl/2021/01/23/column-mahomes-cleared-for-big-game-what-could-go-wrong/43354723/, Column: Mahomes 'cleared' for big game. What could go wrong?, 0
https://www.usatoday.com/https://www.usatoday.com/story/news/politics/2021/01/23/moderate-lawmakers-looking-head-off-gridlock-over-biden-stimulus-plan/6674459002/, Moderate lawmakers looking to head-off gridlock over Biden stimulus plan, 0
https://www.usatoday.com/https://www.usatoday.com/in-depth/news/nation/2021/01/23/coronavirus-year-anniversary-woman-survives-ventilator-renews-vows/4229873001/, COVID-19 story of hope: Couple renew vows after 42-day hospital stay, 0
https://www.usatoday.com/https://www.usatoday.com/story/sports/golf/2021/01/23/hatton-leads-by-1-shot-cabrera-bello-surges-at-abu-dhabi/115353052/, McIlroy with 'stroke of luck' takes 1-shot lead at Abu Dhabi, 0
https://www.usatoday.com/https://www.usatoday.com/story/news/2021/01/23/nfl-championship-coronavirus-stimulus-plan-cindy-mccain-polar-night/4149810001/, NFL playoffs| COVID stimulus talks: 5 things to know this weekend, 0
https://www.usatoday.com/https://www.usatoday.com/story/news/nation/2021/01/23/family-separations-trump-biden-administration-immigration-rules/6672057002/, Biden plan to reunite families separated at border could be tricky, 0
https://www.usatoday.com/https://www.usatoday.com/story/opinion/2021/01/23/republicans-need-to-accept-trumps-loss-to-biden-move-forward-column/6666420002/, Republicans need to accept Trump's loss to Biden and move forward, 0
https://www.usatoday.com/https://www.usatoday.com/story/money/personalfinance/2021/01/23/adjustable-rate-mortgage-refinance/115341252/, Why it pays to get out of an adjustable-rate mortgage, 0
https://www.usatoday.com/https://www.usatoday.com/story/sports/sports-betting/2021/01/23/ufc-257-dan-hooker-vs-michael-chandler-odds-picks-and-prediction/115352662/, UFC 257: Dan Hooker vs. Michael Chandler odds| picks and prediction, 0
https://www.usatoday.com/https://www.usatoday.com/story/sports/soccer/2021/01/23/wolves-sign-striker-willian-jos-on-loan-from-real-sociedad/43354787/, Wolves sign striker Willian José on loan from Real Sociedad, 0
https://www.usatoday.com/https://www.usatoday.com/story/sports/sports-betting/2021/01/23/ufc-257-conor-mcgregor-vs-dustin-poirier-odds-picks-and-prediction/115352772/, McGregor vs. Poirier 2 updated odds| UFC 257 Fight Island picks and prediction, 0
https://www.usatoday.com/https://www.usatoday.com/story/tech/columnist/2021/01/23/free-iphone-android-free-puzzle-games/6659613002/, These iPhone| Android free puzzle games can help beat winter boredom, 0
https://www.usatoday.com/https://www.usatoday.com/story/opinion/2021/01/23/joe-biden-unity-wrong-theme-covid-spending-plan-example-column/6678233002/, Joe Biden won't pursue unity. And that's not even what we need, 0
https://www.usatoday.com/https://www.usatoday.com/story/money/investing/2021/01/23/robinhood-value-stocks/115340786/, Facebook| Wells Fargo| AT&T: Robinhood value stocks to consider, 0
https://www.usatoday.com/https://www.usatoday.com/story/entertainment/books/2021/01/23/new-books-cicely-tyson-memoir-just-as-i-am-joan-didion-let-me-tell-you-what-i-mean/6666526002/, 5 books not to miss: Cicely Tyson memoir| Joan Didion essay collection, 0
https://www.usatoday.com/https://www.usatoday.com/story/travel/hotels/2021/01/23/live-casino-hotel-philadelphia-opening-photos-what-to-expect/6669183002/, Live! Casino & Hotel Philadelphia opening: Photos and what to expect, 0
https://www.usatoday.com/https://www.usatoday.com/story/sports/columnist/dan-wolken/2021/01/23/college-conferences-pac-12-commissioner-role-changing/6678919002/, College conferences preparing for future| commissioner's role changing, 0
https://www.usatoday.com/https://www.usatoday.com/story/sports/nfl/jaguars/2021/01/23/jaguars-rookie-james-robinson-nfl-rookie-award/6669691002/, Undrafted James Robinson up for NFL rookie award after breakout season, 0
https://www.usatoday.com/https://www.usatoday.com/in-depth/sports/nba/2021/01/23/kobe-bryants-lower-merion-teammates-coped-losing-legend/4223090001/, Kobe Bryant's Lower Merion teammates coped with losing legend, 0
https://www.usatoday.com/https://www.usatoday.com/story/sports/nfl/columnist/bell/2021/01/23/nfl-playoffs-tom-brady-aaron-rogers-nfc-title-game/6685203002/, NFL playoffs: Aaron Rodgers' test to get to Super Bowl? Beat Tom Brady, 0
https://www.usatoday.com/https://www.usatoday.com/story/sports/mlb/2021/01/23/hank-aaron-former-teammate-tom-house/6685391002/, Hank Aaron: Ex-teammate Tom House remembers the Hall of Famer, 0
https://www.usatoday.com/https://www.usatoday.com/story/life/2021/01/23/montclair-state-nj-explores-fashion-hate-messages-after-capitol-riots/6673430002/, Fashion| hate symbols and extremism are connected| researchers find, 0
https://www.usatoday.com/https://www.usatoday.com/story/nletter/2021/01/23/your-weekend-long-reads-usa-today/6663502002/, Your weekend long reads from USA TODAY, 0
https://www.usatoday.com/https://www.usatoday.com/story/entertainment/celebrities/2021/01/23/larry-king-cnn-talk-show-legend-dies/331963002/, Larry King dies: CNN legend| 87| had been hospitalized with COVID-19, 0
https://www.usatoday.com/https://www.usatoday.com/videos/entertainment/celebrities/2021/01/23/larry-king-legendary-talk-show-host-dead-87/6439093002/, Larry King: Legendary talk show host dead at 87, 0
https://www.usatoday.com/https://www.usatoday.com/story/sports/sports-betting/2021/01/23/ohio-state-at-wisconsin-odds-picks-and-prediction/115352974/, Ohio State at Wisconsin odds| picks and prediction, 0
https://www.usatoday.com/https://www.usatoday.com/story/sports/soccer/2021/01/23/rafa-benitez-cites-family-leaves-chinese-club-dalian-pro/115352988/, Rafa Benitez cites family| leaves Chinese club Dalian Pro, 0
https://www.usatoday.com/https://www.usatoday.com/videos/news/nation/2021/01/23/russia-arrests-protesters-demanding-navalny-release/6685612002/, Russia arrests protesters demanding Navalny release, 0
https://www.usatoday.com/https://www.usatoday.com/story/news/health/2021/01/23/covid-cases-updates-larry-king-dies-after-being-hospitalized-covid-19/6674844002/, COVID cases| updates: Capitol Police| National Guard outbreaks, 0
https://www.usatoday.com/https://www.usatoday.com/story/sports/sports-betting/2021/01/23/west-virginia-at-kansas-state-odds-picks-and-prediction/115353038/, West Virginia at Kansas State odds| picks and prediction, 0
https://www.usatoday.com/https://www.usatoday.com/story/sports/cycling/2021/01/23/dutch-rider-tom-dumoulin-takes-break-from-cycling/43354849/, Dutch rider Tom Dumoulin takes break from cycling, 0
https://www.usatoday.com/https://www.usatoday.com/story/sports/soccer/2021/01/23/own-goal-eliminates-fa-cup-holder-arsenal-at-southampton/115353106/, FA Cup holder Arsenal eliminated| Man City survives scare, 0
https://www.usatoday.com/https://www.usatoday.com/story/news/factcheck/2021/01/23/fact-check-dominion-voting-systems-foreign-investment-claim-false/4038654001/, Fact check: Dominion Voting Systems foreign investment claim is false, 0
https://www.usatoday.com/https://www.usatoday.com/story/sports/sports-betting/2021/01/23/tampa-bay-lightning-at-columbus-blue-jackets-odds-picks-and-prediction/115353202/, Tampa Bay Lightning at Columbus Blue Jackets odds| picks and prediction, 0
https://www.usatoday.com/https://www.usatoday.com/story/sports/sports-betting/2021/01/23/philadelphia-flyers-at-boston-bruins-odds-picks-and-prediction/115353368/, Philadelphia Flyers at Boston Bruins odds| picks and prediction, 0
https://www.usatoday.com/https://www.usatoday.com/story/entertainment/celebrities/2021/01/23/larry-king-dies-87-meghan-mccain-andrew-cuomo-more-react/6685588002/, Larry King dies: Barbra Streisand| Oprah| Meghan McCain| more react, 0
https://www.usatoday.com/https://www.usatoday.com/story/news/education/2021/01/23/education-dept-suggests-termination-acics-reagan-national-university/6671390002/, Biden's Education Department looks to ditch accreditor of fake school, 0
https://www.usatoday.com/https://www.usatoday.com/story/sports/sports-betting/2021/01/23/new-orleans-pelicans-at-minnesota-timberwolves-odds-picks-and-prediction/115353300/, New Orleans Pelicans at Minnesota Timberwolves odds| picks and prediction, 0
https://www.usatoday.com/https://www.usatoday.com/story/news/politics/2021/01/23/michigan-official-ron-clous-asked-resign-flashing-rifle-zoom/6685792002/, Michigan official Ron Clous asked to resign for flashing rifle on Zoom, 0
https://www.usatoday.com/https://www.usatoday.com/story/sports/sports-betting/2021/01/23/los-angeles-lakers-at-chicago-bulls-odds-picks-and-prediction/115353358/, Los Angeles Lakers at Chicago Bulls odds| picks and prediction, 0
https://www.usatoday.com/https://www.usatoday.com/story/news/factcheck/2021/01/23/fact-check-nashville-christmas-day-bombing-dominion-voting-att/4059861001/, Fact check: Claims tying Nashville bomb to AT&T and Dominion are false, 0
https://www.usatoday.com/https://www.usatoday.com/story/sports/sports-betting/2021/01/23/ottawa-senators-at-winnipeg-jets-odds-picks-and-prediction/115353416/, Ottawa Senators at Winnipeg Jets odds| picks and prediction, 0
https://www.usatoday.com/https://www.usatoday.com/videos/news/2021/01/23/police-rescue-woman-and-her-dog-trapped-icy-waters/6685961002/, Police rescue woman and her dog trapped in icy waters, 0
https://www.usatoday.com/https://www.usatoday.com/story/news/politics/2021/01/23/rand-paul-push-15-minimum-wage-shows-biden-hates-black-teens/6685947002/, Rand Paul: Push for $15 minimum wage shows Biden hates Black teens, 0
https://www.usatoday.com/https://www.usatoday.com/story/life/health-wellness/2021/01/23/going-dentist-weirdest-thing-ive-done-2021/6676830002/, Going to the dentist is the weirdest thing I've done in 2021, 0
https://www.usatoday.com/https://www.usatoday.com/videos/news/nation/2021/01/23/yulia-navalnaya-and-hundreds-protesters-detained/6686058002/, Yulia Navalnaya and hundreds of protesters detained, 0
https://www.usatoday.com/https://www.usatoday.com/story/sports/soccer/2021/01/23/embattled-roma-gets-some-relief-with-4-3-win-over-spezia/115353576/, AC Milan loses 3-0 to Atalanta but leads at halfway mark, 0
https://www.usatoday.com/https://www.usatoday.com/story/news/politics/2021/01/23/rep-andy-biggs-attacks-left-media-over-capitol-riot-allegations/6686066002/, Rep. Andy Biggs attacks left| media over Capitol riot allegations, 0
https://www.usatoday.com/https://www.usatoday.com/story/sports/soccer/2021/01/23/mbappes-psg-future-uncertain-as-he-hesitates-over-new-deal/115353608/, Mbappe's PSG future uncertain as he hesitates over new deal, 0
https://www.usatoday.com/https://www.usatoday.com/story/sports/sports-betting/2021/01/23/nfc-championship-prop-bet-payday-5-tampa-bay-buccaneers-at-green-bay-packers-prop-predictions/115353628/, NFC Championship Prop Bet Payday: 5 Tampa Bay Buccaneers at Green Bay Packers prop predictions, 0
https://www.usatoday.com/https://www.usatoday.com/story/sports/nhl/2021/01/23/pierre-luc-dubois-traded-columbus-blue-jackets-winnipeg-jets/6686111002/, Pierre-Luc Dubois traded from Columbus Blue Jackets to Winnipeg Jets, 0
https://www.usatoday.com/https://www.usatoday.com/story/sports/soccer/2021/01/23/bayerns-bundesliga-rivals-leipzig-leverkusen-both-lose/115353644/, Bayern's Bundesliga rivals Leipzig| Leverkusen both lose, 0
https://www.usatoday.com/https://www.usatoday.com/story/sports/nba/2021/01/23/former-mavericks-guard-jj-barea-signs-for-team-in-spain/115353664/, Former Mavericks guard J.J. Barea signs for team in Spain, 0
https://www.usatoday.com/https://www.usatoday.com/story/sports/nhl/2021/01/23/blue-jackets-deal-unhappy-dubois-to-jets-for-laine-roslovic/43355043/, Blue Jackets deal unhappy Dubois to Jets for Laine| Roslovic, 0
https://www.usatoday.com/https://www.usatoday.com/story/money/2021/01/23/tour-bus-headed-grand-canyon-west-rolls-over-1-killed/6686355002/, Tour bus headed to Grand Canyon West rolls over; 1 killed, 0
https://www.usatoday.com/https://www.usatoday.com/story/news/politics/2021/01/23/trump-weighed-firing-acting-ag-rosen-pursue-vote-fraud-claims/6685894002/, Trump weighed firing of acting AG Rosen to pursue vote fraud claims, 0
https://www.usatoday.com/https://www.usatoday.com/story/news/nation/2021/01/23/columbus-ohio-man-charged-dc-capitol-riots-theft-coat-stand/6686221002/, Ohio man charged in Capitol riots accused of stealing coat stand, 0
https://www.usatoday.com/https://www.usatoday.com/story/news/health/2021/01/23/covid-medical-students-administer-vaccines-speeding-up-slow-rollout/4201799001/, COVID-19: Medical students administer vaccines| speeding up rollout, 0
https://www.usatoday.com/https://www.usatoday.com/story/sports/soccer/2021/01/23/en-nesyri-nets-hat-trick-as-sevilla-rises-to-3rd-in-spain/43355059/, Hazard shines for Madrid without Zidane; En-Nesyri hat trick, 0
https://www.usatoday.com/https://www.usatoday.com/story/nletter/health/2021/01/23/coronavirus-watch-17-us-has-been-infected-model-estimates/6686502002/, Coronavirus Watch: 17% of US has been infected| model estimates, 0
https://www.usatoday.com/https://www.usatoday.com/story/news/politics/2021/01/23/alex-jones-sandy-hook-parents-texas-supreme-court/6686517002/, Alex Jones can be sued by Sandy Hook parents| Texas Supreme Court says, 0
https://www.usatoday.com/https://www.usatoday.com/story/sports/nba/2021/01/23/shorthanded-wizards-sign-2-centers-set-to-resume-sunday/115353924/, Shorthanded Wizards sign 2 centers| set to resume Sunday, 0
https://www.usatoday.com/https://www.usatoday.com/story/sports/sports-betting/2021/01/23/philadelphia-76ers-at-detroit-pistons-odds-picks-and-prediction/115353994/, Philadelphia 76ers at Detroit Pistons odds| picks and prediction, 0
https://www.usatoday.com/https://www.usatoday.com/story/money/2021/01/23/yosemite-national-park-remains-closed-least-until-tuesday-after-wind-storm/6687026002/, Yosemite: National Park remains closed at least until Tuesday after wind storm, 0
https://www.usatoday.com/https://www.usatoday.com/story/sports/mlb/2021/01/23/astros-trade-lhp-prez-to-reds-for-minor-league-catcher/43355127/, Astros trade LHP Pérez to Reds for minor league catcher, 0
https://www.usatoday.com/https://www.usatoday.com/story/sports/nfl/columnist/nate-davis/2021/01/23/nfl-playoffs-2021-championship-games-bench-players-afc-nfc/6685059002/, NFL playoffs 2021: These 10 bench players could save the day Sunday, 0
https://www.usatoday.com/https://www.usatoday.com/story/sports/ncaab/2021/01/23/sasser-grimes-lead-no-8-houston-past-temple-68-51/115354028/, Sasser| Grimes lead No. 8 Houston past Temple 68-51, 0
https://www.usatoday.com/https://www.usatoday.com/videos/news/nation/2021/01/23/police-use-tear-gas-disperse-congress-rally/6687409002/, Police use tear gas to disperse Congress rally, 0
https://www.usatoday.com/https://www.usatoday.com/story/sports/ncaab/2021/01/23/syracuse-dominates-no-16-virginia-tech-in-78-60-win/43355135/, Syracuse dominates No. 16 Virginia Tech in 78-60 win, 0
https://www.usatoday.com/https://www.usatoday.com/story/sports/ncaab/2021/01/23/harmons-22-points-sends-oklahoma-past-no-9-kansas-75-68/43355157/, Harmon's 22 points sends Oklahoma past No. 9 Kansas 75-68, 0
https://www.usatoday.com/https://www.usatoday.com/story/sports/mlb/2021/01/23/aarons-death-prompts-call-to-change-name-braves-to-hammers/43355169/, Aaron's death prompts call to change name: Braves to Hammers, 0
https://www.usatoday.com/https://www.usatoday.com/story/sports/ncaab/2021/01/23/basile-scores-20-to-carry-wright-st-past-iupui-100-72/115354078/, Basile scores 20 to carry Wright St. past IUPUI 100-72, 0
https://www.usatoday.com/https://www.usatoday.com/story/news/world/2021/01/23/alexei-navalny-2-100-arrested-protests-over-putin-foes-detention/6687262002/, Alexei Navalny: 2|100 arrested in protests over Putin foe's detention, 0
https://www.usatoday.com/https://www.usatoday.com/story/entertainment/celebrities/2021/01/23/steve-harvey-approves-michael-b-jordan-but-could-change/6687041002/, Steve Harvey approves of Michael B. Jordan| but that could change, 0
https://www.usatoday.com/https://www.usatoday.com/story/sports/ncaaf/sec/2021/01/23/peyton-manning-tennessee-athletics-director-search-danny-white/6687350002/, How Peyton Manning helped in Tennessee athletics director search, 0
https://www.usatoday.com/https://www.usatoday.com/videos/news/nation/2021/01/23/larry-king-legendary-talk-show-host-remembered/6687666002/, Larry King| legendary talk show host| remembered, 0
https://www.usatoday.com/https://www.usatoday.com/story/sports/mlb/2021/01/23/austin-romine-cubs-finalize-15-million-1-year-contract/115354134/, Austin Romine| Cubs finalize $1.5 million| 1-year contract, 0
https://www.usatoday.com/https://www.usatoday.com/story/sports/ncaab/2021/01/23/allegri-carries-unc-greensboro-over-chattanooga-74-66/115354080/, Allegri carries UNC Greensboro over Chattanooga 74-66, 0
https://www.usatoday.com/https://www.usatoday.com/story/sports/ncaab/2021/01/23/mahoney-scores-20-leads-no-11-creighton-past-no-23-uconn/43355179/, Mahoney scores 20| leads No. 11 Creighton past No. 23 UConn, 0
https://www.usatoday.com/https://www.usatoday.com/story/sports/ncaab/2021/01/23/hot-shooting-auburn-wallops-south-carolina-109-86/115354090/, Hot-shooting Auburn wallops South Carolina 109-86, 0
https://www.usatoday.com/https://www.usatoday.com/story/sports/nfl/2021/01/23/falcons-smith-adds-veteran-gary-emanuel-3-more-assistants/115354092/, Falcons' Smith adds veteran Gary Emanuel| 3 more assistants, 0
https://www.usatoday.com/https://www.usatoday.com/story/sports/mlb/2021/01/23/springer-blue-jays-finalize-150m-6-year-contract/115354108/, Springer| Blue Jays finalize $150M| 6-year contract, 0
https://www.usatoday.com/https://www.usatoday.com/story/news/nation/2021/01/23/33-missing-children-found-southern-california-fbi-investigation/6686845002/, Operation 'Lost Angels': FBI finds 33 missing children in California, 0
https://www.usatoday.com/https://www.usatoday.com/story/sports/ncaab/big12/2021/01/23/oklahoma-upsets-kansas-college-basketball/6687783002/, College basketball: Oklahoma takes down No. 9 Kansas, 0
https://www.usatoday.com/https://www.usatoday.com/story/tech/reviewedcom/2021/01/23/all-clad-cookware-get-these-top-notch-pots-and-pans-nearly-half-off/6686133002/, All-Clad cookware: Get these top-notch pots and pans for nearly half off, 0
https://www.usatoday.com/https://www.usatoday.com/story/sports/ncaab/2021/01/23/jackson-scores-31-to-lift-toledo-past-kent-st-76-74/115354154/, Jackson scores 31 to lift Toledo past Kent St. 76-74, 0
https://www.usatoday.com/https://www.usatoday.com/story/sports/ncaab/2021/01/23/miller-lifts-george-mason-over-saint-josephs-71-62/115354158/, Miller lifts George Mason over Saint Joseph's 71-62, 0
https://www.usatoday.com/https://golfweek.usatoday.com/2021/01/23/pga-tour-needs-plan-life-without-tiger-bryson-dechambeau/, PGA Tour needs to plan for life without Tiger. Paging DeChambeau, 0
https://www.usatoday.com/https://www.usatoday.com/story/sports/ncaab/2021/01/23/sims-carries-unc-wilmington-over-delaware-77-70/43355203/, Sims carries UNC Wilmington over Delaware 77-70, 0
https://www.usatoday.com/https://www.usatoday.com/story/news/nation/2021/01/23/fbi-investigating-explosion-anti-gay-church-el-monte-california/6687914002/, FBI investigating explosion at anti-gay church in El Monte| California, 0
https://www.usatoday.com/https://www.usatoday.com/story/sports/ncaab/2021/01/23/clayton-scores-20-to-carry-coppin-st-over-norfolk-st-81-71/43355209/, Clayton scores 20 to carry Coppin St. over Norfolk St. 81-71, 0
https://www.usatoday.com/https://www.usatoday.com/story/money/2021/01/23/boutique-air-faa-investigating-wheel-fell-off-plane-landed-yard/6688369002/, Boutique Air: FAA investigating wheel that fell off plane| landed in yard, 0
https://www.usatoday.com/https://www.usatoday.com/story/sports/ncaaw/2021/01/23/nelson-ododa-leads-no-3-uconn-over-georgetown-72-41/43355211/, Nelson-Ododa leads No. 3 UConn over Georgetown 72-41, 0
https://www.usatoday.com/https://www.usatoday.com/story/tech/reviewedcom/2021/01/23/lodge-dutch-oven-top-rated-cookware-less-than-70-right-now/4213233001/, Lodge Dutch oven: This top-rated cookware is less than $70 right now, 0
https://www.usatoday.com/https://mmajunkie.usatoday.com/2021/01/conor-mcgregor-vs-dustin-poirier-ufc-257-no-phony-hype-needed, UFC 257: No phony hype needed for McGregor vs. Poirier, 0
https://www.usatoday.com/https://www.usatoday.com/videos/news/nation/2021/01/23/ap-top-stories-jan-23-5-p/6688645002/, AP Top Stories Jan. 23 5P, 0
https://www.usatoday.com/https://www.usatoday.com/story/sports/ncaab/2021/01/23/preston-triple-double-leads-ohio-past-ball-st-85-77/43355223/, Preston triple-double leads Ohio past Ball St. 85-77, 0
https://www.usatoday.com/https://www.usatoday.com/story/news/politics/2021/01/23/fbi-charges-capitol-rioter-threat-kill-alexandria-ocasio-cortez/6687691002/, FBI charges Capitol rioter for threat to kill Alexandria Ocasio-Cortez, 0
https://www.usatoday.com/https://www.usatoday.com/story/sports/ncaab/2021/01/23/davis-scores-21-to-lead-smu-over-ucf-78-65/43355225/, Davis scores 21 to lead SMU over UCF 78-65, 0
https://www.usatoday.com/https://www.usatoday.com/story/sports/ncaab/2021/01/23/cooks-scores-25-to-lead-njit-over-stony-brook-74-65/115354258/, Cooks scores 25 to lead NJIT over Stony Brook 74-65, 0
https://www.usatoday.com/https://www.usatoday.com/story/sports/nfl/2021/01/23/packers-elevate-cb-williams-to-active-roster-for-game-day/115354260/, Packers elevate CB Williams to active roster for game day, 0
https://www.usatoday.com/https://www.usatoday.com/story/sports/ncaab/2021/01/23/kante-lifts-hofstra-over-towson-71-58/43355227/, Kante lifts Hofstra over Towson 71-58, 0
https://www.usatoday.com/https://www.usatoday.com/story/sports/ncaab/2021/01/23/haase-leads-mercer-over-vmi-83-80/43355231/, Haase leads Mercer over VMI 83-80, 0
https://www.usatoday.com/https://www.usatoday.com/story/sports/ncaab/2021/01/23/maryland-gets-another-road-upset-63-49-vs-no-17-minnesota/43355235/, Maryland gets another road upset| 63-49 vs. No. 17 Minnesota, 0
https://www.usatoday.com/https://www.usatoday.com/story/sports/ncaab/2021/01/23/san-jose-st-tops-new-mexico-83-71/43355237/, San Jose St. tops New Mexico 83-71, 0
https://www.usatoday.com/https://www.usatoday.com/story/sports/ncaab/2021/01/23/butlers-22-lead-no-2-baylor-past-oklahoma-state-81-66/43355239/, Butler's 22 lead No. 2 Baylor past Oklahoma State 81-66, 0
https://www.usatoday.com/https://www.usatoday.com/story/sports/ncaab/2021/01/23/kinsey-carries-marshall-over-fiu-89-72/43355269/, Kinsey carries Marshall over FIU 89-72, 0
https://www.usatoday.com/https://www.usatoday.com/story/sports/ncaab/2021/01/23/sharpe-bacot-lead-tar-heels-over-north-carolina-state-86-76/43355273/, Sharpe| Bacot lead Tar Heels over North Carolina State 86-76, 0
https://www.usatoday.com/https://www.usatoday.com/story/entertainment/celebrities/2021/01/23/kristin-cavallari-jay-cutler-confuse-fans-after-sharing-cryptic-photo/6688226002/, Kristin Cavallari| Jay Cutler confuse fans after sharing cryptic photo, 0
https://www.usatoday.com/https://www.usatoday.com/story/sports/tennis/2021/01/23/media-margaret-court-set-to-receive-top-australian-award/115354346/, Media: Margaret Court set to receive top Australian award, 0
https://www.usatoday.com/https://www.usatoday.com/story/sports/nhl/2021/01/23/hours-after-dubois-trade-blue-jackets-beat-lightning-5-2/43355301/, Hours after Dubois trade| Blue Jackets beat Lightning 5-2, 0
https://www.usatoday.com/https://www.usatoday.com/story/sports/ncaab/2021/01/23/manns-career-high-24-helps-florida-top-georgia-92-84/43355321/, Mann's career-high 24 helps Florida top Georgia 92-84, 0
https://www.usatoday.com/https://www.usatoday.com/story/sports/ncaab/2021/01/23/esposito-leads-sacramento-st-past-montana-89-83-in-2ot/115354382/, Esposito leads Sacramento St. past Montana 89-83 in 2OT, 0
https://www.usatoday.com/https://www.usatoday.com/story/news/factcheck/2021/01/23/fact-check-post-fake-email-perpetuates-qanon-conspiracy-theory/6658462002/, Fact check: Post of fake email perpetuates QAnon conspiracy theory, 0
https://www.usatoday.com/https://www.usatoday.com/story/sports/tennis/2021/01/23/tennis-pro-yastremska-denied-in-bid-to-lift-suspension/43355335/, Tennis pro Yastremska denied in bid to lift suspension, 0
https://www.usatoday.com/https://www.usatoday.com/videos/news/nation/2021/01/23/michigan-mega-millions-ticket-wins-1-b-jackpot/6689228002/, Michigan Mega Millions ticket wins $1 billion jackpot, 0
https://www.usatoday.com/https://www.usatoday.com/story/sports/ncaab/2021/01/23/gillespie-moore-lead-no-3-villanova-past-providence-71-56/115354424/, Gillespie| Moore lead No. 3 Villanova past Providence 71-56, 0
https://www.usatoday.com/https://www.usatoday.com/sitemap/2021/january/23/, 1, 0
https://www.usatoday.com/https://www.usatoday.com/sitemap/2021/january/23/?page=2, 2, 0
