https://www.usatoday.com/https://www.usatoday.com/story/tech/reviewedcom/2021/01/23/amazon-sale-save-electric-fireplace-anker-soundcore-buds-and-more/6658908002/, Amazon sale: Save on an electric fireplace| Anker Soundcore buds and more, 0
https://www.usatoday.com/https://www.usatoday.com/story/sports/ncaab/2021/01/23/incarnate-word-defeats-texas-am-corpus-christi-72-53/43355413/, Incarnate Word defeats Texas A&M-Corpus Christi 72-53, 0
https://www.usatoday.com/https://www.usatoday.com/story/sports/ncaab/2021/01/23/defense-shines-as-morehead-st-routs-ut-martin-76-44/115354644/, Defense shines as Morehead St. routs UT Martin 76-44, 0
https://www.usatoday.com/https://www.usatoday.com/story/sports/soccer/2021/01/23/matchday-man-united-meets-old-rival-liverpool-in-fa-cup/115354648/, MATCHDAY: Man United meets old rival Liverpool in FA Cup, 0
https://www.usatoday.com/https://www.usatoday.com/story/sports/ncaab/2021/01/23/murphys-career-high-28-carry-wofford-over-western-carolina/115354652/, Murphy's career-high 28 carry Wofford over Western Carolina, 0
https://www.usatoday.com/https://www.usatoday.com/story/news/nation/2021/01/23/judge-kyle-rittenhouse-cant-associate-supremacists/6689628002/, Judge: Kyle Rittenhouse can't associate with supremacists, 0
https://www.usatoday.com/https://www.usatoday.com/story/sports/ncaab/2021/01/23/kohl-carries-abilene-christian-over-cent-arkansas-93-58/43355419/, Kohl carries Abilene Christian over Cent. Arkansas 93-58, 0
https://www.usatoday.com/https://www.usatoday.com/story/sports/nfl/2021/01/23/ap-source-lions-looking-into-trading-qb-matthew-stafford/115354654/, AP source: Lions looking into trading QB Matthew Stafford, 0
https://www.usatoday.com/https://www.usatoday.com/story/sports/ncaab/2021/01/23/small-leads-texas-st-over-louisiana-monroe-69-63/43355421/, Small leads Texas St. over Louisiana-Monroe 69-63, 0
https://www.usatoday.com/https://www.usatoday.com/story/sports/ncaab/acc/2021/01/23/louisville-beats-duke-college-basketball/6690024002/, College basketball: Louisville sends Duke to third straight loss, 0
https://www.usatoday.com/https://www.usatoday.com/story/sports/ncaab/2021/01/23/prairie-view-tops-mississippi-valley-st-77-31/43355423/, Prairie View tops Mississippi Valley St. 77-31, 0
https://www.usatoday.com/https://www.usatoday.com/story/sports/ncaab/2021/01/23/monsanto-lifts-e-tennessee-st-over-furman-71-62/115354660/, Monsanto lifts E. Tennessee St. over Furman 71-62, 0
https://www.usatoday.com/https://www.usatoday.com/story/sports/ncaab/2021/01/23/mccoy-scores-16-to-lift-boston-u-over-lafayette-81-76/43355427/, McCoy scores 16 to lift Boston U. over Lafayette 81-76, 0
https://www.usatoday.com/https://www.usatoday.com/story/sports/ncaab/2021/01/23/fourth-time-the-charm-for-detroit-mercy-defeats-oakland/115354672/, Fourth time the charm for Detroit Mercy| defeats Oakland, 0
https://www.usatoday.com/https://www.usatoday.com/story/sports/ncaab/2021/01/23/lovan-scores-32-to-carry-uab-past-rice-86-74/43355429/, Lovan scores 32 to carry UAB past Rice 86-74, 0
https://www.usatoday.com/https://www.usatoday.com/story/sports/ncaab/2021/01/23/bassey-carries-western-kentucky-past-middle-tennessee-82-67/115354682/, Bassey carries Western Kentucky past Middle Tennessee 82-67, 0
https://www.usatoday.com/https://www.usatoday.com/story/sports/golf/2021/01/23/homa-finau-kim-share-3rd-round-lead-at-american-express/43355435/, Homa| Finau| Kim share 3rd-round lead at American Express, 0
https://www.usatoday.com/https://www.usatoday.com/story/sports/ncaab/2021/01/23/jackson-scores-32-to-carry-akron-past-w-michigan-79-68/43355447/, Jackson scores 32 to carry Akron past W. Michigan 79-68, 0
https://www.usatoday.com/https://www.usatoday.com/story/sports/ncaab/bigten/2021/01/23/michigan-basketball-purdue-coronavirus-sasha-stefanovic/6690162002/, Why Michigan basketball played Purdue despite positive COVID-19 test, 0
https://www.usatoday.com/https://www.usatoday.com/story/sports/ncaab/2021/01/23/flowers-lifts-south-alabama-past-georgia-southern-62-48/115354698/, Flowers lifts South Alabama past Georgia Southern 62-48, 0
https://www.usatoday.com/https://www.usatoday.com/story/sports/mlb/2021/01/23/ap-source-red-sox-agree-to-deals-with-hernndez-richards/115354700/, AP source: Red Sox agree to deals with Hernández| Richards, 0
https://www.usatoday.com/https://www.usatoday.com/videos/news/have-you-seen/2021/01/24/friendly-seal-investigates-divers-headgear/6675403002/, This friendly seal investigates diver’s headgear, 0
https://www.usatoday.com/https://www.usatoday.com/story/tech/reviewedcom/2021/01/23/alcohol-delivery-find-out-how-get-booze-safely-delivered-home/6690391002/, Alcohol delivery: Find out how to get booze safely delivered at home, 0
https://www.usatoday.com/https://www.usatoday.com/story/sports/ncaab/2021/01/23/da-silvas-buzzer-beat-lifts-stanford-over-no-24-ucla/115354734/, Da Silva's buzzer-beat lifts Stanford over No. 24 UCLA, 0
https://www.usatoday.com/https://www.usatoday.com/story/sports/ncaab/2021/01/23/belmont-pours-in-record-114-points-to-beat-siu-edwardsville/115354732/, Belmont pours in record 114 points to beat SIU-Edwardsville, 0
https://www.usatoday.com/https://www.usatoday.com/story/sports/ncaab/2021/01/23/placer-carries-north-florida-over-kennesaw-st-68-65/115354776/, Placer carries North Florida over Kennesaw St. 68-65, 0
https://www.usatoday.com/https://www.usatoday.com/story/sports/ncaab/2021/01/23/no-18-alabama-wins-9th-straight-81-73-over-mississippi-st/43355455/, No. 18 Alabama wins 9th straight| 81-73 over Mississippi St, 0
https://www.usatoday.com/https://www.usatoday.com/story/sports/ncaab/2021/01/23/clay-scores-20-to-lead-valparaiso-over-illinois-st-69-60/115354810/, Clay scores 20 to lead Valparaiso over Illinois St. 69-60, 0
https://www.usatoday.com/https://www.usatoday.com/story/sports/ncaaw/2021/01/23/collier-leads-texas-over-no-24-iowa-state-women-70-59/115354806/, Collier leads Texas over No. 24 Iowa State women 70-59, 0
https://www.usatoday.com/https://www.usatoday.com/story/sports/ncaab/2021/01/23/bohannon-scores-23-to-lift-youngstown-st-over-uic-85-77/115354812/, Bohannon scores 23 to lift Youngstown St. over UIC 85-77, 0
https://www.usatoday.com/https://www.usatoday.com/story/sports/ncaab/2021/01/23/lyons-lifts-nicholls-st-past-new-orleans-86-62/43355477/, Lyons lifts Nicholls St. past New Orleans 86-62, 0
https://www.usatoday.com/https://www.usatoday.com/story/sports/ncaab/2021/01/23/crosby-scores-19-to-carry-alcorn-st-over-alabama-st-57-52/43355479/, Crosby scores 19 to carry Alcorn St. over Alabama St. 57-52, 0
https://www.usatoday.com/https://www.usatoday.com/story/sports/ncaab/2021/01/23/jarrett-carries-jackson-st-over-grambling-st-75-61/43355483/, Jarrett carries Jackson St. over Grambling St. 75-61, 0
https://www.usatoday.com/https://www.usatoday.com/story/sports/ncaab/2021/01/23/brooks-boston-help-kentucky-beat-lsu-82-69-end-3-game-skid/43355489/, Brooks| Boston help Kentucky beat LSU 82-69| end 3-game skid, 0
https://www.usatoday.com/https://www.usatoday.com/story/sports/ncaab/2021/01/23/rosario-leads-mcneese-st-over-houston-baptist-74-71/43355509/, Rosario leads McNeese St. over Houston Baptist 74-71, 0
https://www.usatoday.com/https://www.usatoday.com/story/sports/ncaab/2021/01/23/gordon-carries-louisiana-lafayette-past-arkansas-st-77-74/115354848/, Gordon carries Louisiana-Lafayette past Arkansas St. 77-74, 0
https://www.usatoday.com/https://www.usatoday.com/story/sports/ncaab/2021/01/23/lucas-lifts-milwaukee-past-cleveland-st-81-80-in-ot/43355757/, Lucas lifts Milwaukee past Cleveland St. 81-80 in OT, 0
https://www.usatoday.com/https://www.usatoday.com/story/sports/ncaab/2021/01/23/massner-lifts-northwestern-st-over-se-louisiana-73-68/115354868/, Massner lifts Northwestern St. over SE Louisiana 73-68, 0
https://www.usatoday.com/https://www.usatoday.com/story/sports/ncaab/2021/01/23/massoud-scores-31-with-8-3s-wake-forest-beats-pitt-76-75/43355511/, Massoud scores 31 with 8 3s| Wake Forest beats Pitt 76-75, 0
https://www.usatoday.com/https://www.usatoday.com/story/sports/ncaab/2021/01/23/pepper-scores-20-to-lead-uc-davis-over-uc-san-diego-78-71/115354872/, Pepper scores 20 to lead UC Davis over UC San Diego 78-71, 0
https://www.usatoday.com/https://www.usatoday.com/story/sports/ncaab/2021/01/23/chidom-perry-lift-uc-riverside-past-cs-bakersfield-70-63/43355539/, Chidom| Perry lift UC Riverside past CS Bakersfield 70-63, 0
https://www.usatoday.com/https://www.usatoday.com/story/sports/ncaab/2021/01/23/welp-scores-18-to-lift-uc-irvine-over-cal-poly-67-44/115354894/, Welp scores 18 to lift UC Irvine over Cal Poly 67-44, 0
https://www.usatoday.com/https://www.usatoday.com/story/sports/ncaab/2021/01/23/moore-scores-21-to-carry-depaul-over-marquette-68-61/115354892/, Moore scores 21 to carry DePaul over Marquette 68-61, 0
https://www.usatoday.com/https://www.usatoday.com/story/sports/ncaab/2021/01/23/james-leads-north-alabama-over-jacksonville-76-54/43355541/, James leads North Alabama over Jacksonville 76-54, 0
https://www.usatoday.com/https://www.usatoday.com/story/sports/nhl/2021/01/23/bergeron-marchand-score-2-apiece-bruins-beat-flyers-6-1/43355543/, Bergeron| Marchand score 2 apiece| Bruins beat Flyers 6-1, 0
https://www.usatoday.com/https://www.usatoday.com/story/sports/ncaab/2021/01/23/penn-state-pulls-away-late-beats-northwestern-81-78/43355547/, Penn State pulls away late| beats Northwestern 81-78, 0
https://www.usatoday.com/https://www.usatoday.com/story/sports/ncaaw/2021/01/23/no-9-baylor-women-win-again-at-home-84-61-over-oklahoma/43355571/, No. 9 Baylor women win again at home| 84-61 over Oklahoma, 0
https://www.usatoday.com/https://www.usatoday.com/story/sports/ncaaw/2021/01/23/no-3-uconn-routs-georgetown/43355585/, No. 3 UConn routs Georgetown, 0
https://www.usatoday.com/https://www.usatoday.com/story/sports/ncaab/2021/01/23/mclaughlin-leads-uc-santa-barbara-past-cs-northridge-80-66/115354910/, McLaughlin leads UC Santa Barbara past CS Northridge 80-66, 0
https://www.usatoday.com/https://www.usatoday.com/story/sports/ncaab/2021/01/23/hauser-clark-lift-no-13-virginia-past-georgia-tech-64-62/43355589/, Hauser| Clark lift No. 13 Virginia past Georgia Tech| 64-62, 0
https://www.usatoday.com/https://www.usatoday.com/story/sports/nhl/2021/01/23/perry-scores-in-debut-habs-improve-to-4-0-2-on-road-swing/43355607/, Perry scores in debut| Habs improve to 4-0-2 on road swing, 0
https://www.usatoday.com/https://www.usatoday.com/story/sports/golf/2021/01/23/clarke-wins-in-hawaii-for-2nd-straight-champions-title/115354936/, Clarke wins in Hawaii for 2nd straight Champions title, 0
https://www.usatoday.com/https://www.usatoday.com/story/sports/sports-betting/2021/01/23/detroit-red-wings-at-chicago-blackhawks-odds-picks-and-prediction/115354930/, Detroit Red Wings at Chicago Blackhawks odds| picks and prediction, 0
https://www.usatoday.com/https://www.usatoday.com/story/sports/ncaab/2021/01/23/hazen-leads-lipscomb-past-florida-gulf-coast-71-56/115354966/, Hazen leads Lipscomb past Florida Gulf Coast 71-56, 0
https://www.usatoday.com/https://www.usatoday.com/story/sports/nhl/2021/01/23/blue-jackets-thump-lightning-hours-after-trading-dubois/43355621/, Blue Jackets thump Lightning hours after trading Dubois, 0
https://www.usatoday.com/https://www.usatoday.com/story/sports/nfl/lions/2021/01/23/matthew-stafford-detroit-lions-mitch-albom-column/6691424002/, Matthew Stafford leaves Detroit seeking resurgence while Lions rebuild, 0
https://www.usatoday.com/https://www.usatoday.com/story/sports/college/2021/01/23/university-of-michigan-athletics-pause-covid-19-variant/6691595002/, Michigan pauses athletics due to cases of COVID-19 variant, 0
https://www.usatoday.com/https://www.usatoday.com/story/sports/ncaab/2021/01/23/colorado-rallies-from-18-down-beats-washington-state-70-59/43355625/, Colorado rallies from 18 down| beats Washington State 70-59, 0
https://www.usatoday.com/https://www.usatoday.com/story/sports/nba/2021/01/23/embiid-hits-late-free-throws-76ers-beat-pistons-114-110/115354990/, Embiid hits late free throws| 76ers beat Pistons 114-110, 0
https://www.usatoday.com/https://www.usatoday.com/story/sports/sports-betting/2021/01/23/buffalo-sabres-at-washington-capitals-odds-picks-and-prediction/115354986/, Buffalo Sabres at Washington Capitals odds| picks and prediction, 0
https://www.usatoday.com/https://www.usatoday.com/story/sports/nba/2021/01/23/balanced-attack-leads-timberwolves-past-pelicans-120-110/115355000/, Balanced attack leads Timberwolves past Pelicans 120-110, 0
https://www.usatoday.com/https://www.usatoday.com/story/sports/ncaab/2021/01/23/mobley-scores-career-high-25-usc-beats-cal-76-68/115355010/, Mobley scores career-high 25| USC beats Cal 76-68, 0
https://www.usatoday.com/https://www.usatoday.com/story/sports/ncaab/2021/01/23/kreuser-eady-carry-north-dakota-st-past-denver-84-58/115355012/, Kreuser| Eady carry North Dakota St. past Denver 84-58, 0
https://www.usatoday.com/https://www.usatoday.com/story/sports/nhl/2021/01/23/krug-perron-lead-blues-to-4-2-win-over-kings/43355647/, Krug| Perron lead Blues to 4-2 win over Kings, 0
https://www.usatoday.com/https://www.usatoday.com/story/sports/ncaab/2021/01/23/pinson-leads-no-19-missouri-to-73-64-win-at-no-6-tennessee/115355014/, Pinson leads No. 19 Missouri to 73-64 win at No. 6 Tennessee, 0
https://www.usatoday.com/https://www.usatoday.com/story/sports/ncaab/2021/01/23/michigan-athletic-department-on-pause-because-of-covid-19/43355661/, With COVID-19 variant positives| Michigan pauses athletics, 0
https://www.usatoday.com/https://www.usatoday.com/story/sports/ncaab/2021/01/23/madut-scores-14-to-lift-hawaii-past-csu-fullerton-76-53/43355669/, Madut scores 14 to lift Hawaii past CSU Fullerton 76-53, 0
https://www.usatoday.com/https://www.usatoday.com/story/sports/nba/2021/01/23/durant-irving-help-nets-hold-off-adebayo-heat-128-124/115355036/, Durant| Irving help Nets hold off Adebayo| Heat 128-124, 0
https://www.usatoday.com/https://www.usatoday.com/story/sports/ncaab/2021/01/23/wilson-leads-s-dakota-st-over-north-dakota-85-74/115355278/, Wilson leads S. Dakota St. over North Dakota 85-74, 0
https://www.usatoday.com/https://www.usatoday.com/story/sports/ncaab/2021/01/23/brown-lifts-murray-st-past-tennessee-tech-72-63/115355058/, Brown lifts Murray St. past Tennessee Tech 72-63, 0
https://www.usatoday.com/https://www.usatoday.com/story/sports/sports-betting/2021/01/23/new-york-islanders-at-new-jersey-devils-odds-picks-and-prediction/115355060/, New York Islanders at New Jersey Devils odds| picks and prediction, 0
https://www.usatoday.com/https://www.usatoday.com/story/sports/ncaab/2021/01/23/abmas-carries-oral-roberts-over-kansas-city-60-58/43355671/, Abmas carries Oral Roberts over Kansas City 60-58, 0
https://www.usatoday.com/https://www.usatoday.com/story/sports/ncaab/sec/2021/01/23/tennessee-vols-lose-again-missouri-tigers/6691737002/, Tennessee Volunteers fall to Missouri Tigers for second straight loss, 0
https://www.usatoday.com/https://www.usatoday.com/story/sports/nba/2021/01/23/gordon-cousins-help-rockets-cruise-past-mavericks-133-108/115355066/, Gordon| Cousins help Rockets cruise past Mavericks| 133-108, 0
https://www.usatoday.com/https://www.usatoday.com/story/sports/ncaab/2021/01/23/gak-carries-california-baptist-past-long-beach-st-96-75/115355092/, Gak carries California Baptist past Long Beach St. 96-75, 0
https://www.usatoday.com/https://www.usatoday.com/story/sports/sports-betting/2021/01/23/oklahoma-city-thunder-at-los-angeles-clippers-odds-picks-and-prediction/115355090/, Oklahoma City Thunder at Los Angeles Clippers odds| picks and prediction, 0
https://www.usatoday.com/https://www.usatoday.com/story/sports/nba/2021/01/23/jazz-rout-warriors-for-8th-straight-curry-now-2nd-in-3s/43355673/, Jazz rout Warriors for 8th straight; Curry now 2nd in 3s, 0
https://www.usatoday.com/https://www.usatoday.com/videos/life/humankind/2021/01/24/teen-hospital-performs-duets-nurses/6671994002/, Teen in hospital performs duets with nurses, 0
https://www.usatoday.com/https://www.usatoday.com/story/sports/nba/2021/01/24/jokic-murray-push-nuggets-to-120-112-win-over-suns-in-2-ots/115355124/, Jokic| Murray push Nuggets to 120-112 win over Suns in 2 OTs, 0
https://www.usatoday.com/https://www.usatoday.com/story/sports/ncaab/2021/01/24/timme-scores-22-leads-no-1-gonzaga-over-pacific-95-49/43355693/, Timme scores 22| leads No. 1 Gonzaga over Pacific 95-49, 0
https://www.usatoday.com/https://mmajunkie.usatoday.com/2021/01/ufc-257-results-michael-chandler-ko-dan-hooker-calls-out-khabib-mcgregor-poirier, Fighter puts division on notice after TKO win in UFC debut, 0
https://www.usatoday.com/https://www.usatoday.com/story/sports/ncaab/2021/01/24/defense-shines-as-byu-tops-pepperdine-65-54/43355707/, Defense shines as BYU tops Pepperdine 65-54, 0
https://www.usatoday.com/https://www.usatoday.com/story/sports/ncaab/2021/01/24/thompson-alatishe-help-oregon-state-beat-no-21-oregon/115355184/, Thompson| Alatishe help Oregon State beat No. 21 Oregon, 0
https://www.usatoday.com/https://mmajunkie.usatoday.com/2021/01/ufc-257-results-dustin-poirier-stuns-conor-mcgregor-second-round-finish, Dustin Poirier knocks out Conor McGregor at UFC 257, 0
https://www.usatoday.com/https://www.usatoday.com/story/sports/nba/2021/01/24/davis-scores-season-high-37-as-lakers-beat-bulls-101-90/115355280/, Davis scores season-high 37 as Lakers beat Bulls 101-90, 0
https://www.usatoday.com/https://www.usatoday.com/story/sports/nhl/2021/01/24/jets-score-4-in-third-period-beat-senators-6-3/43355753/, Jets score 4 in third period| beat Senators 6-3, 0
https://www.usatoday.com/https://www.usatoday.com/story/sports/nba/warriors/2021/01/23/stephen-curry-passes-reggie-miller-second-place-career-3-pointers/6691895002/, Steph Curry passes Reggie Miller for second place in career 3-pointers, 0
https://www.usatoday.com/https://www.usatoday.com/story/sports/ncaaf/2021/01/24/qb-transfer-hilinski-looks-to-make-impact-at-northwestern/43355775/, QB transfer Hilinski looks to make impact at Northwestern, 0
https://www.usatoday.com/https://www.usatoday.com/story/news/nation/2021/01/24/president-biden-groceries-online-snap-benefits/4235153001/, President Biden increased SNAP| but many can't buy groceries online, 0
https://www.usatoday.com/https://www.usatoday.com/story/news/health/2021/01/24/bidens-covid-testing-push-calls-more-supplies-and-rapid-tests/4215619001/, Biden's COVID-19 testing push calls for more supplies and rapid tests, 0
https://www.usatoday.com/https://www.usatoday.com/story/travel/2021/01/24/hawaii-covid-travel-lei-flower-shops-clawing-back-coronavirus/6619344002/, Hawaii COVID travel: Lei| flower shops clawing back from coronavirus, 0
https://www.usatoday.com/https://www.usatoday.com/story/news/politics/2021/01/24/trump-impeachment-heres-what-happens-next-senate-trial/6672582002/, Trump impeachment: Here's what happens next in the Senate trial, 0
https://www.usatoday.com/https://www.usatoday.com/story/sports/tennis/2021/01/24/wta-event-added-for-quarantining-players-in-melbourne/43355797/, WTA event added for quarantining players in Melbourne, 0
https://www.usatoday.com/https://www.usatoday.com/story/sports/soccer/2021/01/24/hertha-berlin-fires-coach-labbadia-general-manager/115355308/, Hertha Berlin fires coach Labbadia| general manager Preetz, 0
https://www.usatoday.com/https://www.usatoday.com/story/opinion/2021/01/24/my-prayer-joe-bidens-inauguration-america-pursue-truth-column/6668726002/, My prayer for Joe Biden's inauguration: America will pursue the truth, 0
https://www.usatoday.com/https://www.usatoday.com/story/money/investing/2021/01/24/3-dividend-stocks-that-pay-you-more-than-pepsico-does/115340942/, Coca-Cola| Kellogg| Campbell Soup: 3 dividend stocks to consider, 0
https://www.usatoday.com/https://www.usatoday.com/story/opinion/2021/01/24/white-voters-can-help-democrats-beat-diverse-republicans-column/6563679002/, White voters can help Democrats win as Republicans become more diverse, 0
https://www.usatoday.com/https://www.usatoday.com/story/money/business/2021/01/24/restaurant-covid-struggles-abound-can-industry-recovery-2021/6676708002/, Restaurant COVID struggles abound. Can industry recovery in 2021?, 0
https://www.usatoday.com/https://www.usatoday.com/story/money/2021/01/24/my-401-k-how-position-your-401-k-biden-administration/6688894002/, My 401k: How to position your 401(k) for the Biden administration, 0
https://www.usatoday.com/https://www.usatoday.com/story/money/investing/2021/01/24/how-much-dividend-income-warren-buffett/115340844/, How much does Warren Buffett make in dividends? More than $3B, 0
https://www.usatoday.com/https://www.usatoday.com/story/opinion/2021/01/24/joe-biden-democrats-no-surrender-mcconnell-republicans-column/6680754002/, Joe Biden and Democrats must not surrender to McConnell and Republicans, 0
https://www.usatoday.com/https://www.usatoday.com/story/entertainment/books/2021/01/24/review-new-essay-collection-affirms-joan-didion-mastery/6665250002/, Review: New essay collection affirms Joan Didion’s mastery, 0
https://www.usatoday.com/https://www.usatoday.com/in-depth/sports/nba/lakers/2021/01/24/kobe-bryant-surviving-members-helicopter-crash-coping-loss/4239960001/, Kobe Bryant: Families of helicopter crash victims coping with loss, 0
https://www.usatoday.com/https://www.usatoday.com/story/sports/nfl/playoffs/2021/01/24/tampa-bay-bucs-can-beat-green-bay-packers-nfc-championship/6689693002/, Buccaneers can beat the Packers if they frustrate Aaron Rodgers again, 0
https://www.usatoday.com/https://www.usatoday.com/story/opinion/2021/01/24/re-opening-schools-precautions-and-testing-column/6661567002/, Reopen schools with COVID testing| teacher vaccines: Shah & Weingarten, 0
https://www.usatoday.com/https://www.usatoday.com/story/sports/golf/2021/01/24/hatton-outplays-mcilroy-to-claim-abu-dhabi-championship/115355584/, Hatton outplays McIlroy to claim Abu Dhabi Championship, 0
https://www.usatoday.com/https://www.usatoday.com/story/sports/nfl/playoffs/2021/01/24/tom-brady-aaron-rodgers-patrick-mahomes-conference-championships-nfl-playoffs/4234228001/, Tom Brady| Aaron Rodgers| Patrick Mahomes in conference championships, 0
https://www.usatoday.com/https://www.usatoday.com/videos/news/nation/2021/01/24/spain-virus-surge-hits-mental-health-frontline-workers/6692495002/, Spain virus surge hits mental health of frontline workers, 0
https://www.usatoday.com/https://www.usatoday.com/story/sports/soccer/2021/01/24/mckennie-helps-juventus-beat-bologna-2-0-to-close-gap/115355636/, McKennie helps Juventus beat Bologna 2-0 to close gap, 0
https://www.usatoday.com/https://www.usatoday.com/videos/news/2021/01/24/fbi-33-missing-children-recovered-joint-la-based-operation/6692566002/, FBI: 33 missing children recovered in joint LA-based operation, 0
https://www.usatoday.com/https://www.usatoday.com/story/news/politics/elections/2021/01/24/scott-perry-trump-georgia-nyt-election/6692545002/, Calls for GOP Rep. Scott Perry to resign after NYT election report, 0
https://www.usatoday.com/https://www.usatoday.com/story/news/nation/2021/01/24/covid-19-updates-us-surpass-25-million-cases-nationally-ranked-basketball-teams-paused/6690229002/, COVID-19 updates: US surpasses 25 million cases; Michigan basketball, 0
https://www.usatoday.com/https://www.usatoday.com/story/news/politics/2021/01/24/live-politics-updates-trump-impeachment-joe-biden/6692511002/, Rand Paul refuses to say election wasn't stolen: Politics updates, 0
https://www.usatoday.com/https://www.usatoday.com/story/sports/sports-betting/2021/01/24/rutgers-at-indiana-odds-picks-and-prediction/115355720/, Rutgers at Indiana odds| picks and prediction, 0
https://www.usatoday.com/https://www.usatoday.com/story/news/politics/2021/01/24/arizona-gop-reelects-kelli-ward-censures-cindy-mccain-jeff-flake-doug-ducey/6692657002/, Ariz. GOP reelects Kelli Ward; censures Cindy McCain| Ducey and Flake, 0
https://www.usatoday.com/https://www.usatoday.com/story/sports/soccer/2021/01/24/abrahams-hattrick-sends-chelsea-through-in-fa-cup/115355776/, Man United compounds Liverpool's woes with victory in FA Cup, 0
https://www.usatoday.com/https://www.usatoday.com/story/sports/sports-betting/2021/01/24/toronto-raptors-at-indiana-pacers-odds-picks-and-prediction/115355768/, Toronto Raptors at Indiana Pacers odds| picks and prediction, 0
https://www.usatoday.com/https://mmajunkie.usatoday.com/2021/01/ufc-257-dana-white-doubts-khabib-nurmagomedov-return-dustin-poirier-conor-mcgregor-video, Dana White: Khabib return 'doesn’t sound very positive' after UFC 257, 0
https://www.usatoday.com/https://www.usatoday.com/story/entertainment/music/2021/01/24/jimmie-rodgers-dies-honeycomb-kisses-sweeter-than-wine-singer/6692484002/, Jimmie Rodgers dies: 'Honeycomb|' 'Secretly' singer was 87, 0
https://www.usatoday.com/https://www.usatoday.com/story/sports/nfl/playoffs/2021/01/24/buffalo-bills-kansas-city-chiefs-preview-prediction-afc-championship-game/6688846002/, AFC championship game: How Bills can beat Super Bowl champion Chiefs, 0
https://www.usatoday.com/https://www.usatoday.com/story/sports/nfl/playoffs/2021/01/24/bucs-packers-nfl-live-stream-playoff-score-updates-how-watch/6659892002/, Bucs at Packers: NFL live stream| playoff score updates| how to watch, 0
https://www.usatoday.com/https://www.usatoday.com/story/sports/sports-betting/2021/01/24/cleveland-cavaliers-at-boston-celtics-odds-picks-and-prediction/115355906/, Cleveland Cavaliers at Boston Celtics odds| picks and prediction, 0
https://www.usatoday.com/https://www.usatoday.com/videos/news/nation/2021/01/24/today-history-january-24th/6692900002/, Today in History for January 24th, 0
https://www.usatoday.com/https://www.usatoday.com/story/money/personalfinance/2021/01/24/financial-behavior-changes-pandemic-covid/6692965002/, These financial behaviors changed – some forever maybe – with COVID-19, 0
https://www.usatoday.com/https://www.usatoday.com/story/entertainment/celebrities/2021/01/24/jojo-siwa-youtube-tiktok-superstar-confirms-she-belongs-lgbtq-community/6677951002/, JoJo Siwa| YouTube superstar| comes out as part of LGBTQ community, 0
https://www.usatoday.com/https://www.usatoday.com/story/news/world/2021/01/24/china-miners-11-rescued-after-being-trapped-underground-2-weeks/6692994002/, China miners: 11 rescued after being trapped underground for 2 weeks, 0
https://www.usatoday.com/https://www.usatoday.com/videos/news/nation/2021/01/24/tributes-paid-broadcasting-legend-larry-king/6693052002/, Tributes paid to broadcasting 'legend|' Larry King, 0
https://www.usatoday.com/https://www.usatoday.com/videos/entertainment/2021/01/24/tributes-paid-broadcasting-legend-larry-king/6693054002/, Tributes paid to broadcasting 'legend|' Larry King, 0
https://www.usatoday.com/https://www.usatoday.com/story/sports/mlb/2021/01/24/hank-aaron-negro-leagues-indianapolis-clowns-bob-kendrick/6692571002/, Hank Aaron's Negro Leagues roots remembered by Bob Kendrick, 0
https://www.usatoday.com/https://www.usatoday.com/story/entertainment/tv/2021/01/24/actor-gregory-sierra-dies-barney-miller-sanford-and-son/6693008002/, Gregory Sierra dies: 'Barney Miller|' 'Sanford and Son' actor was 83, 0
https://www.usatoday.com/https://www.usatoday.com/story/sports/sports-betting/2021/01/24/washington-wizards-at-san-antonio-spurs-odds-picks-and-prediction/115356318/, Washington Wizards at San Antonio Spurs odds| picks and prediction, 0
https://www.usatoday.com/https://www.usatoday.com/story/travel/experience/national-parks/2021/01/24/florida-attraction-get-glass-bottom-boat-wheelchairs/6693078002/, Florida attraction to get glass-bottom boat for wheelchairs, 0
https://www.usatoday.com/https://www.usatoday.com/story/sports/nfl/super-bowl/2021/01/24/super-bowl-2021-tampa-bay-travel/6692995002/, Super Bowl 2021 teams have unique Tampa Bay travel plans, 0
https://www.usatoday.com/https://www.usatoday.com/story/sports/nba/2021/01/24/heat-planning-to-bring-back-some-fans-with-help-from-dogs/115356592/, Heat to use COVID-19-sniffing dogs to screen fans at games, 0
https://www.usatoday.com/https://www.usatoday.com/videos/news/have-you-seen/video/2021/01/24/baby-gorillas-carefree-fun-sun-day-what-we-all-dream/6693169002/, Baby gorilla's carefree fun in the sun day is what we all dream of, 0
https://www.usatoday.com/https://www.usatoday.com/story/sports/nfl/columnist/nate-davis/2021/01/24/matthew-stafford-trade-lions-eight-teams-colts-patriots/6692456002/, Matthew Stafford trade: Detroit Lions should call these eight teams, 0
https://www.usatoday.com/https://www.usatoday.com/story/sports/soccer/2021/01/24/bayern-beats-schalke-4-0-to-extend-bundesliga-lead/115356748/, Bayern beats Schalke 4-0 to extend Bundesliga lead, 0
https://www.usatoday.com/https://www.usatoday.com/story/sports/nfl/2021/01/24/85-year-old-fans-streak-of-packers-playoff-games-will-go-on/43356429/, 85-year-old fan's streak of Packers playoff games will go on, 0
https://www.usatoday.com/https://www.usatoday.com/videos/news/have-you-seen/2021/01/24/you-need-back-up-ny-cop-has-conversation-chatty-turkey/6693136002/, 'You need to back up': NY cop has conversation with chatty turkey, 0
https://www.usatoday.com/https://www.usatoday.com/videos/news/weather/2021/01/24/sun-rises-over-windy-cold-maine-beach/6693110002/, Sun rises over a windy| cold Maine beach, 0
https://www.usatoday.com/https://www.usatoday.com/videos/news/weather/2021/01/24/trash-can-takes-stroll-down-street-amid-high-winds-california/6693111002/, Trash can takes a stroll down the street amid high winds in California, 0
https://www.usatoday.com/https://www.usatoday.com/videos/news/weather/2021/01/24/blustery-snow-batters-new-york-beachgoers/6693007002/, Blustery snow batters New York beachgoers, 0
https://www.usatoday.com/https://www.usatoday.com/videos/news/weather/2021/01/24/california-dog-experiences-rain-first-time-his-life/6692483002/, California dog experiences rain for the first time in his life, 0
https://www.usatoday.com/https://www.usatoday.com/story/entertainment/movies/2021/01/24/blacklisted-hollywood-screenwriter-walter-bernstein-the-front-dies/6693163002/, Walter Bernstein dies: Blacklisted Hollywood screenwriter was 101, 0
https://www.usatoday.com/https://www.usatoday.com/videos/news/2021/01/24/golden-retriever-catches-flakes-snow-falls-london/6692365002/, Golden Retriever catches flakes as snow falls in London, 0
https://www.usatoday.com/https://www.usatoday.com/videos/news/have-you-seen/2021/01/24/kangaroos-cool-down-under-sprinkler-during-heatwave-australia/6692178002/, Kangaroos cool down under sprinkler during heatwave in Australia, 0
https://www.usatoday.com/https://www.usatoday.com/videos/news/weather/2021/01/24/storm-dumps-hail-southern-california/6691054002/, Storm dumps hail in Southern California, 0
https://www.usatoday.com/https://www.usatoday.com/videos/news/weather/2021/01/24/surprise-thunderstorm-hits-southern-california/6691086002/, 'Surprise thunderstorm' hits Southern California, 0
https://www.usatoday.com/https://www.usatoday.com/story/entertainment/movies/2021/01/24/godzilla-vs-kong-first-trailer-beloved-movie-monsters-face-off/6679199002/, 'Godzilla vs. Kong' first trailer: Beloved movie monsters face off, 0
https://www.usatoday.com/https://mmajunkie.usatoday.com/2021/01/conor-mcgregor-knocked-out-ufc-257-sorts-through-emotions, McGregor sorts through emotions of KO loss: 'It's hard to take', 0
https://www.usatoday.com/https://www.usatoday.com/videos/entertainment/movies/2021/01/24/giant-monsters-fight-supremacy-godzilla-vs-kong-trailer/6693434002/, 'Godzilla vs. Kong' trailer: Giant monsters fight for supremacy, 0
https://www.usatoday.com/https://www.usatoday.com/story/news/nation/2021/01/24/tacoma-police-officer-runs-over-person-cop-car-videos-show/6693409002/, Tacoma police officer runs over person with cop car| videos show, 0
https://www.usatoday.com/https://www.usatoday.com/story/news/nation/2021/01/24/33-missing-children-found-operation-lost-angels-what-we-know/6693223002/, 33 missing children found in 'Operation Lost Angels'; what we know, 0
https://www.usatoday.com/https://www.usatoday.com/story/sports/soccer/2021/01/24/de-jong-leads-barcelona-to-win-over-elche-in-spanish-league/43356453/, Atlético rallies again to widen its Spanish league lead, 0
https://www.usatoday.com/https://www.usatoday.com/story/sports/mlb/2021/01/24/yankees-trade-jameson-taillon-pirates/6693636002/, Yankees trade for Pirates pitcher Jameson Taillon; send four prospects, 0
https://www.usatoday.com/https://www.usatoday.com/story/sports/sports-betting/2021/01/24/new-york-rangers-at-pittsburgh-penguins-odds-picks-and-prediction/115356976/, New York Rangers at Pittsburgh Penguins odds| picks and prediction, 0
https://www.usatoday.com/https://www.usatoday.com/story/sports/sports-betting/2021/01/24/afc-championship-prop-bet-payday-5-buffalo-bills-at-kansas-city-chiefs-prop-predictions/115356990/, AFC Championship Prop Bet Payday: 5 Buffalo Bills at Kansas City Chiefs prop predictions, 0
https://www.usatoday.com/https://www.usatoday.com/story/sports/nfl/2021/01/24/eagles-hire-colts-oc-nick-sirianni-as-head-coach/115356998/, Eagles hire Colts OC Nick Sirianni as head coach, 0
https://www.usatoday.com/https://www.usatoday.com/story/sports/sports-betting/2021/01/24/colorado-avalanche-at-anaheim-ducks-odds-picks-and-prediction/115357002/, Colorado Avalanche at Anaheim Ducks odds| picks and prediction, 0
https://www.usatoday.com/https://www.usatoday.com/story/sports/mlb/2021/01/24/ap-source-yankees-reach-deal-with-get-taillon-from-pirates/43356477/, Yankees get Jameson Taillon from Pirates for 4 prospects, 0
https://www.usatoday.com/https://www.usatoday.com/story/nletter/health/2021/01/24/coronavirus-watch-virus-variant-b-1-1-7-forces-sports-shutdown-michigan/6693791002/, Coronavirus Watch: Virus variant B.1.1.7 forces sports shutdown in Michigan, 0
https://www.usatoday.com/https://www.usatoday.com/story/entertainment/music/2021/01/24/salt-n-pepa-biopic-lifetime-spinderella-wrongfully-excluded/6693191002/, Salt-N-Pepa biopic on Lifetime: Spinderella 'wrongfully excluded', 0
https://www.usatoday.com/https://www.usatoday.com/story/sports/soccer/2021/01/24/david-scores-as-lille-wins-1-0-to-stay-level-with-leader-psg/43356479/, David scores as Lille wins 1-0 to stay level with leader PSG, 0
https://www.usatoday.com/https://www.usatoday.com/story/sports/nfl/2021/01/24/bucs-safety-winfield-inactive-for-nfc-championship-game/43356489/, Bucs safety Winfield inactive for NFC championship game, 0
https://www.usatoday.com/https://www.usatoday.com/story/sports/soccer/2021/01/24/plane-crash-kills-4-soccer-players-club-president-in-brazil/43356495/, 4 soccer players killed in Brazil plane crash had COVID-19, 0
https://www.usatoday.com/https://www.usatoday.com/story/sports/ncaaw/2021/01/24/holmes-no-16-indiana-women-rally-past-no-21-northwestern/43356497/, Holmes| No. 16 Indiana women rally past No. 21 Northwestern, 0
https://www.usatoday.com/https://www.usatoday.com/story/money/2021/01/24/biden-executive-order-stimulus-payments/43356473/, Stimulus checks: Expedited for 8M due to Biden's executive order, 0
https://www.usatoday.com/https://www.usatoday.com/in-depth/sports/nba/2021/01/24/lakers-kobe-bryant-fans-church-helicopter-crash/6577673002/, Lakers| Kobe Bryant fans met at church hours after helicopter crash, 0
https://www.usatoday.com/https://www.usatoday.com/story/tech/reviewedcom/2021/01/24/valentines-day-2021-shop-secret-amazon-sale-save-him-and-her/6693435002/, Valentine's Day 2021: Shop this secret Amazon sale to save for him and her, 0
https://www.usatoday.com/https://www.usatoday.com/story/sports/nfl/playoffs/2021/01/24/bills-chiefs-nfl-live-stream-playoff-score-updates-how-watch/4239162001/, Bills at Chiefs: NFL live stream| playoff score updates| how to watch, 0
https://www.usatoday.com/https://www.usatoday.com/story/sports/nhl/2021/01/24/suter-scores-first-3-nhl-goals-as-blackhawks-beat-red-wings/115357224/, Suter scores first 3 NHL goals as Blackhawks beat Red Wings, 0
https://www.usatoday.com/https://www.usatoday.com/story/sports/ncaab/2021/01/24/grady-scores-22-to-carry-davidson-past-umass-69-60/115357256/, Grady scores 22 to carry Davidson past UMass 69-60, 0
https://www.usatoday.com/https://www.usatoday.com/story/sports/nfl/2021/01/24/greg-olsen-retires-nfl-fox/6694179002/, Greg Olsen retires after 14 NFL seasons| will join Fox as analyst, 0
https://www.usatoday.com/https://www.usatoday.com/story/sports/ncaaw/2021/01/24/bostons-finishes-strong-no-4-so-carolina-tops-lsu-69-65/43356541/, Boston finishes strong| No. 4 South Carolina tops LSU 69-65, 0
https://www.usatoday.com/https://www.usatoday.com/story/sports/ncaaw/2021/01/24/clemson-women-blow-big-lead-top-no-23-syracuse-86-77-in-ot/43356553/, Clemson women blow big lead| top No. 23 Syracuse 86-77 in OT, 0
https://www.usatoday.com/https://www.usatoday.com/story/sports/ncaab/2021/01/24/morse-with-30-james-madison-topples-northeastern-79-72/43356555/, Morse with 30| James Madison topples Northeastern 79-72, 0
https://www.usatoday.com/https://www.usatoday.com/picture-gallery/sports/nfl/2021/01/24/nfl-playoffs-nfc-afc-championship/6694805002/, NFL playoffs 2021: The best photos from NFC| AFC championship Sunday, 0
https://www.usatoday.com/https://www.usatoday.com/story/money/business/2021/01/24/amazon-union-vote-in-person-covid-19/6693642002/, Amazon requests unionizing vote to be held in person despite COVID-19, 0
https://www.usatoday.com/https://www.usatoday.com/story/sports/ncaaw/2021/01/24/no-1-louisville-stays-unbeaten-beats-wake-forest-65-63/115357418/, No. 1 Louisville stays unbeaten| beats Wake Forest 65-63, 0
https://www.usatoday.com/https://www.usatoday.com/story/sports/ncaab/2021/01/24/allen-scores-25-to-carry-delaware-over-unc-wilmington-67-62/43356557/, Allen scores 25 to carry Delaware over UNC Wilmington 67-62, 0
https://www.usatoday.com/https://www.usatoday.com/story/sports/nfl/2021/01/24/veteran-tight-end-greg-olsen-announces-retirement/43356559/, Veteran tight end Greg Olsen retires| becoming broadcaster, 0
https://www.usatoday.com/https://www.usatoday.com/story/sports/nba/2021/01/24/anunobys-hot-hand-helps-short-handed-raptors-beat-pacers/43356561/, Anunoby's hot hand helps short-handed Raptors beat Pacers, 0
https://www.usatoday.com/https://www.usatoday.com/story/sports/ncaab/2021/01/24/clayton-scores-22-to-carry-coppin-st-over-norfolk-st-81-77/115357456/, Clayton scores 22 to carry Coppin St. over Norfolk St. 81-77, 0
https://www.usatoday.com/https://www.usatoday.com/story/sports/ncaab/2021/01/24/williams-carries-gardner-webb-over-charleston-southern-74-62/115357458/, Williams carries Gardner-Webb over Charleston Southern 74-62, 0
https://www.usatoday.com/https://www.usatoday.com/videos/news/nation/2021/01/24/ap-top-stories-january-24-p/6695301002/, AP Top Stories January 24 P, 0
https://www.usatoday.com/https://www.usatoday.com/story/news/2021/01/24/larry-king-dies-87-us-hits-25-m-covid-cases-weekends-biggest-news/6685497002/, Larry King dies at 87| US hits 25M COVID cases: Weekend's biggest news, 0
https://www.usatoday.com/https://www.usatoday.com/story/entertainment/celebrities/2021/01/24/ted-cruz-seth-rogen-clash-twitter-paris-climate-accord-fantasia/6693755002/, Ted Cruz| Seth Rogen trade jabs about Paris Climate Accord| 'Fantasia', 0
https://www.usatoday.com/https://www.usatoday.com/story/sports/ncaab/2021/01/24/bassey-carries-western-kentucky-past-middle-tennessee-68-52/115357488/, Bassey carries Western Kentucky past Middle Tennessee 68-52, 0
https://www.usatoday.com/https://www.usatoday.com/story/entertainment/tv/2021/01/24/megyn-kelly-blames-media-hatred-trump-part-capitol-riot/6694670002/, Megyn Kelly blames media hatred of Trump in part for Capitol riot, 0
https://www.usatoday.com/https://www.usatoday.com/story/sports/nfl/2021/01/24/robert-saleh-coach-plan-for-jets/6695347002/, Why new coach Robert Saleh's plan should have Jets excited, 0
https://www.usatoday.com/https://www.usatoday.com/story/tech/reviewedcom/2021/01/24/eureka-vacuum-get-eureka-groove-robot-vacuum-just-over-100/6694474002/, Eureka vacuum: Get the Eureka Groove robot vacuum for just over $100, 0
https://www.usatoday.com/https://www.usatoday.com/videos/news/nation/2021/01/24/biden-attends-mass-dc-church-he-went-vp/6695570002/, Biden attends Mass at DC church he went to as VP, 0
https://www.usatoday.com/https://www.usatoday.com/story/sports/nfl/2021/01/24/packers-jones-bucs-whitehead-leave-nfc-championship-game/115357552/, Packers' Jones| Bucs' Whitehead leave NFC championship game, 0
https://www.usatoday.com/https://www.usatoday.com/videos/news/weather/2021/01/24/clouds-fill-snow-dusted-grand-canyon/6694028002/, Clouds fill snow-dusted Grand Canyon, 0
https://www.usatoday.com/https://www.usatoday.com/story/sports/ncaab/2021/01/24/wilson-scores-20-to-lift-lehigh-over-holy-cross-82-74/115357578/, Wilson scores 20 to lift Lehigh over Holy Cross 82-74, 0
https://www.usatoday.com/https://www.usatoday.com/story/sports/nfl/2021/01/24/chiefs-have-edwards-helaire-no-bell-watkins-vs-bills/43356593/, Chiefs have Edwards-Helaire| no Bell| Watkins vs Bills, 0
https://www.usatoday.com/https://www.usatoday.com/videos/news/nation/2021/01/24/cuomo-urges-black-church-members-get-vaccinated/6695821002/, Cuomo urges Black church members to get vaccinated, 0
https://www.usatoday.com/https://www.usatoday.com/story/sports/golf/2021/01/24/jessica-korda-rallies-to-beat-kang-in-playoff-at-lpga-opener/115357602/, Jessica Korda rallies to beat Kang in playoff at LPGA opener, 0
https://www.usatoday.com/https://www.usatoday.com/story/sports/ncaab/2021/01/24/flowers-leads-high-point-past-presbyterian-81-57/115357616/, Flowers leads High Point past Presbyterian 81-57, 0
https://www.usatoday.com/https://www.usatoday.com/story/entertainment/music/2021/01/24/adele-shocked-record-breaking-21-turns-10/6695164002/, Adele shocked as '21' album turns 10: 'Well I never!', 0
https://www.usatoday.com/https://www.usatoday.com/sitemap/2021/january/24/, 1, 0
https://www.usatoday.com/https://www.usatoday.com/sitemap/2021/january/24/?page=2, 2, 0
