https://www.usatoday.com/https://www.usatoday.com/story/sports/nfl/columnist/mike-jones/2021/01/24/tom-brady-bucs-six-super-bowl-rings-prove-himself/6693373002/, Tom Brady needed the Bucs just as much as they needed him, 0
https://www.usatoday.com/https://www.usatoday.com/story/sports/ncaab/2021/01/24/williams-scores-28-to-lift-wyoming-past-nevada-93-88/43356655/, Williams scores 28 to lift Wyoming past Nevada 93-88, 0
https://www.usatoday.com/https://www.usatoday.com/story/sports/soccer/2021/01/24/matchday-tottenham-plays-2nd-tier-wycombe-in-fa-cup/43356657/, MATCHDAY: Tottenham plays 2nd-tier Wycombe in FA Cup, 0
https://www.usatoday.com/https://www.usatoday.com/story/sports/ncaab/2021/01/24/krutwig-leads-loyola-of-chicago-over-bradley-69-56/43356661/, Krutwig leads Loyola of Chicago over Bradley 69-56, 0
https://www.usatoday.com/https://www.usatoday.com/videos/news/nation/2021/01/25/leatherback-turtle-released-off-florida-keys-coast/6696502002/, Leatherback turtle released off Florida Keys coast, 0
https://www.usatoday.com/https://www.usatoday.com/story/sports/nfl/playoffs/2021/01/24/packers-come-up-short-super-bowl-bid-loss-tom-brady-bucs/6696466002/, Packers come up short in Super Bowl bid with loss to Tom Brady| Bucs, 0
https://www.usatoday.com/https://www.usatoday.com/story/sports/golf/2021/01/24/kim-wins-at-pga-west-korda-takes-lpga-opener-in-playoff/115357860/, Kim wins at PGA West| Korda takes LPGA opener in playoff, 0
https://www.usatoday.com/https://www.usatoday.com/story/sports/nba/2021/01/24/wizards-return-to-court-grizzlies-see-6th-game-postponed/115357902/, Wizards return to court| Grizzlies see 6th game postponed, 0
https://www.usatoday.com/https://www.usatoday.com/story/sports/nfl/2021/01/24/lafleur-expresses-regret-for-decision-to-kick-fg/115357920/, LaFleur expresses regret for decision to kick FG, 0
https://www.usatoday.com/https://www.usatoday.com/story/sports/ncaab/2021/01/24/hubbs-19-points-lift-notre-dame-past-miami-in-73-59-win/43356689/, Hubb's 19 points lift Notre Dame past Miami in 73-59 win, 0
https://www.usatoday.com/https://www.usatoday.com/picture-gallery/news/world/2021/01/25/protests-across-russia-demand-release-putin-foe-alexei-navalny/6696722002/, Protests across Russia demand the release of Putin foe Alexei Navalny, 0
https://www.usatoday.com/https://www.usatoday.com/story/sports/golf/2021/01/24/si-woo-kim-holds-off-cantlay-to-win-the-american-express/115358532/, Si Woo Kim holds off Cantlay to win The American Express, 0
https://www.usatoday.com/https://www.usatoday.com/story/sports/ncaab/2021/01/24/krikke-carries-valparaiso-past-illinois-state-70-66/115357958/, Krikke carries Valparaiso past Illinois State 70-66, 0
https://www.usatoday.com/https://www.usatoday.com/story/sports/ncaaw/2021/01/24/no-8-texas-am-women-hold-off-mizzou-70-66/115357982/, No. 8 Texas A&M women hold off Mizzou 70-66, 0
https://www.usatoday.com/https://www.usatoday.com/story/sports/nfl/2021/01/24/rodgers-laments-packs-uncertain-future-myself-included/115357994/, Rodgers laments Pack's uncertain future: 'Myself included', 0
https://www.usatoday.com/https://www.usatoday.com/story/sports/mlb/2021/01/24/ap-source-nationals-agree-to-sign-all-star-closer-brad-hand/115357996/, AP source: Nationals agree to sign All-Star closer Brad Hand, 0
https://www.usatoday.com/https://www.usatoday.com/story/sports/ncaaw/2021/01/24/no-5-stanford-snaps-rare-two-game-skid-beats-usc-86-59/43356697/, No. 5 Stanford snaps rare two-game skid| beats USC 86-59, 0
https://www.usatoday.com/https://www.usatoday.com/story/sports/nfl/playoffs/2021/01/24/bucs-defense-played-key-role-tom-brady-reaching-super-bowl/6696597002/, Bucs defense played key role in Tom Brady reaching Super Bowl, 0
https://www.usatoday.com/https://www.usatoday.com/story/sports/nba/2021/01/24/fans-nba-arenas-covid-19-safety-protocols/6696963002/, What are NBA games like for the few fans in the stands?, 0
https://www.usatoday.com/https://www.usatoday.com/story/sports/nfl/playoffs/2021/01/24/nfc-championship-game-matt-lafleur-regrets-late-field-goal-attempt/6697046002/, NFC championship game: Matt LaFleur regrets late field goal attempt, 0
https://www.usatoday.com/https://www.usatoday.com/story/entertainment/movies/2021/01/24/spike-lee-speech-donald-trump-hitler-new-york-film-critics/6696493002/, Spike Lee speech: Donald Trump belongs with 'the likes of Hitler', 0
https://www.usatoday.com/https://www.usatoday.com/story/sports/ncaaw/2021/01/24/no-20-gonzaga-women-throttle-portland-79-61/43356711/, No. 20 Gonzaga women throttle Portland 79-61, 0
https://www.usatoday.com/https://www.usatoday.com/videos/news/nation/2021/01/25/5-killed-1-wounded-indianapolis-home-shooting/6697144002/, 5 killed| 1 wounded in Indianapolis home shooting, 0
https://www.usatoday.com/https://www.usatoday.com/story/sports/nfl/2021/01/24/jpp-barrett-pace-stingy-buccaneers-defense-against-rodgers/43356713/, JPP| Barrett pace stingy Buccaneers defense against Rodgers, 0
https://www.usatoday.com/https://www.usatoday.com/story/sports/ncaab/2021/01/24/mccoy-scores-14-to-lift-boston-u-past-lafayette-64-61/43356719/, McCoy scores 14 to lift Boston U past Lafayette 64-61, 0
https://www.usatoday.com/https://www.usatoday.com/story/sports/nba/2021/01/24/brown-scores-33-leads-celtics-to-141-103-win-over-cavs/43356721/, Brown scores 33| leads Celtics to 141-103 win over Cavs, 0
https://www.usatoday.com/https://www.usatoday.com/story/sports/soccer/2021/01/24/american-defender-mckenzie-debuts-for-belgiums-genk/115358060/, American defender McKenzie debuts for Belgium's Genk, 0
https://www.usatoday.com/https://www.usatoday.com/story/sports/nba/2021/01/24/hayward-breaks-late-tie-scores-39-points-to-lead-hornets/115358078/, Hayward breaks late tie| scores 39 points to lead Hornets, 0
https://www.usatoday.com/https://www.usatoday.com/story/news/weather/2021/01/24/snow-rain-weather-california-new-york-grand-canyon/6695052002/, Snow| rain forecast in at least 20 states| from California to New York, 0
https://www.usatoday.com/https://www.usatoday.com/story/sports/nhl/2021/01/24/ty-smith-extends-points-streak-to-5-devils-beat-islanders/115358100/, Ty Smith extends points streak to 5| Devils beat Islanders, 0
https://www.usatoday.com/https://www.usatoday.com/story/sports/nfl/2021/01/24/defending-champion-kansas-city-chiefs-advance-to-face-tampa-bay-in-super-bowl-beating-buffalo-38-24/115358124/, Defending champion Kansas City Chiefs advance to face Tampa Bay in Super Bowl| beating Buffalo 38-24 in AFC championship, 0
https://www.usatoday.com/https://www.usatoday.com/story/sports/nhl/2021/01/24/guentzels-100th-career-goal-lifts-penguins-past-rangers-3-2/115358142/, Guentzel's 100th career goal lifts Penguins past Rangers 3-2, 0
https://www.usatoday.com/https://www.usatoday.com/story/sports/nfl/playoffs/2021/01/24/patrick-mahomes-chiefs-beat-bills-return-super-bowl-meet-bucs/6696940002/, Patrick Mahomes| Chiefs beat Bills| return to Super Bowl to meet Bucs, 0
https://www.usatoday.com/https://www.usatoday.com/story/sports/nfl/2021/01/24/trio-of-black-assistants-make-history-as-bucs-coordinators/43356731/, Trio of Black assistants make history as Bucs coordinators, 0
https://www.usatoday.com/https://www.usatoday.com/story/sports/nfl/2021/01/24/reigning-champion-chiefs-dump-bills-38-24-in-afc-title-game/43356733/, Reigning champion Chiefs dump Bills 38-24 in AFC title game, 0
https://www.usatoday.com/https://www.usatoday.com/story/sports/nfl/2021/01/24/bills-fall-short-in-breakout-season-with-38-24-loss-to-kc/43356745/, Bills fall short in breakout season with 38-24 loss to KC, 0
https://www.usatoday.com/https://www.usatoday.com/story/sports/nfl/2021/01/24/old-brady-young-mahomes-different-super-bowl-55-awaits/43356747/, Old (Brady)| young (Mahomes)| different Super Bowl 55 awaits, 0
https://www.usatoday.com/https://www.usatoday.com/story/sports/nfl/2021/01/24/chiefs-open-as-field-goal-super-bowl-favorites/115358222/, Chiefs open as field goal Super Bowl favorites, 0
https://www.usatoday.com/https://www.usatoday.com/story/entertainment/celebrities/2021/01/24/michael-b-jordan-shirtless-girlfriend-lori-harvey-mine/6696158002/, Michael B. Jordan shirtless post: Girlfriend Lori Harvey writes 'Mine', 0
https://www.usatoday.com/https://www.usatoday.com/story/sports/nfl/2021/01/24/chiefs-toughen-up-on-defense-punch-ticket-to-super-bowl/115358256/, Chiefs toughen up on defense| punch ticket to Super Bowl, 0
https://www.usatoday.com/https://www.usatoday.com/story/sports/nfl/packers/2021/01/24/aaron-rodgers-uncertain-future-packers-buccaneers/6697307002/, Aaron Rodgers says his future is uncertain after Packers' loss to Bucs, 0
https://www.usatoday.com/https://www.usatoday.com/story/sports/nba/2021/01/24/antetokounmpo-scores-27-points-bucks-beat-hawks-129-115/115358302/, Antetokounmpo scores 27 points| Bucks beat Hawks| 129-115, 0
https://www.usatoday.com/https://www.usatoday.com/story/sports/nhl/2021/01/24/ducks-use-strong-offensive-game-to-take-down-avalanche-3-2/115358304/, Ducks use strong offensive game to take down Avalanche 3-1, 0
https://www.usatoday.com/https://www.usatoday.com/story/sports/nfl/super-bowl/2021/01/24/super-bowl-55-odds-chiefs-open-as-favorites-over-bucs/115358254/, Super Bowl 55 odds: Chiefs open as favorites over Buccaneers, 0
https://www.usatoday.com/https://www.usatoday.com/story/sports/nhl/2021/01/24/anze-kopitar-has-3-points-kings-beat-st-louis-6-3/115358338/, Anze Kopitar has 3 points| Kings beat St. Louis 6-3, 0
https://www.usatoday.com/https://www.usatoday.com/videos/news/nation/2021/01/25/today-history-january-25th/6697489002/, Today in History for January 25th, 0
https://www.usatoday.com/https://www.usatoday.com/story/sports/nhl/2021/01/24/stars-tie-nhl-power-play-record-in-3-2-win-over-predators/115358358/, Stars tie NHL power-play record in 3-2 win over Predators, 0
https://www.usatoday.com/https://www.usatoday.com/story/sports/nhl/2021/01/24/brent-burns-scores-late-helps-san-jose-beat-minnesota-5-3/115358392/, Brent Burns scores late| helps San Jose beat Minnesota 5-3, 0
https://www.usatoday.com/https://www.usatoday.com/story/sports/nfl/2021/01/24/bucs-chiefs-reach-super-bowl-as-kansas-city-tries-to-repeat/43356767/, Bucs| Chiefs reach Super Bowl as Kansas City tries to repeat, 0
https://www.usatoday.com/https://www.usatoday.com/story/sports/nfl/playoffs/2021/01/24/afc-championship-game-kansas-city-chiefs-blow-out-buffalo-bills/6697535002/, AFC championship game: Kansas City Chiefs blow out Buffalo Bills, 0
https://www.usatoday.com/https://www.usatoday.com/videos/sports/nfl/sportspulse/2021/01/25/nfl-championship-overreactions-mahomes-vs-brady-super-bowl-55-one-ages/6697611002/, NFL championship overreactions: Mahomes vs. Brady in Super Bowl 55 is one for the ages, 0
https://www.usatoday.com/https://www.usatoday.com/story/sports/ncaab/2021/01/24/mckissic-carries-kansas-city-over-oral-roberts-81-76/43356783/, McKissic carries Kansas City over Oral Roberts 81-76, 0
https://www.usatoday.com/https://www.usatoday.com/story/sports/nba/2021/01/24/wizards-fall-to-spurs-121-101-in-return-from-covid-19-layoff/115358670/, Wizards fall to Spurs 121-101 in return from COVID-19 layoff, 0
https://www.usatoday.com/https://www.usatoday.com/story/sports/sports-betting/2021/01/24/super-bowl-lv-kansas-city-chiefs-favored-over-tampa-bay-buccaneers-to-repeat-as-champs/115358580/, Super Bowl LV: Kansas City Chiefs favored over Tampa Bay Buccaneers to repeat as champs, 0
https://www.usatoday.com/https://www.usatoday.com/story/sports/nhl/2021/01/25/draisaitl-beats-buzzer-oilers-beat-jets-4-3/43356793/, Draisaitl beats buzzer| Oilers beat Jets 4-3, 0
https://www.usatoday.com/https://www.usatoday.com/story/sports/ncaab/2021/01/25/schakel-gomez-cuff-air-force-in-91-59-win/115358614/, Schakel| Gomez cuff Air Force in 91-59 win, 0
https://www.usatoday.com/https://www.usatoday.com/videos/news/nation/2021/01/25/unlikely-pair-try-bridge-political-chasm/6697742002/, Unlikely pair try to bridge political chasm, 0
https://www.usatoday.com/https://www.usatoday.com/story/entertainment/tv/2021/01/24/bridgerton-fans-spot-blunder-netflix-yellow-traffic-line/6697539002/, 'Bridgerton' fans spot blunder in Netflix show — a yellow traffic line, 0
https://www.usatoday.com/https://www.usatoday.com/story/sports/nfl/columnist/nate-davis/2021/01/25/nfl-championship-super-bowl-55-things-learned-chiefs-bucs/6694942002/, NFL championship games 2021: 32 things we learned before Super Bowl 55, 0
https://www.usatoday.com/https://www.usatoday.com/story/sports/nba/2021/01/25/lillard-leads-rested-trail-blazers-past-knicks-116-113/43356811/, Lillard leads rested Trail Blazers past Knicks 116-113, 0
https://www.usatoday.com/https://www.usatoday.com/videos/news/nation/2021/01/25/surging-virus-leads-new-field-hospital-n-c/6697801002/, Surging virus leads to new field hospital in N.C., 0
https://www.usatoday.com/https://www.usatoday.com/story/sports/nfl/playoffs/2021/01/24/afc-championship-game-chiefs-dynamic-duo-dazes-beleaguered-bills/6696442002/, AFC championship game: Chiefs' dynamic duo dazes beleaguered Bills, 0
https://www.usatoday.com/https://www.usatoday.com/story/sports/nfl/columnist/bell/2021/01/25/patrick-mahomes-rebounds-injuries-kansas-city-chiefs-super-bowl-55/6697828002/, Patrick Mahomes shows grit and sizzle| lifting Chiefs to Super Bowl, 0
https://www.usatoday.com/https://www.usatoday.com/videos/news/nation/2021/01/25/fans-celebrate-tampa-bay-kc-go-super-bowl/6697861002/, Fans celebrate as Tampa Bay| KC go to Super Bowl, 0
https://www.usatoday.com/https://www.usatoday.com/story/sports/nfl/2021/01/25/on-football-brady-in-the-way-of-chiefs-2nd-straight-title/43356827/, On Football: Brady in the way of Chiefs' 2nd straight title, 0
https://www.usatoday.com/https://www.usatoday.com/story/news/2021/01/25/trump-impeachment-biden-executive-orders-5-things-know-monday/6685450002/, Trump impeachment| Biden executive orders: 5 things to know Monday, 0
https://www.usatoday.com/https://www.usatoday.com/story/opinion/2021/01/25/trump-has-been-canceled-nation-no-need-impeachment-trial-column/6692631002/, Trump has been canceled by the nation. No need for an impeachment trial, 0
https://www.usatoday.com/https://www.usatoday.com/story/news/health/2021/01/25/covid-news-joe-biden-travel-restrictions-coronavirus-vaccines/6694674002/, COVID update: Biden seeks 1.5 million daily vaccines; Brazil variant, 0
https://www.usatoday.com/https://www.usatoday.com/story/opinion/2021/01/25/after-trump-end-nuclear-launch-authority-for-presidents-column/4235023001/, After Trump| end unilateral nuclear launch power for all presidents, 0
https://www.usatoday.com/https://www.usatoday.com/story/news/nation/2021/01/25/indianapolis-mass-shooting/6697897002/, Indianapolis shooting: 5 people| unborn child killed; suspect arrested, 0
https://www.usatoday.com/https://www.usatoday.com/videos/news/nation/2021/01/25/ap-top-stories-january-25/6697902002/, AP Top Stories January 25, 0
https://www.usatoday.com/https://www.usatoday.com/story/sports/olympics/2021/01/25/russia-confirms-it-wont-appeal-olympic-team-restrictions/43356829/, Russia confirms it won't appeal Olympic team restrictions, 0
https://www.usatoday.com/https://www.usatoday.com/story/news/50-states/2021/01/25/teachers-strike-churches-court-national-guard-news-around-states/115358728/, Teachers push back| churches in court: News from around our 50 states, 0
https://www.usatoday.com/https://www.usatoday.com/story/news/politics/2021/01/25/biden-urge-federal-government-buy-more-american-made-goods/6694514002/, Biden urges federal government to buy more American-made goods, 0
https://www.usatoday.com/https://www.usatoday.com/story/news/education/2021/01/25/biden-wants-schools-open-but-teachers-unions-have-other-ideas/4165684001/, Biden wants to reopen schools| but teachers unions resist, 0
https://www.usatoday.com/https://www.usatoday.com/story/opinion/2021/01/25/protect-free-association-donor-anonymity-column/6622550002/, Protect freedom of association and anonymity for top nonprofit donors, 0
https://www.usatoday.com/https://www.usatoday.com/videos/news/nation/2021/01/25/snow-southern-california-another-storm-coming/6697952002/, Snow in Southern California; another storm coming, 0
https://www.usatoday.com/https://www.usatoday.com/story/sports/columnist/nancy-armour/2021/01/25/super-bowl-2021-bucs-tom-brady-chiefs-patrick-mahomes-great-matchup/6697811002/, Super Bowl 2021: Tom Brady| Bucs get shot at Chiefs| Patrick Mahomes, 0
https://www.usatoday.com/https://www.usatoday.com/story/money/taxes/2021/01/25/ways-reduce-tax-bill/115355512/, How to reduce your tax bill? Here are 7 legal ways to pay less, 0
https://www.usatoday.com/https://www.usatoday.com/story/opinion/2021/01/25/fix-problems-trump-exposed-change-constitution-laws-column/4175288001/, Change Constitution and laws to rein in presidency and empower Congress, 0
https://www.usatoday.com/https://www.usatoday.com/videos/news/nation/2021/01/25/house-sending-trump-impeachment-senate-monday/6697987002/, House sending Trump impeachment to Senate Monday, 0
https://www.usatoday.com/https://www.usatoday.com/story/sports/nfl/chiefs/2021/01/25/chiefs-buccaneers-qb-tom-brady-super-bowl-55-andy-reid/6697630002/, Chiefs defense ready for Buccaneers QB Tom Brady in Super Bowl 2021, 0
https://www.usatoday.com/https://www.usatoday.com/story/sports/nfl/playoffs/2021/01/25/nfl-winners-and-losers-packers-coaching-crushed-green-bay-chances/6694618002/, NFL winners and losers: Packers' coaching crushed Green Bay's chances, 0
https://www.usatoday.com/https://www.usatoday.com/in-depth/sports/nba/lakers/2021/01/25/kobe-bryant-what-we-know-helicopter-crash-one-year-later/4239967001/, Kobe Bryant: What we know about the helicopter crash| one year later, 0
https://www.usatoday.com/https://www.usatoday.com/story/sports/soccer/2021/01/25/chelsea-fires-coach-frank-lampard-halfway-through-2nd-season/43357197/, No sentimentality as Abramovich fires Chelsea great Lampard, 0
https://www.usatoday.com/https://www.usatoday.com/story/entertainment/books/2021/01/25/malcolm-x-isabel-wilkerson-caste-among-book-critics-award-finalists/6697979002/, Isabel Wilkerson's 'Caste' among book critics award finalists, 0
https://www.usatoday.com/https://www.usatoday.com/story/nletter/2021/01/25/trump-impeachment-biden-executive-orders-daily-briefing/6697955002/, Trump impeachment| Biden executive orders: Daily Briefing, 0
https://www.usatoday.com/https://www.usatoday.com/story/sports/Ad-Meter/2021/01/25/budweiser-forego-commercial-time-during-super-bowl-2021-broadcast/6693387002/, Budweiser to forego commercial time during Super Bowl 2021 broadcast, 0
https://www.usatoday.com/https://www.usatoday.com/story/money/columnist/2021/01/25/how-brands-create-content-gets-clicks/4222848001/, How do brands create content that gets clicks?, 0
https://www.usatoday.com/https://www.usatoday.com/story/entertainment/music/2021/01/25/weezers-ok-human-album-songs-ranked/6661654002/, Weezer's 'OK Human': All the album's songs| ranked, 0
https://www.usatoday.com/https://www.usatoday.com/story/opinion/2021/01/25/democrats-need-2020-autopsy-who-voted-against-them-why-column/4217998001/, Democrats need to understand who voted against them in 2020 and why, 0
https://www.usatoday.com/https://www.usatoday.com/story/life/health-wellness/2021/01/25/how-lgbtq-community-style-changed-during-coronavirus-pandemic/4220796001/, How LGBTQ community style changed during coronavirus pandemic, 0
https://www.usatoday.com/https://www.usatoday.com/story/news/health/2021/01/25/covid-vaccine-cvs-walgreens-say-nursing-homes-distribution-track/6669756002/, COVID vaccine: CVS| Walgreens say nursing homes distribution on track, 0
https://www.usatoday.com/https://www.usatoday.com/story/travel/experience/america/theme-parks/2021/01/25/theme-parks-now-open-in-winter-thanks-to-covid/6673659002/, Theme parks: Six Flags| Busch Gardens now open in winter due to COVID, 0
https://www.usatoday.com/https://www.usatoday.com/story/money/investing/2021/01/25/ways-to-lose-money-in-the-stock-market/115355692/, New investors: Don't be too hasty or you could lose money, 0
https://www.usatoday.com/https://www.usatoday.com/videos/news/nation/2021/01/25/day-25-january-2002/6698044002/, On This Day: 25 January 2002, 0
https://www.usatoday.com/https://www.usatoday.com/videos/entertainment/2021/01/25/day-25-january-2002/6698046002/, On This Day: 25 January 2002, 0
https://www.usatoday.com/https://www.usatoday.com/story/sports/nfl/super-bowl/2021/01/25/tony-romo-predicted-super-bowl-matchup-chiefs-vs-bills/6697993002/, Tony Romo predicted Super Bowl matchup of Chiefs vs. Bills, 0
https://www.usatoday.com/https://www.usatoday.com/story/sports/mlb/columnist/bob-nightengale/2021/01/25/baseball-hall-fame-ballot-latroy-hawkins/6696285002/, Baseball Hall of Fame: LaTroy Hawkins gets my vote — and here's why, 0
https://www.usatoday.com/https://www.usatoday.com/videos/entertainment/2021/01/25/showbiz-minute-critics-circle-us-box-office-zsl-london-zoo/6698134002/, ShowBiz Minute: Critics Circle| US Box Office| ZSL London Zoo, 0
https://www.usatoday.com/https://www.usatoday.com/videos/news/nation/2021/01/25/showbiz-minute-critics-circle-us-box-office-zsl-london-zoo/6698133002/, ShowBiz Minute: Critics Circle| US Box Office| ZSL London Zoo, 0
https://www.usatoday.com/https://www.usatoday.com/story/sports/nfl/bills/2021/01/25/bills-wr-stefon-diggs-watched-chiefs-celebrate-after-afc-championship/6698042002/, Bills WR Stefon Diggs watched Chiefs celebrate after AFC championship, 0
https://www.usatoday.com/https://www.usatoday.com/story/tech/2021/01/25/google-opening-covid-vaccination-sites/6698019002/, Google will offer COVID vaccination sites| boosted search results, 0
https://www.usatoday.com/https://www.usatoday.com/story/sports/mlb/2021/01/25/baseball-hall-fame-ballot-voting-usa-today-network/6696919002/, Baseball Hall of Fame ballot: How USA TODAY Network writers voted, 0
https://www.usatoday.com/https://www.usatoday.com/story/sports/sports-betting/2021/01/25/charlotte-hornets-at-orlando-magic-odds-picks-and-prediction/115359324/, Charlotte Hornets at Orlando Magic odds| picks and prediction, 0
https://www.usatoday.com/https://www.usatoday.com/story/news/world/2021/01/25/9-workers-found-dead-china-mine-explosion-toll-now-10/6698140002/, 9 workers found dead in China mine explosion; toll now 10, 0
https://www.usatoday.com/https://www.usatoday.com/story/sports/ftw/2021/01/25/super-bowl-2020-tom-brady-buccaneers/6698194002/, Super Bowl 2020: Tom Brady should turn full heel, 0
https://www.usatoday.com/https://www.usatoday.com/videos/money/2021/01/25/small-movie-theater-tulsa-ok-gains-audience-during-pandemic/6679798002/, Small movie theater in Tulsa| OK gains an audience during pandemic, 0
https://www.usatoday.com/https://www.usatoday.com/story/money/usaandmain/2021/01/25/small-business-drive-theater-pandemic/6671424002/, How a drive-in theater owner successfully pivoted during the pandemic, 0
https://www.usatoday.com/https://www.usatoday.com/story/sports/nfl/chiefs/2021/01/25/chiefs-pro-bowl-eric-fisher-miss-super-bowl-torn-achilles/6698121002/, Chiefs Pro Bowl LT Eric Fisher to miss Super Bowl with torn Achilles, 0
https://www.usatoday.com/https://www.usatoday.com/story/nletter/fourth-and-monday/2021/01/25/super-bowl-55-features-epic-qb-matchup/6696413002/, Super Bowl 55 features epic QB matchup with Tom Brady| Patrick Mahomes, 0
https://www.usatoday.com/https://www.usatoday.com/story/entertainment/celebrities/2021/01/25/kate-hudson-talks-estrangement-her-father/6698089002/, Kate Hudson opens up about estrangement from her father Bill Hudson, 0
https://www.usatoday.com/https://www.usatoday.com/story/sports/olympics/2021/01/25/ioc-to-consider-placing-italy-on-probation-for-interference/115359576/, IOC to consider placing Italy on probation for interference, 0
https://www.usatoday.com/https://www.usatoday.com/story/nletter/2021/01/25/daily-money-01-25-21/6698300002/, The Daily Money 01-25-21, 0
https://www.usatoday.com/https://www.usatoday.com/videos/travel/news/2021/01/25/president-biden-expected-reinstate-covid-19-travel-restrictions/6698470002/, President Biden expected to reinstate COVID-19 travel restrictions, 0
https://www.usatoday.com/https://www.usatoday.com/story/sports/media/2021/01/25/wwe-network-nbc-peacock-subscription/6698249002/, WWE Network will move to NBC's Peacock subscription service, 0
https://www.usatoday.com/https://www.usatoday.com/in-depth/sports/nba/lakers/2021/01/25/kobe-bryants-camp-nba-wnba-players-mamba-way/4239976001/, Kobe Bryant's camp for NBA| WNBA players taught them the Mamba way, 0
https://www.usatoday.com/https://www.usatoday.com/story/travel/airline-news/2021/01/25/weather-forecast-winter-storms-american-southwest-delta-united-travel-waivers/6698239002/, Weather: Iowa| Nebraska winter storm leads airlines to issue waivers, 0
https://www.usatoday.com/https://www.usatoday.com/videos/news/weather/2021/01/25/christmas-trees-used-restore-dunes/6698716002/, Christmas trees used to restore dunes, 0
https://www.usatoday.com/https://www.usatoday.com/story/sports/sports-betting/2021/01/25/syracuse-at-virginia-odds-picks-and-prediction/115359734/, Syracuse at Virginia odds| picks and prediction, 0
https://www.usatoday.com/https://www.reviewed.com/small-appliances/best-right-now/best-nespresso-machines?utm_source=usat&utm_medium=referral&utm_campaign=collab, The best Nespresso machines of 2021, 0
https://www.usatoday.com/https://www.usatoday.com/story/sports/soccer/2021/01/25/asian-champions-league-announces-pandemic-affected-schedule/115359824/, Asian Champions League announces pandemic-affected schedule, 0
https://www.usatoday.com/https://www.usatoday.com/story/news/nation/2021/01/25/tacoma-washington-cop-drove-police-car-through-crowd-protest-erupts/6698642002/, Tacoma| Washington| cop drove police car through crowd; protest erupts, 0
https://www.usatoday.com/https://www.usatoday.com/story/news/world/2021/01/25/spanish-woman-died-covid-nursing-home-mix-up/6698214002/, Spanish woman who 'died' of COVID back in nursing home after mix up, 0
https://www.usatoday.com/https://www.usatoday.com/story/news/politics/2021/01/25/trump-impeachment-may-bring-new-attacks-congress-officials-fear/6698747002/, Trump impeachment may bring new attacks on Congress| officials fear, 0
https://www.usatoday.com/https://www.usatoday.com/story/money/2021/01/25/tax-season-2021-how-to-get-bigger-refund/6698644002/, Tax season 2021: How to get a bigger| quicker refund, 0
https://www.usatoday.com/https://www.usatoday.com/story/news/health/2021/01/25/covid-moderna-says-vaccine-protects-against-uk-south-africa-variants/6698624002/, COVID: Moderna says vaccine protects against UK| South Africa variants, 0
https://www.usatoday.com/https://www.usatoday.com/story/sports/sports-betting/2021/01/25/texas-tech-at-west-virginia-odds-picks-and-prediction/115359928/, Texas Tech at West Virginia odds| picks and prediction, 0
https://www.usatoday.com/https://www.usatoday.com/story/tech/reviewedcom/2021/01/25/where-buy-dumbbells-and-free-weights-right-now-amazon-target-and-more/6698203002/, Where to buy dumbbells and free weights right now: Amazon| Target| and more, 0
https://www.usatoday.com/https://www.usatoday.com/story/news/nation/2021/01/25/shark-attacks-2020-deadliest-year-shark-bites/6698830002/, Shark attack: 2020 was the deadliest year for shark bites since 2013, 0
https://www.usatoday.com/https://www.usatoday.com/story/news/2021/01/25/dominion-voting-sues-rudy-giuliani-1-3-b-alleging-defamation/6698881002/, Dominion Voting sues Rudy Giuliani for $1.3B alleging defamation, 0
https://www.usatoday.com/https://www.usatoday.com/story/tech/2021/01/25/covid-tech-innovations-help-keep-your-home-germ-free-coronavirus/6698900002/, COVID tech: Innovations to help keep your home germ-free, 0
https://www.usatoday.com/https://www.usatoday.com/story/news/politics/2021/01/25/politics-live-updates-trump-impeachment-article-goes-senate/6698416002/, Politics live updates: Trump impeachment article goes to Senate, 0
https://www.usatoday.com/https://www.usatoday.com/story/news/politics/2021/01/25/sarah-huckabee-sanders-runs-governor-arkansas-test-donald-trump-brand/6698397002/, Sarah Sanders runs for governor of Arkansas in test of Trump brand, 0
https://www.usatoday.com/https://www.usatoday.com/videos/news/politics/2021/01/25/sarah-huckabee-sanders-running-governor-arkansas/6699436002/, Sarah Huckabee Sanders running for governor of Arkansas, 0
https://www.usatoday.com/https://www.usatoday.com/story/news/politics/2021/01/25/emoluments-supreme-court-dismisses-cases-focused-trump-profits/6697383002/, Emoluments: Supreme Court dismisses cases focused on Trump profits, 0
https://www.usatoday.com/https://www.usatoday.com/videos/travel/2021/01/25/grand-canyon-filled-low-clouds-and-snow/6698231002/, Grand Canyon filled with low clouds and snow, 0
https://www.usatoday.com/https://www.usatoday.com/picture-gallery/news/nation/2021/01/25/police-protest-after-tacoma-officer-drives-car-through-crowd/6699236002/, Police protest after Tacoma officer drives car through crowd, 0
https://www.usatoday.com/https://www.usatoday.com/story/sports/college/2021/01/25/ncaa-revenue-decrease-due-to-no-basketball-tournament/6699352002/, NCAA revenue for 2020 down $600M due to no basketball tournament, 0
https://www.usatoday.com/https://www.usatoday.com/story/news/nation/2021/01/25/winter-storms-california-got-snow-now-much-nation-get/6698744002/, Winter storms: California got snow| now much of nation will get it, 0
https://www.usatoday.com/https://www.usatoday.com/story/sports/sports-betting/2021/01/25/philadelphia-76ers-at-detroit-pistons-odds-picks-and-prediction/115360068/, Philadelphia 76ers at Detroit Pistons odds| picks and prediction, 0
https://www.usatoday.com/https://www.usatoday.com/videos/life/humankind/2021/01/25/man-lifts-best-friend-air-when-they-reunite/6700126002/, Man lifts best friend in the air when they reunite, 0
https://www.usatoday.com/https://www.usatoday.com/story/sports/sports-betting/2021/01/25/los-angeles-lakers-at-cleveland-cavaliers-odds-picks-and-prediction/115360114/, Los Angeles Lakers at Cleveland Cavaliers odds| picks and prediction, 0
https://www.usatoday.com/https://www.usatoday.com/videos/sports/nfl/sportspulse/2021/01/25/budding-dynasty-how-andy-reid-has-instilled-championship-culture-kansas-city/6700467002/, Budding dynasty? How Andy Reid instilled championship culture in Kansas City, 0
https://www.usatoday.com/https://www.usatoday.com/story/sports/sports-betting/2021/01/25/san-antonio-spurs-at-new-orleans-pelicans-odds-picks-and-prediction/115360182/, San Antonio Spurs at New Orleans Pelicans odds| picks and prediction, 0
https://www.usatoday.com/https://www.usatoday.com/story/news/politics/2021/01/25/president-joe-biden-overturns-donald-trumps-ban-transgender-troops/4235238001/, President Joe Biden overturns Donald Trump's ban on transgender troops, 0
https://www.usatoday.com/https://www.usatoday.com/story/entertainment/celebrities/2021/01/25/justin-bieber-reflects-2014-dui-arrest-says-he-was-hurting/6699848002/, Justin Bieber reflects on 2014 DUI arrest| says he 'was hurting', 0
https://www.usatoday.com/https://www.usatoday.com/story/sports/college/2021/01/25/ucla-gymnast-nia-dennis-near-perfect-floor-routine-goes-viral/6699507002/, UCLA gymnast Nia Dennis' near-perfect floor routine goes viral, 0
https://www.usatoday.com/https://www.usatoday.com/story/sports/sports-betting/2021/01/25/toronto-raptors-at-indiana-pacers-odds-picks-and-prediction/115360282/, Toronto Raptors at Indiana Pacers odds| picks and prediction, 0
https://www.usatoday.com/https://www.10best.com/interests/drinks/best-hot-chocolate-across-us/, 10 of the best hot chocolates across the United States, 0
https://www.usatoday.com/https://www.10best.com/interests/food-culture/what-does-gamey-meat-mean-taste-like/, What it actually means when your meat tastes 'gamey', 0
https://www.usatoday.com/https://www.usatoday.com/videos/news/nation/2021/01/25/kerry-apologizes-us-leaving-paris-accord/6701183002/, Kerry apologizes for US leaving Paris accord, 0
https://www.usatoday.com/https://www.usatoday.com/story/sports/soccer/2021/01/25/court-rules-on-sheikhs-improper-influence-in-fifa-seat-vote/115360388/, Court rules on sheikh's improper influence in FIFA seat vote, 0
https://www.usatoday.com/https://www.usatoday.com/story/news/health/2021/01/25/covid-19-merck-drops-out-race-covid-vaccines/6699498002/, COVID-19 news: Merck drops out of race for vaccines, 0
https://www.usatoday.com/https://www.usatoday.com/story/sports/soccer/2021/01/25/atlanta-united-signs-argentine-striker-lisandro-lpez/115360454/, Atlanta United signs Argentine striker Lisandro López, 0
https://www.usatoday.com/https://www.usatoday.com/story/money/2021/01/25/vermont-clothing-inspired-bernie-memes-raises-money-local-charities/6701133002/, Clothing inspired by Bernie meme raises money for local charities, 0
https://www.usatoday.com/https://www.usatoday.com/videos/news/nation/2021/01/25/numan-hard-survive-without-touring/6701695002/, Numan: 'Hard to survive' without touring, 0
https://www.usatoday.com/https://www.usatoday.com/videos/entertainment/2021/01/25/numan-hard-survive-without-touring/6701702002/, Numan: 'Hard to survive' without touring, 0
https://www.usatoday.com/https://www.usatoday.com/story/tech/2021/01/25/apple-iphone-12-magsafe-tech-keep-away-med-devices/6699099002/, Apple iPhone 12| MagSafe tech: Keep away from med devices| Apple says, 0
https://www.usatoday.com/https://www.usatoday.com/story/money/markets/2021/01/25/us-stocks-turn-lower-ahead-busy-earnings-week/6701121002/, A bumpy day on Wall Street ends with stock indexes mixed, 0
https://www.usatoday.com/https://www.usatoday.com/story/sports/ncaab/2021/01/25/gonzaga-baylor-remain-atop-ap-top-25-alabama-cracks-top-10/115360530/, Gonzaga| Baylor remain atop AP Top 25; Alabama cracks top 10, 0
https://www.usatoday.com/https://www.usatoday.com/story/sports/nhl/2021/01/25/preds-goalie-ingram-in-nhlnhlpa-player-assistance-program/115360532/, Predators goalie Connor Ingram in NHL assistance program, 0
https://www.usatoday.com/https://www.usatoday.com/story/money/food/2021/01/25/coke-coffee-coca-cola-releases-soda-java-hybrid/6699634002/, Coke with Coffee: Coca-Cola releases soda with java nationwide, 0
https://www.usatoday.com/https://www.usatoday.com/story/sports/nhl/2021/01/25/nhl-covid-19-updates-hurricanes-postponed-schedule-shuffled/6700864002/, NHL COVID-19 updates: Hurricanes game postponed; schedule shuffled, 0
https://www.usatoday.com/https://www.usatoday.com/story/news/politics/2021/01/25/rob-portman-republican-ohio-senator-wont-run-re-election-2022/6701272002/, Rob Portman: Ohio Republican senator won't run for re-election in 2022, 0
https://www.usatoday.com/https://www.usatoday.com/story/money/cars/2021/01/25/pickup-trucks-country-songs-survey/4246142001/, Surveys show who sings about pickup trucks the most, 0
https://www.usatoday.com/https://www.usatoday.com/videos/news/world/2021/01/25/fossils-could-belong-worlds-largest-creature-ever-found/6698430002/, These fossils could belong to world's largest creature, 0
https://www.usatoday.com/https://www.usatoday.com/story/sports/ncaab/2021/01/25/college-basketball-coaches-poll-gonzaga-leads-while-alabama-rises/6701741002/, College basketball coaches poll: Gonzaga leads| while Alabama rises, 0
https://www.usatoday.com/https://www.usatoday.com/story/entertainment/celebrities/2021/01/25/sidney-poitier-reaches-new-milestone-namesake-asu-film-school/4246784001/, Sidney Poitier reaches new milestone: Namesake of ASU film school, 0
https://www.usatoday.com/https://www.usatoday.com/story/sports/ncaab/2021/01/25/college-basketball-covid-19-updates-shaka-smart/4246228001/, College basketball COVID-19 updates: Shaka Smart tests positive, 0
https://www.usatoday.com/https://www.usatoday.com/videos/news/2021/01/25/over-40-americans-live-area-overwhelmed-icus/6700985002/, Over 40% of Americans live in area with overwhelmed ICUs, 0
https://www.usatoday.com/https://www.usatoday.com/story/money/2021/01/25/homes-near-me-atlanta-considers-ban-short-term-rentals/4246017001/, Homes near me: Atlanta considers ban on short-term rentals, 0
https://www.usatoday.com/https://www.usatoday.com/story/sports/ncaaw/2021/01/25/louisville-nc-state-survive-upset-bids-to-remain-atop-poll/43357753/, Louisville| NC State survive upset bids to remain atop poll, 0
https://www.usatoday.com/https://www.usatoday.com/story/sports/nfl/2021/01/25/deshaun-watson-kyler-murray-play-virtual-pro-bowl-madden-21/4246557001/, Deshaun Watson| Kyler Murray to play in virtual Pro Bowl on Madden 21, 0
https://www.usatoday.com/https://www.usatoday.com/story/news/2021/01/25/doj-ig-investigates-whether-staffers-tried-alter-2020-election/4246205001/, DOJ IG investigates whether staffers tried to alter 2020 election, 0
https://www.usatoday.com/https://www.usatoday.com/videos/news/nation/2021/01/25/mayor-nyc-could-vaccinate-500-k-week-feb/4247321001/, Mayor: NYC could vaccinate 500K a week in Feb., 0
https://www.usatoday.com/https://www.usatoday.com/story/money/2021/01/25/janet-yellen-joe-biden-treasury-secretary-stimulus-checks-economy/6701233002/, Janet Yellen could bridge partisan divide as Treasury Secretary, 0
https://www.usatoday.com/https://www.usatoday.com/videos/news/nation/2021/01/25/biden-reverses-ban-transgender-military/4247441001/, Biden reverses ban on transgender in military, 0
https://www.usatoday.com/https://www.usatoday.com/picture-gallery/news/politics/2021/01/25/second-trump-impeachment/4247328001/, The second Trump impeachment, 0
https://www.usatoday.com/https://www.usatoday.com/story/sports/mlb/2021/01/25/new-york-yankees-trade-reliever-adam-ottavino-boston-red-sox/4247498001/, New York Yankees trade reliever Adam Ottavino to Boston Red Sox, 0
https://www.usatoday.com/https://www.usatoday.com/story/opinion/policing/2021/01/25/media-execution-witnesses-help-hold-government-accountable/4220798001/, Media execution witnesses help hold government accountable., 0
https://www.usatoday.com/https://www.usatoday.com/story/sports/mlb/2021/01/25/mlb-spring-training-cactus-league-spring-training-delay/4247810001/, Cactus League| cities ask MLB for delay of Arizona spring training, 0
https://www.usatoday.com/https://www.usatoday.com/videos/travel/news/2021/01/25/international-travel-negative-covid-19-test-required-unless-you-got-vaccine/4247872001/, International travel: Negative COVID-19 test required unless you got vaccine, 0
https://www.usatoday.com/https://www.usatoday.com/story/sports/nfl/2021/01/25/cdc-publishes-paper-on-nfls-efforts-to-play-2020-season/43357773/, CDC publishes paper on NFL's efforts to play 2020 season, 0
https://www.usatoday.com/https://www.usatoday.com/in-depth/sports/nba/lakers/2021/01/25/mamba-sports-academy-kobe-bryant/4191503001/, Mamba Sports Academy changed but Kobe Bryant's spirit remains, 0
https://www.usatoday.com/https://www.usatoday.com/story/entertainment/celebrities/2021/01/25/biden-dogs-champ-and-major-officially-move-into-white-house/4246942001/, Biden dogs Champ and Major officially move into the White House, 0
https://www.usatoday.com/https://www.usatoday.com/story/sports/nfl/2021/01/25/colts-promote-quarterbacks-coach-to-offensive-coordinator/43357791/, Colts promote quarterbacks coach to offensive coordinator, 0
https://www.usatoday.com/https://www.usatoday.com/story/sports/mlb/2021/01/25/cactus-league-asks-mlb-to-delay-spring-training-due-to-covid/43357795/, Cactus League asks MLB to delay spring training due to COVID, 0
https://www.usatoday.com/https://www.usatoday.com/story/nletter/health/2021/01/25/coronavirus-watch-variants-meet-vaccine/6701258002/, Coronavirus Watch: Variants| meet vaccine, 0
https://www.usatoday.com/https://www.usatoday.com/videos/sports/ncaab/sportspulse/2021/01/25/undefeated-gonzaga-remains-top-ferris-mowers-mens-basketball-coaches-poll/4247570001/, Undefeated Gonzaga remains on top of Ferris Mowers Men’s Basketball Coaches Poll, 0
https://www.usatoday.com/https://www.usatoday.com/videos/entertainment/entertainthis/2021/01/25/kate-hudson-ive-got-multiple-dads-ive-got-kids-all-over-place/4248503001/, Kate Hudson: 'I've got multiple dads| I've got kids all over the place', 0
https://www.usatoday.com/https://www.usatoday.com/story/news/politics/2021/01/25/monmouth-poll-says-majority-support-trump-impeachment-conviction/4247653001/, Trump impeachment: Poll says majority support impeachment| conviction, 0
https://www.usatoday.com/https://www.usatoday.com/story/sports/golf/2021/01/25/thomas-keeps-citi-sponsorship-with-money-donated-to-lgbtq/115361162/, Thomas keeps Citi sponsorship with money donated to LGBTQ, 0
https://www.usatoday.com/https://www.usatoday.com/videos/tech/news/2021/01/25/apple-warns-keep-iphone-12-magsafe-tech-away-medical-devices/4248397001/, Apple warns to keep iPhone 12| MagSafe tech away from medical devices, 0
https://www.usatoday.com/https://www.usatoday.com/story/news/factcheck/2021/01/25/fact-check-national-guard-turned-backs-biden-protection/6693206002/, Fact check: National Guard turned backs to Biden for protection, 0
https://www.usatoday.com/https://www.usatoday.com/story/entertainment/movies/2021/01/25/afi-awards-nomadland-one-night-miami-mank-among-honorees/4248511001/, AFI Awards: 'Nomadland|' 'One Night in Miami|' 'Mank' among honorees, 0
https://www.usatoday.com/https://www.usatoday.com/videos/news/nation/2021/01/25/first-dogs-champ-and-major-move-into-white-house/4248917001/, First dogs Champ and Major move into the White House, 0
https://www.usatoday.com/https://www.usatoday.com/videos/sports/nhl/sportspulse/2021/01/25/bill-guerin-player-safety-nhl-were-trying-use-common-sense/4248851001/, Minnesota Wild GM Bill Guerin on player safety in NHL: 'We're trying to use common sense', 0
https://www.usatoday.com/https://www.usatoday.com/story/sports/ncaaf/2021/01/25/iowa-state-athletic-finances-improving-new-projects-planned/115361182/, Iowa State athletic finances improving; new projects planned, 0
https://www.usatoday.com/https://www.usatoday.com/story/sports/sports-betting/2021/01/25/oklahoma-city-thunder-at-portland-trail-blazers-odds-picks-and-prediction/115361210/, Oklahoma City Thunder at Portland Trail Blazers odds| picks and prediction, 0
https://www.usatoday.com/https://www.usatoday.com/sitemap/2021/january/25/, 1, 0
https://www.usatoday.com/https://www.usatoday.com/sitemap/2021/january/25/?page=2, 2, 0
