https://www.usatoday.com/https://www.usatoday.com/story/sports/soccer/2021/01/25/matchday-arsenal-at-southampton-in-epl-milan-derby-in-cup/115362366/, MATCHDAY: Arsenal at Southampton in EPL; Milan derby in cup, 0
https://www.usatoday.com/https://www.usatoday.com/story/news/nation/2021/01/25/illinois-hazel-ivy-stabbing-death-daughter-galesburg/4253639001/, Illinois woman faces first-degree murder for daughter's stabbing death, 0
https://www.usatoday.com/https://www.usatoday.com/story/sports/nfl/2021/01/25/no-hard-feelings-patriots-fans-still-rooting-for-brady/115362010/, 'No Hard Feelings': Patriots fans still rooting for Brady, 0
https://www.usatoday.com/https://www.usatoday.com/story/money/food/2021/01/25/mcdonalds-spicy-mcnuggets-return-mcdelivery-doordash-freebie/4253462001/, McDonald's Spicy McNuggets: DoorDash giving away free nuggets Feb. 2-6, 0
https://www.usatoday.com/https://www.usatoday.com/story/sports/nfl/2021/01/25/aaron-rodgers-uncertain-future-hangs-over-green-bay/115362368/, Aaron Rodgers' 'uncertain' future hangs over Green Bay, 0
https://www.usatoday.com/https://www.usatoday.com/videos/news/nation/2021/01/26/yellen-confirmed-first-woman-treasury-secretary/4254061001/, Yellen confirmed as first woman Treasury secretary, 0
https://www.usatoday.com/https://www.usatoday.com/story/sports/nfl/2021/01/25/bills-motivated-to-improve-after-afc-championship-loss-to-kc/43358083/, Bills motivated to improve after AFC championship loss to KC, 0
https://www.usatoday.com/https://www.usatoday.com/story/entertainment/movies/2021/01/25/kevin-smith-opens-up-clerks-3-heart-attack-moobys/4253458001/, Kevin Smith on 'Clerks 3|' Mooby's| mortality: 'Never let a joke die', 0
https://www.usatoday.com/https://www.usatoday.com/story/tech/reviewedcom/2021/01/25/weight-watchers-save-big-wws-weight-loss-plans-tonight-only/6699405002/, Weight Watchers: Save big on WW's weight-loss plans tonight only, 0
https://www.usatoday.com/https://www.usatoday.com/story/sports/nfl/2021/01/25/lombardi-hill-and-swinton-join-chargers-as-coordinators/43358099/, Lombardi| Hill and Swinton join Chargers as coordinators, 0
https://www.usatoday.com/https://www.usatoday.com/story/sports/ncaaf/2021/01/25/harbaughs-new-look-staff-at-michigan-adds-coach-rod-bellamy/115362058/, Harbaugh's new-look staff at Michigan adds coach Rod Bellamy, 0
https://www.usatoday.com/https://www.usatoday.com/story/news/nation/2021/01/25/portland-chaos-driver-injures-pedestrians-20-blocks/4252318001/, Portland 'chaos': Driver kills 1| injures at least 5 other pedestrians, 0
https://www.usatoday.com/https://www.usatoday.com/story/sports/olympics/2021/01/25/who-olympic-athletes-covid-19-vaccines/4253269001/, Olympic athletes should not cut line for COVID-19 vaccines| WHO says, 0
https://www.usatoday.com/https://www.usatoday.com/story/sports/nba/2021/01/25/spurs-pelicans-game-called-off-as-nbas-virus-woes-continue/115362076/, Spurs-Pelicans game called off| as NBA's virus woes continue, 0
https://www.usatoday.com/https://www.usatoday.com/videos/news/politics/2021/01/26/house-sends-trump-impeachment-senate-second-time/4254384001/, House sends Trump impeachment to Senate for second time, 0
https://www.usatoday.com/https://www.usatoday.com/videos/news/nation/2021/01/26/house-delivers-trump-impeachment-article-senate/4254468001/, House delivers Trump impeachment article to Senate, 0
https://www.usatoday.com/https://www.usatoday.com/videos/news/nation/2021/01/26/los-angeles-preps-state-lifts-stay-home-rule/4254505001/, Los Angeles preps as state lifts stay home rule, 0
https://www.usatoday.com/https://www.usatoday.com/story/sports/ncaab/2021/01/25/lipscomb-lifts-radford-over-unc-asheville-73-63/43358109/, Lipscomb lifts Radford over UNC Asheville 73-63, 0
https://www.usatoday.com/https://www.usatoday.com/story/sports/ncaab/2021/01/25/cornwall-leads-gardner-webb-over-charleston-southern-80-71/115362100/, Cornwall leads Gardner-Webb over Charleston Southern 80-71, 0
https://www.usatoday.com/https://www.usatoday.com/story/sports/mlb/2021/01/25/brantley-rejoins-astros-to-complete-unfinished-business/43358231/, Brantley rejoins Astros to complete unfinished business, 0
https://www.usatoday.com/https://www.usatoday.com/story/sports/ncaab/2021/01/25/markusson-lifts-loyola-marymount-over-portland-75-50/43358111/, Markusson lifts Loyola Marymount over Portland 75-50, 0
https://www.usatoday.com/https://www.usatoday.com/story/tech/reviewedcom/2021/01/25/airpods-pro-get-these-famed-apple-earbuds-less-than-200/6700627002/, AirPods Pro: Get these famed Apple earbuds for less than $200, 0
https://www.usatoday.com/https://www.usatoday.com/story/sports/ncaab/2021/01/25/hauser-huff-lead-no-8-virginia-past-syracuse-81-58/115362134/, Hauser| Huff lead No. 8 Virginia past Syracuse| 81-58, 0
https://www.usatoday.com/https://www.usatoday.com/story/sports/ncaaw/2021/01/25/no-22-georgia-women-top-no-19-arkansas-on-connally-basket/115362194/, No. 22 Georgia women top No. 19 Arkansas on Connally basket, 0
https://www.usatoday.com/https://www.usatoday.com/story/sports/nba/2021/01/25/wright-ellington-lead-pistons-over-76ers-119-104/43358127/, Wright| Ellington lead Pistons over 76ers 119-104, 0
https://www.usatoday.com/https://www.usatoday.com/story/sports/ncaab/2021/01/25/hauser-scores-21-as-no-8-virginia-beats-syracuse-81-58/43358137/, Hauser scores 21 as No. 8 Virginia beats Syracuse 81-58, 0
https://www.usatoday.com/https://www.usatoday.com/story/sports/nba/2021/01/25/vucevic-posts-13th-double-double-magic-beat-hornets-117-108/115362196/, Rookie PG Anthony scores 21| Magic beat Hornets 117-108, 0
https://www.usatoday.com/https://www.usatoday.com/story/sports/nfl/patriots/2021/01/25/robert-kraft-parlor-video-ordered-destroyed-federal-judge/4255220001/, Robert Kraft parlor video ordered to be destroyed by federal judge, 0
https://www.usatoday.com/https://www.usatoday.com/story/entertainment/celebrities/2021/01/25/south-korean-actress-song-yoo-jung-dies-age-26/4254363001/, South Korean actress Song Yoo-jung dies at age of 26, 0
https://www.usatoday.com/https://www.usatoday.com/story/news/nation/2021/01/25/california-lifts-stay-home-orders-all-regions/4251878001/, California lifts stay-at-home orders for all regions, 0
https://www.usatoday.com/https://www.usatoday.com/story/entertainment/tv/2021/01/26/bachelor-recap-victoria-anna-matt-james-bullying-hits-unbearably-mean/6698342002/, 'Bachelor' recap: Victoria| Anna's bullying is unbearably mean, 0
https://www.usatoday.com/https://www.usatoday.com/story/sports/nba/2021/01/25/pacers-use-4th-quarter-scoring-flurry-beat-raptors-129-114/115362208/, Pacers use 4th-quarter scoring flurry| beat Raptors 129-114, 0
https://www.usatoday.com/https://www.usatoday.com/story/sports/ncaaw/2021/01/25/greene-no-14-ohio-state-women-beat-no-7-maryland-88-86/115362228/, Greene| No. 14 Ohio State women beat No. 7 Maryland 88-86, 0
https://www.usatoday.com/https://www.usatoday.com/story/sports/nba/2021/01/25/harden-durant-help-nets-break-away-late-beat-heat-98-85/115362226/, Harden| Durant help Nets break away late| beat Heat 98-85, 0
https://www.usatoday.com/https://www.usatoday.com/story/sports/nba/2021/01/25/nba-considering-all-star-game-march-atlanta/4253440001/, NBA considering potential 2021 All-Star Game for March in Atlanta, 0
https://www.usatoday.com/https://www.usatoday.com/story/sports/ncaab/2021/01/25/kennedy-carries-loyola-of-chicago-over-bradley-65-58/115362274/, Kennedy carries Loyola of Chicago over Bradley 65-58, 0
https://www.usatoday.com/https://www.usatoday.com/story/entertainment/2021/01/25/storytellers-project-announces-2021-virtual-storytelling-season-live-journalism-usa-today-network/4253595001/, Storytellers Project announces 2021 virtual storytelling season, 0
https://www.usatoday.com/https://www.usatoday.com/story/sports/nba/2021/01/25/nuggets-murray-tossed-after-hitting-mavs-hardaway-in-groin/115362302/, Jamal Murray gets ejected after hitting Tim Hardaway Jr. in the groin, 0
https://www.usatoday.com/https://www.usatoday.com/story/tech/reviewedcom/2021/01/25/amazon-deals-save-apple-airpods-pros-light-therapy-lamps-and-more/6699342002/, Amazon deals: Save on Apple AirPods Pros| light therapy lamps and more, 0
https://www.usatoday.com/https://www.usatoday.com/story/sports/nba/2021/01/25/lebron-scores-46-lakers-beat-cavs-to-stay-perfect-on-road/43358163/, LeBron scores 46| Lakers beat Cavs to stay perfect on road, 0
https://www.usatoday.com/https://www.usatoday.com/picture-gallery/entertainment/celebrities/2021/01/26/celebrities-turning-40-2021-beyonce-meghan-markle-more/6665614002/, Celebrities turning 40 in 2021: Beyoncé| Meghan Markle and more, 0
https://www.usatoday.com/https://www.usatoday.com/story/sports/nba/lakers/2021/01/25/lebron-james-takes-over-fourth-quarter-lakers-beat-cavaliers/4255735001/, LeBron takes over in fourth quarter to lead Lakers past Cavaliers, 0
https://www.usatoday.com/https://www.usatoday.com/story/sports/nba/2021/01/25/porter-nuggets-beat-mavericks-117-113-after-murray-ejection/115362348/, Porter| Nuggets beat Mavericks 117-113 after Murray ejection, 0
https://www.usatoday.com/https://www.usatoday.com/videos/news/nation/2021/01/26/today-history-january-26th/4255862001/, Today in History for January 26th, 0
https://www.usatoday.com/https://www.usatoday.com/story/tech/reviewedcom/2021/01/25/express-clothing-get-up-70-off-clearance-styles-men-and-women/4251119001/, Express clothing: Get up to 70% off clearance styles for men and women, 0
https://www.usatoday.com/https://www.usatoday.com/story/sports/nba/2021/01/25/brown-returning-tatum-lead-celtics-over-bulls-119-103/43358193/, Brown| returning Tatum lead Celtics over Bulls 119-103, 0
https://www.usatoday.com/https://www.usatoday.com/story/sports/olympics/2021/01/25/gymnast-mykayla-skinner-aiming-olympic-berth-after-covid-recovery/4255650001/, Gymnast MyKayla Skinner aiming for Olympic berth after COVID recovery, 0
https://www.usatoday.com/https://www.usatoday.com/story/sports/ncaab/2021/01/25/mcbride-no-11-west-virginia-rally-past-no-10-texas-tech/115362400/, McBride| No. 11 West Virginia rally past No. 10 Texas Tech, 0
https://www.usatoday.com/https://www.usatoday.com/picture-gallery/travel/destinations/2021/01/26/caribbean-florida-top-emerging-travel-destinations-per-tripadvisor/4251609001/, Caribbean| Florida: Top emerging travel destinations| per Tripadvisor, 0
https://www.usatoday.com/https://www.usatoday.com/story/sports/ncaab/2021/01/26/hamilton-scores-14-to-lead-unlv-over-utah-st-59-56/43358221/, Hamilton scores 14 to lead UNLV over Utah St. 59-56, 0
https://www.usatoday.com/https://www.usatoday.com/story/news/nation/2021/01/25/410-year-old-pacific-yew-tree-illahee-state-park-washington/4256228001/, 410-year-old Pacific yew tree| maybe oldest in US| falls in Washington, 0
https://www.usatoday.com/https://www.usatoday.com/story/sports/ncaab/2021/01/26/dramatic-buzzer-beat-lifts-alabama-state-over-southern-66-64/115362434/, Dramatic buzzer beat lifts Alabama State over Southern 66-64, 0
https://www.usatoday.com/https://www.usatoday.com/story/sports/nba/2021/01/26/thunder-snap-3-game-skid-edge-trail-blazers-125-122/115362452/, Thunder snap 3-game skid| edge Trail Blazers 125-122, 0
https://www.usatoday.com/https://www.usatoday.com/story/sports/nba/2021/01/26/wiggins-takes-it-to-timberwolves-warriors-win-130-108/115362462/, Wiggins takes it to Timberwolves; Warriors win 130-108, 0
https://www.usatoday.com/https://www.usatoday.com/story/sports/nba/lakers/2021/01/25/kobe-bryant-death-year-later-lakers-nba-still-coping-loss/4256219001/, Kobe Bryant death a year later: Lakers| NBA still coping with loss, 0
https://www.usatoday.com/https://www.usatoday.com/story/sports/nhl/2021/01/26/brandon-sutter-records-hat-trick-canucks-rout-senators-7-1/43358233/, Brandon Sutter records hat trick| Canucks rout Senators 7-1, 0
https://www.usatoday.com/https://www.usatoday.com/videos/news/nation/2021/01/26/student-run-free-grocery-store-helps-feed-town/4256531001/, Student-run free grocery store helps feed town, 0
https://www.usatoday.com/https://www.usatoday.com/story/sports/ncaab/2021/01/26/arizona-beats-rival-arizona-state-80-67-for-season-sweep/43358255/, Arizona beats rival Arizona State 80-67 for season sweep, 0
https://www.usatoday.com/https://www.usatoday.com/story/sports/nba/lakers/2021/01/25/lebron-james-cavaliers-front-office-member-missed-shot-cheer/4256416001/, LeBron James uses jeer from Cavs front office member as motivation, 0
https://www.usatoday.com/https://www.usatoday.com/story/sports/sports-betting/2021/01/26/2021-farmers-insurance-open-fantasy-golf-power-rankings/115362496/, 2021 Farmers Insurance Open Fantasy Golf Power Rankings, 0
https://www.usatoday.com/https://www.usatoday.com/story/sports/nba/2021/01/26/analysis-kobes-presence-remains-strong-legacy-growing/43358375/, Analysis: Kobe's presence remains strong| legacy growing, 0
https://www.usatoday.com/https://www.usatoday.com/story/sports/nba/2021/01/26/ap-photos-kobe-bryants-nba-life-in-photo-form/43358267/, AP PHOTOS: Kobe Bryant's NBA life| in photo form, 0
https://www.usatoday.com/https://www.usatoday.com/story/sports/nfl/2021/01/26/analysis-bradys-nfc-championship-turned-on-2-crucial-calls/43358313/, Analysis: Brady's NFC championship turned on 2 crucial calls, 0
https://www.usatoday.com/https://www.usatoday.com/story/sports/ncaab/2021/01/26/no-24-sooners-get-2-top-10-tests-after-return-to-ap-top-25/115362504/, No. 24 Sooners get 2 top-10 tests after return to AP Top 25, 0
https://www.usatoday.com/https://www.usatoday.com/story/opinion/2021/01/26/trump-wrongdoing-more-evidence-could-lead-to-conviction-column/6700062002/, Impeachment trial: More evidence of Trump wrongdoing could convict him, 0
https://www.usatoday.com/https://www.usatoday.com/story/news/health/2021/01/26/covid-news-brazil-variant-alaska-vaccine-texas-coronaviru/4251761001/, COVID news: US to buy 200M doses; school openings; world at 100M cases, 0
https://www.usatoday.com/https://www.usatoday.com/story/opinion/2021/01/26/democrats-move-fast-voting-rights-win-democracy-fight-column/6670435002/, Democrats must move fast on voting and finally win this democracy fight, 0
https://www.usatoday.com/https://www.usatoday.com/story/news/2021/01/26/trump-impeachment-us-travel-kobe-bryant-5-things-know-tuesday/6696087002/, Trump impeachment| US travel| Kobe Bryant: 5 things to know Tuesday, 0
https://www.usatoday.com/https://www.usatoday.com/videos/news/nation/2021/01/26/tornado-causes-significant-damage-alabama-city/4256720001/, Tornado causes significant damage in Alabama city, 0
https://www.usatoday.com/https://www.usatoday.com/story/opinion/2021/01/26/censure-trump-instead-holding-impeachment-trial-column/4247735001/, Censure Trump instead of holding the impeachment trial, 0
https://www.usatoday.com/https://www.usatoday.com/story/news/politics/2021/01/26/joe-biden-and-republicans-dont-agree-what-unity-looks-like/6670541002/, Joe Biden and Republicans don't agree what 'unity' looks like, 0
https://www.usatoday.com/https://www.usatoday.com/story/news/nation/2021/01/26/17-year-cicadas-coming-to-michigan/4250507001/, Cicadas to reemerge in US for first time in 17 years, 0
https://www.usatoday.com/https://www.usatoday.com/story/sports/olympics/2021/01/26/tokyo-olympic-qa-officials-try-to-explain-how-games-happen/43358317/, Tokyo Olympic Q&A: Officials try to explain how games happen, 0
https://www.usatoday.com/https://www.usatoday.com/videos/news/nation/2021/01/26/driver-hits-least-6-people-portland-1-dead/4256735001/, Driver hits at least 6 people in Portland| 1 dead, 0
https://www.usatoday.com/https://www.usatoday.com/story/sports/olympics/2021/01/26/government-decree-saves-italy-from-olympic-suspension/115362524/, Government decree saves Italy from Olympic suspension, 0
https://www.usatoday.com/https://www.usatoday.com/story/news/politics/2021/01/26/trumps-second-impeachment-trial-missing-star-lawyers-united-gop/6700068002/, Trump's second impeachment trial missing star lawyers| united GOP, 0
https://www.usatoday.com/https://www.usatoday.com/story/money/investing/2021/01/26/how-calculate-tax-holding-period/115355772/, How to calculate a tax holding period for stock investments, 0
https://www.usatoday.com/https://www.usatoday.com/story/opinion/2021/01/26/how-end-threat-future-pandemics-2030-lieberman-ridge-column/6698437002/, How to end the threat of future pandemics by 2030: Lieberman| Ridge, 0
https://www.usatoday.com/https://www.usatoday.com/story/sports/nfl/super-bowl/2021/01/26/super-bowl-2021-bucs-chiefs-can-learn-plenty-first-meeting/4253399001/, Super Bowl 2021: Bucs| Chiefs can learn plenty from first meeting, 0
https://www.usatoday.com/https://www.usatoday.com/story/news/nation/2021/01/26/alabama-tornado-1-dead-several-injured-birmingham/4256808001/, Alabama tornado: 1 dead| others injured in Fultondale| near Birmingham, 0
https://www.usatoday.com/https://www.usatoday.com/videos/news/nation/2021/01/26/ap-top-stories-january-26/4256815001/, AP Top Stories January 26, 0
https://www.usatoday.com/https://www.usatoday.com/videos/news/nation/2021/01/26/day-26-january-1926/4256882001/, On This Day: 26 January 1926, 0
https://www.usatoday.com/https://www.usatoday.com/story/sports/mlb/2021/01/26/mlb-pandemic-season-balancing-act-covid-19-cash-competition/4256534001/, Coronavirus hovers around MLB season. So does cash| competition, 0
https://www.usatoday.com/https://www.usatoday.com/story/money/food/2021/01/26/pizza-hut-detroit-style-pizza-available-nationwide-limited-time/4256723001/, Pizza Hut Detroit-Style Pizza available nationwide for a limited-time, 0
https://www.usatoday.com/https://www.usatoday.com/story/news/nation/2021/01/26/historic-snow-winter-storm-midwest-iowa-illinois/4256886001/, Snow storm: Winter weather hits Iowa| Chicago| Midwest, 0
https://www.usatoday.com/https://www.usatoday.com/in-depth/sports/nba/columnist/mark-medina/2021/01/26/kobe-and-gianna-bryant-deaths-what-like-cover-crash/4206475001/, Kobe and Gianna Bryant deaths: What it was like to cover the crash, 0
https://www.usatoday.com/https://www.usatoday.com/story/money/columnist/2021/01/26/work-issues-coworker-filmed-colleagues-without-permission-privacy/6699889002/, Is it legal to be filmed without consent in the workplace? Ask HR, 0
https://www.usatoday.com/https://www.usatoday.com/story/opinion/2021/01/26/joe-biden-unity-america-dont-get-your-hopes-up-column/6697299002/, Joe Biden able to create unity in America? Don't get your hopes up., 0
https://www.usatoday.com/https://www.usatoday.com/story/money/personalfinance/2021/01/26/pros-cons-bank-accounts/115355398/, Bank accounts: Pros and cons of having more than one account, 0
https://www.usatoday.com/https://www.usatoday.com/story/sports/sports-betting/2021/01/26/san-jose-sharks-at-colorado-avalanche-odds-picks-and-prediction/115362610/, San Jose Sharks at Colorado Avalanche odds| picks and prediction, 0
https://www.usatoday.com/https://www.usatoday.com/story/news/50-states/2021/01/26/transit-memorial-pen-pals-white-house-doctor-news-around-states/115362570/, Transit memorial| pen pals: News from around our 50 states, 0
https://www.usatoday.com/https://www.usatoday.com/story/sports/columnist/mike-freeman/2021/01/26/meek-mill-jay-z-sports-owners-fight-criminal-justice-reform/6694555002/, Meek Mill| Jay-Z| sports owners fight for criminal justice reform, 0
https://www.usatoday.com/https://www.usatoday.com/story/nletter/2021/01/26/trump-impeachment-us-travel-kobe-bryant-daily-briefing/4256785001/, Trump impeachment| US travel| Kobe Bryant: Daily Briefing, 0
https://www.usatoday.com/https://www.usatoday.com/videos/news/nation/2021/01/26/video-shows-severe-damage-after-alabama-tornado/4257043001/, Video shows severe damage after Alabama tornado, 0
https://www.usatoday.com/https://www.usatoday.com/story/life/health-wellness/2021/01/26/kevin-hart-fatherhood-amid-covid-family-workouts-crash-recovery/4246014001/, Kevin Hart on fatherhood amid COVID| family workouts| crash recovery, 0
https://www.usatoday.com/https://www.usatoday.com/story/money/cars/2021/01/26/ford-ceo-farley-mach-e-mustang/4247457001/, Ford behind in electric vehicle race — and CEO Farley has to fix it, 0
https://www.usatoday.com/https://www.usatoday.com/story/sports/sports-betting/2021/01/26/new-york-islanders-at-washington-capitals-odds-picks-and-prediction/115362788/, New York Islanders at Washington Capitals odds| picks and prediction, 0
https://www.usatoday.com/https://www.usatoday.com/videos/entertainment/2021/01/26/day-26-january-1926/4256883001/, On This Day: 26 January 1926, 0
https://www.usatoday.com/https://www.usatoday.com/videos/entertainment/2021/01/26/showbix-minute-songz-afi-top-films-poitier/4257117001/, ShowBiz Minute: Songz| AFI Top Films; Poitier, 0
https://www.usatoday.com/https://www.usatoday.com/videos/news/nation/2021/01/26/showbix-minute-songz-afi-top-films-poitier/4257116001/, ShowBiz Minute: Songz| AFI Top Films; Poitier, 0
https://www.usatoday.com/https://www.usatoday.com/story/sports/sports-betting/2021/01/26/oklahoma-at-texas-odds-picks-and-prediction/115362808/, Oklahoma at Texas odds| picks and prediction, 0
https://www.usatoday.com/https://www.usatoday.com/story/sports/ftw/2021/01/26/patrick-mahomes-one-stat-ahead-super-bowl-55-ridiculous/4257128001/, Patrick Mahomes: This one stat ahead of Super Bowl 55 is ridiculous, 0
https://www.usatoday.com/https://www.usatoday.com/videos/news/weather/2021/01/26/heavy-snowfall-forces-road-closures-across-arizona/4255455001/, Heavy snowfall forces road closures across Arizona, 0
https://www.usatoday.com/https://www.usatoday.com/story/entertainment/celebrities/2021/01/26/dax-shepard-says-he-did-not-want-to-go-public-his-relapse/4256938001/, Dax Shepard says he 'did not want to' go public with his relapse, 0
https://www.usatoday.com/https://www.usatoday.com/story/entertainment/tv/2021/01/26/big-sky-recap-what-is-next-abc-thriller/4243572001/, 'Big Sky' recap: What happened (and what's next) on ABC's thriller, 0
https://www.usatoday.com/https://www.usatoday.com/story/tech/gaming/2021/01/26/gamestop-shares-surge-small-investors-face-down-hedge-funds/4257096001/, GameStop shares surge as small investors face down hedge funds, 0
https://www.usatoday.com/https://www.usatoday.com/story/sports/soccer/2021/01/26/inter-coach-conte-banned-2-matches-for-referee-confrontation/43358463/, Inter coach Conte banned 2 matches for referee confrontation, 0
https://www.usatoday.com/https://www.usatoday.com/story/sports/nfl/bills/2021/01/26/buffalo-bills-cole-beasley-played-nfl-playoffs-broken-leg-fibula/4257240001/, Buffalo Bills' Cole Beasley says he played NFL playoffs on broken leg, 0
https://www.usatoday.com/https://www.usatoday.com/videos/news/nation/2021/01/26/sign-language-asl-white-house-press-briefings/4257034001/, Sign language becomes new staple at White House press briefings, 0
https://www.usatoday.com/https://www.usatoday.com/videos/sports/sportskind/2021/01/26/bills-fan-honors-team-end-treatment-celebration/4257361001/, Bills fan honors team with end-of-treatment celebration, 0
https://www.usatoday.com/https://www.usatoday.com/story/nletter/2021/01/26/daily-money-01-26-21/4257327001/, The Daily Money 01-26-21, 0
https://www.usatoday.com/https://www.usatoday.com/story/news/world/2021/01/26/india-republic-day-farmers-storm-red-fort-tractor-rally/4257399001/, Republic Day: Angry farmers storm India Red Fort in huge tractor rally, 0
https://www.usatoday.com/https://www.usatoday.com/story/sports/highschool/2021/01/26/manchester-nj-destiny-adams-north-carolina-black-lives-matter-shirt/4257384001/, High school girls basketball star told no on Black Lives Matter shirt, 0
https://www.usatoday.com/https://www.usatoday.com/story/sports/golf/2021/01/26/modest-hatton-reaches-new-heights-in-burgeoning-golf-career/43358485/, Modest Hatton reaches new heights in burgeoning golf career, 0
https://www.usatoday.com/https://www.usatoday.com/story/entertainment/celebrities/2021/01/26/fka-twigs-details-shia-labeouf-physical-abuse-allegations/4256849001/, FKA twigs details Shia LaBeouf physical abuse allegations, 0
https://www.usatoday.com/https://www.usatoday.com/story/sports/golf/2021/01/26/love-appointed-captain-again-this-time-for-presidents-cup/115362988/, Love appointed captain again| this time for Presidents Cup, 0
https://www.usatoday.com/https://www.usatoday.com/story/tech/2021/01/26/twitter-bans-mypillow-ceo-mike-lindell-election-fraud-claims/4257458001/, Twitter permanently bans MyPillow CEO after Trump election claims, 0
https://www.usatoday.com/https://www.usatoday.com/story/travel/airline-news/2021/01/26/delta-air-lines-bring-back-400-pilots-summer/4257310001/, Delta Air Lines will bring back 400 pilots by summer, 0
https://www.usatoday.com/https://www.usatoday.com/story/sports/nfl/packers/2021/01/26/brett-favre-packers-aaron-rodgers-comments-after-nfl-playoff-loss/4257622001/, Brett Favre on Packers' Aaron Rodgers' comments after NFL playoff loss, 0
https://www.usatoday.com/https://www.usatoday.com/videos/news/weather/2021/01/26/winter-storm-dumps-heavy-snow-parts-iowa/4256515001/, Winter storm dumps heavy snow on parts of Iowa, 0
https://www.usatoday.com/https://www.usatoday.com/videos/life/militarykind/2021/01/26/three-times-marines-surprised-their-little-brothers/4257740001/, Three times Marines surprised their little brothers, 0
https://www.usatoday.com/https://www.usatoday.com/videos/news/nation/2021/01/26/periodical-cicadas-returning-15-states-after-17-years-underground/4258010001/, Periodical cicadas are returning in 15 states after 17 years underground, 0
https://www.usatoday.com/https://www.usatoday.com/story/entertainment/celebrities/2021/01/26/jane-fonda-receive-2021-golden-globes-cecil-b-demille-award/4257796001/, Jane Fonda to receive 2021 Golden Globes' Cecil B. DeMille Award, 0
https://www.usatoday.com/https://www.usatoday.com/videos/news/weather/2021/01/26/colorado-families-find-socially-distanced-fun-ice-castles/4254875001/, Colorado families find socially distanced fun with ice castles, 0
https://www.usatoday.com/https://www.usatoday.com/story/sports/nba/2021/01/26/michael-jordan-boat-catch-23-claims-sailfish-tournament-title/4257607001/, Michael Jordan' boat| Catch 23| claims sailfish tournament title, 0
https://www.usatoday.com/https://www.usatoday.com/story/news/politics/2021/01/26/politics-live-updates-senators-sworn-impeachment-trial/4254926001/, Politics live updates: Sen. Leahy discharged from hospital, 0
https://www.usatoday.com/https://www.usatoday.com/story/sports/mlb/mets/2021/01/26/trevor-bauer-mets-offer-contract/4258036001/, Trevor Bauer offered near record-setting deal from Mets, 0
https://www.usatoday.com/https://www.usatoday.com/story/travel/cruises/2021/01/26/carnival-cancels-more-cruises-sailings-from-san-diego/4257140001/, Carnival cancels more cruises| including sailings from San Diego, 0
https://www.usatoday.com/https://www.usatoday.com/videos/entertainment/books/2021/01/26/star-has-survived-being-eaten-black-hole/4257995001/, This star has survived being eaten by a black hole, 0
https://www.usatoday.com/https://www.usatoday.com/videos/entertainment/tv/2021/01/26/week-4-abcs-bachelor-reached-new-levels-meanness-bullying-and-cattiness/4258327001/, 'Bachelor' recap: Top mean and nice girl moments from week 4, 0
https://www.usatoday.com/https://www.usatoday.com/story/news/pr/2021/01/26/usa-today-kicks-off-its-33rd-ad-meter-program/4257644001/, USA TODAY kicks off its 33rd Ad Meter, 0
https://www.usatoday.com/https://www.usatoday.com/story/news/nation/2021/01/26/harriet-tubman-twenty-dollar-bill-replace-andrew-jackson/4257038001/, Harriet Tubman on $20 bill: What to know about the abolitionist hero, 0
https://www.usatoday.com/https://www.usatoday.com/story/entertainment/celebrities/2021/01/26/jojo-siwa-coming-out-lgbtq-community-matters/4250186001/, JoJo Siwa coming out in LGBTQ community matters. Here's why, 0
https://www.usatoday.com/https://www.usatoday.com/picture-gallery/news/nation/2021/01/26/double-masking-encouraged-fight-covid-19-coronavirus-spread/4258484001/, Double masking encouraged to fight COVID-19 spread, 0
https://www.usatoday.com/https://www.usatoday.com/story/sports/soccer/2021/01/26/candidate-in-tainted-asian-soccer-election-calls-for-re-run/115363672/, Candidate in tainted Asian soccer election calls for re-run, 0
https://www.usatoday.com/https://www.usatoday.com/story/news/nation/2021/01/26/covid-new-jersey-hilda-brown-woman-beats-coronavirus-turns-110/4258033001/, COVID in NJ: Oldest Jersey Shore woman Hilda Brown survives| turns 110, 0
https://www.usatoday.com/https://www.usatoday.com/story/sports/olympics/2021/01/26/us-olympic-swim-trials-split-into-2-meets-because-of-covid/115363676/, US Olympic swim trials split into 2 meets because of COVID, 0
https://www.usatoday.com/https://www.usatoday.com/story/sports/nba/lakers/2021/01/26/kobe-bryant-tribute-death-sports-world/4257997001/, Kobe Bryant death: Sports world remembers NBA legend with tributes, 0
https://www.usatoday.com/https://www.usatoday.com/story/life/health-wellness/2021/01/26/stir-fry-like-professional-these-healthly-tips-dietitian/4259239001/, Stir-fry like a professional with these healthly tips from a dietitian, 0
https://www.usatoday.com/https://www.usatoday.com/story/sports/ncaab/2021/01/26/scotty-pippen-jr-leads-vandy-with-tips-from-dad-stackhouse/115363784/, Scotty Pippen Jr leads Vandy with tips from dad| Stackhouse, 0
https://www.usatoday.com/https://www.usatoday.com/videos/news/2021/01/26/guests-detail-surviving-fultondale-tornado-hotel-damaged/4256697001/, Guests detail surviving Fultondale tornado as hotel damaged, 0
https://www.usatoday.com/https://www.usatoday.com/story/sports/nfl/2021/01/26/washingtons-king-1st-black-female-assistant-position-coach/115363908/, Washington's King 1st Black female assistant position coach, 0
https://www.usatoday.com/https://www.usatoday.com/story/sports/soccer/2021/01/26/messi-back-in-barcelona-squad-for-copa-del-rey-match/43359309/, Messi back in Barcelona squad for Copa del Rey match, 0
https://www.usatoday.com/https://www.usatoday.com/videos/tech/reviewedcom/2021/01/26/lifearound-2-angels/4259647001/, LifeAround2Angels, 0
https://www.usatoday.com/https://www.usatoday.com/videos/news/2021/01/26/heavy-downpour-alabama-during-tornado-warned-storm/4256703001/, Heavy downpour in Alabama during storm with tornado warning, 0
https://www.usatoday.com/https://www.usatoday.com/story/travel/news/2021/01/26/covid-quarantine-hotels-could-coming-uk-travel/4258675001/, COVID quarantine hotels could be coming for UK travel, 0
https://www.usatoday.com/https://www.reviewed.com/style/features/10-popular-mens-joggers-winter-adidas-lululemon-everlane?utm_source=usat&utm_medium=referral&utm_campaign=collab, 10 popular men's joggers you'll want to live in, 0
https://www.usatoday.com/https://www.usatoday.com/story/sports/mlb/2021/01/26/ap-source-indians-bringing-back-2b-csar-hernndez-for-2021/43359323/, AP source: Indians| 2B César Hernández agree on 1-year deal, 0
https://www.usatoday.com/https://www.reviewed.com/parenting/features/products-make-breastfeeding-easier?utm_source=usat&utm_medium=referral&utm_campaign=collab, Planning to breastfeed? These 10 products will make it easier, 0
https://www.usatoday.com/https://www.usatoday.com/videos/tech/2021/01/26/my-pillow-ceo-now-banned-twitter/4258957001/, My Pillow CEO is now banned from Twitter, 0
https://www.usatoday.com/https://www.usatoday.com/videos/news/2021/01/26/lightning-strikes-tornado-hits-fultondale-alabama/4256688001/, Lightning strikes as tornado hits Fultondale| Alabama, 0
https://www.usatoday.com/https://www.usatoday.com/videos/tech/reviewedcom/2021/01/26/prima-bath-gem/4260193001/, Prima Bath Gem, 0
https://www.usatoday.com/https://www.10best.com/interests/explore/reykjavik-iceland-beautiful-photo-tour/, Explore Reykjavik from afar on this virtual tour, 0
https://www.usatoday.com/https://www.usatoday.com/story/sports/cycling/2021/01/26/cyclocross-worlds-to-go-ahead-as-planned-despite-virus/43359359/, Cyclocross worlds to go ahead as planned despite virus, 0
https://www.usatoday.com/https://www.usatoday.com/story/sports/2021/01/26/jimmer-fredette-basketball-byu-shanghai/4259064001/, Former BYU star Jimmer Fredette scores 70 for Shanghai Sharks, 0
https://www.usatoday.com/https://www.usatoday.com/story/news/nation/2021/01/26/wisconsin-priest-zuhlsdorf-leaves-diocese-after-voter-fraud-exorcisms/4260307001/, Wisconsin priest Zuhlsdorf leaves diocese after voter fraud exorcisms, 0
https://www.usatoday.com/https://www.usatoday.com/story/money/markets/2021/01/26/us-stock-indexes-edge-higher-earnings-vaccine-optimism/4260539001/, Stocks give up an early lead and end lower on Wall Street, 0
https://www.usatoday.com/https://www.reviewed.com/headphones/content/samsung-galaxy-buds-pro-review?utm_source=usat&utm_medium=referral&utm_campaign=collab, Samsung's take on the AirPods Pro is a winner, 0
https://www.usatoday.com/https://www.usatoday.com/story/sports/nfl/2021/01/26/nfls-1st-future-to-award-150000-on-television-show/115364320/, NFL's 1st & Future to award $150|000 on television show, 0
https://www.usatoday.com/https://www.usatoday.com/story/news/2021/01/26/donald-trump-impeachment-trial-begin-senate-mulls-witnesses/6660660002/, Donald Trump impeachment trial to begin as Senate mulls witnesses, 0
https://www.usatoday.com/https://www.usatoday.com/story/sports/golf/2021/01/26/pga-tour-goes-to-torrey-pines-without-7-time-winner-woods/115364334/, PGA Tour goes to Torrey Pines without 7-time winner Woods, 0
https://www.usatoday.com/https://www.usatoday.com/story/sports/sports-betting/2021/01/26/washington-wizards-at-houston-rockets-odds-picks-and-prediction/115364318/, Washington Wizards at Houston Rockets odds| picks and prediction, 0
https://www.usatoday.com/https://www.usatoday.com/story/sports/ncaab/acc/2021/01/26/mike-krzyzewski-apologizes-reporter-exchange-after-duke-loss/4259794001/, Mike Krzyzewski apologizes to reporter for exchange after Duke loss, 0
https://www.usatoday.com/https://www.usatoday.com/videos/tech/reviewedcom/2021/01/26/prima-bath-gem/4260829001/, Prima Bath Gem, 0
https://www.usatoday.com/https://www.usatoday.com/story/sports/ncaaf/2021/01/26/hoosiers-name-georgias-warren-new-defensive-coordinator/115364352/, Hoosiers name Georgia's Warren new defensive coordinator, 0
https://www.usatoday.com/https://www.usatoday.com/story/sports/mlb/2021/01/26/brad-hand-gets-105m-from-nationals-65m-of-it-deferred/43359559/, Brad Hand gets $10.5M from Nationals| $6.5M of it deferred, 0
https://www.usatoday.com/https://www.usatoday.com/videos/news/nation/2021/01/26/commerce-nominee-investment-needed-recovery/4260973001/, Commerce nominee: Investment needed for recovery, 0
https://www.usatoday.com/https://www.usatoday.com/story/sports/ncaaf/2021/01/26/former-tennessee-db-lawrence-commits-to-oklahoma/115365324/, Former Tennessee DB Lawrence commits to Oklahoma, 0
https://www.usatoday.com/https://www.usatoday.com/story/sports/sports-betting/2021/01/26/mississippi-state-at-tennessee-odds-picks-and-prediction/115364440/, Mississippi State at Tennessee odds| picks and prediction, 0
https://www.usatoday.com/https://www.usatoday.com/story/sports/mls/2021/01/26/sporting-kc-hires-feilhaber-as-part-of-technical-staff/43359585/, Sporting KC hires Feilhaber as part of technical staff, 0
https://www.usatoday.com/https://www.usatoday.com/story/travel/hotels/2021/01/26/covid-testing-hyatt-offers-free-tests-mexico-caribbean/4259926001/, COVID testing: Hyatt offers free tests in Mexico| Caribbean| more, 0
https://www.usatoday.com/https://www.usatoday.com/story/news/politics/elections/2021/01/26/joe-biden-sign-new-executive-orders-laying-out-racial-equity-agenda/4259711001/, Joe Biden to sign new executive orders laying out racial equity agenda, 0
https://www.usatoday.com/https://www.usatoday.com/story/sports/nba/2021/01/26/harthorne-wingo-73-fan-favorite-on-knicks-title-team-dies/43359599/, Harthorne Wingo| 73| fan favorite on Knicks title team| dies, 0
https://www.usatoday.com/https://www.usatoday.com/story/news/politics/2021/01/26/acting-capitol-police-chief-apologizes-handling-jan-6-riot/4260641001/, Acting Capitol Police Chief apologizes for handling of Jan. 6 riot, 0
https://www.usatoday.com/https://www.usatoday.com/story/nletter/staying-apart-together/2021/01/26/sometimes-hibernating-feels-like-good-idea/4248705001/, Sometimes hibernating feels like a good idea, 0
https://www.usatoday.com/https://www.usatoday.com/videos/life/humankind/2021/01/26/man-lifts-best-friend-air-when-they-reunite/4261391001/, Man lifts best friend in the air when they reunite, 0
https://www.usatoday.com/https://www.usatoday.com/story/sports/sports-betting/2021/01/26/georgia-tech-at-duke-odds-picks-and-prediction/115364474/, Georgia Tech at Duke odds| picks and prediction, 0
https://www.usatoday.com/https://www.usatoday.com/story/news/politics/elections/2021/01/26/senate-confirms-antony-blinken-president-bidens-secretary-state/4242530001/, Senate confirms Antony Blinken as President Biden's secretary of state, 0
https://www.usatoday.com/https://www.usatoday.com/videos/news/nation/2021/01/26/nj-governor-biden-ramp-up-vaccine-production/4261846001/, NJ Governor to Biden: ramp up vaccine production, 0
https://www.usatoday.com/https://www.usatoday.com/picture-gallery/entertainment/celebrities/2021/01/26/celebrities-who-welcomed-babies-2021/4124731001/, Harry and Meghan| Erin and Ben Napier: Stars who welcomed 2021 babies, 0
https://www.usatoday.com/https://www.usatoday.com/story/news/education/2021/01/26/cobb-county-georgia-teachers-died-covid-face-masks/4258250001/, COVID killed Georgia teachers. Cobb County officials didn't wear masks, 0
https://www.usatoday.com/https://www.usatoday.com/story/sports/sports-betting/2021/01/26/pittsburgh-penguins-at-boston-bruins-odds-picks-and-prediction/115364550/, Pittsburgh Penguins at Boston Bruins odds| picks and prediction, 0
https://www.usatoday.com/https://www.usatoday.com/story/entertainment/movies/2021/01/26/the-little-things-review-denzel-washington-jared-leto-failed-throwback/4253425001/, 'The Little Things' review: Denzel Washington heads failed throwback, 0
https://www.usatoday.com/https://www.usatoday.com/story/sports/ncaab/maac/2021/01/26/iona-college-mens-basketball-rick-pitino-contracted-covid-19/4261638001/, Rick Pitino| Iona College basketball coach| contracted COVID-19, 0
https://www.usatoday.com/https://www.usatoday.com/videos/news/nation/2021/01/26/janet-yellen-sworn-bidens-treasury-secretary/4262078001/, Janet Yellen sworn in as Biden's Treasury Secretary, 0
https://www.usatoday.com/https://www.usatoday.com/story/tech/2021/01/26/massive-internet-outage-affecting-northeast-us-users/4261868001/, Massive internet outage affecting Northeast US users, 0
https://www.usatoday.com/https://www.usatoday.com/story/sports/golf/2021/01/26/column-the-lack-of-wins-starting-to-pile-up-for-tony-finau/43359663/, Column: The lack of wins starting to pile up for Tony Finau, 0
https://www.usatoday.com/https://www.usatoday.com/story/entertainment/celebrities/2021/01/26/washington-post-executive-editor-marty-baron-retire-next-month/4262026001/, Washington Post executive editor Marty Baron to retire next month, 0
https://www.usatoday.com/https://www.usatoday.com/story/sports/ncaaf/2021/01/26/alabama-football-coaching-staff-nick-saban-obrien-marrone/4257614001/, Alabama staff led by Nick Sabana will make college football history, 0
https://www.usatoday.com/https://www.usatoday.com/videos/news/nation/2021/01/26/biden-admin-put-abolitionist-hero-harriet-tubman-20-bill/4260662001/, Biden admin to put abolitionist hero Harriet Tubman on the $20 bill, 0
https://www.usatoday.com/https://www.usatoday.com/story/sports/sports-betting/2021/01/26/chicago-blackhawks-at-nashville-predators-odds-picks-and-prediction/115364640/, Chicago Blackhawks at Nashville Predators odds| picks and prediction, 0
https://www.usatoday.com/https://www.usatoday.com/story/entertainment/movies/2021/01/26/never-rarely-sometimes-always-minari-lead-spirit-awards-nominations/4260798001/, Spirit Awards nominees: 'Never Rarely Sometimes Always|' 'Minari' lead, 0
https://www.usatoday.com/https://www.usatoday.com/story/sports/soccer/2021/01/26/chelsea-hires-thomas-tuchel-to-coach-premier-league-club/43359689/, Chelsea hires Thomas Tuchel to coach Premier League club, 0
https://www.usatoday.com/https://www.usatoday.com/story/sports/ncaaf/2021/01/26/vandy-coach-hires-former-teammate-as-run-game-coordinator/43359699/, Vandy coach hires former teammate as run game coordinator, 0
https://www.usatoday.com/https://www.usatoday.com/story/news/factcheck/2021/01/26/fact-check-hank-aaron-death-unlikely-result-covid-19-vaccine/6699577002/, Fact check: Hank Aaron's death not likely result of COVID-19 vaccine, 0
https://www.usatoday.com/https://www.usatoday.com/story/sports/soccer/2021/01/26/chelsea-hires-thomas-tuchel-as-manager-on-18-month-contract/115364748/, Tuchel quickly back to work as new Chelsea manager, 0
https://www.usatoday.com/https://www.reviewed.com/beauty/best-right-now/best-bath-bombs?utm_source=usat&utm_medium=referral&utm_campaign=collab, The best bath bombs of 2021, 0
https://www.usatoday.com/https://www.usatoday.com/story/news/nation/2021/01/26/lethal-attack-lake-charles-louisiana-walmart-4-girls-arrested/4262005001/, Lethal attack at Lake Charles| Louisiana| Walmart: 4 girls arrested, 0
https://www.usatoday.com/https://www.usatoday.com/story/travel/news/2021/01/26/appalachian-trail-conservancy-no-thru-hiking-recognition-covid-19-2021/4261962001/, Appalachian Trail Conservancy discourages thru-hikers in 2021, 0
https://www.usatoday.com/https://www.usatoday.com/picture-gallery/news/politics/2021/01/26/janet-yellen-first-female-treasury-secretary/4262208001/, Janet Yellen| the first female Treasury Secretary, 0
https://www.usatoday.com/https://www.usatoday.com/sitemap/2021/january/26/, 1, 0
https://www.usatoday.com/https://www.usatoday.com/sitemap/2021/january/26/?page=2, 2, 0
