https://www.usatoday.com/https://www.usatoday.com/story/sports/soccer/2021/01/27/matchday-liverpool-in-a-rut-heading-to-tottenham-in-epl/115369800/, MATCHDAY: Liverpool in a rut heading to Tottenham in EPL, 0
https://www.usatoday.com/https://www.usatoday.com/story/news/politics/2021/01/27/marjorie-taylor-greene-facing-backlash-democrats-over-comments/4282313001/, Marjorie Taylor Greene faces calls to be ousted over Facebook comments, 0
https://www.usatoday.com/https://www.usatoday.com/videos/news/nation/2021/01/28/family-celebrities-mourn-one-time-home-run-king/4286486001/, Family| celebrities mourn one-time home run king, 0
https://www.usatoday.com/https://www.usatoday.com/story/news/education/2021/01/27/san-francisco-rename-44-schools-racism-slavery-lincoln-washington/4283930001/, San Francisco to rename 44 schools because of ties to racism| slavery, 0
https://www.usatoday.com/https://www.usatoday.com/story/tech/2021/01/27/facebook-groups-news-feed-politics-fighting-zuckerberg/4286119001/, Facebook to downplay politics in groups| News Feed| Zuckerberg says, 0
https://www.usatoday.com/https://www.usatoday.com/videos/news/nation/2021/01/28/stocks-have-worst-day-since-oct-big-tech-sinks/4286528001/, Stocks have worst day since Oct. as big tech sinks, 0
https://www.usatoday.com/https://www.usatoday.com/story/sports/nfl/2021/01/27/te-jason-witten-says-hes-retiring-again-after-17th-season/115369446/, TE Jason Witten says he's retiring again after 17th season, 0
https://www.usatoday.com/https://www.usatoday.com/story/sports/wnba/sky/2021/01/27/canadace-parker-to-leave-sparks-sign-chicago-sky-free-agency/4286077001/, Candace Parker: WNBA star to leave L.A. Sparks| sign with Chicago Sky, 0
https://www.usatoday.com/https://www.usatoday.com/videos/entertainment/entertainthis/2021/01/28/super-bowl-img-models-next-steps-inaugural-poet-amanda-gorman/4286608001/, Super Bowl| IMG Models are next steps for Inaugural poet Amanda Gorman, 0
https://www.usatoday.com/https://www.usatoday.com/story/sports/nfl/colts/2021/01/27/andrew-luck-retired-welcome-back-colts-jim-irsay/4286639001/, Andrew Luck is welcome back| but Colts owner Jim Irsay won't expect it, 0
https://www.usatoday.com/https://www.usatoday.com/story/sports/ncaab/2021/01/27/sheppard-carries-rhode-island-over-la-salle-73-60/43362161/, Sheppard carries Rhode Island over La Salle 73-60, 0
https://www.usatoday.com/https://www.usatoday.com/story/opinion/policing/2021/01/27/better-policing-begins-accountability-end-qualified-immunity-column/4251822001/, Better policing begins with accountability| end of qualified immunity, 0
https://www.usatoday.com/https://www.usatoday.com/story/entertainment/celebrities/2021/01/27/first-lady-jill-bidens-staff-monitor-task-force-reunite-separated-families/4283677001/, Jill Biden's staff to monitor task force to reunite separated families, 0
https://www.usatoday.com/https://www.usatoday.com/story/sports/ncaab/2021/01/27/pippen-scores-34-to-carry-kent-st-over-bowling-green-96-91/43362163/, Pippen scores 34 to carry Kent St. over Bowling Green 96-91, 0
https://www.usatoday.com/https://www.reviewed.com/laptops/content/apple-m1-macbook-air-2020-review?utm_source=usat&utm_medium=referral&utm_campaign=collab, Apple's M1 MacBook Air is the best laptop you can buy, 0
https://www.usatoday.com/https://www.usatoday.com/story/sports/golf/2021/01/27/former-world-no-1s-hobe-sound-home-listed-for-599-million/115369176/, Greg Norman's beachfront estate in Hobe Sound| Florida| is for sale, 0
https://www.usatoday.com/https://www.usatoday.com/story/money/shopping/2021/01/27/hobby-lobby-stopping-40-percent-coupons/4285958001/, Hobby Lobby coupon going away: Retailer discontinuing its 40% coupons, 0
https://www.usatoday.com/https://www.usatoday.com/story/sports/golf/2021/01/27/mcilroy-looking-for-win-us-open-prep-at-torrey-pines/115369530/, McIlroy looking for win| U.S. Open prep at Torrey Pines, 0
https://www.usatoday.com/https://www.usatoday.com/story/sports/wnba/2021/01/27/ap-source-mcbride-heads-to-minnesota-lynx/115369532/, AP Source: McBride heads to Minnesota Lynx, 0
https://www.usatoday.com/https://www.usatoday.com/story/sports/mlb/braves/2021/01/27/hank-aaron-funeral-procession-fulton-county-stadium/4286796001/, Hank Aaron funeral procession visits where he hit home run No. 715, 0
https://www.usatoday.com/https://www.usatoday.com/videos/news/weather/2021/01/28/winter-wonderland-visits-desert-nevada/4283313001/, Winter wonderland visits the desert in Nevada, 0
https://www.usatoday.com/https://www.usatoday.com/story/sports/ncaab/2021/01/27/osborne-gray-help-no-16-florida-state-beat-miami-81-59/43362187/, Osborne| Gray help No. 16 Florida State beat Miami 81-59, 0
https://www.usatoday.com/https://www.usatoday.com/videos/news/have-you-seen/video/2021/01/28/real-tortoise-and-hare-race/4286999001/, Race between the tortoise and the hare: Who you got?, 0
https://www.usatoday.com/https://www.usatoday.com/story/news/factcheck/2021/01/27/fact-check-flyer-calling-capitol-riot-stanford-event-satire/4267449001/, Fact check: Flyer calling U.S. Capitol riot a Stanford event is satire, 0
https://www.usatoday.com/https://www.usatoday.com/story/tech/reviewedcom/2021/01/27/keurig-sale-get-keurig-k-cafe-great-discount-right-now/4284843001/, Keurig sale: Get the Keurig K-Cafe for a great discount right now, 0
https://www.usatoday.com/https://www.usatoday.com/story/tech/reviewedcom/2021/01/27/macys-home-sale-shop-department-stores-big-savings-event/4276130001/, Macy's home sale: Shop the department store's big savings event, 0
https://www.usatoday.com/https://www.usatoday.com/story/tech/2021/01/27/apple-iphone-earnings-record-revenue-111-billion/4283569001/, Apple iPhone record sales spur $111 billion all-time revenue mark, 0
https://www.usatoday.com/https://www.usatoday.com/story/sports/mlb/2021/01/27/ap-source-lefty-aaron-loup-agrees-to-1-year-deal-with-mets/43362299/, AP source: Lefty Aaron Loup agrees to 1-year deal with Mets, 0
https://www.usatoday.com/https://www.usatoday.com/videos/news/nation/2021/01/28/san-francisco-rename-washington-lincoln-schools/4287254001/, San Francisco to rename Washington| Lincoln schools, 0
https://www.usatoday.com/https://www.usatoday.com/story/entertainment/movies/2021/01/27/promising-young-woman-carey-mulligan-apology-review/4285261001/, 'Promising Young Woman's Carey Mulligan receives apology for review, 0
https://www.usatoday.com/https://www.usatoday.com/story/money/markets/2021/01/27/gamestop-stock-pits-small-investors-against-wall-street/4287099001/, GameStop: Stock pits small investors against Wall Street, 0
https://www.usatoday.com/https://www.usatoday.com/story/sports/mlb/2021/01/27/versatile-profar-signs-21m-3-year-deal-with-padres/43362195/, Versatile Profar signs $21M| 3-year deal with Padres, 0
https://www.usatoday.com/https://www.usatoday.com/story/news/nation/2021/01/27/blue-shield-california-tapped-run-state-vaccine-system/4284673001/, Blue Shield of California tapped to run state vaccine system, 0
https://www.usatoday.com/https://www.usatoday.com/story/sports/ncaab/2021/01/27/no-20-hokies-rebound-from-road-loss-to-top-notre-dame-62-51/43362197/, No. 20 Hokies rebound from road loss to top Notre Dame 62-51, 0
https://www.usatoday.com/https://www.usatoday.com/picture-gallery/sports/nhl/2021/01/28/nhl-trade-tracker-2021-season/6685245002/, NHL trade tracker for 2021 season, 0
https://www.usatoday.com/https://www.usatoday.com/story/sports/ncaab/2021/01/27/parham-scores-23-to-lift-vmi-over-western-carolina-87-61/115369608/, Parham scores 23 to lift VMI over Western Carolina 87-61, 0
https://www.usatoday.com/https://www.usatoday.com/story/sports/ncaab/2021/01/27/miller-scores-22-to-carry-unc-greensboro-past-mercer-81-68/115370052/, Miller scores 22 to carry UNC Greensboro past Mercer 81-68, 0
https://www.usatoday.com/https://www.usatoday.com/story/sports/ncaaw/2021/01/27/no-24-west-virginia-women-win-7th-straight-beat-texas-tech/115370054/, No. 24 West Virginia women win 7th straight| beat Texas Tech, 0
https://www.usatoday.com/https://www.usatoday.com/story/money/2021/01/27/bernie-sanders-mittens-memes-raise-1-8-m-vermont-charity/4287363001/, Bernie Sanders mittens| memes help raise $1.8M for Vermont charities, 0
https://www.usatoday.com/https://www.usatoday.com/story/sports/ncaab/2021/01/27/ballock-scores-29-points-no-17-creighton-beats-seton-hall/115369618/, Ballock scores 29 points| No. 17 Creighton beats Seton Hall, 0
https://www.usatoday.com/https://www.usatoday.com/story/sports/ncaab/2021/01/27/florida-hands-vanderbilt-6th-straight-loss-78-71/43362207/, Florida hands Vanderbilt 6th straight loss| 78-71, 0
https://www.usatoday.com/https://www.usatoday.com/story/sports/nba/2021/01/27/sabonis-triple-double-sinks-hornets-116-106/43362217/, Pacers' Sabonis has triple-double to sink Hornets 116-106, 0
https://www.usatoday.com/https://www.usatoday.com/story/sports/ncaab/2021/01/27/bryant-defense-help-south-carolina-beat-georgia-83-59/43362233/, Bryant| defense help South Carolina beat Georgia 83-59, 0
https://www.usatoday.com/https://www.usatoday.com/story/sports/nba/2021/01/27/rested-kings-get-29-points-from-hield-defeat-magic-121-107/115369658/, Rested Kings get 29 points from Hield| defeat Magic 121-107, 0
https://www.usatoday.com/https://www.usatoday.com/story/sports/nba/2021/01/27/sexton-scores-29-points-cavaliers-beat-pistons-122-107/115369660/, Sexton scores 29 points| Cavaliers beat Pistons 122-107, 0
https://www.usatoday.com/https://www.usatoday.com/story/sports/nba/2021/01/27/nuggets-run-away-from-short-handed-heat-109-82/43362235/, Nuggets run away from short-handed Heat| 109-82, 0
https://www.usatoday.com/https://www.usatoday.com/story/sports/2021/01/27/nba-all-star-fan-voting-plans-announced/4287778001/, NBA All-Star voting will begin Thursday even though no game is set, 0
https://www.usatoday.com/https://www.usatoday.com/story/sports/ncaab/2021/01/27/liddells-late-fts-lift-ohio-state-over-penn-state-83-79/43362255/, Liddell's late FTs lift Ohio State over Penn State 83-79, 0
https://www.usatoday.com/https://www.usatoday.com/picture-gallery/sports/nba/2021/01/28/nba-best-dunk-photos-2020-21-season/4286456001/, NBA: Best dunk photos of the 2020-21 season, 0
https://www.usatoday.com/https://www.usatoday.com/story/sports/ncaab/2021/01/27/no-12-ohio-state-holds-off-penn-state-83-79/43362273/, No. 12 Ohio State holds off Penn State 83-79, 0
https://www.usatoday.com/https://www.usatoday.com/story/sports/nfl/2021/01/27/ap-sources-michael-strahan-tests-positive-for-covid-19/43362277/, Michael Strahan| Hall of Famer and 'GMA' host| has coronavirus, 0
https://www.usatoday.com/https://www.usatoday.com/story/tech/reviewedcom/2021/01/27/amazon-sale-get-top-rated-keurig-aerogarden-plant-and-more-less/4286948001/, Amazon sale: Get a top-rated Keurig| an AeroGarden plant and more for less, 0
https://www.usatoday.com/https://www.usatoday.com/story/sports/ncaab/2021/01/27/providence-controls-ot-tops-marquette-72-63/115369724/, Providence controls OT| tops Marquette 72-63, 0
https://www.usatoday.com/https://www.usatoday.com/story/entertainment/tv/2021/01/27/cloris-leachman-honored-mel-brooks-viola-davis-after-death/4287296001/, Cloris Leachman honored by Mel Brooks| Viola Davis and other stars, 0
https://www.usatoday.com/https://www.usatoday.com/story/sports/mlb/2021/01/27/mets-trade-pitcher-steven-matz-blue-jays/4288284001/, Mets trade starting pitcher Steven Matz to Blue Jays, 0
https://www.usatoday.com/https://www.usatoday.com/story/sports/ncaab/2021/01/27/massner-carries-northwestern-state-over-new-orleans-81-73/43362301/, Massner carries Northwestern State over New Orleans 81-73, 0
https://www.usatoday.com/https://www.usatoday.com/story/sports/nba/2021/01/27/durants-32-points-lead-nets-past-young-hawks-132-128-in-ot/43362305/, Durant's 32 points lead Nets past Young| Hawks 132-128 in OT, 0
https://www.usatoday.com/https://www.usatoday.com/story/news/politics/2021/01/27/biden-executive-orders-first-week-president-trump/4255786001/, Biden executive orders: A look at his first week as president, 0
https://www.usatoday.com/https://www.usatoday.com/story/sports/ncaab/2021/01/27/lampley-leads-sam-houston-st-over-texas-am-cc-75-70/115369740/, Lampley leads Sam Houston St. over Texas A&M-CC 75-70, 0
https://www.usatoday.com/https://www.usatoday.com/story/sports/nba/2021/01/27/harris-shot-in-final-seconds-leads-76ers-past-lakers-107-106/115369744/, Harris shot in final seconds leads 76ers past Lakers 107-106, 0
https://www.usatoday.com/https://www.usatoday.com/story/sports/nhl/sharks/2021/01/27/sharks-first-home-game-sap-center-santa-clara/4288407001/, Sharks to play first home game in SAP Center in mid-February, 0
https://www.usatoday.com/https://www.usatoday.com/videos/news/nation/2021/01/28/rhea-perlman-gets-1st-covid-vaccine-dodger-stadium/4288576001/, Rhea Perlman gets 1st COVID vaccine at Dodger Stadium, 0
https://www.usatoday.com/https://www.usatoday.com/videos/entertainment/2021/01/28/rhea-perlman-gets-1st-covid-vaccine-dodger-stadium/4288580001/, Rhea Perlman gets 1st COVID vaccine at Dodger Stadium, 0
https://www.usatoday.com/https://www.usatoday.com/story/sports/nfl/texans/2021/01/27/houston-texans-hire-ravens-assistant-david-culley-head-coach/4288346001/, Houston Texans to hire Ravens assistant David Culley as head coach, 0
https://www.usatoday.com/https://www.usatoday.com/story/sports/ncaab/2021/01/27/daniels-lead-nc-state-to-72-67-win-over-wake-forest/43362323/, Daniels lead N.C. State to 72-67 win over Wake Forest, 0
https://www.usatoday.com/https://www.usatoday.com/story/sports/tennis/2021/01/27/with-quarantines-almost-over-tennis-set-to-start-down-under/43362347/, With quarantines almost over| tennis set to start Down Under, 0
https://www.usatoday.com/https://www.usatoday.com/story/sports/ncaab/2021/01/27/gordon-leads-nicholls-st-past-mcneese-st-76-69/115369778/, Gordon leads Nicholls St. past McNeese St. 76-69, 0
https://www.usatoday.com/https://www.usatoday.com/story/sports/nhl/2021/01/27/miller-motte-lift-canucks-over-slumping-senators-5-1/43362351/, Miller| Motte lift Canucks over slumping Senators 5-1, 0
https://www.usatoday.com/https://www.usatoday.com/story/sports/nfl/2021/01/27/ap-source-houston-texans-hire-baltimore-ravens-assistant-david-culley-as-head-coach/115369784/, AP source: Houston Texans hire Baltimore Ravens assistant David Culley as head coach, 0
https://www.usatoday.com/https://www.usatoday.com/story/sports/mlb/2021/01/27/mets-trade-lhp-steven-matz-to-blue-jays-for-3-young-arms/43362357/, Mets trade LHP Steven Matz to Blue Jays for 3 young arms, 0
https://www.usatoday.com/https://www.usatoday.com/story/sports/nfl/2021/01/27/ap-source-texans-hire-ravens-assistant-culley-as-coach/115370106/, AP source: Texans hire Ravens assistant Culley as coach, 0
https://www.usatoday.com/https://www.usatoday.com/story/entertainment/celebrities/2021/01/27/larry-kings-estranged-wife-shawn-recalls-final-exchange/4288078001/, Larry King's estranged wife Shawn recalls final exchange, 0
https://www.usatoday.com/https://www.usatoday.com/story/sports/ncaab/2021/01/27/arkansas-cruises-past-ole-miss-74-59-for-3rd-straight-win/115369786/, Arkansas cruises past Ole Miss 74-59 for 3rd straight win, 0
https://www.usatoday.com/https://www.usatoday.com/story/sports/ncaab/2021/01/27/simms-leads-clemson-to-54-50-victory-over-no-25-louisville/43362361/, Simms leads Clemson to 54-50 victory over No. 25 Louisville, 0
https://www.usatoday.com/https://www.usatoday.com/story/sports/nba/2021/01/27/derozan-helps-spurs-hold-on-to-beat-celtics-110-106/43362363/, DeRozan helps Spurs hold on to beat Celtics| 110-106, 0
https://www.usatoday.com/https://www.usatoday.com/story/sports/nhl/2021/01/27/duchene-scores-in-shootout-preds-beat-blackhawks-2-1/43362367/, Duchene scores in shootout| Preds beat Blackhawks 2-1, 0
https://www.usatoday.com/https://www.usatoday.com/videos/news/nation/2021/01/28/today-history-january-28th/4288756001/, Today in History for January 28th, 0
https://www.usatoday.com/https://www.usatoday.com/story/sports/ncaab/2021/01/27/lee-scores-19-houston-baptist-beats-incarnate-word-73-57/115369798/, Lee scores 19; Houston Baptist beats Incarnate Word 73-57, 0
https://www.usatoday.com/https://www.usatoday.com/story/sports/nba/2021/01/27/tobias-harris-game-winner-sixers-hand-lakers-first-road-loss/4288267001/, Tobias Harris hits late winner to lift Sixers over Lakers, 0
https://www.usatoday.com/https://www.usatoday.com/story/sports/ncaab/2021/01/27/lee-scores-19-to-lead-houston-baptist-past-uiw-73-57/43362379/, Lee scores 19 to lead Houston Baptist past UIW 73-57, 0
https://www.usatoday.com/https://www.usatoday.com/story/sports/ncaab/2021/01/27/horne-wright-help-colorado-hold-off-washington-state-70-58/43362381/, Horne| Wright help Colorado hold off Washington State| 70-58, 0
https://www.usatoday.com/https://www.usatoday.com/story/sports/ncaab/2021/01/27/no-14-wisconsin-weathers-maryland-comeback-in-61-55-win/115369840/, No. 14 Wisconsin weathers Maryland comeback in 61-55 win, 0
https://www.usatoday.com/https://www.usatoday.com/story/sports/ncaaw/2021/01/27/no-6-stanford-rolls-over-washington-state-71-49/115369834/, No. 6 Stanford rolls over Washington State 71-49, 0
https://www.usatoday.com/https://www.usatoday.com/story/sports/nba/2021/01/27/thunder-rally-for-102-97-win-over-suns-ruining-pauls-night/115369842/, Thunder rally for 102-97 win over Suns| ruining Paul's night, 0
https://www.usatoday.com/https://www.usatoday.com/story/sports/ncaaw/2021/01/27/no-6-stanford-routs-washington-state/115369844/, No. 6 Stanford routs Washington State, 0
https://www.usatoday.com/https://www.usatoday.com/story/sports/nba/2021/01/27/jazz-beat-mavericks-116-104-for-10th-straight-victory/43362403/, Jazz beat Mavericks 116-104 for 10th straight victory, 0
https://www.usatoday.com/https://www.usatoday.com/story/sports/mlb/2021/01/27/bass-can-earn-85m-over-3-years-with-marlins-if-he-closes/43362415/, Bass can earn $8.5M over 3 years with Marlins if he closes, 0
https://www.usatoday.com/https://www.usatoday.com/story/entertainment/celebrities/2021/01/27/jared-leto-reveals-his-oscar-trophy-disappeared-three-years-ago/4288086001/, Jared Leto reveals his Oscar trophy 'disappeared' three years ago, 0
https://www.usatoday.com/https://www.usatoday.com/story/sports/nba/2021/01/27/ingram-williamson-each-score-32-pelicans-top-beal-wizards/115369900/, Ingram| Williamson each score 32| Pelicans top Beal| Wizards, 0
https://www.usatoday.com/https://www.usatoday.com/story/sports/ncaab/2021/01/27/hemphill-scores-24-to-lead-drake-past-missouri-st-78-73/115369926/, Hemphill scores 24 to lead Drake past Missouri St. 78-73, 0
https://www.usatoday.com/https://www.usatoday.com/story/money/cars/2021/01/28/iihs-aaa-crash-test-speeding-traffic-safety/4265112001/, IIHS| AAA crash test study: Small increases in speed much deadlier, 0
https://www.usatoday.com/https://www.usatoday.com/story/money/cars/2021/01/28/gm-navistar-hydrogen-fuel-cell-trucks/4283216001/, GM partnership will put more electric long-haul trucks on American roads, 0
https://www.usatoday.com/https://www.usatoday.com/story/money/2021/01/28/nra-bankruptcy-national-rifle-association-chapter-11/6657581002/, NRA bankruptcy: Is gun rights group really eligible for Chapter 11?, 0
https://www.usatoday.com/https://www.usatoday.com/story/sports/ncaab/2021/01/28/kirby-lifts-se-louisiana-past-central-arkansas-69-57/43362417/, Kirby lifts SE Louisiana past Central Arkansas 69-57, 0
https://www.usatoday.com/https://www.usatoday.com/story/sports/ncaab/2021/01/28/mitchell-33-for-no-2-baylor-in-107-59-rout-over-k-state/43362439/, Mitchell 33 for No. 2 Baylor in 107-59 rout over K-State, 0
https://www.usatoday.com/https://www.usatoday.com/story/sports/ncaab/2021/01/28/roddy-scores-27-to-carry-colorado-st-past-boise-st-78-56/43362419/, Roddy scores 27 to carry Colorado St. past Boise St. 78-56, 0
https://www.usatoday.com/https://www.usatoday.com/story/news/nation/2021/01/27/california-man-ian-rogers-blow-up-democrat-building-feds/4288111001/, California man wanted to 'blow up' Democrat building| feds say, 0
https://www.usatoday.com/https://www.usatoday.com/story/sports/nba/wizards/2021/01/27/bradley-beal-wizards-nba-record-10-consecutive-losses-40-points/4289219001/, Bradley Beal sets dubious NBA record in Wizards' loss to Pelicans, 0
https://www.usatoday.com/https://www.usatoday.com/story/sports/nba/2021/01/28/warriors-beat-timberwolves-123-111-to-sweep-2-game-series/115369998/, Warriors beat Timberwolves 123-111 to sweep 2-game series, 0
https://www.usatoday.com/https://www.usatoday.com/story/sports/nba/sixers/2021/01/28/joel-embiid-says-lebron-james-deserved-ejection-flagrant-foul/115369882/, Joel Embiid says LeBron James should've been ejected for flagrant foul, 0
https://www.usatoday.com/https://www.usatoday.com/story/sports/ncaab/2021/01/28/worsters-near-triple-double-helps-utah-st-beat-unlv-83-74/115370026/, Worster's near triple-double helps Utah St. beat UNLV 83-74, 0
https://www.usatoday.com/https://www.usatoday.com/story/sports/ncaab/2021/01/28/no-7-iowa-no-19-illinois-to-end-long-layoffs-with-faceoff/115370048/, No. 7 Iowa| No. 19 Illinois to end long layoffs with faceoff, 0
https://www.usatoday.com/https://www.usatoday.com/videos/news/nation/2021/01/28/trio-create-free-store-charlottes-homeless/4289633001/, Trio create "free store" for Charlotte's homeless, 0
https://www.usatoday.com/https://www.usatoday.com/story/sports/nba/columnist/mark-medina/2021/01/28/sixers-are-they-best-team-eastern-conference/4289599001/, NBA: Are the Sixers the best team in the Eastern Conference?, 0
https://www.usatoday.com/https://www.usatoday.com/story/sports/nba/2021/01/28/grizzlies-back-to-practicing-hope-to-resume-season-quickly/115370060/, Grizzlies back to practicing| hope to resume season quickly, 0
https://www.usatoday.com/https://www.usatoday.com/story/sports/nba/2021/01/28/bucks-antetokounmpo-hold-off-raptors-115-108/115370070/, Bucks| Antetokounmpo hold off Raptors 115-108, 0
https://www.usatoday.com/https://www.usatoday.com/story/sports/wnba/2021/01/28/ap-sources-parker-headed-to-chicago-mcbride-to-minnesota/43362435/, AP sources: Parker headed to Chicago| McBride to Minnesota, 0
https://www.usatoday.com/https://www.usatoday.com/videos/news/nation/2021/01/28/navalnys-team-calls-new-protests-russia/4289698001/, Navalny’s team calls for new protests in Russia, 0
https://www.usatoday.com/https://www.usatoday.com/story/sports/olympics/2021/01/28/column-athletes-can-get-in-line-for-vaccines-like-everyone/115370068/, Column: Athletes can get in line for vaccines like everyone, 0
https://www.usatoday.com/https://www.usatoday.com/story/sports/sports-betting/2021/01/28/philadelphia-flyers-at-new-jersey-devils-odds-picks-and-prediction/115370088/, Philadelphia Flyers at New Jersey Devils odds| picks and prediction, 0
https://www.usatoday.com/https://www.usatoday.com/story/sports/sports-betting/2021/01/28/pittsburgh-penguins-at-boston-bruins-odds-picks-and-prediction/115370102/, Pittsburgh Penguins at Boston Bruins odds| picks and prediction, 0
https://www.usatoday.com/https://www.usatoday.com/story/opinion/2021/01/28/trump-impeachment-house-decides-senate-just-holds-trials-column/4276565001/, Senate doesn't decide if people can be impeached. It just holds trials., 0
https://www.usatoday.com/https://www.usatoday.com/story/sports/sports-betting/2021/01/28/new-york-rangers-at-buffalo-sabres-odds-picks-and-prediction/115370108/, New York Rangers at Buffalo Sabres odds| picks and prediction, 0
https://www.usatoday.com/https://www.usatoday.com/story/sports/sports-betting/2021/01/28/san-jose-sharks-at-colorado-avalanche-odds-picks-and-prediction/115370112/, San Jose Sharks at Colorado Avalanche odds| picks and prediction, 0
https://www.usatoday.com/https://www.usatoday.com/story/opinion/2021/01/28/covid-vaccine-time-address-racial-disparity-health-care-column/6641248002/, Covid vaccine provides perfect opportunity to address health disparities, 0
https://www.usatoday.com/https://www.usatoday.com/story/news/health/2021/01/28/covid-news-uk-strain-california-vaccine-coronavirus-chicago-schools/4282887001/, COVID news: South Africa variant; South Carolina; Michael Strahan, 0
https://www.usatoday.com/https://www.usatoday.com/story/sports/sports-betting/2021/01/28/toronto-maple-leafs-at-edmonton-oilers-odds-picks-and-prediction/115370116/, Toronto Maple Leafs at Edmonton Oilers odds| picks and prediction, 0
https://www.usatoday.com/https://www.usatoday.com/story/opinion/2021/01/28/becerra-delay-dangerous-covid-battle-sebelius-shalala-column/4072402001/, COVID battle: Becerra health secretary holdup is dangerous in pandemic, 0
https://www.usatoday.com/https://www.usatoday.com/story/tech/columnist/komando/2021/01/28/how-transfer-photos-and-videos-before-deleting-facebook-account/6661583002/, How to transfer photos and videos before deleting a Facebook account., 0
https://www.usatoday.com/https://www.usatoday.com/story/news/politics/2021/01/28/covid-19-relief-bidens-plan-faces-resistance-congress/6676228002/, COVID-19 relief: Biden's plan faces resistance in Congress, 0
https://www.usatoday.com/https://www.usatoday.com/story/news/2021/01/28/primary-care-doctors-covid-vaccine-pennsylvania-bucks-montgomery-county/4260004001/, Where can I get a COVID vaccine? Family doctors scramble to fill need, 0
https://www.usatoday.com/https://www.usatoday.com/story/news/education/2021/01/28/rochester-ny-admin-changed-special-ed-documents-faked-letters-parents/4273916001/, NY special ed administrator faked letters to parents| changed docs, 0
https://www.usatoday.com/https://www.usatoday.com/story/news/2021/01/28/mccarthy-trump-meeting-challenger-glaad-5-things-know-thursday/4270547001/, McCarthy-Trump meeting| Challenger| GLAAD: 5 things to know Thursday, 0
https://www.usatoday.com/https://www.usatoday.com/story/news/health/2021/01/28/covid-19-vaccines-cdc-safety-data-pfizer-moderna-coronavirus/4281434001/, COVID vaccines are working well| CDC says| citing early safety data, 0
https://www.usatoday.com/https://www.usatoday.com/story/sports/soccer/2021/01/28/fifa-unveils-education-program-to-combat-player-abuse/115370126/, FIFA unveils education program to combat player abuse, 0
https://www.usatoday.com/https://www.usatoday.com/story/news/politics/2021/01/28/president-biden-taking-first-steps-undo-trump-anti-abortion-actions/4282099001/, Joe Biden taking first steps on abortion to undo Trump restrictions, 0
https://www.usatoday.com/https://www.usatoday.com/videos/news/nation/2021/01/28/ap-top-stories-january-28/4289850001/, AP Top Stories January 28, 0
https://www.usatoday.com/https://www.usatoday.com/story/opinion/2021/01/28/torture-families-separated-border-suffer-long-term-consequences-column/4274567001/, 'Torture:' Families separated at border suffer long-term consequences, 0
https://www.usatoday.com/https://www.usatoday.com/story/sports/nfl/columnist/bell/2021/01/28/super-bowl-nfl-players-who-had-covid-19-returned-playing/4247230001/, Super Bowl 2021: How NFL players who had COVID-19 returned to play, 0
https://www.usatoday.com/https://www.usatoday.com/story/money/personalfinance/2021/01/28/3-moves-to-make-before-doing-a-balance-transfer/43357515/, What to do before doing a credit card balance transfer, 0
https://www.usatoday.com/https://www.usatoday.com/videos/news/nation/2021/01/28/day-28-january-2011/4289874001/, On This Day: 28 January 2011, 0
https://www.usatoday.com/https://www.usatoday.com/videos/entertainment/2021/01/28/day-28-january-2011/4289875001/, On This Day: 28 January 2011, 0
https://www.usatoday.com/https://www.usatoday.com/story/sports/nfl/buccaneers/2021/01/28/tom-brady-best-tweets-buccaneers-super-bowl/4287418001/, Super Bowl 2021: Buccaneers' Tom Brady proves he's also a Twitter GOAT, 0
https://www.usatoday.com/https://www.usatoday.com/story/entertainment/tv/2021/01/28/sinclair-ends-eric-bolling-weekly-show-america-week/4289869001/, Sinclair ends Eric Bolling's weekly show 'America This Week', 0
https://www.usatoday.com/https://www.usatoday.com/videos/tech/2021/01/28/sponge-could-future-cleaning-up-oil-spills/4281515001/, This sponge could be the future of cleaning up oil spills, 0
https://www.usatoday.com/https://www.usatoday.com/story/news/politics/elections/2021/01/28/republicans-demand-audit-kelli-wards-win-gop-chair/4289924001/, Republicans demand audit of Kelli Ward's win for Ariz. GOP chair, 0
https://www.usatoday.com/https://www.usatoday.com/story/news/50-states/2021/01/28/gorilla-recovery-hydroxychloroquine-return-prison-problems-news-around-states/115370176/, Gorilla recovery| hydroxychloroquine return: News from around our 50 states, 0
https://www.usatoday.com/https://www.usatoday.com/story/news/world/2021/01/28/daniel-pearl-death-pakistani-court-release-acquitted-beheading/4289953001/, Daniel Pearl death: Pakistani court to release acquitted in beheading, 0
https://www.usatoday.com/https://www.usatoday.com/story/entertainment/tv/2021/01/28/bachelor-victoria-good-morning-america-shoplifting-arrest-bully/4289903001/, 'Bachelor's Victoria addresses 2012 arrest| says she's 'not a bully', 0
https://www.usatoday.com/https://www.usatoday.com/story/entertainment/books/2021/01/28/former-rep-hurd-who-criticized-trump-writing-book-set-2022/4289933001/, Former Rep. Will Hurd| who criticized Trump| writing book set for 2022, 0
https://www.usatoday.com/https://www.usatoday.com/story/sports/nhl/2021/01/28/2021-nhl-season-hot-starts-debate/4269070001/, 2021 NHL season debate: Which teams' hot start isn't a fluke?, 0
https://www.usatoday.com/https://www.usatoday.com/videos/news/nation/2021/01/28/showbiz-minute-leachman-strahan-sanders/4289993001/, ShowBiz Minute: Leachman| Strahan| Sanders, 0
https://www.usatoday.com/https://www.usatoday.com/videos/entertainment/2021/01/28/showbiz-minute-leachman-strahan-sanders/4289994001/, ShowBiz Minute: Leachman| Strahan| Sanders, 0
https://www.usatoday.com/https://www.usatoday.com/story/sports/ftw/2021/01/28/nokia-gamestop-trying-understand-hectic-stock-market/4289992001/, Nokia| GameStop: Trying to understand hectic stock market, 0
https://www.usatoday.com/https://www.usatoday.com/story/sports/golf/2021/01/28/golfweeks-best-courses-alabama-shoal-creek-old-overton-robert-trent-jones/115363192/, Golfweek's best Alabama courses: Robert Trent Jones trail| Shoal Creek rate high, 0
https://www.usatoday.com/https://www.usatoday.com/story/money/investing/2021/01/28/irs-deadlines-opportunity-zones-investors-should-know/115360212/, New IRS deadlines for opportunity zones: What investors should know, 0
https://www.usatoday.com/https://www.usatoday.com/story/money/columnist/2021/01/28/how-much-should-charge-my-products-services/4286772001/, How much should I charge for my products or services?, 0
https://www.usatoday.com/https://www.usatoday.com/story/travel/columnist/cox/2021/01/28/ask-captain-why-doesnt-emergency-oxygen-mask-bag-inflate/4280886001/, Ask the Captain: Why doesn't the emergency oxygen mask bag inflate?, 0
https://www.usatoday.com/https://www.usatoday.com/story/opinion/voices/2021/01/28/children-kids-working-entrepreneurs-labor-column/4278478001/, Young entrepreneurs need snow shovels| not video games, 0
https://www.usatoday.com/https://www.usatoday.com/story/nletter/2021/01/28/mccarthy-trump-meeting-challenger-glaad-daily-briefing/4289859001/, McCarthy-Trump meeting| Challenger| GLAAD: Daily Briefing, 0
https://www.usatoday.com/https://www.usatoday.com/story/sports/nfl/super-bowl/2021/01/28/super-bowl-2021-tampa-mayor-battled-florida-desantis-covid-19/4285291001/, Super Bowl 2021: Tampa mayor battled governor over COVID-19 rules, 0
https://www.usatoday.com/https://www.usatoday.com/story/sports/mlb/yankees/2021/01/28/yankees-masahiro-tanaka-returns-japan-after-seven-mlb-seasons/4289932001/, Yankees' Masahiro Tanaka returns to Japan after seven MLB seasons, 0
https://www.usatoday.com/https://www.usatoday.com/videos/sports/nfl/sportspulse/2021/01/28/nfl-mock-draft-2-0-lions-and-falcons-start-new-era-qb/4287287001/, NFL mock draft 2.0: Lions and Falcons start new era at QB, 0
https://www.usatoday.com/https://www.usatoday.com/story/sports/nfl/draft/2021/01/28/nfl-mock-draft-2021-jets-pass-qb-trevor-lawrence-penei-sewell/4286682001/, NFL mock draft 2021: What happens if Jets bypass quarterback at No. 2?, 0
https://www.usatoday.com/https://www.usatoday.com/story/news/politics/2021/01/28/politics-live-updates-mccarthy-trump-meeting-biden-boosts-obamacare/4290003001/, Politics live updates: House lawmakers ask for additional security, 0
https://www.usatoday.com/https://www.usatoday.com/story/sports/sports-betting/2021/01/28/michigan-state-at-rutgers-odds-picks-and-prediction/115370362/, Michigan State at Rutgers odds| picks and prediction, 0
https://www.usatoday.com/https://www.usatoday.com/story/sports/soccer/2021/01/28/man-united-condemns-mindless-idiots-for-racial-abuse/43362523/, Man United condemns 'mindless idiots' for racial abuse, 0
https://www.usatoday.com/https://www.usatoday.com/story/news/world/2021/01/28/iran-diplomat-says-window-closing-biden-rejoin-nuclear-deal/6678137002/, Iran envoy says 'window is closing' for Biden to rejoin nuclear deal, 0
https://www.usatoday.com/https://www.usatoday.com/story/sports/sports-betting/2021/01/28/portland-trail-blazers-at-houston-rockets-odds-picks-and-prediction/115370400/, Portland Trail Blazers at Houston Rockets odds| picks and prediction, 0
https://www.usatoday.com/https://www.usatoday.com/story/sports/soccer/2021/01/28/empty-maracan-to-host-all-brazilian-copa-libertadores-final/43362577/, Empty Maracanã to host all-Brazilian Copa Libertadores final, 0
https://www.usatoday.com/https://www.usatoday.com/story/tech/2021/01/28/ring-video-doorbell-wired-launches-february-60/4290069001/, Ring Video Doorbell Wired launches in February for $60, 0
https://www.usatoday.com/https://www.usatoday.com/story/sports/nhl/golden-knights/2021/01/28/vegas-golden-knights-coaches-out-due-covid-protocols-gm-slides/4290026001/, Golden Knights-Blues game postponed after more COVID-19 issues, 0
https://www.usatoday.com/https://www.usatoday.com/story/news/2021/01/28/america-its-time-teach-black-history-black-perspectives/6701892002/, This is America: It’s time to teach Black history from Black perspectives, 0
https://www.usatoday.com/https://www.usatoday.com/story/sports/tennis/2021/01/28/naomi-osaka-buys-ownership-stake-nwsls-north-carolina-courage/4290174001/, Naomi Osaka buys ownership stake in NWSL's North Carolina Courage, 0
https://www.usatoday.com/https://www.usatoday.com/story/money/2021/01/28/economy-gdp-grew-4-q-1-consumer-spending-gains-slowed/4286158001/, The economy: GDP grew 4% in Q1 as consumer spending gains slowed, 0
https://www.usatoday.com/https://www.usatoday.com/videos/life/animalkind/2021/01/28/sad-cockatoo-learns-shake-her-tail-feathers/4290368001/, Sad cockatoo learns to shake her tail feathers, 0
https://www.usatoday.com/https://www.usatoday.com/story/tech/2021/01/28/apple-crack-down-iphone-tracking-new-privacy-control/4290285001/, Apple's Tim Cook blasts social media companies ahead of privacy update, 0
https://www.usatoday.com/https://www.usatoday.com/videos/life/animalkind/2021/01/28/sad-cockatoo-learns-shake-her-tail-feathers/4290422001/, Sad cockatoo learns to shake her tail feathers, 0
https://www.usatoday.com/https://www.usatoday.com/story/nletter/2021/01/28/daily-money-01-28-21/4290351001/, The Daily Money 01-28-21, 0
https://www.usatoday.com/https://www.usatoday.com/story/entertainment/movies/2021/01/28/the-little-things-palmer-the-dig-what-stream-weekend/4255229001/, 'The Little Things|' 'Palmer|' 'The Dig': What to stream this weekend, 0
https://www.usatoday.com/https://www.usatoday.com/story/money/2021/01/28/unemployment-claims-drop-847-000-covid-19-pandemic-rages/4290487001/, Unemployment claims drop to 847|000 as COVID-19 pandemic rages, 0
https://www.usatoday.com/https://www.usatoday.com/story/sports/soccer/2021/01/28/frenkie-de-jong-making-big-strides-in-barcelonas-midfield/115370590/, Frenkie de Jong making big strides in Barcelona's midfield, 0
https://www.usatoday.com/https://www.usatoday.com/in-depth/news/health/2021/01/28/mass-vaccination-clinics-play-key-role-ending-covid-pandemic/6699559002/, Mass vaccination clinics to play key role in ending COVID pandemic, 0
https://www.usatoday.com/https://www.usatoday.com/story/news/pr/2021/01/28/gannett-earns-top-marks-human-rights-campaigns-2021-corporate-equality-index/4286883001/, Gannett Earns Top Marks in Human Rights Campaign’s 2021 Corporate Equality Index, 0
https://www.usatoday.com/https://www.usatoday.com/videos/news/world/2021/01/28/botticelli-masterpiece-expected-top-80-m-sothebys-sale/4290387001/, Botticelli 'masterpiece' expected to top $80M at Sotheby's sale, 0
https://www.usatoday.com/https://www.usatoday.com/story/entertainment/tv/2021/01/28/golden-globes-2021-honor-norman-lear-carol-burnett-award/4290708001/, Norman Lear: Golden Globes 2021 to honor star with Carol Burnett Award, 0
https://www.usatoday.com/https://www.usatoday.com/story/money/cars/2021/01/28/gda-car-recalls-20210128/115370758/, Car recalls for January 21-28, 0
https://www.usatoday.com/https://www.usatoday.com/videos/sports/nfl/sportspulse/2021/01/28/office-linebacker-star-reflects-iconic-super-bowl-ad-campaign/4290979001/, 'Office Linebacker' star reflects on iconic Super Bowl ad campaign, 0
https://www.usatoday.com/https://www.usatoday.com/story/sports/mlb/2021/01/28/tanaka-signs-with-northern-japanese-club-rakuten-eagles/43362701/, Tanaka leaves Yankees| rejoins former team to pitch in Japan, 0
https://www.usatoday.com/https://www.usatoday.com/story/sports/soccer/2021/01/28/ronaldo-reportedly-breaks-coronavirus-rules-on-2-day-break/43362721/, Ronaldo reportedly breaks coronavirus rules on 2-day break, 0
https://www.usatoday.com/https://www.usatoday.com/videos/money/2021/01/28/bernie-sanders-mittens-memes-help-raise-1-8-m-charity/4291092001/, Bernie Sanders' mittens| memes help raise $1.8M for charity, 0
https://www.usatoday.com/https://www.usatoday.com/story/sports/soccer/2021/01/28/bayern-profits-from-inconsistent-rivals-in-bundesliga/115390838/, Bayern profits from inconsistent rivals in Bundesliga, 0
https://www.usatoday.com/https://www.usatoday.com/story/sports/olympics/2021/01/28/hungary-aims-to-enter-budapest-in-2032-olympics-host-contest/115390874/, Hungary aims to enter Budapest in 2032 Olympics host contest, 0
https://www.usatoday.com/https://www.usatoday.com/story/news/nation/2021/01/28/2-kenosha-officers-present-jacob-blake-shooting-return-work/4291398001/, 2 Kenosha officers present for Jacob Blake shooting return to work, 0
https://www.usatoday.com/https://www.usatoday.com/story/money/taxes/2021/01/28/unemployment-theft-victims-getting-1099-forms-after-jobless-benefits-stolen/4291174001/, Unemployment ID theft victims must clear up fake claims to file taxes, 0
https://www.usatoday.com/https://www.usatoday.com/story/news/nation/2021/01/28/austin-buy-hotel-house-homeless-money-cut-police-budget/4290679001/, Austin to buy hotel to house homeless with money cut from police budget, 0
https://www.usatoday.com/https://www.usatoday.com/story/news/politics/2021/01/28/joe-biden-reopen-obamacare-enrollment-amid-covid-19-pandemic/4290137001/, Joe Biden orders reopening of Obamacare enrollment amid COVID-19, 0
https://www.usatoday.com/https://www.usatoday.com/story/nletter/american-south/2021/01/28/moving-forward-2021/4290517001/, Moving forward in 2021, 0
https://www.usatoday.com/https://www.usatoday.com/picture-gallery/life/fashion/2021/01/28/fashion-week-2021-photos-demi-moore-kate-moss-bella-hadid-and-more/4290034001/, Fashion Week 2021 photos: Demi Moore| Kate Moss| Ella Emhoff and more, 0
https://www.usatoday.com/https://www.usatoday.com/videos/entertainment/celebrities/2021/01/28/actor-elliot-page-files-divorce-emma-portner/4291645001/, Actor Elliot Page files for divorce from Emma Portner, 0
https://www.usatoday.com/https://www.usatoday.com/story/tech/2021/01/28/facebook-oversight-board-overturns-4-decisions-first-rulings/4290700001/, Facebook Oversight Board overturns 4 decisions in first rulings, 0
https://www.usatoday.com/https://www.usatoday.com/story/sports/golf/2021/01/28/sterne-leads-at-dubai-desert-classic-after-8-under-64/115391134/, Sterne leads at Dubai Desert Classic after 8-under 64, 0
https://www.usatoday.com/https://www.usatoday.com/videos/news/health/2021/01/28/remote-work-tips-stay-motivated-and-energized/4291970001/, Remote work tips to stay motivated and energized, 0
https://www.usatoday.com/https://www.usatoday.com/story/sports/sports-betting/2021/01/28/tcu-at-kansas-odds-picks-and-prediction/115391114/, TCU at Kansas odds| picks and prediction, 0
https://www.usatoday.com/https://www.reviewed.com/tech/best-right-now/the-best-portable-batteries-for-the-nintendo-switch?utm_source=usat&utm_medium=referral&utm_campaign=collab, The best Nintendo Switch portable chargers of 2021, 0
https://www.usatoday.com/https://www.usatoday.com/story/sports/mlb/2021/01/28/ex-marlins-owner-loria-reaches-settlement-on-sale-dispute/43362969/, Ex-Marlins owner Loria reaches settlement on sale dispute, 0
https://www.usatoday.com/https://www.usatoday.com/story/sports/nfl/texans/2021/01/28/deshaun-watson-trade-request-houston-texans/4291623001/, Deshaun Watson trade: Houston Texans quarterback asks team to deal him, 0
https://www.usatoday.com/https://www.usatoday.com/story/tech/2021/01/28/whatsapp-biometric-authentication-coming-web-desktop/4290298001/, WhatsApp biometric authentication coming to web| desktop, 0
https://www.usatoday.com/https://www.usatoday.com/picture-gallery/news/politics/2021/01/28/dr-anthony-fauci-chief-medical-adviser-covid-19-president-coronavirus/4291285001/, Dr. Anthony Fauci. Chief Medical Adviser on COVID-19 to the President, 0
https://www.usatoday.com/https://www.usatoday.com/story/news/nation/2021/01/28/3-teens-arrested-house-fire-killed-5-senegal/4291926001/, 3 teens arrested in house fire that killed 5 from Senegal, 0
https://www.usatoday.com/https://www.usatoday.com/sitemap/2021/january/28/, 1, 0
https://www.usatoday.com/https://www.usatoday.com/sitemap/2021/january/28/?page=2, 2, 0
