https://www.usatoday.com/https://www.usatoday.com/story/sports/soccer/2021/01/28/matchday-huesca-looks-to-end-winless-streak-in-spain/115393494/, MATCHDAY: Huesca looks to end winless streak in Spain, 0
https://www.usatoday.com/https://www.usatoday.com/videos/news/nation/2021/01/29/virgin-hyperloop-unveils-companys-cabin-concept/4301776001/, Virgin Hyperloop unveils company's cabin concept, 0
https://www.usatoday.com/https://www.usatoday.com/story/sports/ncaab/2021/01/28/usc-beats-oregon-state-75-62-for-8th-win-in-9-games/43363831/, USC beats Oregon State 75-62 for 8th win in 9 games, 0
https://www.usatoday.com/https://www.usatoday.com/story/sports/mlb/2021/01/28/haniger-healthy-hopes-to-regain-all-star-form-for-seattle/115393518/, Haniger healthy| hopes to regain All-Star form for Seattle, 0
https://www.usatoday.com/https://www.usatoday.com/story/sports/ncaaf/2021/01/28/oregon-names-deruyter-as-defensive-coordinator/43363847/, Oregon names DeRuyter as defensive coordinator, 0
https://www.usatoday.com/https://www.usatoday.com/picture-gallery/entertainment/celebrities/2021/01/29/cicely-tyson-life-and-career-in-photos/3296725001/, Cicely Tyson: Her life in photos, 0
https://www.usatoday.com/https://www.usatoday.com/videos/news/nation/2021/01/29/dod-reviews-femas-request-vaccine-assist/4301914001/, DOD reviews FEMA's request for vaccine assist, 0
https://www.usatoday.com/https://www.usatoday.com/story/opinion/todaysdebate/2021/01/28/marjorie-taylor-greene-republican-party-existential-crisis-editorials-debates/4291230001/, Marjorie Taylor Greene yet another sign of Republican Party crisis, 0
https://www.usatoday.com/https://www.usatoday.com/videos/news/nation/2021/01/29/united-nations-head-receives-first-vaccine-dose/4301954001/, United Nations head receives first vaccine dose, 0
https://www.usatoday.com/https://www.usatoday.com/story/news/factcheck/2021/01/28/fact-check-senate-conviction-ex-president-debated-both-sides/4294872001/, Fact check: Senate conviction of ex-president is debated by both sides, 0
https://www.usatoday.com/https://www.usatoday.com/story/entertainment/celebrities/2021/01/28/cicely-tyson-dies-actress-model-entertainer/4302115001/, Cicely Tyson dies at 96: Legendary star leaves seven decades of work, 0
https://www.usatoday.com/https://www.usatoday.com/story/sports/ncaaw/2021/01/28/ap-source-army-coach-magarity-to-retire-at-end-of-season/43363855/, AP source: Army coach Magarity to retire at end of season, 0
https://www.usatoday.com/https://www.usatoday.com/story/news/politics/2021/01/28/congressional-lawmakers-ask-boosted-security-after-uptick-threats/4301678001/, Congressional lawmakers ask for boosted security after uptick in threats, 0
https://www.usatoday.com/https://www.usatoday.com/videos/news/nation/2021/01/29/taliban-violence-casts-shadow-over-us-withdrawal/4302295001/, Taliban violence casts shadow over US withdrawal, 0
https://www.usatoday.com/https://www.usatoday.com/story/sports/nba/2021/01/28/nba-makes-more-schedule-changes-pushes-back-some-tip-times/115393592/, NBA makes more schedule changes| pushes back some tip times, 0
https://www.usatoday.com/https://www.usatoday.com/story/sports/ncaab/2021/01/28/penn-scores-24-to-carry-liu-brooklyn-over-merrimack-78-68/115393632/, Penn scores 24 to carry LIU-Brooklyn over Merrimack 78-68, 0
https://www.usatoday.com/https://www.usatoday.com/videos/news/weather/2021/01/29/cleanup-california-after-rounds-severe-weather/4292871001/, Cleanup in California after rounds of severe weather, 0
https://www.usatoday.com/https://www.usatoday.com/story/entertainment/celebrities/2021/01/28/cicely-tyson-dies-96-stars-mourn-zendaya-shonda-rhimes/4301940001/, Cicely Tyson dies at 96: Stars mourn 'the greatest to ever do it', 0
https://www.usatoday.com/https://www.usatoday.com/story/sports/golf/2021/01/28/reed-noren-beat-the-rain-to-take-1st-round-lead-in-farmers/43363865/, Reed| Noren beat the rain to take 1st-round lead in Farmers, 0
https://www.usatoday.com/https://www.usatoday.com/story/sports/ncaaw/2021/01/28/howard-no-15-kentucky-women-turn-back-alabama-81-68/115393642/, Howard| No. 15 Kentucky women turn back Alabama 81-68, 0
https://www.usatoday.com/https://www.usatoday.com/story/opinion/policing/2021/01/28/bidens-justice-reforms-should-extend-inmates-sent-home-covid-column/4268953001/, Biden's justice reforms should extend to inmates sent home by COVID, 0
https://www.usatoday.com/https://www.usatoday.com/story/sports/ncaaw/2021/01/28/south-carolina-routs-mississippi-state-75-52/115393684/, South Carolina routs Mississippi State 75-52, 0
https://www.usatoday.com/https://www.usatoday.com/story/news/factcheck/2021/01/28/fact-check-joe-bidens-inauguration-viewership-ranks-3rd-since-1981/4302498001/, Fact check: Joe Biden's inauguration viewership ranks 3rd since 1981, 0
https://www.usatoday.com/https://www.usatoday.com/story/news/nation/2021/01/28/wolf-moon-first-2021-full-moon-photos/4301873001/, Wolf moon| first 2021 full moon| has an unusual name. See the photos., 0
https://www.usatoday.com/https://www.usatoday.com/story/sports/ncaaw/2021/01/28/no-19-arkansas-hands-no-3-uconn-first-loss-of-season/43364099/, No. 19 Arkansas hands No. 3 UConn first loss of season, 0
https://www.usatoday.com/https://www.usatoday.com/story/sports/ncaab/2021/01/28/jackson-scores-32-to-lift-utsa-over-utep-86-79/43363877/, Jackson scores 32 to lift UTSA over UTEP 86-79, 0
https://www.usatoday.com/https://www.usatoday.com/story/sports/ncaaw/2021/01/28/davis-no-20-lady-vols-hold-off-ole-miss-68-67/43363879/, Davis| No. 20 Lady Vols hold off Ole Miss 68-67, 0
https://www.usatoday.com/https://www.usatoday.com/story/sports/ncaab/2021/01/28/williams-lifts-louisiana-tech-over-southern-miss-76-63/43363881/, Williams lifts Louisiana Tech over Southern Miss 76-63, 0
https://www.usatoday.com/https://www.usatoday.com/story/sports/ncaaw/2021/01/28/lsu-women-use-big-4th-quarter-to-upset-no-22-georgia-60-52/43363883/, LSU women use big 4th quarter to upset No. 22 Georgia 60-52, 0
https://www.usatoday.com/https://www.usatoday.com/story/sports/nhl/2021/01/28/bergeron-2-goals-leads-bruins-to-4-1-win-over-penguins/43363885/, Bergeron (2 goals) leads Bruins to 4-1 win over Penguins, 0
https://www.usatoday.com/https://www.usatoday.com/videos/entertainment/celebrities/2021/01/29/cicely-tyson-legendary-broadway-tv-and-film-actress-dies-96/4303225001/, Cicely Tyson| legendary Broadway| TV and film actress| dies at 96, 0
https://www.usatoday.com/https://www.usatoday.com/story/sports/ncaaw/2021/01/28/nc-state-and-uconn-lost-for-first-time-this-season/115393690/, NC State and UConn lost for first time this season, 0
https://www.usatoday.com/https://www.usatoday.com/story/sports/nhl/2021/01/28/hart-makes-33-saves-raffl-breaks-tie-as-flyers-beat-devils/115393694/, Hart makes 33 saves| Raffl breaks tie as Flyers beat Devils, 0
https://www.usatoday.com/https://www.usatoday.com/story/sports/nfl/super-bowl/2021/01/28/super-bowl-2021-jim-nantz-tony-romo-expecting-instant-classic/4301529001/, Super Bowl 2021: Jim Nantz| Tony Romo expecting an instant classic, 0
https://www.usatoday.com/https://www.usatoday.com/story/sports/ncaab/2021/01/28/rutgers-staggers-michigan-state-67-37-1st-win-over-spartans/115393710/, Rutgers staggers Michigan State 67-37| 1st win over Spartans, 0
https://www.usatoday.com/https://www.usatoday.com/story/sports/nhl/2021/01/28/capitals-score-5-in-2nd-to-erase-deficit-and-beat-islanders/43363901/, Capitals score 5 in 2nd to erase deficit and beat Islanders, 0
https://www.usatoday.com/https://www.usatoday.com/story/sports/nhl/capitals/2021/01/28/capitals-zdeno-chara-first-washington-goal/4302922001/, Capitals' Zdeno Chara mobbed after scoring first Washington goal, 0
https://www.usatoday.com/https://mmajunkie.usatoday.com/2021/01/ufc-casey-kenney-apologizes-megan-anderson-sexually-degrading-remarks, UFC fighter apologizes for 'utterly degrading' comments, 0
https://www.usatoday.com/https://www.usatoday.com/story/sports/nhl/2021/01/28/lafrenieres-1st-goal-seals-rangers-3-2-ot-win-at-buffalo/43363947/, Lafreniere's 1st goal seals Rangers' 3-2 OT win at Buffalo, 0
https://www.usatoday.com/https://www.usatoday.com/story/sports/nba/2021/01/28/oladipo-has-25-points-rockets-beat-trail-blazers-104-101/115393750/, Oladipo has 25 points| Rockets beat Trail Blazers 104-101, 0
https://www.usatoday.com/https://www.usatoday.com/story/sports/nhl/2021/01/28/texiers-shootout-goal-lifts-blue-jackets-over-panthers-3-2/43363973/, Texier's shootout goal lifts Blue Jackets over Panthers 3-2, 0
https://www.usatoday.com/https://www.usatoday.com/story/sports/ncaab/2021/01/28/mccormack-helps-no-15-kansas-stumble-past-tcu-59-51/43363965/, McCormack helps No. 15 Kansas stumble past TCU| 59-51, 0
https://www.usatoday.com/https://www.usatoday.com/videos/news/nation/2021/01/29/role-race-us-vaccine-rollout-put-test/4303885001/, Role of race in US vaccine rollout put to the test, 0
https://www.usatoday.com/https://www.usatoday.com/story/sports/nfl/super-bowl/2021/01/28/super-bowl-55-tom-brady-buccaneers-decision-patriots/4302921001/, Super Bowl 2021: Tom Brady has no regrets over joining Buccaneers, 0
https://www.usatoday.com/https://www.usatoday.com/story/sports/nhl/2021/01/28/canadiens-return-home-to-beat-flames-4-2-improve-to-5-0-2/43363989/, Canadiens return home to beat Flames 4-2| improve to 5-0-2, 0
https://www.usatoday.com/https://www.usatoday.com/story/sports/ncaaw/2021/01/28/no-14-ohio-state-women-beat-no-16-indiana-78-70/115393772/, No. 14 Ohio State women beat No. 16 Indiana 78-70, 0
https://www.usatoday.com/https://www.usatoday.com/story/nletter/in-california/2021/01/28/california-atmospheric-river-drenches-central-california/4303143001/, In California: Atmospheric river drenches Central California, 0
https://www.usatoday.com/https://www.usatoday.com/story/sports/nhl/2021/01/28/necas-lifts-returning-hurricanes-past-lightning-1-0-in-ot/43363999/, Necas lifts returning Hurricanes past Lightning| 1-0 in OT, 0
https://www.usatoday.com/https://www.usatoday.com/story/sports/horseracing/2021/01/28/kentucky-derby-winner-authentic-wins-horse-of-the-year-honor/43364005/, Kentucky Derby winner Authentic wins Horse of the Year honor, 0
https://www.usatoday.com/https://www.usatoday.com/story/sports/tennis/2021/01/28/serena-takes-daughter-to-zoo-before-1st-match-in-australia/115393780/, Serena Williams| Nadal| Halep win at Adelaide exhibition, 0
https://www.usatoday.com/https://www.usatoday.com/story/sports/nba/2021/01/28/with-davis-out-lakers-fall-to-pistons-107-92/115393786/, With Davis out| Lakers fall to Pistons 107-92, 0
https://www.usatoday.com/https://www.usatoday.com/story/sports/ncaab/2021/01/28/corbin-scores-20-to-lead-winthrop-over-unc-asheville-84-80/43364009/, Corbin scores 20 to lead Winthrop over UNC Asheville 84-80, 0
https://www.usatoday.com/https://www.usatoday.com/story/sports/ncaaw/2021/01/28/jones-lifts-no-8-texas-am-to-84-69-win-over-auburn/43364007/, Jones lifts No. 8 Texas A&M to 84-69 win over Auburn, 0
https://www.usatoday.com/https://www.usatoday.com/story/sports/nba/2021/01/28/clippers-rally-from-18-points-down-top-ailing-heat-109-105/115393796/, Clippers rally from 18 points down| top ailing Heat 109-105, 0
https://www.usatoday.com/https://www.usatoday.com/story/news/2021/01/28/climate-point-biden-takes-aim-fossil-fuels-canada-takes-aim-journalists/4279472001/, Climate Point: Biden takes aim at fossil fuels| Canada takes aim at journalists, 0
https://www.usatoday.com/https://www.usatoday.com/in-depth/news/2021/01/28/gamestop-how-did-stock-price-jump-so-quickly/4293221001/, What happened on the stock market today? How GameStop rose so quickly., 0
https://www.usatoday.com/https://www.usatoday.com/story/sports/nhl/2021/01/28/necas-lifts-returning-hurricanes-past-lightning-1-0-in-ot/43364287/, Necas lifts returning Hurricanes past Lightning 1-0 in OT, 0
https://www.usatoday.com/https://www.usatoday.com/story/sports/ncaab/2021/01/28/edwards-krikke-carry-valparaiso-past-bradley-91-85-in-2ot/115393812/, Edwards| Krikke carry Valparaiso past Bradley 91-85 in 2OT, 0
https://www.usatoday.com/https://www.usatoday.com/story/sports/nhl/2021/01/28/kaprizov-caps-big-1st-period-wild-beat-kings-5-3/43364017/, Kaprizov caps big 1st period| Wild beat Kings 5-3, 0
https://www.usatoday.com/https://www.usatoday.com/videos/news/nation/2021/01/29/today-history-january-29th/4304393001/, Today in History for January 29th, 0
https://www.usatoday.com/https://www.usatoday.com/story/sports/ncaab/2021/01/28/late-points-by-anei-helps-smu-turn-aside-memphis-67-65/43364391/, Late points by Anei helps SMU turn aside Memphis 67-65, 0
https://www.usatoday.com/https://www.usatoday.com/story/sports/ncaab/2021/01/28/tyson-scores-31-points-no-6-houston-routs-tulane-83-60/115393818/, Tyson scores 31 points| No. 6 Houston routs Tulane| 83-60, 0
https://www.usatoday.com/https://www.usatoday.com/story/sports/ncaab/2021/01/28/defense-shines-as-ut-martin-tops-e-illinois-51-41/115393822/, Defense shines as UT Martin tops E. Illinois 51-41, 0
https://www.usatoday.com/https://www.usatoday.com/story/sports/ncaab/2021/01/28/williams-leads-murray-st-past-tennessee-st-73-53/115393832/, Williams leads Murray St. past Tennessee St. 73-53, 0
https://www.usatoday.com/https://www.usatoday.com/story/sports/nba/2021/01/28/pistons-pull-away-lakers-fade-late-without-anthony-davis/4304479001/, LeBron| Lakers fade late as Pistons pull away for win, 0
https://www.usatoday.com/https://www.usatoday.com/story/sports/ncaab/2021/01/28/cooper-leads-morehead-st-past-jacksonville-st-85-66/43364043/, Cooper leads Morehead St. past Jacksonville St. 85-66, 0
https://www.usatoday.com/https://www.usatoday.com/story/sports/ncaab/2021/01/28/timme-kispert-lead-no-1-gonzaga-to-20th-straight-win/115393838/, Timme| Kispert lead No. 1 Gonzaga to 20th straight win, 0
https://www.usatoday.com/https://www.usatoday.com/story/sports/ncaaw/2021/01/28/gonzaga-wins-20th-straight-game-dating-back-to-last-season/43364053/, Gonzaga wins 20th straight game dating to last season, 0
https://www.usatoday.com/https://www.usatoday.com/story/news/education/2021/01/28/covid-19-colleges-concordia-new-york-education/4302980001/, COVID-19: These colleges| steeped in history| are closing for good, 0
https://www.usatoday.com/https://www.usatoday.com/story/sports/ncaab/2021/01/28/lovan-scores-23-to-lead-uab-over-middle-tennessee-70-59/115393860/, Lovan scores 23 to lead UAB over Middle Tennessee 70-59, 0
https://www.usatoday.com/https://www.usatoday.com/story/sports/nhl/2021/01/28/dallas-stars-beat-red-wings-7-3-to-improve-to-4-0-on-season/115393868/, Dallas Stars beat Red Wings 7-3 to improve to 4-0 on season, 0
https://www.usatoday.com/https://www.usatoday.com/story/sports/ncaab/2021/01/28/schakel-scores-16-to-lead-san-diego-st-over-wyoming-87-57/43364047/, Schakel scores 16 to lead San Diego St. over Wyoming 87-57, 0
https://www.usatoday.com/https://www.usatoday.com/story/sports/ncaab/2021/01/28/hollander-scores-24-to-lift-belmont-over-austin-peay-81-76/115393878/, Hollander scores 24 to lift Belmont over Austin Peay 81-76, 0
https://www.usatoday.com/https://www.usatoday.com/story/sports/ncaab/2021/01/28/porter-leads-weber-st-over-idaho-81-56/115393876/, Porter leads Weber St. over Idaho 81-56, 0
https://www.usatoday.com/https://www.usatoday.com/picture-gallery/entertainment/celebrities/2021/01/29/rita-moreno-life-and-career-through-photos/4302472001/, Rita Moreno's life and career through photos, 0
https://www.usatoday.com/https://www.usatoday.com/story/sports/nhl/2021/01/28/christian-dvorak-scores-twice-in-coyotes-3-2-win-over-ducks/43364055/, Christian Dvorak scores twice in Coyotes' 3-2 win over Ducks, 0
https://www.usatoday.com/https://www.usatoday.com/story/sports/nhl/2021/01/28/kadri-scores-2-goals-avalanche-beat-sharks-3-0/43364051/, Kadri scores 2 goals| Avalanche beat Sharks 3-0, 0
https://www.usatoday.com/https://www.usatoday.com/story/sports/ncaaw/2021/01/28/wirth-twins-lead-no-18-gonzaga-women-past-pacific/115393902/, Wirth twins lead No. 18 Gonzaga women past Pacific, 0
https://www.usatoday.com/https://www.usatoday.com/story/sports/nhl/2021/01/28/kings-defensemen-matt-roy-sean-walker-injuries/4304525001/, Kings lose Matt Roy| Sean Walker to scary injuries, 0
https://www.usatoday.com/https://www.usatoday.com/story/news/politics/2021/01/29/gamestop-stock-robinhood-revolution-trump-mob-reddit/4297906001/, GameStop-Robinhood stock-buying frenzy echoes Trump rise, 0
https://www.usatoday.com/https://www.usatoday.com/story/news/nation/2021/01/28/colorado-weld-county-wyoming-secession/4304239001/, Colorado group seeks to break off Weld County| secede to Wyoming, 0
https://www.usatoday.com/https://www.usatoday.com/story/sports/ncaab/2021/01/29/free-throws-in-final-second-lifts-se-missouri-to-win/115393956/, Free throws in final second lifts SE Missouri to win, 0
https://www.usatoday.com/https://www.usatoday.com/story/entertainment/movies/2021/01/29/sundance-2021-marlee-matlin-coda-star-deaf-community-inclusion/4299533001/, At Sundance| 'CODA' star Marlee Matlin talks deaf community inclusion, 0
https://www.usatoday.com/https://www.usatoday.com/story/sports/nba/2021/01/29/suns-snap-3-game-skid-roll-to-114-93-win-over-warriors/43364083/, Suns snap 3-game skid| roll to 114-93 win over Warriors, 0
https://www.usatoday.com/https://www.usatoday.com/story/sports/ncaab/2021/01/29/agee-scores-15-to-lift-san-jose-st-over-air-force-59-58/115393960/, Agee scores 15 to lift San Jose St. over Air Force 59-58, 0
https://www.usatoday.com/https://www.usatoday.com/story/sports/golf/2021/01/28/gary-woodland-is-enjoying-life-and-golf-without-pain-finally/115393458/, Gary Woodland is enjoying life (and golf) without pain — finally, 0
https://www.usatoday.com/https://www.usatoday.com/story/sports/nhl/2021/01/29/matthews-scores-in-3rd-to-lift-leafs-over-oilers-4-3/43364113/, Matthews scores in 3rd to lift Leafs over Oilers 4-3, 0
https://www.usatoday.com/https://www.usatoday.com/story/sports/nhl/2021/01/29/boesers-two-goals-help-canucks-beat-senators-4-1/43364117/, Boeser's two goals help Canucks beat Senators 4-1, 0
https://www.usatoday.com/https://www.usatoday.com/story/sports/ncaab/2021/01/29/martin-scores-19-arizona-st-ends-skid-tops-cal-72-68/43364251/, Martin scores 19| Arizona St ends skid| tops Cal 72-68, 0
https://www.usatoday.com/https://www.usatoday.com/picture-gallery/sports/nfl/draft/2021/01/29/senior-bowl-week-2021-nfl-draft-prospects/4305435001/, Senior Bowl week: 2021 NFL draft prospects, 0
https://www.usatoday.com/https://www.usatoday.com/story/sports/ncaaw/2021/01/29/no-1-louisville-holds-on-to-beat-north-carolina-79-68/115394166/, No. 1 Louisville holds on to beat North Carolina 79-68, 0
https://www.usatoday.com/https://www.usatoday.com/story/sports/ncaab/2021/01/29/ballard-stroud-lift-fresno-st-past-new-mexico-64-62-in-ot/43364297/, Ballard| Stroud lift Fresno St past New Mexico 64-62 in OT, 0
https://www.usatoday.com/https://www.usatoday.com/story/sports/nfl/2021/01/29/nfls-revenue-dip-in-pandemic-significant-but-not-crippling/43364299/, NFL's revenue dip in pandemic significant| but not crippling, 0
https://www.usatoday.com/https://www.usatoday.com/story/sports/nhl/2021/01/29/islanders-lament-wasted-week-going-into-series-at-flyers/43364305/, Islanders lament 'wasted' week going into series at Flyers, 0
https://www.usatoday.com/https://www.usatoday.com/story/sports/nba/2021/01/29/we-have-to-figure-this-out-heat-say-turnaround-will-come/115394184/, Heat insist turnaround will come: 'We have to figure this out', 0
https://www.usatoday.com/https://www.usatoday.com/story/entertainment/movies/2021/01/29/sundance-summer-of-soul-questlove-1969-harlem-cultural-festival/4303806001/, 'Summer of Soul' unearths lost footage of Stevie Wonder| Nina Simone, 0
https://www.usatoday.com/https://www.usatoday.com/story/opinion/2021/01/29/after-covid-biden-work-with-china-plan-for-next-pandemic-column/4243580001/, After COVID| Biden must work with China to plan for next global pandemic, 0
https://www.usatoday.com/https://www.usatoday.com/videos/news/nation/2021/01/29/first-us-cases-covid-variant-south-carolina/4305838001/, First US cases of COVID variant in South Carolina, 0
https://www.usatoday.com/https://www.usatoday.com/story/news/health/2021/01/29/covid-news-us-cases-january-novavax-vaccine-new-york-california/4299519001/, COVID news| update: J&J vaccine safety; South African variant; WHO, 0
https://www.usatoday.com/https://www.usatoday.com/story/sports/ncaab/2021/01/29/big-12sec-challenge-highlights-play-this-upcoming-weekend/115394294/, Big 12/SEC Challenge highlights play this upcoming weekend, 0
https://www.usatoday.com/https://www.usatoday.com/story/opinion/2021/01/29/joe-biden-gamestop-robbin-hood-wallstreet-capitalism-america-column/4299114001/, Joe Biden needs to let capitalism thrive in America, 0
https://www.usatoday.com/https://www.usatoday.com/story/news/2021/01/29/robinhood-lift-block-biden-visit-walter-reed-5-things-know-friday/4270605001/, Robinhood to lift block| Biden to visit Walter Reed: 5 things to know Friday, 0
https://www.usatoday.com/https://www.usatoday.com/story/news/50-states/2021/01/29/staffing-struggles-traffic-clinic-insider-vaccines-news-around-states/115394302/, Staffing struggles| traffic clinic: News from around our 50 states, 0
https://www.usatoday.com/https://www.usatoday.com/story/news/health/2021/01/29/covid-19-tylenol-advil-vaccine-coronavirus-cdc-who/4290975001/, COVID vaccine: OK to take Tylenol| Advil for side effects after shot, 0
https://www.usatoday.com/https://www.usatoday.com/story/news/politics/2021/01/29/meet-7-congresswomen-leading-bidens-immigration-reform/4246950001/, Meet the 7 congresswomen leading Biden's immigration reform, 0
https://www.usatoday.com/https://www.usatoday.com/story/opinion/2021/01/29/super-bowl-covid-superspreader-football-fans-stay-home-column/4277383001/, Super Bowl Sunday is a COVID danger if football fans don't stay home, 0
https://www.usatoday.com/https://www.usatoday.com/story/news/education/2021/01/29/federal-student-loans-pause-forgiveness-biden-trump/4275122001/, Biden paused student loans| interest: Will debt go away? Should I pay?, 0
https://www.usatoday.com/https://www.usatoday.com/story/opinion/2021/01/29/usa-today-white-house-reporters-hold-biden-harris-accountable/4268688001/, USA TODAY White House reporters hold Biden Harris accountable, 0
https://www.usatoday.com/https://www.usatoday.com/videos/news/nation/2021/01/29/day-29-january-1975/4305886001/, On This Day: 29 January 1975, 0
https://www.usatoday.com/https://www.usatoday.com/videos/entertainment/2021/01/29/day-29-january-1975/4305887001/, On This Day: 29 January 1975, 0
https://www.usatoday.com/https://www.usatoday.com/videos/news/nation/2021/01/29/ap-top-stories-january-29/4305909001/, AP Top Stories January 29 A, 0
https://www.usatoday.com/https://www.usatoday.com/story/news/politics/2021/01/29/state-lawmakers-tackle-bills-trans-rights-abortion-voting/4293500001/, State lawmakers tackle bills on trans rights| abortion| voting, 0
https://www.usatoday.com/https://www.usatoday.com/story/opinion/2021/01/29/americans-have-key-moment-now-protect-our-democracy-column/4274457001/, To protect our democracy| Americans must work now to bridge divides, 0
https://www.usatoday.com/https://www.usatoday.com/story/money/personalfinance/retirement/2021/01/29/strategies-avoid-running-out-money/115363314/, How to avoid running out of money in retirement, 0
https://www.usatoday.com/https://www.usatoday.com/story/life/health-wellness/2021/01/29/lady-gaga-feels-powerlessness-amid-pandemic-talks-inauguration/4291349001/, Lady Gaga feels 'powerlessness' amid the pandemic| talks inauguration, 0
https://www.usatoday.com/https://www.usatoday.com/story/sports/nfl/columnist/bell/2021/01/29/chiefs-andy-reid-eric-bieniemy-use-players-ideas-creative-plays/4286766001/, Chiefs' Andy Reid| Eric Bieniemy use players' input for exotic plays, 0
https://www.usatoday.com/https://www.usatoday.com/story/sports/nfl/columnist/bell/2021/01/29/nfl-season-awards-packers-aaron-rodgers-rams-aaron-donald-lead-way/4297871001/, NFL season awards: Packers' Aaron Rodgers| Rams' Aaron Donald lead way, 0
https://www.usatoday.com/https://www.usatoday.com/videos/news/nation/2021/01/29/crews-rescue-woman-during-california-floods/4305961001/, Crews rescue woman during California floods, 0
https://www.usatoday.com/https://www.usatoday.com/story/sports/ncaab/2021/01/29/duke-kentucky-college-basketball-struggling-one-and-dones-blame/4277232001/, Duke| Kentucky hoops teams struggling. Are one-and-dones to blame?, 0
https://www.usatoday.com/https://www.usatoday.com/story/nletter/2021/01/29/robinhood-lift-block-biden-visit-walter-reed-daily-briefing/4305888001/, Robinhood to lift block| Biden to visit Walter Reed: Daily Briefing, 0
https://www.usatoday.com/https://www.usatoday.com/story/sports/ncaab/2021/01/29/college-basketball-alabama-tennessee-iowa-highlight-weekend-action/4299932001/, College basketball: Alabama| Tennessee| Iowa highlight weekend action, 0
https://www.usatoday.com/https://www.usatoday.com/story/travel/news/2021/01/29/mardi-gras-2021-new-orleans-takes-house-floats-fat-tuesday/4298740001/, Mardi Gras 2021: New Orleans takes on house floats for Fat Tuesday, 0
https://www.usatoday.com/https://www.usatoday.com/story/opinion/voices/2021/01/29/virginia-covid-19-vaccines-coronavirus-state-failure-column/4293819001/, Virginia fails to vaccinate. Meanwhile| my parents caught COVID-19., 0
https://www.usatoday.com/https://www.usatoday.com/story/news/investigations/2021/01/29/coronavirus-childcare-burden-fell-womens-shoulders/4279673001/, Childcare amid coronavirus: When schools closed| women paid the price, 0
https://www.usatoday.com/https://www.usatoday.com/story/money/cars/2021/01/29/car-buyers-want-better-air-filters-contactless-maintenance-post-covid/4290248001/, Post-COVID-19 cars: Better air filters| contactless maintenance, 0
https://www.usatoday.com/https://www.usatoday.com/story/sports/nba/columnist/jeff-zillgitt/2021/01/29/could-nba-season-amid-covid-pandemic-end-asterisk/4294014001/, Could this NBA season amid COVID pandemic end with an asterisk?, 0
https://www.usatoday.com/https://www.usatoday.com/story/money/personalfinance/retirement/2021/01/29/so-youve-got-a-401k-and-you-dont-know-what-to-do-with-it/43358649/, How does a 401(k) work| what do I do with it?, 0
https://www.usatoday.com/https://www.usatoday.com/story/entertainment/books/2021/01/29/david-duchovny-reveals-how-his-new-novel-connected-the-x-files/6682034002/, David Duchovny reveals how his new novel is connected to 'The X-Files', 0
https://www.usatoday.com/https://www.usatoday.com/story/sports/sports-betting/2021/01/29/iowa-at-illinois-odds-picks-and-prediction/115394400/, Iowa at Illinois odds| picks and prediction, 0
https://www.usatoday.com/https://www.usatoday.com/story/news/nation/2021/01/29/groundhog-day-tuesday-what-will-punxsutawney-phil-say/4283871001/, Groundhog Day is Tuesday. What will Punxsutawney Phil say?, 0
https://www.usatoday.com/https://www.usatoday.com/videos/news/nation/2021/01/29/showbiz-minute-tyson-glaad-botticelli/4306047001/, ShowBiz Minute: Tyson| GLAAD| Botticelli, 0
https://www.usatoday.com/https://www.usatoday.com/videos/entertainment/2021/01/29/showbiz-minute-tyson-glaad-botticelli/4306049001/, ShowBiz Minute: Tyson| GLAAD| Botticelli, 0
https://www.usatoday.com/https://www.usatoday.com/story/entertainment/celebrities/2021/01/29/corky-lee-photojournalist-who-spotlighted-asian-america-dies-73/4306045001/, Corky Lee| photojournalist who spotlighted Asian America| dies at 73, 0
https://www.usatoday.com/https://www.usatoday.com/story/sports/sports-betting/2021/01/29/denver-nuggets-at-san-antonio-spurs-odds-picks-and-prediction/115394510/, Denver Nuggets at San Antonio Spurs odds| picks and prediction, 0
https://www.usatoday.com/https://www.usatoday.com/story/sports/ftw/2021/01/29/texans-theres-only-one-place-deshaun-watson-go/4306087001/, Texans: There's only one place for Deshaun Watson to go, 0
https://www.usatoday.com/https://www.usatoday.com/story/sports/soccer/2021/01/29/cristiano-ronaldo-italy-coronavirus-georgina-rodriguez/4306024001/, Cristiano Ronaldo investigated in Italy for alleged COVID-19 breach, 0
https://www.usatoday.com/https://www.usatoday.com/story/news/nation/2021/01/29/california-weather-rain-mudslides-floods-wildfire-area-sierra-nevada/4306005001/, California weather: Rain brings mudslides| floods to wildfire area, 0
https://www.usatoday.com/https://www.usatoday.com/story/news/nation/2021/01/29/alabama-prisoner-died-101-degree-cell-what-happened/4306113001/, Alabama prisoner died in 101-degree cell. What happened?, 0
https://www.usatoday.com/https://www.usatoday.com/story/sports/motorsports/2021/01/29/rolex-24-2021-featuring-nascar-indycar-stars-ready-daytona/4287082001/, Rolex 24 2021| featuring NASCAR| IndyCar stars| ready for Daytona, 0
https://www.usatoday.com/https://www.usatoday.com/story/opinion/2021/01/29/impeachment-democrats-policing-and-snow-shoveling-top-columns/4296440001/, Impeachment| Democrats| policing| and snow shoveling: Top columns, 0
https://www.usatoday.com/https://www.usatoday.com/story/entertainment/movies/2021/01/29/ralph-fiennes-buried-alive-for-netflix-the-dig/4289222001/, 'The Dig': Ralph Fiennes got buried alive for his new Netflix film, 0
https://www.usatoday.com/https://www.usatoday.com/story/entertainment/tv/2021/01/29/wendy-williams-lifetime-documentary-and-movie-show-trials-triumphs/4281380001/, Wendy Williams' Lifetime documentary and movie show trials| triumphs, 0
https://www.usatoday.com/https://www.usatoday.com/story/sports/nfl/super-bowl/2021/01/29/super-bowl-2021-different-than-any-other-because-covid-19/6672642002/, Super Bowl 2021 will be different than any other because of COVID-19, 0
https://www.usatoday.com/https://www.usatoday.com/story/tech/2021/01/29/sea-shanties-having-moment-thanks-tiktok-users/4306168001/, Sea shanties having a moment thanks to TikTok users, 0
https://www.usatoday.com/https://www.usatoday.com/story/news/nation/2021/01/29/pennsylvania-strip-club-shooting-2-dead-3-injured-mckees-rocks/4306111001/, Pennsylvania strip club shooting: 2 dead| 3 injured in McKees Rocks, 0
https://www.usatoday.com/https://www.usatoday.com/story/sports/soccer/2021/01/29/lingard-rojo-set-to-leave-man-united-this-transfer-window/115414622/, Lingard| Rojo set to leave Man United this transfer window, 0
https://www.usatoday.com/https://www.usatoday.com/story/news/nation/2021/01/29/columbus-police-chief-resigns-amid-criticism-over-police-use-force/4306285001/, Columbus Police chief resigns amid criticism over police use of force, 0
https://www.usatoday.com/https://www.usatoday.com/story/sports/soccer/2021/01/29/ibrahimovi-and-lukaku-get-away-without-bans-after-spat/115414634/, Ibrahimovi and Lukaku get away without bans after spat, 0
https://www.usatoday.com/https://www.usatoday.com/story/news/health/2021/01/29/johnson-covid-vaccine-safe-effective-trials-show/6693563002/, J&J vaccine| COVID: One-shot Johnson & Johnson is safe| 66% effective, 0
https://www.usatoday.com/https://www.usatoday.com/story/money/markets/2021/01/29/gamestop-stock-amc-surge-robinhood-lifts-some-trading-restrictions-reddit/4306166001/, GameStop stock surges as Robinhood lifts some trading restrictions, 0
https://www.usatoday.com/https://www.usatoday.com/story/nletter/fourth-and-monday/2021/01/29/how-might-deshaun-watson-trade-request-impact-2021-nfl-draft/4301111001/, How might Deshaun Watson trade request impact 2021 NFL draft?, 0
https://www.usatoday.com/https://www.usatoday.com/story/sports/golf/2021/01/29/hatton-recovers-to-shoot-64-moves-into-contention-in-dubai/43364587/, Hatton recovers to shoot 64| moves into contention in Dubai, 0
https://www.usatoday.com/https://www.usatoday.com/videos/news/nation/2021/01/29/wendy-williams-takes-control-her-narrative/4306817001/, Wendy Williams takes control of her narrative, 0
https://www.usatoday.com/https://www.usatoday.com/videos/entertainment/2021/01/29/wendy-williams-takes-control-her-narrative/4306820001/, Wendy Williams takes control of her narrative, 0
https://www.usatoday.com/https://www.usatoday.com/story/sports/nfl/2021/01/29/lions-add-staley-brunell-deleone-to-new-coaching-staff/43364593/, Lions add Staley| Brunell| DeLeone| Capers to new staff, 0
https://www.usatoday.com/https://www.reviewed.com/home-outdoors/features/1-800-flowers-review-how-to-order-flowers-for-valentines-day?utm_source=usat&utm_medium=referral&utm_campaign=collab, Is 1-800-Flowers the best way to order Valentine's Day flowers?, 0
https://www.usatoday.com/https://www.reviewed.com/pots-pans/features/greenpan-premiere-review?utm_source=usat&utm_medium=referral&utm_campaign=collab, I tried Bobby Flay's favorite frying pan—does it live up to the hype?, 0
https://www.usatoday.com/https://www.usatoday.com/story/sports/soccer/2021/01/29/marseille-coach-villas-boas-expects-to-go-when-season-ends/43364597/, Marseille coach Villas-Boas expects to go when season ends, 0
https://www.usatoday.com/https://www.usatoday.com/story/entertainment/celebrities/2021/01/29/katherine-heigl-talks-mental-health-toll-being-labeled-difficult/4306220001/, Katherine Heigl talks mental health toll of being labeled 'difficult', 0
https://www.usatoday.com/https://www.usatoday.com/story/nletter/2021/01/29/daily-money-01-29-21/4306874001/, The Daily Money 01-29-21, 0
https://www.usatoday.com/https://www.usatoday.com/videos/life/humankind/2021/01/29/little-boy-finishes-chemo-dance-party/4306978001/, Little boy finishes chemo with a dance party, 0
https://www.usatoday.com/https://www.usatoday.com/story/sports/college/2021/01/29/texas-football-longhorns-athletics-profit-2020/4306963001/, Texas Longhorns: Athletic department turns $22 million profit in 2020, 0
https://www.usatoday.com/https://www.usatoday.com/videos/life/humankind/2021/01/29/little-boy-finishes-chemo-dance-party/4307042001/, Little boy finishes chemo with a dance party, 0
https://www.usatoday.com/https://www.usatoday.com/story/entertainment/tv/2021/01/29/new-jersey-producer-first-woman-lead-abcs-20-20-primetime-show/4307028001/, New Jersey producer is first woman to lead ABC's 20/20 primetime show, 0
https://www.usatoday.com/https://www.reviewed.com/small-appliances/features/yummly-wireless-smart-thermometer-review?utm_source=usat&utm_medium=referral&utm_campaign=collab, This wireless thermometer changed the way I cook, 0
https://www.usatoday.com/https://www.usatoday.com/story/news/factcheck/2021/01/29/fact-check-london-olympics-ceremony-did-not-predict-coronavirus/4302273001/, Fact check: London Olympics ceremony did not predict the coronavirus, 0
https://www.usatoday.com/https://www.usatoday.com/videos/news/nation/2021/01/29/thousands-make-house-floats-covid-hit-new-orleans/4307240001/, Thousands make 'house floats' in Covid-hit New Orleans, 0
https://www.usatoday.com/https://www.usatoday.com/videos/travel/2021/01/29/kashmir-hotel-lures-tourists-igloo-cafe/4306231001/, Kashmir hotel lures tourists with igloo cafe, 0
https://www.usatoday.com/https://www.usatoday.com/story/entertainment/celebrities/2021/01/29/cicely-tyson-death-kelly-and-ryan-interview-childhood-acting-vegetarian/4306413001/, Cicely Tyson gives last interview on 'Kelly and Ryan', 0
https://www.usatoday.com/https://www.usatoday.com/story/money/2021/01/29/sec-gamestop-stock-amc-robinhood/4307039001/, SEC amid GameStop stock| Robinhood drama: 'Closely monitoring', 0
https://www.usatoday.com/https://www.usatoday.com/story/entertainment/music/2021/01/29/new-music-january-billie-eilish-rosalia-olivia-rodrigo-justin-bieber-jason-derulo-weezer-zayn/4261507001/, January music you missed: Billie Eilish| Olivia Rodrigo| Justin Bieber, 0
https://www.usatoday.com/https://www.usatoday.com/story/sports/sports-betting/2021/01/29/columbus-blue-jackets-at-chicago-blackhawks-odds-picks-and-prediction/115415010/, Columbus Blue Jackets at Chicago Blackhawks odds| picks and prediction, 0
https://www.usatoday.com/https://www.usatoday.com/story/sports/mlb/cubs/2021/01/29/joc-pederson-cubs-contract-dodgers/4307228001/, Joc Pederson| Chicago Cubs OF| signs one-year| $7 million contract, 0
https://www.usatoday.com/https://www.usatoday.com/videos/entertainment/entertainthis/2021/01/29/david-duchovny-said-he-felt-crappy-over-week-due-covid-19-interview/4301356001/, David Duchovny said he felt 'crappy' for over a week due to COVID-19, 0
https://www.usatoday.com/https://www.usatoday.com/story/money/restaurants/2021/01/29/subway-tuna-lawsuit-restaurant-denies-assertion-tuna-substitute/4306368001/, Subway tuna lawsuit: Restaurant denies assertion of tuna substitute, 0
https://www.usatoday.com/https://www.usatoday.com/story/news/politics/2021/01/29/politics-updates-more-security-lawmakers-immigration-action-coming/4303072001/, Politics updates: More security for lawmakers; immigration action coming, 0
https://www.usatoday.com/https://www.usatoday.com/videos/news/nation/2021/01/29/j-j-1-dose-shot-appears-protect-against-covid/4308259001/, J&J 1-dose shot appears to protect against COVID, 0
https://www.usatoday.com/https://www.usatoday.com/story/sports/nba/2021/01/29/thomas-johnson-on-usa-basketballs-next-americup-roster/43364901/, Thomas| Johnson on USA Basketball's next AmeriCup roster, 0
https://www.usatoday.com/https://www.usatoday.com/story/sports/ncaab/2021/01/29/college-basketball-misery-index-shocking-adds-include-kansas-duke/4274496001/, College basketball: Misery index shocking adds include Kansas| Duke, 0
https://www.usatoday.com/https://www.usatoday.com/videos/news/health/2021/01/29/covid-when-ok-take-pain-relievers-like-tylenol-and-advil/4308262001/, COVID: When is it OK to take pain relievers like Tylenol and Advil?, 0
https://www.usatoday.com/https://www.usatoday.com/story/sports/mlb/2021/01/29/griffey-hired-as-mlb-senior-adviser-for-youth-development/43364905/, Griffey hired as MLB senior adviser for youth development, 0
https://www.usatoday.com/https://www.usatoday.com/story/news/politics/2021/01/29/bidens-immigration-plan-trump-weighs-2022-elections-onpolitics/4307322001/, Biden's immigration plan| Trump weighs in on 2022 elections: OnPolitics, 0
https://www.usatoday.com/https://www.usatoday.com/story/entertainment/celebrities/2021/01/29/macklemore-discusses-importance-seeking-treatment-addiction/4307321001/, Macklemore discusses the importance of seeking treatment for addiction, 0
https://www.usatoday.com/https://www.usatoday.com/videos/news/nation/2021/01/29/nasa-tests-engine-designed-deep-space-missions/4308708001/, NASA tests engine designed for deep space missions, 0
https://www.usatoday.com/https://www.usatoday.com/story/sports/mlb/2021/01/29/ken-griffey-jr-mlb-advisor-diversity/4308382001/, Ken Griffey Jr. hired by MLB to work on operations| youth| diversity, 0
https://www.usatoday.com/https://www.usatoday.com/story/nletter/health/2021/01/29/coronavirus-watch-j-j-vaccine-found-safe-66-effective/4308387001/, Coronavirus Watch: J&J vaccine found to be safe| 66% effective, 0
https://www.usatoday.com/https://www.10best.com/interests/explore/10-unique-ways-to-see-las-vegas/, 10 unique ways to move around Las Vegas, 0
https://www.usatoday.com/https://www.usatoday.com/story/sports/sports-betting/2021/01/29/philadelphia-76ers-at-minnesota-timberwolves-odds-picks-and-prediction/115415334/, Philadelphia 76ers at Minnesota Timberwolves odds| picks and prediction, 0
https://www.usatoday.com/https://www.usatoday.com/story/news/nation/2021/01/29/fort-bliss-training-accident-soldiers-injured-substance/4306710001/, Fort Bliss: 11 Army soldiers sick after ingesting ethylene glycol, 0
https://www.usatoday.com/https://www.usatoday.com/story/sports/nba/2021/01/29/33-year-old-bucks-exec-alex-lasry-gets-covid-vaccine-early/115415390/, 33-year-old Bucks exec Alex Lasry gets COVID vaccine early, 0
https://www.usatoday.com/https://www.usatoday.com/videos/news/nation/2021/01/29/dr-anthony-fauci-mutating-virus-a-wake-up-call/4309249001/, Dr. Anthony Fauci: Mutating virus 'a wake-up call', 0
https://www.usatoday.com/https://www.usatoday.com/videos/news/nation/2021/01/29/wh-pfizer-moderna-part-plan-200-m-doses/4309245001/, WH: Pfizer| Moderna part of plan for 200M doses, 0
https://www.usatoday.com/https://www.usatoday.com/story/sports/mls/2021/01/29/mls-sets-new-negotiation-deadline-warns-of-possible-lockout/115415446/, MLS sets new negotiation deadline| warns of possible lockout, 0
https://www.usatoday.com/https://www.usatoday.com/story/sports/sports-betting/2021/01/29/sacramento-kings-at-toronto-raptors-odds-picks-and-prediction/115415462/, Sacramento Kings at Toronto Raptors odds| picks and prediction, 0
https://www.usatoday.com/https://www.usatoday.com/videos/sports/2021/01/29/special-delivery-unboxing-nikes-crazy-500-sneaker-ispa-road-warrior/4306933001/, Special Delivery: Unboxing Nike’s CRAZY $500 sneaker: ISPA Road Warrior, 0
https://www.usatoday.com/https://www.usatoday.com/videos/sports/2021/01/29/special-delivery-unboxing-russell-westbrooks-new-signature-shoe-jordan-why-not-zer-0-4/4309415001/, Special Delivery: Unboxing Russell Westbrook's NEW signature shoe: Jordan Why Not Zer0.4, 0
https://www.usatoday.com/https://www.reviewed.com/smarthome/content/kangaroo-doorbell-camera-review?utm_source=usat&utm_medium=referral&utm_campaign=collab, Kangaroo’s smart doorbell proves you get what you pay for, 0
https://www.usatoday.com/https://www.usatoday.com/videos/life/militarykind/2021/01/29/teen-tackles-airman-mom-when-she-surprises-him/4309812001/, Teen tackles Airman mom when she surprises him, 0
https://www.usatoday.com/https://www.usatoday.com/story/sports/soccer/2021/01/29/ap-interview-conduct-of-agents-alarms-new-burnley-chairman/43364983/, AP Interview: Conduct of agents alarms new Burnley chairman, 0
https://www.usatoday.com/https://www.reviewed.com/style/features/10-oversized-long-sweaters-wear-leggings?utm_source=usat&utm_medium=referral&utm_campaign=collab, 10 oversized sweaters that are perfect for layering, 0
https://www.usatoday.com/https://www.usatoday.com/sitemap/2021/january/29/, 1, 0
https://www.usatoday.com/https://www.usatoday.com/sitemap/2021/january/29/?page=2, 2, 0
