https://www.usatoday.com/https://www.usatoday.com/story/sports/nfl/2021/01/29/brady-out-to-join-robertson-robinson-in-exclusive-club/43365677/, Brady out to join Robertson| Robinson in exclusive club, 0
https://www.usatoday.com/https://www.usatoday.com/story/entertainment/music/2021/01/29/coachella-stagecoach-festivals-canceled-april/4317853001/, Coachella| Stagecoach festivals canceled for April, 0
https://www.usatoday.com/https://www.usatoday.com/story/sports/mlb/2021/01/29/wainwright-cardinals-finalize-8m-deal-for-17th-season/115417122/, Wainwright| Cardinals finalize $8M deal for 17th season, 0
https://www.usatoday.com/https://www.usatoday.com/story/sports/soccer/2021/01/29/matchday-sheffield-united-going-for-manchester-double/43365689/, MATCHDAY: Sheffield United going for Manchester double, 0
https://www.usatoday.com/https://www.usatoday.com/story/tech/reviewedcom/2021/01/29/dyson-v-8-absolute-pro-get-major-markdown-top-dyson-model/4316759001/, Dyson V8 Absolute Pro: Get a major markdown on this top Dyson model, 0
https://www.usatoday.com/https://www.usatoday.com/story/sports/nhl/2021/01/29/wilds-fiala-suspended-3-games-for-boarding-kings-roy/43365693/, Wild's Fiala suspended 3 games for boarding Kings' Roy, 0
https://www.usatoday.com/https://www.usatoday.com/story/sports/wnba/2021/01/29/layshia-clarendon-gains-support-wnba-ny-liberty-after-top-surgery/4317478001/, Layshia Clarendon gains support of WNBA| NY Liberty after top surgery, 0
https://www.usatoday.com/https://www.usatoday.com/videos/sports/weeklypulse/2021/01/30/whats-next-deshaun-watson/4318103001/, What's next for Deshaun Watson?, 0
https://www.usatoday.com/https://www.usatoday.com/story/sports/nba/2021/01/29/nets-forward-kevin-durant-to-sit-against-oklahoma-city/115417274/, Nets forward Kevin Durant to sit against Oklahoma City, 0
https://www.usatoday.com/https://www.usatoday.com/story/sports/nfl/2021/01/29/brady-productive-drafts-fuel-tampa-bays-run-to-super-bowl/115417282/, Brady| productive drafts fuel Tampa Bay's run to Super Bowl, 0
https://www.usatoday.com/https://www.usatoday.com/videos/entertainment/entertainthis/2021/01/30/drivers-license-olivia-rodrigo-releases-new-footage-joshua-bassett-drops-single/4318172001/, 'Drivers License': Olivia Rodrigo releases new footage| Joshua Bassett drops single, 0
https://www.usatoday.com/https://www.usatoday.com/story/sports/ncaab/2021/01/29/hamlet-scores-30-to-lift-north-texas-past-rice-79-74/115417288/, Hamlet scores 30 to lift North Texas past Rice 79-74, 0
https://www.usatoday.com/https://www.usatoday.com/story/sports/ncaab/2021/01/29/martin-scores-19-to-lead-monmouth-past-niagara-77-67/43365697/, Martin scores 19 to lead Monmouth past Niagara 77-67, 0
https://www.usatoday.com/https://www.usatoday.com/story/sports/ncaab/2021/01/29/russell-leads-louisiana-lafayette-over-texas-state-62-60/115417298/, Russell leads Louisiana-Lafayette over Texas State 62-60, 0
https://www.usatoday.com/https://www.usatoday.com/story/sports/nfl/packers/2021/01/29/packers-parting-ways-defensive-coordinator-mike-pettine/4318141001/, Packers parting ways with defensive coordinator Mike Pettine, 0
https://www.usatoday.com/https://www.usatoday.com/story/sports/ncaab/2021/01/29/davis-scores-25-to-lift-detroit-mercy-past-youngstown-state/115417300/, Davis scores 25 to lift Detroit Mercy past Youngstown State, 0
https://www.usatoday.com/https://www.usatoday.com/videos/news/nation/2021/01/30/horse-and-pony-rescued-california-mudslide/4318332001/, Horse and pony rescued from California mudslide, 0
https://www.usatoday.com/https://www.usatoday.com/story/tech/reviewedcom/2021/01/29/pyrex-snag-22-piece-food-storage-more-than-half-off/4318202001/, Pyrex: Snag this 22-piece food storage container set for 60% off, 0
https://www.usatoday.com/https://www.usatoday.com/story/sports/nfl/2021/01/29/new-eagles-coach-nick-sirianni-values-connecting-competing/115417302/, New Eagles coach Nick Sirianni values connecting| competing, 0
https://www.usatoday.com/https://www.usatoday.com/story/sports/Ad-Meter/2021/01/29/ad-meter-2021-roundup-super-bowl-55-commercials-latest-premieres/115417032/, Super Bowl commercials: Serena Williams| Jason Alexander star in ads, 0
https://www.usatoday.com/https://www.usatoday.com/story/entertainment/movies/2021/01/29/rita-moreno-sundance-just-a-girl-who-decided-to-go-for-it-documentary/4312603001/, Rita Moreno Sundance documentary: Oscar winner on marriage| being 89, 0
https://www.usatoday.com/https://www.usatoday.com/story/news/politics/2021/01/29/capitol-police-officer-brian-sicknick-lie-honor-capitol/4318140001/, Brian Sicknick: Capitol Police officer to lie in honor at Capitol, 0
https://www.usatoday.com/https://www.usatoday.com/videos/tech/2021/01/30/samsung-galaxy-s-21-ultra-what-portrait-mode-looks-like/4318461001/, Samsung Galaxy S21 Ultra: What portrait mode looks like, 0
https://www.usatoday.com/https://www.usatoday.com/story/news/nation/2021/01/29/george-floyd-billboards-los-angeles-atlanta-washington/4312093001/, George Floyd billboards depict 'image that made the world rise up', 0
https://www.usatoday.com/https://www.usatoday.com/story/sports/ncaab/2021/01/29/bellarmine-tops-kennesaw-state-84-67/115417334/, Bellarmine tops Kennesaw State 84-67, 0
https://www.usatoday.com/https://www.usatoday.com/story/news/nation/2021/01/29/coachella-stagecoach-festivals-canceled-april/4310654001/, Coachella| Stagecoach festivals canceled for April, 0
https://www.usatoday.com/https://www.usatoday.com/story/tech/reviewedcom/2021/01/29/amazon-deals-get-top-rated-exercise-bike-sled-snow-shovel-and-more/4184613001/, Amazon deals: Get a top-rated exercise bike| sled| snow shovel and more, 0
https://www.usatoday.com/https://www.usatoday.com/story/sports/tennis/2021/01/29/big-week-of-australian-open-tune-up-tournaments-set-to-start/115417390/, Big week of Australian Open tuneup tournaments set to start, 0
https://www.usatoday.com/https://www.usatoday.com/story/sports/golf/2021/01/29/viktor-hovland-vaults-into-farmers-lead-at-wet-torrey-pines/115417388/, Viktor Hovland vaults into Farmers lead at wet Torrey Pines, 0
https://www.usatoday.com/https://www.usatoday.com/story/sports/mlb/cardinals/2021/01/29/cardinals-adam-wainwright-tv-station-mistake-blues/4318484001/, Cardinals' Adam Wainwright has fun as TV station lists him with Blues, 0
https://www.usatoday.com/https://www.usatoday.com/story/news/politics/2021/01/29/all-executive-orders-president-joe-biden-has-signed/4308740001/, Biden executive orders: All the actions President Joe Biden has signed, 0
https://www.usatoday.com/https://www.usatoday.com/story/sports/ncaab/2021/01/29/burk-scores-26-to-carry-iupui-over-milwaukee-73-68/43365709/, Burk scores 26 to carry IUPUI over Milwaukee 73-68, 0
https://www.usatoday.com/https://www.usatoday.com/story/sports/ncaab/2021/01/29/faulkner-lifts-northern-kentucky-over-uic-72-68/115417418/, Faulkner lifts Northern Kentucky over UIC 72-68, 0
https://www.usatoday.com/https://www.usatoday.com/story/sports/mlb/2021/01/29/ap-source-indians-of-rosario-agree-on-free-agent-contract/115417428/, AP source: Indians| OF Rosario agree on free agent contract, 0
https://www.usatoday.com/https://www.usatoday.com/videos/news/nation/2021/01/30/health-workers-stuck-snow-give-drivers-vaccine/4318993001/, Health workers stuck in snow give drivers vaccine, 0
https://www.usatoday.com/https://www.usatoday.com/story/sports/ncaab/2021/01/29/elmore-lifts-high-point-over-gardner-webb-59-55/115417430/, Elmore lifts High Point over Gardner-Webb 59-55, 0
https://www.usatoday.com/https://www.usatoday.com/story/sports/ncaab/2021/01/29/john-chaney-appreciation-former-player-mike-vreeswyk/4318798001/, John Chaney: Legenary Temple coach's impact goes beyond basketball, 0
https://www.usatoday.com/https://www.usatoday.com/videos/entertainment/2021/01/30/actors-say-virtual-sundance-keeps-focus-films/4319161001/, Actors say virtual Sundance keeps focus on films, 0
https://www.usatoday.com/https://www.usatoday.com/videos/news/nation/2021/01/30/actors-say-virtual-sundance-keeps-focus-films/4319157001/, Actors say virtual Sundance keeps focus on films, 0
https://www.usatoday.com/https://www.usatoday.com/story/sports/nba/2021/01/29/hornets-bounce-back-split-two-game-set-with-pacers-108-105/115417442/, Hornets bounce back| split two-game set with Pacers 108-105, 0
https://www.usatoday.com/https://www.usatoday.com/story/sports/ncaab/2021/01/29/wilson-scores-21-to-carry-ohio-over-buffalo-76-75/115417460/, Wilson scores 21 to carry Ohio over Buffalo 76-75, 0
https://www.usatoday.com/https://www.usatoday.com/story/sports/ncaab/2021/01/29/uc-santa-barbara-tops-uc-davis-72-51/115417462/, UC Santa Barbara tops UC Davis 72-51, 0
https://www.usatoday.com/https://www.usatoday.com/story/news/nation/2021/01/29/california-sheriffs-deputy-arrested-ambush-shooting-sukhdeep-gill/4318776001/, California sheriff's deputy arrested for staging 'ambush' shooting, 0
https://www.usatoday.com/https://www.usatoday.com/story/sports/ncaab/2021/01/29/warren-lifts-florida-gulf-coast-past-stetson-64-63/115417464/, Warren lifts Florida Gulf Coast past Stetson 64-63, 0
https://www.usatoday.com/https://www.usatoday.com/story/entertainment/celebrities/2021/01/29/mentalist-star-simon-baker-wife-rebecca-rigg-split/4318671001/, 'The Mentalist' star Simon Baker| wife split after 29 years, 0
https://www.usatoday.com/https://www.usatoday.com/story/sports/ncaab/2021/01/29/stampley-scores-23-to-lift-troy-over-appalachian-state-71-62/115417466/, Stampley scores 23 to lift Troy over Appalachian State 71-62, 0
https://www.usatoday.com/https://www.usatoday.com/story/sports/nba/2021/01/29/youngs-41-points-in-3-ejection-game-help-hawks-beat-wizards/115417472/, Young's 41 points in 3-ejection game help Hawks beat Wizards, 0
https://www.usatoday.com/https://www.usatoday.com/story/sports/nfl/eagles/2021/01/29/eagles-nick-sirianni-carson-wentz-jalen-hurts/4319145001/, Eagles coach Nick Sirianni has few answers on quarterback situation, 0
https://www.usatoday.com/https://www.usatoday.com/videos/news/nation/2021/01/30/thousands-take-streets-protest-near-total-abortion-ban/4319448001/, Thousands take to the streets to protest near-total abortion ban, 0
https://www.usatoday.com/https://www.usatoday.com/videos/news/nation/2021/01/30/today-history-january-30th/4319441001/, Today in History for January 30th, 0
https://www.usatoday.com/https://www.usatoday.com/story/sports/nba/2021/01/29/knicks-snap-3-game-losing-streak-with-102-81-rout-of-cavs/43365715/, Knicks snap 3-game losing streak with 102-81 rout of Cavs, 0
https://www.usatoday.com/https://www.usatoday.com/story/sports/ncaab/2021/01/29/unc-asheville-tops-winthrop-ends-eagles-21-game-win-streak/43365733/, UNC Asheville tops Winthrop| ends Eagles' 21-game win streak, 0
https://www.usatoday.com/https://www.usatoday.com/story/sports/nhl/2021/01/29/nhl-covid-19-golden-knights-sharks-games-postponed/4319772001/, NHL COVID-19 updates: Two Golden Knights-Sharks postponed, 0
https://www.usatoday.com/https://www.usatoday.com/story/sports/nba/2021/01/29/kings-hold-off-raptors-126-124-for-third-straight-win/115417498/, Kings hold off Raptors 126-124 for third straight win, 0
https://www.usatoday.com/https://www.usatoday.com/story/sports/ncaab/2021/01/29/crowe-lifts-cal-poly-past-cs-northridge-76-70/115417510/, Crowe lifts Cal Poly past CS Northridge 76-70, 0
https://www.usatoday.com/https://www.usatoday.com/story/sports/nhl/2021/01/29/korpisalo-makes-31-stops-blue-jackets-beat-blackhawks-2-1/115417512/, Korpisalo makes 31 stops| Blue Jackets beat Blackhawks 2-1, 0
https://www.usatoday.com/https://www.usatoday.com/story/sports/nba/2021/01/29/ingram-ball-lead-pelicans-past-bucks-131-126/43365741/, Ingram| Ball lead Pelicans past Bucks| 131-126, 0
https://www.usatoday.com/https://www.usatoday.com/story/sports/mlb/2021/01/29/ap-source-st-louis-cardinals-agree-to-acquire-all-star-third-baseman-nolan-arenado-from-colorado-roc/115417526/, AP source: St. Louis Cardinals agree to acquire All-Star third baseman Nolan Arenado from Colorado Rockies., 0
https://www.usatoday.com/https://www.usatoday.com/story/sports/mlb/2021/01/29/ap-source-cardinals-to-acquire-arenado-from-rockies/115417522/, AP source: Cardinals to acquire Arenado from Rockies, 0
https://www.usatoday.com/https://www.usatoday.com/story/sports/nba/2021/01/29/embiid-has-37-points-as-76ers-ease-past-wolves-118-94/43365753/, Embiid has 37 points as 76ers ease past Wolves| 118-94, 0
https://www.usatoday.com/https://www.usatoday.com/story/news/politics/2021/01/29/cori-bush-moving-office-away-marjorie-taylor-greene-congress/4318568001/, Why Cori Bush is moving her office away from Marjorie Taylor Greene, 0
https://www.usatoday.com/https://www.usatoday.com/story/sports/nba/2021/01/29/nets-dont-miss-rested-durant-in-147-125-win-over-thunder/115417536/, Nets don't miss rested Durant in 147-125 win over Thunder, 0
https://www.usatoday.com/https://www.usatoday.com/story/sports/ncaab/2021/01/29/campbell-tops-charleston-southern-59-58/115417556/, Campbell tops Charleston Southern 59-58, 0
https://www.usatoday.com/https://www.usatoday.com/story/sports/mlb/2021/01/29/nolan-arenado-trade-cardinals-rockies-agree-blockbuster-deal/4319605001/, Nolan Arenado trade: Cardinals| Rockies agree on blockbuster deal, 0
https://www.usatoday.com/https://www.usatoday.com/story/sports/ncaab/2021/01/29/maric-scores-17-to-carry-ualr-past-louisiana-monroe-66-62/43365771/, Maric scores 17 to carry UALR past Louisiana-Monroe 66-62, 0
https://www.usatoday.com/https://www.usatoday.com/story/sports/ncaab/2021/01/29/beaudion-patton-lead-cleveland-st-over-green-bay-74-68/115417562/, Beaudion| Patton lead Cleveland St. over Green Bay 74-68, 0
https://www.usatoday.com/https://www.usatoday.com/story/sports/ncaab/2021/01/29/dixon-carries-coastal-carolina-past-georgia-southern-79-62/43365779/, Dixon carries Coastal Carolina past Georgia Southern 79-62, 0
https://www.usatoday.com/https://www.usatoday.com/story/sports/nba/2021/01/29/derozan-leads-spurs-to-119-109-win-ending-nuggets-streak/115417574/, DeRozan leads Spurs to 119-109 win| ending Nuggets' streak, 0
https://www.usatoday.com/https://www.usatoday.com/story/sports/nba/2021/01/29/leonard-george-stellar-in-returns-as-clippers-thump-magic/115417734/, Leonard| George stellar in returns as Clippers thump Magic, 0
https://www.usatoday.com/https://www.usatoday.com/story/sports/ncaaw/2021/01/29/no-5-ucla-weathers-comeback-try-beats-arizona-state-60-57/115417598/, No. 5 UCLA weathers comeback try| beats Arizona State 60-57, 0
https://www.usatoday.com/https://www.usatoday.com/story/sports/ncaaw/2021/01/29/no-5-ucla-women-hold-off-arizona-state-60-57/115417622/, No. 5 UCLA women hold off Arizona State| 60-57, 0
https://www.usatoday.com/https://www.usatoday.com/story/sports/ncaab/2021/01/29/dosunmu-frazier-lead-no-19-illinois-over-no-7-iowa-80-75/43365785/, Dosunmu| Frazier lead No. 19 Illinois over No. 7 Iowa 80-75, 0
https://www.usatoday.com/https://www.usatoday.com/story/sports/ncaab/2021/01/29/eaton-leads-arkansas-st-past-texas-arlington-83-75-in-ot/115417630/, Eaton leads Arkansas St. past Texas-Arlington 83-75 in OT, 0
https://www.usatoday.com/https://www.usatoday.com/story/sports/ncaab/2021/01/29/lever-carries-grand-canyon-past-new-mexico-st-70-62/115417632/, Lever carries Grand Canyon past New Mexico St. 70-62, 0
https://www.usatoday.com/https://www.usatoday.com/story/sports/mlb/mets/2021/01/29/mets-owner-steve-cohen-exits-twitter-gamestop/4321011001/, Mets owner Steve Cohen drops Twitter account after rough week, 0
https://www.usatoday.com/https://www.usatoday.com/story/sports/ncaab/2021/01/29/basile-carries-wright-st-over-robert-morris-79-70/43365799/, Basile carries Wright St. over Robert Morris 79-70, 0
https://www.usatoday.com/https://www.usatoday.com/story/entertainment/movies/2021/01/29/sundance-jerrod-carmichael-surprises-on-count-three/4320036001/, Sundance: Jerrod Carmichael surprises with 'On the Count of Three ', 0
https://www.usatoday.com/https://www.usatoday.com/story/sports/ncaab/2021/01/29/rowell-leads-california-baptist-over-dixie-state-89-74/43365801/, Rowell leads California Baptist over Dixie State 89-74, 0
https://www.usatoday.com/https://www.usatoday.com/story/sports/ncaab/bigten/2021/01/30/iowa-illinois-big-ten-basketball-overturned-call/4321375001/, Iowa falls 80-75 at Illinois behind cold shooting| overturned call, 0
https://www.usatoday.com/https://www.usatoday.com/story/sports/nba/2021/01/30/jazz-finish-sweep-of-mavericks-120-101-for-11th-straight-win/43365839/, Jazz finish sweep of Mavericks 120-101 for 11th straight win, 0
https://www.usatoday.com/https://www.usatoday.com/story/sports/nba/jazz/2021/01/30/jazz-win-streak-11-games-bury-with-mavericks-3-pointers/4321810001/, Jazz win 11th consecutive game by burying Mavericks in 3-pointers, 0
https://www.usatoday.com/https://www.usatoday.com/story/sports/ncaab/2021/01/30/dante-maddox-jr-carries-cs-fullerton-over-cs-bakersfield/43365853/, Dante Maddox Jr. carries CS Fullerton over CS Bakersfield, 0
https://www.usatoday.com/https://www.usatoday.com/story/sports/nfl/2021/01/30/nfl-scrambles-to-keep-charitable-super-bowl-events-in-tampa/115417732/, NFL scrambles to keep charitable Super Bowl events in Tampa, 0
https://www.usatoday.com/https://www.usatoday.com/story/tech/2021/01/30/samsung-galaxy-ultra-s-21-android-review/4270481001/, Samsung Galaxy S21 5G smartphones boast better displays and cameras, 0
https://www.usatoday.com/https://www.usatoday.com/story/sports/ncaab/2021/01/30/greene-carries-uc-irvine-past-hawaii-53-51/43365867/, Greene carries UC Irvine past Hawaii 53-51, 0
https://www.usatoday.com/https://www.usatoday.com/story/opinion/2021/01/30/covid-19-exacerbates-homelessness-lack-data-could-make-worse/4286017001/, COVID-19 exacerbates homelessness. A lack of data could make it worse., 0
https://www.usatoday.com/https://www.usatoday.com/story/opinion/2021/01/30/your-state-ready-expansion-drone-delivery-column/4258507001/, Is your state ready for the expansion of drone delivery?, 0
https://www.usatoday.com/https://www.usatoday.com/story/news/nation/2021/01/30/covid-19-finds-blacks-latinos-eyeing-med-school-help-their-own/4266815001/, COVID-19 finds Blacks| Latinos eyeing med school to help their own, 0
https://www.usatoday.com/https://www.usatoday.com/story/news/2021/01/30/coronavirus-pandemic-sundance-film-festival-screenings-nfl-pro-bowl/4270671001/, Sundance Film Festival| NFL Pro Bowl: 5 things to know this weekend, 0
https://www.usatoday.com/https://www.usatoday.com/story/opinion/2021/01/30/vladimir-putin-alexei-navalny-russia-sanctions-us-column/4314973001/, Alexei Navalny: Force change in Russia by sanctioning Putin's cronies, 0
https://www.usatoday.com/https://www.usatoday.com/story/news/health/2021/01/30/covid-news-j-j-vaccine-trial-canada-travel-restrictions-coronavirus/4308370001/, COVID news: J&J vaccine trial; Canada tightens travel restrictions, 0
https://www.usatoday.com/https://www.usatoday.com/story/news/nation/2021/01/30/sinaloa-cartel-tied-to-string-of-louisville-crimes/4313209001/, Sinaloa Cartel tied to string of Louisville| Kentucky crimes, 0
https://www.usatoday.com/https://www.usatoday.com/story/money/cars/2021/01/30/2022-acura-mdx-luxury-brands-suv/4308936001/, 2022 Acura MDX gets the luxury brand's SUV back on track, 0
https://www.usatoday.com/https://www.usatoday.com/story/opinion/2021/01/30/immigration-reform-can-happen-how-do-right-joe-biden-column/4304042001/, Joe Biden can make immigration reform happen. Here's how to do it., 0
https://www.usatoday.com/https://www.usatoday.com/story/tech/2021/01/30/5-red-flags-for-new-craigslist-users-to-avoid/4311380001/, First time using Craigslist? Beware these five red flags, 0
https://www.usatoday.com/https://www.usatoday.com/story/news/nation/2021/01/30/nm-school-uses-cares-buy-winnebago-offer-mobile-covid-tests/4014393001/, NM school uses CARES money to buy Winnebago| offer mobile COVID tests, 0
https://www.usatoday.com/https://www.usatoday.com/story/news/politics/2021/01/30/marjorie-taylor-greene-republicans-face-quandary-over-her-remarks/4308620001/, Marjorie Taylor Greene: Republicans face quandary over her remarks, 0
https://www.usatoday.com/https://www.usatoday.com/story/money/taxes/2021/01/30/tax-credits-deductions-differences/115367028/, Tax credits and tax deductions: What's the difference| which is better, 0
https://www.usatoday.com/https://www.usatoday.com/story/sports/sports-betting/2021/01/30/pittsburgh-penguins-at-new-york-rangers-odds-picks-and-prediction/115417856/, Pittsburgh Penguins at New York Rangers odds| picks and prediction, 0
https://www.usatoday.com/https://www.usatoday.com/story/sports/sports-betting/2021/01/30/colorado-avalanche-at-minnesota-wild-odds-picks-and-prediction/115417876/, Colorado Avalanche at Minnesota Wild odds| picks and prediction, 0
https://www.usatoday.com/https://www.usatoday.com/story/entertainment/books/2021/01/30/new-books-kristin-hannah-four-wind-mike-nichols-bio/4288911001/, 5 books not to miss: New Kristin Hannah| Mike Nichols bio, 0
https://www.usatoday.com/https://www.usatoday.com/story/money/investing/2021/01/30/stock-short-interest-over-100/43363019/, How a stock can have short interest over 100%, 0
https://www.usatoday.com/https://www.usatoday.com/story/sports/nfl/2021/01/30/super-bowl-55-tom-brady-rekindles-memories-old-bucs-and-chiefs-qb/4315255001/, Super Bowl 55: Tom Brady rekindles memories old Bucs and Chiefs QB, 0
https://www.usatoday.com/https://www.usatoday.com/story/tech/columnist/2021/01/30/apple-watch-tips-how-find-phone-screenshot-larger-text/4294610001/, Apple Watch tips & tricks: How to find your phone| screenshot and more, 0
https://www.usatoday.com/https://www.usatoday.com/story/sports/soccer/2021/01/30/arrest-made-after-online-racial-abuse-of-west-brom-player/115417920/, Arrest made after online racial abuse of West Brom player, 0
https://www.usatoday.com/https://www.usatoday.com/story/sports/sports-betting/2021/01/30/florida-panthers-at-detroit-red-wings-odds-picks-and-prediction/115417924/, Florida Panthers at Detroit Red Wings odds| picks and prediction, 0
https://www.usatoday.com/https://www.usatoday.com/story/sports/sports-betting/2021/01/30/st-louis-blues-at-anaheim-ducks-odds-picks-and-prediction/115417954/, St. Louis Blues at Anaheim Ducks odds| picks and prediction, 0
https://www.usatoday.com/https://www.usatoday.com/story/sports/nfl/columnist/nate-davis/2021/01/30/super-bowl-55-greatest-players-history-tom-brady-chiefs-bucs/4316361001/, Super Bowl's greatest players: How do Patriots legends rank?, 0
https://www.usatoday.com/https://www.usatoday.com/story/sports/mlb/2021/01/30/women-sports-media-still-suffer-despite-breakthroughs/4305605001/, Women in sports media still suffer despite breakthroughs, 0
https://www.usatoday.com/https://www.usatoday.com/story/sports/sports-betting/2021/01/30/clemson-at-duke-odds-picks-and-prediction/115418010/, Clemson at Duke odds| picks and prediction, 0
https://www.usatoday.com/https://www.usatoday.com/story/sports/sports-betting/2021/01/30/vancouver-canucks-at-winnipeg-jets-odds-picks-and-prediction/115418016/, Vancouver Canucks at Winnipeg Jets odds| picks and prediction, 0
https://www.usatoday.com/https://www.usatoday.com/story/sports/sports-betting/2021/01/30/virginia-at-virginia-tech-odds-picks-and-prediction/115418024/, Virginia at Virginia Tech odds| picks and prediction, 0
https://www.usatoday.com/https://www.usatoday.com/story/travel/news/2021/01/30/dubai-blamed-covid-cases-abroad-after-tourists-bring-variants-home/4311188001/, Dubai blamed for COVID cases abroad after tourists bring variants home, 0
https://www.usatoday.com/https://www.usatoday.com/story/sports/motorsports/2021/01/30/rolex-24-daytona-2021-key-stories-to-watch/4287634001/, Rolex 24 at Daytona key stories: Jimmie Johnson| Cadillac dominance, 0
https://www.usatoday.com/https://www.usatoday.com/story/sports/nfl/super-bowl/2021/01/30/super-bowl-lv-bruce-arians-winning-style-tampa-bay-rooted-family/4296143001/, Super Bowl 2021: Bruce Arians winning style with Bucs rooted in family, 0
https://www.usatoday.com/https://www.usatoday.com/story/sports/golf/2021/01/30/casey-eagles-18th-for-64-leads-by-1-at-dubai-desert-classic/43365941/, Casey eagles 18th for 64| leads by 1 at Dubai Desert Classic, 0
https://www.usatoday.com/https://www.usatoday.com/story/nletter/2021/01/30/your-weekend-long-reads/4280399001/, Your weekend long reads, 0
https://www.usatoday.com/https://www.usatoday.com/story/sports/sports-betting/2021/01/30/caleb-plant-vs-caleb-truax-fight-odds-picks-and-prediction/115418136/, Caleb Plant vs. Caleb Truax fight odds| picks and prediction, 0
https://www.usatoday.com/https://www.usatoday.com/story/sports/mlb/2021/01/30/tanaka-aims-to-show-japanese-fans-he-improved-with-yankees/43365959/, Tanaka aims to show Japanese fans he 'improved' with Yankees, 0
https://www.usatoday.com/https://www.usatoday.com/story/news/factcheck/2021/01/30/fact-check-ramesses-ii-had-passport-but-viral-image-fake/4313165001/, Fact check: Ramesses II had a passport| but viral image of it is fake, 0
https://www.usatoday.com/https://www.usatoday.com/story/sports/soccer/2021/01/30/newcastle-ends-5-game-losing-streak-with-2-0-win-at-everton/115418322/, Newcastle ends 5-game losing streak with 2-0 win at Everton, 0
https://www.usatoday.com/https://www.usatoday.com/videos/news/politics/2021/01/30/capitol-riot-fallen-officer-lie-honor-us-capitol/4322784001/, Capitol riot: Fallen officer to lie in honor at US Capitol, 0
https://www.usatoday.com/https://www.usatoday.com/story/nletter/2021/01/30/reddit-facebook-gamestop-and-apple-dominate-news-talking-tech/4318770001/, Talking Tech: Reddit| Facebook| GameStop and Apple dominate the news, 0
https://www.usatoday.com/https://www.usatoday.com/videos/entertainment/2021/01/30/questlove-wants-his-movie-change-someones-life/4322849001/, Questlove wants his movie to 'change someone's life', 0
https://www.usatoday.com/https://www.usatoday.com/videos/news/nation/2021/01/30/questlove-wants-his-movie-change-someones-life/4322846001/, Questlove wants his movie to 'change someone's life', 0
https://www.usatoday.com/https://www.usatoday.com/story/sports/sports-betting/2021/01/30/nashville-predators-at-tampa-bay-lightning-odds-picks-and-prediction/115418386/, Nashville Predators at Tampa Bay Lightning odds| picks and prediction, 0
https://www.usatoday.com/https://www.usatoday.com/story/sports/olympics/2021/01/30/a-17-year-old-daredevil-could-be-chinas-next-olympic-star/115418390/, A 17-year-old daredevil could be China's next Olympic star, 0
https://www.usatoday.com/https://www.usatoday.com/story/news/factcheck/2021/01/30/who-advises-people-continue-wearing-masks/4314055001/, Fact check: WHO advises mask wearing| contrary to false report, 0
https://www.usatoday.com/https://www.usatoday.com/story/news/nation/2021/01/30/dominic-pezzola-had-bomb-making-manuals-feds-allege-rochester-ny-proud-boys/4322728001/, 2 Proud Boys charged with conspiracy in Capitol riot| feds announce, 0
https://www.usatoday.com/https://www.usatoday.com/story/sports/soccer/2021/01/30/sevilla-beats-eibar-2-0-to-move-past-bara-into-3rd-place/115418432/, Madrid loses 2-1 to Levante in another slip in title race, 0
https://www.usatoday.com/https://www.usatoday.com/videos/news/nation/2021/01/30/protesting-indian-farmers-begin-hunger-strike/4323093001/, Protesting Indian farmers begin hunger strike, 0
https://www.usatoday.com/https://www.usatoday.com/story/news/nation/2021/01/30/black-lives-matter-nominated-nobel-peace-prize-norwegian-mp/4322546001/, Black Lives Matter nominated for Nobel Peace Prize by Norwegian MP, 0
https://www.usatoday.com/https://www.usatoday.com/story/sports/soccer/2021/01/30/angry-marseille-fans-march-to-training-complex-before-game/43366005/, Marseille slams fan 'barbarism' after training complex raid, 0
https://www.usatoday.com/https://www.usatoday.com/story/entertainment/tv/2021/01/30/nbcuniversal-pledges-include-actors-disabilities-auditions/4323143001/, NBCUniversal pledges to include actors with disabilities in auditions, 0
https://www.usatoday.com/https://www.usatoday.com/story/sports/sports-betting/2021/01/30/boston-bruins-at-washington-capitals-odds-picks-and-prediction/115418486/, Boston Bruins at Washington Capitals odds| picks and prediction, 0
https://www.usatoday.com/https://www.usatoday.com/story/sports/sports-betting/2021/01/30/villanova-at-seton-hall-odds-picks-and-prediction/115418490/, Villanova at Seton Hall odds| picks and prediction, 0
https://www.usatoday.com/https://www.usatoday.com/story/sports/soccer/2021/01/30/ibrahimovi-misses-penalty-milan-beats-bologna-2-1/115418532/, Ibrahimovi misses penalty| Milan beats Bologna 2-1, 0
https://www.usatoday.com/https://www.usatoday.com/story/sports/sports-betting/2021/01/30/auburn-at-baylor-odds-picks-and-prediction/115418540/, Auburn at Baylor odds| picks and prediction, 0
https://www.usatoday.com/https://www.usatoday.com/story/sports/sports-betting/2021/01/30/portland-trail-blazers-at-chicago-bulls-odds-picks-and-prediction/115418594/, Portland Trail Blazers at Chicago Bulls odds| picks and prediction, 0
https://www.usatoday.com/https://www.usatoday.com/story/sports/soccer/2021/01/30/fire-erupts-at-brazil-stadium-that-hosted-world-cup-games/115418616/, Fire erupts at Brazil stadium that hosted World Cup games, 0
https://www.usatoday.com/https://www.usatoday.com/videos/news/nation/2021/01/30/crews-battle-flames-huge-us-recycling-plant-fire/4323472001/, Crews battle flames in huge US recycling plant fire, 0
https://www.usatoday.com/https://www.usatoday.com/story/sports/sports-betting/2021/01/30/gonzaga-at-pepperdine-odds-picks-and-prediction/115418672/, Gonzaga at Pepperdine odds| picks and prediction, 0
https://www.usatoday.com/https://www.usatoday.com/story/sports/soccer/2021/01/30/lewandowski-fires-bayern-to-10-point-lead/43366031/, Lewandowski takes Bundesliga tally to 24 in Bayern's 4-1 win, 0
https://www.usatoday.com/https://www.usatoday.com/story/news/factcheck/2021/01/30/fact-check-biden-freezes-rule-health-center-insulin-epipen-prices/4254921001/, Fact check: Biden freezes rule on health center insulin| EpiPen prices, 0
https://www.usatoday.com/https://www.usatoday.com/story/sports/nfl/2021/01/30/falcons-hire-former-backup-qb-yates-as-passing-specialist/43366047/, Falcons hire former backup QB Yates as passing specialist, 0
https://www.usatoday.com/https://www.usatoday.com/story/sports/sports-betting/2021/01/30/kansas-at-tennessee-odds-picks-and-prediction/115418712/, Kansas at Tennessee odds| picks and prediction, 0
https://www.usatoday.com/https://www.usatoday.com/story/sports/soccer/2021/01/30/jesus-earns-epl-leader-man-city-1-0-win-over-sheffield-utd/115418720/, Jesus earns EPL leader Man City 1-0 win over Sheffield Utd, 0
https://www.usatoday.com/https://www.usatoday.com/story/tech/reviewedcom/2021/01/30/amazon-deals-shop-price-drops-samsung-tvs-nonstick-pans-and-more/4322774001/, Amazon deals: Shop price drops on Samsung TVs| nonstick pans and more, 0
https://www.usatoday.com/https://www.usatoday.com/story/sports/soccer/2021/01/30/epl-relegation-rivals-west-brom-fulham-draw-2-2/43366079/, EPL relegation rivals West Brom| Fulham draw 2-2, 0
https://www.usatoday.com/https://www.usatoday.com/story/sports/soccer/2021/01/30/ezes-strike-earns-palace-1-0-win-over-wolves-in-epl/43366097/, Eze's wonder strike earns Palace 1-0 win over Wolves in EPL, 0
https://www.usatoday.com/https://www.usatoday.com/story/sports/2021/01/30/nc-state-loses-top-scorer-daniels-for-season-to-knee-injury/4324018001/, NC State loses top scorer Daniels for season to knee injury, 0
https://www.usatoday.com/https://www.usatoday.com/videos/news/nation/2021/01/30/mass-vaccinations-under-way-denver/4324019001/, Mass vaccinations under way in Denver, 0
https://www.usatoday.com/https://www.usatoday.com/story/nletter/health/2021/01/30/coronavirus-watch-cdc-mandates-masks-public-transit/4323008001/, Coronavirus Watch: CDC mandates masks on public transit, 0
https://www.usatoday.com/https://www.usatoday.com/story/sports/sports-betting/2021/01/30/new-york-islanders-at-philadelphia-flyers-odds-picks-and-prediction/115418946/, New York Islanders at Philadelphia Flyers odds| picks and prediction, 0
https://www.usatoday.com/https://www.usatoday.com/story/sports/sports-betting/2021/01/30/memphis-grizzlies-at-san-antonio-spurs-odds-picks-and-prediction/115418962/, Memphis Grizzlies at San Antonio Spurs odds| picks and prediction, 0
https://www.usatoday.com/https://www.usatoday.com/story/entertainment/music/2021/01/30/grammy-nominated-pop-artist-producer-sophie-dies-34/4323507001/, Sophie dies in 'terrible accident'; Grammy nominee was 34, 0
https://www.usatoday.com/https://www.usatoday.com/videos/news/nation/2021/01/30/large-fire-damages-new-jersey-amusement-park/4324208001/, Large fire damages New Jersey amusement park, 0
https://www.usatoday.com/https://www.usatoday.com/story/sports/sports-betting/2021/01/30/sacramento-kings-at-miami-heat-odds-picks-and-prediction/115418984/, Sacramento Kings at Miami Heat odds| picks and prediction, 0
https://www.usatoday.com/https://www.usatoday.com/story/news/factcheck/2021/01/30/fact-check-4-hung-plot-kill-abraham-lincoln-not-steal-election/4092557001/, Fact check: 4 were hung for plot to kill Lincoln| not over election, 0
https://www.usatoday.com/https://www.usatoday.com/story/tech/reviewedcom/2021/01/30/stainless-steel-cookware-save-popular-13-piece-set-macys/4323658001/, Silverware set: Get these 51-piece flatware collections for $30, 0
https://www.usatoday.com/https://www.reviewed.com/style/features/black-owned-clothing-shop-these-12-black-owned-fashion-brands-amazon, 11 popular Black-owned fashion brands to shop on Amazon, 0
https://www.usatoday.com/https://www.usatoday.com/story/sports/mlb/2021/01/30/ap-source-phillies-ss-didi-gregorius-agree-on-2-year-deal/115419056/, AP source: Phillies| SS Didi Gregorius agree on 2-year deal, 0
https://www.usatoday.com/https://www.usatoday.com/story/sports/nfl/lions/2021/01/30/matt-stafford-trade-talks-detroit-lions/4324446001/, Matt Stafford trade talks 'hot and heavy|' Lions coach says, 0
https://www.usatoday.com/https://www.usatoday.com/story/sports/nascar/2021/01/30/daytona-500-fans-largest-sporting-event-covid/4324541001/, Daytona 500 to host 30|000 fans in NASCAR season opener, 0
https://www.usatoday.com/https://www.usatoday.com/story/sports/mlb/2021/01/30/lefty-aaron-loup-finalizes-3m-1-year-deal-with-mets/115419096/, Lefty Aaron Loup finalizes $3M| 1-year deal with Mets, 0
https://www.usatoday.com/https://www.usatoday.com/story/sports/ncaab/2021/01/30/rachal-scores-21-to-lead-tulsa-past-east-carolina-77-68/43366151/, Rachal scores 21 to lead Tulsa past East Carolina 77-68, 0
https://www.usatoday.com/https://www.usatoday.com/story/sports/soccer/2021/01/30/man-u-loses-ground-in-title-race-drawing-0-0-with-arsenal/115419122/, Man U loses ground in title race| drawing 0-0 with Arsenal, 0
https://www.usatoday.com/https://www.usatoday.com/story/sports/ncaab/2021/01/30/duke-balance-leaves-clemson-in-dust-in-79-53-win/115419146/, Duke balance leaves Clemson in dust in 79-53 win, 0
https://www.usatoday.com/https://www.usatoday.com/story/money/business/2021/01/30/publix-heiress-alex-jones-paid-jan-6-trump-rally-before-riot/4323807001/, Report: Publix heiress| Alex Jones paid for Jan. 6 Trump rally, 0
https://www.usatoday.com/https://www.usatoday.com/story/sports/ncaab/2021/01/30/harmon-scores-18-no-24-oklahoma-tops-no-9-alabama/115419166/, Harmon scores 18; No. 24 Oklahoma tops No. 9 Alabama, 0
https://www.usatoday.com/https://www.usatoday.com/story/sports/ncaab/2021/01/30/davis-scores-20-to-lead-navy-past-loyola-md-70-52/115419168/, Davis scores 20 to lead Navy past Loyola (Md.) 70-52, 0
https://www.usatoday.com/https://www.usatoday.com/story/sports/ncaab/2021/01/30/texas-am-gets-1st-win-at-k-state-pack-has-8-3s-in-loss/43366155/, Texas A&M gets 1st win at K-State; Pack has 8 3s in loss, 0
https://www.usatoday.com/https://www.usatoday.com/story/sports/mlb/2021/01/30/as-acquire-lhp-cole-irvin-from-phillies-for-cash/115419214/, A's acquire LHP Cole Irvin from Phillies for cash, 0
https://www.usatoday.com/https://www.usatoday.com/story/sports/soccer/2021/01/30/man-city-making-case-for-defense-in-latest-epl-title-charge/115419226/, Man City making case for defense in latest EPL title charge, 0
https://www.usatoday.com/https://www.usatoday.com/story/tech/2021/01/30/gamestop-stock-market-reddit-robinhood-wall-street-hedge-fund/4324539001/, GameStop stock mania: This Redditor spurred soar in retailer's shares, 0
https://www.usatoday.com/https://www.usatoday.com/videos/news/nation/2021/01/30/russia-warns-against-planned-opposition-protests/4325065001/, Russia warns against planned opposition protests, 0
https://www.usatoday.com/https://www.usatoday.com/videos/news/nation/2021/01/30/mayor-cautions-us-recycling-plant-fire-could-spread/4325068001/, Mayor cautions US recycling plant fire could spread, 0
https://www.usatoday.com/https://www.usatoday.com/story/news/politics/2021/01/30/alexei-navalny-ally-says-biden-must-sanction-putins-associates/4324080001/, Alexei Navalny ally says Biden must sanction Putin's associates, 0
https://www.usatoday.com/https://www.usatoday.com/story/sports/nfl/chiefs/2021/01/30/chiefs-patrick-mahomes-tells-dan-patrick-plans-future-home/4323914001/, Chiefs' Patrick Mahomes tells Dan Patrick his plans for future home, 0
https://www.usatoday.com/https://www.usatoday.com/story/news/nation/2021/01/30/washington-dc-nyc-boston-brace-snow-noreaster/4322817001/, Washington DC| NYC| Boston brace for snow| nor'easter, 0
https://www.usatoday.com/https://www.usatoday.com/story/sports/ncaab/2021/01/30/kochera-scores-23-to-lift-william-mary-past-towson-84-74/43366209/, Kochera scores 23 to lift William & Mary past Towson 84-74, 0
https://www.usatoday.com/https://www.usatoday.com/videos/news/have-you-seen/2021/01/30/rare-snowy-owl-spotted-central-park/4312799001/, Rare snowy owl spotted in Central Park, 0
https://www.usatoday.com/https://www.usatoday.com/story/sports/soccer/2021/01/30/lens-the-only-winner-as-league-postpones-marseille-vs-rennes/115419320/, Lens the only winner as league postpones Marseille vs Rennes, 0
https://www.usatoday.com/https://www.usatoday.com/story/entertainment/music/2021/01/30/jhene-aiko-says-grammy-nomination-bittersweet-and-surreal/4324419001/, Jhené Aiko says Grammy nomination was 'bittersweet' and 'surreal', 0
https://www.usatoday.com/https://www.usatoday.com/story/sports/nfl/2021/01/30/super-distancing-cbs-keeps-season-protocols-for-big-game/43366215/, Super distancing: CBS keeps season protocols for big game, 0
https://www.usatoday.com/https://www.usatoday.com/story/entertainment/movies/2021/01/30/sundance-halle-berry-says-zendaya-proof-change-hollywood/4324373001/, Halle Berry: Zendaya is 'proof' of change in Hollywood, 0
https://www.usatoday.com/https://www.usatoday.com/story/entertainment/movies/2021/01/30/sesame-street-sundance-doc-street-gang-chronicles-shows-origins/4325509001/, 'Sesame Street': 'Street Gang' documentary chronicles show's origins, 0
https://www.usatoday.com/https://www.usatoday.com/story/sports/nhl/2021/01/30/eichel-scores-in-shootout-sabres-beat-devils-4-3/43366223/, Eichel scores in shootout| Sabres beat Devils 4-3, 0
https://www.usatoday.com/https://www.usatoday.com/story/sports/ncaaw/2021/01/30/gondrezick-has-30-to-lead-no-24-west-virginia-women-to-win/43366247/, Gondrezick has 30 to lead No. 24 West Virginia women to win, 0
https://www.usatoday.com/https://www.usatoday.com/story/sports/nfl/2021/01/30/chiefs-following-patchwork-o-line-into-super-bowl-vs-bucs/43366275/, Chiefs following patchwork O-line into Super Bowl vs Bucs, 0
https://www.usatoday.com/https://www.usatoday.com/story/sports/nba/2021/01/30/hawks-hunter-to-miss-game-against-lakers-with-knee-injury/43366469/, Hawks' Hunter to miss game against Lakers with knee injury, 0
https://www.usatoday.com/https://www.usatoday.com/story/sports/mlb/2021/01/30/semien-completes-18m-deal-with-big-spending-blue-jays/115419642/, Semien completes $18M deal with big-spending Blue Jays, 0
https://www.usatoday.com/https://www.usatoday.com/story/sports/nhl/2021/01/30/blackhawks-cancel-practice-because-of-covid-19-concern/115419728/, Blackhawks cancel practice because of COVID-19 concern, 0
https://www.usatoday.com/https://www.usatoday.com/story/sports/ncaab/2021/01/30/kante-carries-hofstra-past-unc-wilmington-82-73/43366283/, Kante carries Hofstra past UNC Wilmington 82-73, 0
https://www.usatoday.com/https://www.usatoday.com/story/money/business/2021/01/30/toys-r-us-closing-last-two-stores-us/4326032001/, Toys R Us comeback ends with closing of last two stores in the US, 0
https://www.usatoday.com/https://www.usatoday.com/story/sports/soccer/2021/01/30/leipzig-defender-upamecano-pursued-by-bayern/43366285/, Leipzig defender Upamecano pursued by Bayern, 0
https://www.usatoday.com/https://www.usatoday.com/story/sports/ncaab/2021/01/30/pinson-tilmon-lead-no-12-missouri-to-ot-win-over-tcu/43366289/, Pinson| Tilmon lead No. 12 Missouri to OT win over TCU, 0
https://www.usatoday.com/https://www.usatoday.com/story/sports/ncaab/2021/01/30/clarke-carries-sacred-heart-past-mount-st-marys-61-58/43366297/, Clarke carries Sacred Heart past Mount St. Mary's 61-58, 0
https://www.usatoday.com/https://www.usatoday.com/story/sports/ncaab/2021/01/30/florida-beats-no-11-wvu-in-big-12-sec-challenge-85-80/43366309/, Florida beats No. 11 WVU in Big 12-SEC Challenge 85-80, 0
https://www.usatoday.com/https://www.usatoday.com/story/sports/ncaab/2021/01/30/oklahoma-beats-alabama-sec-big-12-challenge/4326332001/, Oklahoma beats Alabama for another win against top-10 basketball team, 0
https://www.usatoday.com/https://www.usatoday.com/sitemap/2021/january/30/, 1, 0
https://www.usatoday.com/https://www.usatoday.com/sitemap/2021/january/30/?page=2, 2, 0
