https://www.usatoday.com/https://golfweek.usatoday.com/2021/01/03/pga-tour-phoenix-open-covid-eamon-lynch/, Phoenix Open wants fans on site. PGA Tour should say no., 0
https://www.usatoday.com/https://www.usatoday.com/story/sports/ncaab/2021/01/03/eady-cook-lift-north-dakota-st-past-w-illinois-78-67/115250926/, Eady| Cook lift North Dakota St. past W. Illinois 78-67, 0
https://www.usatoday.com/https://www.usatoday.com/picture-gallery/sports/nfl/2021/01/04/nfls-2-000-yard-rushers-derrick-henry-reaches-milestone/4122480001/, NFL's 2|000-yard rushers: Derrick Henry reaches milestone, 0
https://www.usatoday.com/https://www.usatoday.com/story/sports/nfl/2021/01/03/smith-mclaurin-are-active-for-washington-as-expected/115250956/, Smith| McLaurin are active for Washington| as expected, 0
https://www.usatoday.com/https://www.usatoday.com/story/sports/nfl/titans/2021/01/03/derrick-henry-titans-nfl-rushing-records-earl-campbell-chris-johnson/4122727001/, Derrick Henry rushes for 2|000 yards; eighth in NFL history to do so, 0
https://www.usatoday.com/https://www.usatoday.com/story/news/world/2021/01/03/greta-thunberg-18th-birthday-climate-activism-sunday-times/4121533001/, Greta Thunberg| on 18th birthday| continues to push climate activism, 0
https://www.usatoday.com/https://www.usatoday.com/story/sports/soccer/2021/01/03/matchday-liverpool-plays-southampton-after-successive-draws/43307953/, MATCHDAY: Liverpool plays Southampton after successive draws, 0
https://www.usatoday.com/https://www.usatoday.com/story/sports/nfl/bears/2021/01/03/chicago-bears-clinch-nfl-playoff-spot-despite-loss-green-bay/4116552001/, Chicago Bears clinch NFL Playoff spot despite loss to Green Bay, 0
https://www.usatoday.com/https://www.usatoday.com/story/sports/nba/2021/01/03/mavericks-star-luka-doncic-sidelined-by-quadriceps-contusion/43307955/, Mavericks star Luka Doncic sidelined by quadriceps contusion, 0
https://www.usatoday.com/https://www.usatoday.com/story/sports/nfl/2021/01/03/allen-bills-close-prolific-year-with-56-26-win-over-miami/115251044/, Bills close with 56-26 win over Miami| set to face Colts, 0
https://www.usatoday.com/https://www.usatoday.com/story/sports/nfl/2021/01/03/chargers-beat-playoff-bound-chiefs-38-21-as-kc-rests-stars/43307959/, Chargers beat playoff-bound Chiefs 38-21 as KC rests stars, 0
https://www.usatoday.com/https://www.usatoday.com/story/sports/nfl/2021/01/03/saints-rout-panthers-33-7-to-earn-no-2-seed-in-nfc-playoffs/43307971/, Saints rout Panthers 33-7 to earn No. 2 seed in NFC playoffs, 0
https://www.usatoday.com/https://www.usatoday.com/story/sports/nfl/2021/01/03/derrick-henry-becomes-8th-player-with-2000-yards-rushing/43307983/, Derrick Henry becomes 8th player with 2|000 yards rushing, 0
https://www.usatoday.com/https://www.usatoday.com/story/sports/nfl/2021/01/03/washington-eagles-live-stream-score-updates-odds-how-watch/4089415001/, Washington at Eagles live stream: Score updates| odds| how to watch, 0
https://www.usatoday.com/https://www.usatoday.com/story/news/politics/elections/2021/01/03/kamala-harris-returns-georgia-help-clinch-senate-runoff-races/4107424001/, Kamala Harris returns to Georgia to help clinch Senate runoff races, 0
https://www.usatoday.com/https://www.usatoday.com/story/sports/nfl/2021/01/03/wolford-defense-lead-rams-past-arizona-18-7-into-playoffs/43307989/, Wolford| defense lead Rams past Arizona 18-7| into playoffs, 0
https://www.usatoday.com/https://www.usatoday.com/story/sports/ncaab/2021/01/03/abmas-scores-37-to-lead-oral-roberts-past-omaha-86-75/115251070/, Abmas scores 37 to lead Oral Roberts past Omaha 86-75, 0
https://www.usatoday.com/https://www.usatoday.com/story/sports/ncaaw/2021/01/03/no-16-michigan-women-throttle-15th-ranked-northwestern/115251080/, No. 16-Michigan women throttle 15th-ranked Northwestern, 0
https://www.usatoday.com/https://www.usatoday.com/story/sports/ncaaw/2021/01/03/arkansas-hits-fts-down-stretch-and-holds-off-missouri-91-88/115251082/, Arkansas hits FTs down stretch and holds off Missouri 91-88, 0
https://www.usatoday.com/https://www.usatoday.com/story/sports/nfl/2021/01/03/taylor-made-day-sends-colts-past-jags-back-into-playoffs/115251086/, Taylor-made day sends Colts past Jags| back into playoffs, 0
https://www.usatoday.com/https://www.usatoday.com/story/sports/nfl/2021/01/03/wilson-lockett-help-seahawks-rally-for-26-23-win-over-49ers/43308005/, Wilson| Lockett help Seahawks rally for 26-23 win over 49ers, 0
https://www.usatoday.com/https://www.usatoday.com/story/sports/ncaaf/2021/01/03/rodgers-throws-4-tds-packers-beat-bears-35-16-for-top-seed/115251150/, Rodgers throws 4 TDs| Packers beat Bears 35-16 for top seed, 0
https://www.usatoday.com/https://www.usatoday.com/story/sports/nfl/2021/01/03/colts-clinch-playoff-berth-jonathan-taylor-record-jaguars/4122878001/, Colts clinch playoff berth as Jonathan Taylor sets record, 0
https://www.usatoday.com/https://www.usatoday.com/story/sports/nfl/rams/2021/01/03/los-angeles-rams-clinch-playoff-spot-eliminate-arizona-cardinals/4122977001/, Los Angeles Rams clinch playoff spot| eliminate Arizona Cardinals, 0
https://www.usatoday.com/https://www.usatoday.com/story/sports/ncaab/2021/01/03/robbins-leads-no-21-minnesota-past-no-25-ohio-state-77-60/43308031/, Robbins leads No. 21 Minnesota past No. 25 Ohio State 77-60, 0
https://www.usatoday.com/https://www.usatoday.com/story/sports/ncaaw/2021/01/03/no-1-stanford-holds-off-arizona-state-68-60/115251270/, No. 1 Stanford holds off Arizona State 68-60, 0
https://www.usatoday.com/https://www.usatoday.com/story/sports/ncaaw/2021/01/03/ucla-ends-oregons-27-game-winning-streak/115251300/, UCLA ends Oregon's 27-game winning streak, 0
https://www.usatoday.com/https://www.usatoday.com/story/sports/nfl/2021/01/03/henry-passes-2k-titans-beat-texans-41-38-on-late-field-goal/43308043/, Henry passes 2K| Titans beat Texans 41-38 on late field goal, 0
https://www.usatoday.com/https://www.usatoday.com/story/sports/nfl/titans/2021/01/03/tennessee-titans-houston-texans-game-afc-south/4123096001/, Derrick Henry| Sam Sloman lead Tennessee Titans to AFC South title, 0
https://www.usatoday.com/https://www.usatoday.com/story/sports/nfl/2021/01/03/packers-clinch-first-round-nfc-bye-bears/4123070001/, Packers beat Bears to clinch NFC first-round playoff bye, 0
https://www.usatoday.com/https://www.usatoday.com/story/sports/ncaab/2021/01/03/alvarado-devoe-lead-georgia-tech-over-wake-forest-70-54/115251302/, Alvarado| Devoe lead Georgia Tech over Wake Forest 70-54, 0
https://www.usatoday.com/https://www.usatoday.com/story/sports/nfl/2021/01/03/derek-carr-rallies-las-vegas-raiders-to-32-31-win-in-denver/115251334/, Derek Carr rallies Las Vegas Raiders to 32-31 win in Denver, 0
https://www.usatoday.com/https://www.usatoday.com/story/news/politics/2021/01/03/fact-check-trumps-made-up-claims-call-trying-flip-ga-election/4123215001/, Fact check: Trump’s made-up claims in call trying to flip Ga. election, 0
https://www.usatoday.com/https://www.usatoday.com/story/sports/ncaab/2021/01/03/harris-scores-17-to-lead-nc-at-over-sc-state-73-66/43308063/, Harris scores 17 to lead NC A&T over SC State 73-66, 0
https://www.usatoday.com/https://www.usatoday.com/story/sports/ncaab/2021/01/03/shungu-scores-21-to-lead-vermont-over-albany-74-66/115251418/, Shungu scores 21 to lead Vermont over Albany 74-66, 0
https://www.usatoday.com/https://www.usatoday.com/story/sports/nba/2021/01/03/james-leads-lakers-past-grizzlies-to-open-2-game-set/115251420/, James leads Lakers past Grizzlies to open 2-game set, 0
https://www.usatoday.com/https://www.usatoday.com/story/sports/ncaab/2021/01/03/hemphill-wilkins-lift-drake-past-s-illinois-73-55/43308067/, Hemphill| Wilkins lift Drake past S. Illinois 73-55, 0
https://www.usatoday.com/https://www.usatoday.com/story/entertainment/music/2021/01/03/country-singer-tyler-rich-dead-man-new-years-eve-run/4122769001/, Country singer Tyler Rich mourns dead man found on New Year's Eve run, 0
https://www.usatoday.com/https://www.usatoday.com/story/sports/nba/2021/01/03/wizards-edge-nets-123-122-after-irving-durant-miss-late/115251470/, Wizards edge Nets 123-122 after Irving| Durant miss late, 0
https://www.usatoday.com/https://www.usatoday.com/story/sports/nfl/2021/01/03/jaguars-marrone-bracing-for-change-after-15th-straight-loss/115251526/, Jaguars' Marrone bracing for change after 15th straight loss, 0
https://www.usatoday.com/https://www.usatoday.com/story/sports/ncaab/2021/01/03/davis-carter-jr-lift-navy-past-bucknell-63-60/43308075/, Davis| Carter Jr. lift Navy past Bucknell 63-60, 0
https://www.usatoday.com/https://www.usatoday.com/story/sports/nfl/2021/01/03/the-new-york-jets-have-fired-coach-adam-gase-who-went-9-23-in-two-seasons/43308073/, The New York Jets have fired coach Adam Gase| who went 9-23 in two seasons., 0
https://www.usatoday.com/https://www.usatoday.com/story/sports/ncaab/2021/01/03/no-5-houston-rebounds-from-1st-loss-with-74-60-win-at-smu/43308089/, No. 5 Houston rebounds from 1st loss with 74-60 win at SMU, 0
https://www.usatoday.com/https://www.usatoday.com/story/sports/ncaab/2021/01/03/ware-scores-18-to-carry-morgan-st-past-james-madison-80-73/43308077/, Ware scores 18 to carry Morgan St. past James Madison 80-73, 0
https://www.usatoday.com/https://www.usatoday.com/story/sports/nfl/2021/01/03/49ers-finally-head-home-after-season-ending-loss-to-seahawks/43308079/, 49ers finally head home after season-ending loss to Seahawks, 0
https://www.usatoday.com/https://www.usatoday.com/story/sports/nfl/2021/01/03/jets-fire-coach-adam-gase-after-2-seasons-of-failed-offense/43308081/, Jets fire coach Adam Gase after 2 seasons of failed offense, 0
https://www.usatoday.com/https://www.usatoday.com/story/sports/nfl/jets/2021/01/03/new-york-jets-fire-coach-adam-gase-after-two-tumultuous-nfl-seasons/4123515001/, New York Jets fire coach Adam Gase after two tumultuous NFL seasons, 0
https://www.usatoday.com/https://www.usatoday.com/story/sports/nba/2021/01/03/murray-jokic-lead-nuggets-past-timberwolves-124-109/43308109/, Murray| Jokic lead Nuggets past Timberwolves| 124-109, 0
https://www.usatoday.com/https://www.usatoday.com/story/sports/ncaab/2021/01/03/ray-kante-lead-hofstra-over-william-mary-82-73/43308125/, Ray| Kante lead Hofstra over William & Mary 82-73, 0
https://www.usatoday.com/https://www.usatoday.com/story/sports/ncaaw/2021/01/03/north-carolina-louisville-womens-basketball-game-postponed/115251608/, North Carolina-Louisville women's basketball game postponed, 0
https://www.usatoday.com/https://www.usatoday.com/story/sports/nba/2021/01/03/jazz-set-season-high-for-3-pointers-beat-spurs-130-109/43308129/, Jazz set season-high for 3-pointers| beat Spurs 130-109, 0
https://www.usatoday.com/https://www.usatoday.com/story/sports/nfl/playoffs/2021/01/03/nfl-playoffs-super-wild-card-weekend-schedule-released/4123569001/, NFL playoffs: Chiefs vs. Buccaneers in Super Bowl 55, 0
https://www.usatoday.com/https://www.usatoday.com/story/sports/ncaab/2021/01/03/no-16-michigan-routs-no-19-northwestern-85-66/115251680/, No. 16 Michigan routs No. 19 Northwestern 85-66, 0
https://www.usatoday.com/https://www.usatoday.com/story/sports/nfl/jets/2021/01/03/new-york-jets-coaching-search-11-candidates-replace-adam-gase/4123550001/, New York Jets coaching search: 11 candidates to replace Adam Gase, 0
https://www.usatoday.com/https://www.usatoday.com/story/entertainment/celebrities/2021/01/03/olivia-jade-instagram-2021-lets-just-keep-vibes-good/4123333001/, Olivia Jade on Instagram: '2021 let’s just keep the vibes good', 0
https://www.usatoday.com/https://www.usatoday.com/story/sports/nfl/2021/01/03/banged-up-chicago-bears-back-into-playoff-spot/115251820/, Banged-up Chicago Bears back into playoff spot, 0
https://www.usatoday.com/https://www.usatoday.com/story/sports/nba/2021/01/03/marc-gasol-return-memphis-lakers-pull-away-defeat-grizzlies/4123611001/, Marc Gasol makes emotional return to Memphis| Lakers beat Grizzlies, 0
https://www.usatoday.com/https://www.usatoday.com/story/sports/nfl/2021/01/03/nfl-today-week-17/115251826/, NFL Today| Week 17, 0
https://www.usatoday.com/https://www.usatoday.com/story/sports/nfl/2021/01/03/injured-murray-disappointed-after-cardinals-hopes-dashed/43308149/, Injured Murray disappointed after Cardinals' hopes dashed, 0
https://www.usatoday.com/https://www.usatoday.com/videos/sports/nfl/sportspulse/2021/01/04/afc-week-17-overreactions-browns-end-playoff-drought-bills-look-like-playoff-juggernaut/4123801001/, AFC Week 17 overreactions: Browns end playoff drought| Bills look like playoff juggernaut, 0
https://www.usatoday.com/https://www.usatoday.com/story/sports/ncaaf/2021/01/03/texas-quarterback-sam-ehlinger-entering-nfl-draft/43308155/, Texas quarterback Sam Ehlinger entering NFL draft, 0
https://www.usatoday.com/https://www.usatoday.com/story/sports/nba/2021/01/03/george-scores-39-points-clippers-hold-off-suns-112-107/43308161/, George scores 39 points| Clippers hold off Suns 112-107, 0
https://www.usatoday.com/https://www.usatoday.com/story/sports/nba/2021/01/03/lavine-scores-39-bulls-beat-doncic-less-mavericks-118-108/43308179/, LaVine scores 39| Bulls beat Doncic-less Mavericks 118-108, 0
https://www.usatoday.com/https://www.usatoday.com/story/sports/nfl/columnist/nate-davis/2021/01/03/nfl-week-17-32-things-we-learned-2020/4120996001/, NFL scores and more: 32 things we learned from Week 17 games, 0
https://www.usatoday.com/https://www.usatoday.com/story/sports/nba/2021/01/03/stephen-curry-has-career-high-62-warriors-beat-blazers/115252072/, Stephen Curry has career-high 62| Warriors beat Blazers, 0
https://www.usatoday.com/https://www.usatoday.com/story/sports/nfl/2021/01/03/washington-beats-the-eagles-20-14-captures-nfc-east-title/115252088/, Washington beats the Eagles 20-14| captures NFC East title, 0
https://www.usatoday.com/https://www.usatoday.com/story/sports/nfl/washington/2021/01/03/washington-football-team-makes-nfl-playoffs-meet-tampa-bay/4123712001/, Washington Football Team makes NFL Playoffs| will meet Tampa Bay, 0
https://www.usatoday.com/https://www.usatoday.com/story/sports/ftw/2021/01/03/giants-players-nate-sudfeld-jalen-hurts-eagles-quarterback/115251966/, Giants players vent as Eagles put in Nate Sudfeld at quarterback, 0
https://www.usatoday.com/https://www.usatoday.com/story/entertainment/movies/2021/01/03/tanya-roberts-dies-bond-charlies-angels-70-s-show-star/4123788001/, Tanya Roberts dead at 65 after premature announcement, 0
https://www.usatoday.com/https://www.usatoday.com/story/sports/nfl/draft/2021/01/03/nfl-draft-2021-first-round-order-after-week-17/4123737001/, NFL draft 2021: First-round picks order, 0
https://www.usatoday.com/https://www.usatoday.com/videos/sports/nfl/sportspulse/2021/01/04/nfc-week-17-overreactions-someone-finally-wins-nfc-east-no-one-looks-close-packers/4124093001/, NFC Week 17 overreactions: Someone finally wins NFC East| no one looks close to Packers, 0
https://www.usatoday.com/https://www.usatoday.com/story/sports/nfl/2021/01/04/pederson-defends-decision-to-bench-hurts-in-eagles-loss/43308213/, Pederson defends decision to bench Hurts in Eagles' loss, 0
https://www.usatoday.com/https://www.usatoday.com/story/sports/nfl/eagles/2021/01/03/eagles-coach-doug-pederson-bench-jalen-hurts-nate-sudfeld/4124131001/, Doug Pederson benched QB Jalen Hurts for Nate Sudfeld vs. Washington, 0
https://www.usatoday.com/https://www.usatoday.com/story/sports/nfl/columnist/mike-jones/2021/01/04/washington-football-team-makes-nfl-playoffs-doing-incomprehensible/4123780001/, Washington Football Team makes NFL playoffs by doing incomprehensible, 0
https://www.usatoday.com/https://www.usatoday.com/videos/news/nation/2021/01/04/trump-ga-election-chief-find-11-780-votes/4124194001/, Trump to Georgia Secretary of State: 'find 11|780 votes', 0
https://www.usatoday.com/https://www.usatoday.com/story/sports/ncaaf/2021/01/04/heisman-trophy-preview-loads-of-offense-in-four-finalists/43308231/, Heisman Trophy Preview: Loads of offense in four finalists, 0
https://www.usatoday.com/https://www.usatoday.com/story/sports/nba/warriors/2021/01/03/steph-curry-career-high-62-points-warriors-trail-blazers/4123915001/, Steph Curry scores career high 62 points in Warriors win over Blazers, 0
https://www.usatoday.com/https://www.usatoday.com/story/sports/nfl/2021/01/04/nfl-playoff-field-powerhouses-pretenders-and-a-7-9-team/43308245/, NFL playoff field: powerhouses| pretenders and a 7-9 team, 0
https://www.usatoday.com/https://www.usatoday.com/story/money/2021/01/04/second-christmas-three-kings-day-offers-more-gifts-latinos/4008091001/, Three Kings Day offers more gifts for Latinos| business opportunity, 0
https://www.usatoday.com/https://www.usatoday.com/story/opinion/2021/01/04/biden-win-hawley-challenge-get-trump-job-democracy-damned-column/4117241001/, Biden win: Hawley challenge is path to Trump's job| democracy be damned, 0
https://www.usatoday.com/https://www.usatoday.com/story/sports/olympics/2021/01/04/tick-tock-the-tokyo-olympics-hit-the-200-days-to-go-mark/43308247/, Tick-Tock: The Tokyo Olympics hit the 200-days-to-go mark, 0
https://www.usatoday.com/https://www.usatoday.com/story/news/2021/01/04/georgia-rally-breonna-taylor-stimulus-payments-5-things-know-monday/4069060001/, Georgia rally| Breonna Taylor| stimulus payments: 5 things to know Monday, 0
https://www.usatoday.com/https://www.usatoday.com/story/opinion/voices/2021/01/04/hilaria-baldwin-spanish-deception-racially-insensitive-tone-deaf-column/4114743001/, Hilaria Baldwin 'Spanish' deception is racially insensitive and tone deaf, 0
https://www.usatoday.com/https://www.usatoday.com/story/news/health/2021/01/04/covid-news-california-texas-us-deaths-350-k/4120523001/, New| more contagious strain found in New York; UK lockdown; updates, 0
https://www.usatoday.com/https://www.usatoday.com/story/news/nation/2021/01/04/florida-legislation-protect-manatees-593-deaths-2020/4123090001/, Florida seeks legislation to protect manatees after 593 deaths in 2020, 0
https://www.usatoday.com/https://www.usatoday.com/story/news/politics/2021/01/04/congress-count-bidens-electoral-college-win-may-most-divisive/3955567001/, Congress' count of Biden's Electoral College win may be most divisive, 0
https://www.usatoday.com/https://www.usatoday.com/story/opinion/2021/01/04/covid-like-civil-war-dying-among-strangers-out-of-sight-column/4114439001/, COVID and Civil War deaths: Dying among strangers out of public sight, 0
https://www.usatoday.com/https://www.usatoday.com/story/news/50-states/2021/01/04/oxygen-supplies-wasted-vaccines-mummers-defiance-news-around-states/115252274/, Oxygen supplies| wasted vaccines: News from around our 50 states, 0
https://www.usatoday.com/https://www.usatoday.com/videos/news/nation/2021/01/04/today-history-january-4th/4124289001/, Today in History for January 4th, 0
https://www.usatoday.com/https://www.usatoday.com/story/news/education/2021/01/04/covid-19-teachers-mental-health-suffering-during-pandemic/4091864001/, COVID-19: Teachers’ mental health suffering during pandemic, 0
https://www.usatoday.com/https://www.usatoday.com/story/opinion/2021/01/04/national-covid-recovery-economic-health-on-georgia-ballot-column/4117208001/, America's COVID recovery and economic health are on the Georgia ballot, 0
https://www.usatoday.com/https://www.usatoday.com/story/sports/ncaaf/2021/01/04/alabama-ohio-state-give-college-football-playoff-national-appeal/4113353001/, Alabama| Ohio State give college football title game national appeal, 0
https://www.usatoday.com/https://www.usatoday.com/story/money/2021/01/04/2021-financial-goals-budget-covid-19-coronavirus-pandemic/4118696001/, Consider 2021 financial goals and budget in light of COVID-19 pandemic, 0
https://www.usatoday.com/https://www.usatoday.com/story/news/world/2021/01/04/uk-judge-rejects-us-extradition-request-for-wikileaks-julian-assange-over-suicide-risk/6536678002/, WikiLeaks' Julian Assange: UK rejects extradition| cites suicide risk, 0
https://www.usatoday.com/https://www.usatoday.com/videos/news/nation/2021/01/04/top-ga-vote-official-pushes-back-trump-talk/4124317001/, Georgia Secretary of State pushes back in Trump phone call, 0
https://www.usatoday.com/https://www.usatoday.com/videos/news/nation/2021/01/04/ap-top-stories-4-january/4124327001/, AP Top Stories 4 January, 0
https://www.usatoday.com/https://www.usatoday.com/story/sports/nfl/2021/01/04/nfl-winners-losers-browns-tom-brady-playoffs/4119641001/, NFL winners and losers: Browns snap streak; Tom Brady hits stride, 0
https://www.usatoday.com/https://www.usatoday.com/videos/entertainment/2021/01/04/showbiz-minute-marsden-prince-wonder-woman-1984/4124346001/, ShowBiz Minute: Marsden| Prince| 'Wonder Woman 1984', 0
https://www.usatoday.com/https://www.usatoday.com/videos/news/nation/2021/01/04/showbiz-minute-marsden-prince-wonder-woman-1984/4124344001/, ShowBiz Minute: Marsden| Prince| 'Wonder Woman 1984', 0
https://www.usatoday.com/https://www.usatoday.com/videos/news/nation/2021/01/04/day-4-january-2017/4124361001/, On This Day: 4 January 2017, 0
https://www.usatoday.com/https://www.usatoday.com/videos/entertainment/2021/01/04/day-4-january-2017/4124362001/, On This Day: 4 January 2017, 0
https://www.usatoday.com/https://www.usatoday.com/videos/entertainment/celebrities/2021/01/04/gerry-and-pacemakers-star-gerry-marsden-dies-aged-78/4124345001/, Gerry and the Pacemakers star Gerry Marsden dies aged 78, 0
https://www.usatoday.com/https://www.usatoday.com/picture-gallery/travel/experience/america/theme-parks/2021/01/04/disney-world-disneyland-2021-preview-epcot-revamp-avengers-campus/4043306001/, Disney World| Disneyland 2021 preview: Epcot revamp| Avengers Campus, 0
https://www.usatoday.com/https://www.usatoday.com/story/travel/experience/america/theme-parks/2021/01/04/disney-world-disneyland-2021-whats-coming-theme-parks/4043051001/, Disney World| Disneyland 2021: What's coming to the theme parks?, 0
https://www.usatoday.com/https://www.usatoday.com/story/entertainment/books/2021/01/04/review-pregnancy-parenthood-explored-peter-ho-davies-third-novel/4082723001/, Review: Pregnancy| parenthood explored in Peter Ho Davies' third novel, 0
https://www.usatoday.com/https://www.usatoday.com/story/nletter/2021/01/04/georgia-rally-breonna-taylor-stimulus-payments-daily-briefing/4124298001/, Georgia rally| Breonna Taylor| stimulus payments: Daily Briefing, 0
https://www.usatoday.com/https://www.usatoday.com/story/news/politics/elections/2021/01/04/vp-elect-kamala-harris-visits-savannah-ahead-georgia-senate-runoffs/4124373001/, VP-Elect Kamala Harris visits Savannah ahead of Georgia Senate runoffs, 0
https://www.usatoday.com/https://www.usatoday.com/story/news/politics/2021/01/04/live-politics-updates-monday-donald-trump-joe-biden/4124328001/, Politics updates: 90 House Democrats support Trump censure on Ga. call, 0
https://www.usatoday.com/https://www.usatoday.com/story/entertainment/celebrities/2021/01/04/amanda-kloots-nick-cordero-death-therapy-the-talk/4124295001/, Amanda Kloots on Nick Cordero's death| therapy ahead of 'The Talk', 0
https://www.usatoday.com/https://www.usatoday.com/story/news/nation/2021/01/04/texas-nightclub-shooting-3-deputies-shot-1-woman-killed-houston/4124354001/, Texas nightclub shooting: 3 deputies shot| 1 woman killed in Houston, 0
https://www.usatoday.com/https://www.usatoday.com/story/sports/ftw/2021/01/04/eagles-washington-giants-trolled-doug-pederson/4124471001/, Eagles - Washington: Philly pulled off troll job on Giants, 0
https://www.usatoday.com/https://www.usatoday.com/story/nletter/fourth-and-monday/2021/01/04/week-17-did-eagles-tank-so-giants-would-miss-playoffs/4122133001/, Week 17: Did Eagles tank so Giants would miss the playoffs?, 0
https://www.usatoday.com/https://www.usatoday.com/story/sports/sports-betting/2021/01/04/sacramento-kings-at-golden-state-warriors-odds-picks-and-prediction/115252734/, Sacramento Kings at Golden State Warriors odds| picks and prediction, 0
https://www.usatoday.com/https://www.usatoday.com/story/news/nation/2021/01/04/texas-church-shooting-starrville-pastor-suspect-identified/4124372001/, Texas church shooting: Starrville pastor Mark McWilliams| suspect ID'd, 0
https://www.usatoday.com/https://www.usatoday.com/story/tech/2021/01/04/discovery-streaming-tv-service-now-live-adds-cord-cutting-options/4120053001/, Discovery+ streaming TV service now live| adds to cord-cutting options, 0
https://www.usatoday.com/https://www.usatoday.com/story/entertainment/music/2021/01/04/best-workout-songs-to-help-get-fit-new-years-resolution/4047760001/, New Year's resolutions: Songs to help you get in shape in 2021, 0
https://www.usatoday.com/https://www.usatoday.com/story/money/food/2021/01/04/chipotle-cauliflower-rice-lifestyle-bowls-launch-nationwide/4057421001/, Chipotle Mexican Grill launches cauliflower rice| new lifestyle bowls, 0
https://www.usatoday.com/https://www.usatoday.com/story/sports/soccer/2021/01/04/darren-fletcher-joins-man-uniteds-coaching-staff/115252838/, Darren Fletcher joins Man United's coaching staff, 0
https://www.usatoday.com/https://www.usatoday.com/story/entertainment/music/2021/01/04/alexi-laiho-children-of-bodom-frontman-guitarist-dies-41/4124476001/, Alexi Laiho dead: Children of Bodom front man and guitarist dies at 41, 0
https://www.usatoday.com/https://www.usatoday.com/story/travel/airline-news/2021/01/04/canada-require-airline-passengers-provide-negative-covid-test/4124493001/, Canada to require airline passengers to provide negative COVID test, 0
https://www.usatoday.com/https://www.usatoday.com/videos/news/health/2021/01/04/friendly-faced-robot-helps-healthcare-workers-texas-hospital-during-covid-pandemic/4124561001/, Friendly-faced robot helps healthcare workers at Texas hospital during COVID pandemic, 0
https://www.usatoday.com/https://www.usatoday.com/story/travel/news/2021/01/04/pandemic-travel-record-tsa-screened-1-3-million-air-passengers-sunday/4124578001/, Pandemic travel record: TSA screened 1.3 million air passengers Sunday, 0
https://www.usatoday.com/https://www.usatoday.com/videos/news/politics/elections/2021/01/04/president-trump-pressures-ga-sec-state-find-votes/4124750001/, President Trump pressures Ga. Sec. of State to 'find' votes, 0
https://www.usatoday.com/https://www.usatoday.com/story/nletter/2021/01/04/daily-money-1-4-21/4124745001/, The Daily Money 1-4-21, 0
https://www.usatoday.com/https://www.usatoday.com/story/sports/soccer/2021/01/04/mainz-hires-former-denmark-defender-svensson-as-coach/115252930/, Mainz hires former Denmark defender Svensson as coach, 0
https://www.usatoday.com/https://www.usatoday.com/videos/news/world/2021/01/04/whales-finally-making-polar-comeback-after-40-years/4124740001/, Whales are finally making a polar comeback after 40 years, 0
https://www.usatoday.com/https://www.usatoday.com/story/sports/nfl/2021/01/04/jacksonville-jaguars-fire-coach-doug-marrone-following-15th-consecutive-loss/43308297/, Jacksonville Jaguars fire coach Doug Marrone following 15th consecutive loss, 0
https://www.usatoday.com/https://www.usatoday.com/story/sports/nfl/2021/01/04/jaguars-fire-coach-doug-marrone-after-15th-consecutive-loss/43308325/, Jaguars fire Marrone; owner Khan plans to be more involved, 0
https://www.usatoday.com/https://www.usatoday.com/story/sports/nfl/lions/2021/01/04/matt-praters-field-goal-week-10-earns-detroit-free-beer/4124622001/, Matt Prater's field goal from NFL Week 10 earns Detroit free beer, 0
https://www.usatoday.com/https://www.usatoday.com/story/sports/sports-betting/2021/01/04/west-virginia-at-oklahoma-state-odds-picks-and-prediction/115252958/, West Virginia at Oklahoma State odds| picks and prediction, 0
https://www.usatoday.com/https://www.usatoday.com/story/sports/nfl/jaguars/2021/01/04/nfl-jacksonville-jaguars-fire-head-coach-doug-marrone/4116368001/, Jacksonville Jaguars fire head coach Doug Marrone after four seasons, 0
https://www.usatoday.com/https://www.usatoday.com/story/sports/sports-betting/2021/01/04/cleveland-cavaliers-at-orlando-magic-odds-picks-and-prediction/115253074/, Cleveland Cavaliers at Orlando Magic odds| picks and prediction, 0
https://www.usatoday.com/https://www.usatoday.com/story/sports/nfl/2021/01/04/ap-source-panthers-ask-permission-to-talk-to-gm-candidates/115253218/, AP source: Panthers ask permission to talk to GM candidates, 0
https://www.usatoday.com/https://www.usatoday.com/story/sports/sports-betting/2021/01/04/boston-celtics-at-toronto-raptors-odds-picks-and-prediction/115253120/, Boston Celtics at Toronto Raptors odds| picks and prediction, 0
https://www.usatoday.com/https://www.usatoday.com/picture-gallery/news/politics/2021/01/04/all-eyes-georgia-runoff-elections-us-senate-balance/4125504001/, All eyes on Georgia runoff elections with US Senate in balance, 0
https://www.usatoday.com/https://www.usatoday.com/videos/news/politics/2021/01/04/meet-press-interview-cut-short-over-gop-senators-conspiracy-theory/4125664001/, 'Meet the Press' interview cut short over GOP senator's 'conspiracy theory', 0
https://www.usatoday.com/https://www.usatoday.com/story/sports/sports-betting/2021/01/04/2021-sentry-tournament-of-champions-odds-predictions-and-pga-tour-best-bets/115254130/, 2021 Sentry Tournament of Champions odds| predictions and PGA Tour best bets, 0
https://www.usatoday.com/https://www.usatoday.com/story/news/nation/2021/01/04/quadrantid-meteor-shower-2021-dazzling-photos-captured-skywatchers/4124705001/, Quadrantid meteor shower 2021: Dazzling photos captured by skywatchers, 0
https://www.usatoday.com/https://www.usatoday.com/videos/entertainment/entertainthis/2021/01/04/taylor-swift-prom-schitts-creek-here-best-releases-2020/4103409001/, Taylor Swift| 'Schitt's Creek|' and more best of 2020 in entertainment, 0
https://www.usatoday.com/https://www.usatoday.com/story/news/health/2021/01/04/christmas-inflatable-costume-linked-covid-outbreak-california-hospital/4125208001/, COVID: Costume linked to California hospital outbreak| 1 dead, 0
https://www.usatoday.com/https://www.usatoday.com/story/sports/soccer/2021/01/04/suarez-godin-back-calls-in-uruguay-to-overturn-cavani-ban/43308533/, Suarez| Godin back calls in Uruguay to overturn Cavani ban, 0
https://www.usatoday.com/https://www.usatoday.com/story/tech/2021/01/04/samsung-galaxy-s-21-smartphone-reveal-event-happening-jan-14/4124971001/, Samsung Galaxy S21: Smartphone reveal event happening on Jan. 14, 0
https://www.usatoday.com/https://www.usatoday.com/story/sports/soccer/2021/01/04/bayern-needing-wake-up-call-after-run-of-slow-starts/43308473/, Bayern needing 'wake-up call' after run of slow starts, 0
https://www.usatoday.com/https://www.usatoday.com/story/money/food/2021/01/04/mcdonalds-spicy-chicken-sandwich-coming-february-24/4126056001/, McDonald's Crispy Chicken Sandwich 2021: 3 sandwiches coming Feb. 24, 0
https://www.usatoday.com/https://www.usatoday.com/story/tech/2021/01/04/slack-investigates-outage-users-report-issues-connecting-app/4126328001/, Slack investigates outage as users report issues connecting to app, 0
https://www.usatoday.com/https://www.usatoday.com/story/sports/mlb/2021/01/04/phil-hughes-retires-more-than-2-years-after-last-pitch/115253776/, Phil Hughes retires| more than 2 years after last pitch, 0
https://www.usatoday.com/https://www.usatoday.com/videos/travel/2021/01/04/men-base-jump-off-nashville-rooftop-bar-patrons-watch/4126801001/, Men BASE jump off Nashville rooftop bar as patrons watch, 0
https://www.usatoday.com/https://www.usatoday.com/story/sports/nfl/washington/2021/01/04/washington-qb-alex-smith-leg-brace-lombardi-trophy/4126372001/, Washington QB Alex Smith's leg brace made into Lombardi Trophy, 0
https://www.usatoday.com/https://www.usatoday.com/story/news/politics/2021/01/04/mar-lago-new-years-even-party-under-fire/4126945001/, Trump's Mar-a-Lago resort draws heat for maskless New Year's Eve party, 0
https://www.usatoday.com/https://www.usatoday.com/videos/life/humankind/2021/01/04/toddler-born-prematurely-graduates-nursing-care/4127111001/, Toddler born prematurely graduates nursing care, 0
https://www.usatoday.com/https://www.usatoday.com/story/news/education/2021/01/04/colleges-offer-classes-covid-prompts-longer-winter-break/4126710001/, Ohio colleges offer mini semester as COVID prompts longer winter break, 0
https://www.usatoday.com/https://www.usatoday.com/videos/entertainment/celebrities/2021/01/04/alec-baldwin-defends-his-wife-hilaria/4127175001/, Alec Baldwin defends his wife Hilaria, 0
https://www.usatoday.com/https://www.usatoday.com/story/sports/ncaab/2021/01/04/ncaa-to-play-all-67-march-madness-games-in-indiana/115253828/, Men's March Madness will be played entirely in Indiana, 0
https://www.usatoday.com/https://www.usatoday.com/story/sports/ncaab/2021/01/04/2021-march-madness-played-entirely-indianapolis/4126938001/, 2021 March Madness coming to Indiana| most games in Indianapolis, 0
https://www.usatoday.com/https://www.usatoday.com/story/opinion/2021/01/04/impeach-trump-on-his-way-out-bar-him-from-future-office-column/4125422001/, Impeach Trump on his way out to guarantee he never holds office again, 0
https://www.usatoday.com/https://www.usatoday.com/story/tech/reviewedcom/2021/01/04/10-huge-trends-2021-airpods-exercise-equipment-air-purifiers-and-more/4124764001/, 10 huge trends for 2021: AirPods| exercise equipment| air purifiers| and more, 0
https://www.usatoday.com/https://www.usatoday.com/story/sports/nfl/2021/01/04/the-los-angeles-chargers-have-fired-coach-anthony-lynn-after-four-seasons/43308637/, The Los Angeles Chargers have fired coach Anthony Lynn after four seasons., 0
https://www.usatoday.com/https://www.10best.com/interests/explore/best-new-attractions-hotels-restaurants-2021/, Here are the best new attractions| hotels and restaurants for 2021, 0
https://www.usatoday.com/https://www.10best.com/interests/food-travel/unique-regional-international-foods-must-eat-2021/, You need to try these unique regional and international foods in 2021, 0
https://www.usatoday.com/https://www.usatoday.com/story/sports/nfl/2021/01/04/chargers-fire-head-coach-anthony-lynn-after-4-seasons/115254108/, Chargers fire head coach Anthony Lynn after 4 seasons, 0
https://www.usatoday.com/https://www.usatoday.com/story/sports/nfl/2021/01/04/espn-using-megacast-treatment-for-sundays-nfl-playoff-game/43308651/, ESPN using MegaCast treatment for Sunday's NFL playoff game, 0
https://www.usatoday.com/https://www.usatoday.com/story/sports/sports-betting/2021/01/04/iowa-sports-betting-betmgm-launches-mobile-sports-betting/115254112/, Iowa sports betting: BetMGM launches mobile sports betting, 0
https://www.usatoday.com/https://www.usatoday.com/story/news/nation/2021/01/04/rittenhouse-shootings-kenosha-police-sheriff-face-20-million-claims/4127816001/, Rittenhouse shootings: Kenosha police| sheriff face $20 million claims, 0
https://www.usatoday.com/https://www.usatoday.com/story/sports/ncaab/2021/01/04/indiana-venues-host-2021-men-ncaa-basketball-tournament/4127500001/, Indiana venues hosting the 2021 men's NCAA basketball tournament, 0
https://www.usatoday.com/https://www.usatoday.com/story/sports/ncaab/2021/01/04/gonzaga-baylor-remain-1-2-in-ap-top-25-texas-rises-to-no-4/43308679/, Gonzaga-Baylor remain 1-2 in AP Top 25; Texas rises to No. 4, 0
https://www.usatoday.com/https://www.usatoday.com/story/news/politics/2021/01/04/donald-trump-stumps-georgia-republicans-senate-runoff/4124475001/, Donald Trump stumps in Georgia; pressures Pence over election protest, 0
https://www.usatoday.com/https://www.usatoday.com/story/sports/ncaaf/2021/01/04/marshall-wont-renew-football-coach-doc-hollidays-contract/43308685/, Marshall's Doc Holliday out after school parts with football coach, 0
https://www.usatoday.com/https://www.usatoday.com/videos/news/nation/2021/01/04/mccarthy-joins-gop-house-freshmen-photo/4128183001/, McCarthy joins GOP House freshmen for photo, 0
https://www.usatoday.com/https://www.usatoday.com/videos/sports/nfl/sportspulse/2021/01/04/belichick-and-patriots-enter-unfamiliar-territory-full-rebuild/4128044001/, Belichick and Patriots enter unfamiliar territory: a full rebuild, 0
https://www.usatoday.com/https://www.usatoday.com/videos/news/have-you-seen/2021/01/04/baby-says-hello-mom/4128383001/, Baby says hello to mom, 0
https://www.usatoday.com/https://www.usatoday.com/story/money/markets/2021/01/04/stocks-fall-trading-starts-year-great-expectations/4128186001/, Stocks fall as trading starts for year of great expectations, 0
https://www.usatoday.com/https://www.usatoday.com/story/sports/sports-betting/2021/01/04/charlotte-hornets-at-philadelphia-76ers-odds-picks-and-prediction/115254530/, Charlotte Hornets at Philadelphia 76ers odds| picks and prediction, 0
https://www.usatoday.com/https://www.usatoday.com/story/entertainment/celebrities/2021/01/04/eddie-van-halen-valerie-bertinelli-talks-coping-death-son-wolfgang/4127081001/, Eddie Van Halen: Valerie Bertinelli talks coping with ex's death, 0
https://www.usatoday.com/https://www.usatoday.com/story/sports/ncaab/2021/01/04/texas-creighton-surge-gonzaga-leads-mens-college-basketball-poll/4127894001/, Texas| Creighton surge| Gonzaga leads men's college basketball poll, 0
https://www.usatoday.com/https://www.usatoday.com/videos/news/nation/2021/01/04/nyc-mayor-announces-vaccination-hubs/4128517001/, NYC mayor announces vaccination hubs, 0
https://www.usatoday.com/https://www.usatoday.com/videos/entertainment/tv/2021/01/04/celebrity-wheel-fortune-exclusive-first-look-new-series/4090264001/, 'Celebrity Wheel of Fortune': Exclusive first look at the new series, 0
https://www.usatoday.com/https://www.usatoday.com/story/entertainment/tv/2021/01/04/celebrity-wheel-of-fortune-leslie-jones-game-show-contestant/4078375001/, 'Celebrity Wheel of Fortune': Leslie Jones says game inspired jokes, 0
https://www.usatoday.com/https://www.reviewed.com/cooking/features/easy-breakfasts-new-year?utm_source=usat&utm_medium=referral&utm_campaign=collab, 6 breakfasts to start your mornings right in the new year, 0
https://www.usatoday.com/https://www.usatoday.com/story/tech/2021/01/04/google-workers-form-labor-union-rarity-tech-industry/4128368001/, Google workers form labor union| a rarity in the tech industry, 0
https://www.usatoday.com/https://www.usatoday.com/story/travel/airline-news/2021/01/04/delta-ceo-covid-travel-slump-turning-point-coming-vaccine/4128579001/, Delta CEO on COVID travel slump: Turning point coming with vaccine, 0
https://www.usatoday.com/https://www.usatoday.com/story/sports/nfl/2021/01/04/bills-add-receiver-depth-by-signing-stills-to-practice-squad/115254610/, Bills add receiver depth by signing Stills to practice squad, 0
https://www.usatoday.com/https://www.usatoday.com/story/sports/sports-betting/2021/01/04/oklahoma-city-thunder-at-miami-heat-odds-picks-and-prediction/115254598/, Oklahoma City Thunder at Miami Heat odds| picks and prediction, 0
https://www.usatoday.com/https://www.usatoday.com/story/nletter/health/2021/01/04/coronavirus-watch-december-worst-month-yet/4127670001/, Coronavirus Watch: December was worst month yet, 0
https://www.usatoday.com/https://www.usatoday.com/story/sports/nfl/seahawks/2021/01/04/russell-wilsons-late-pass-gets-wr-david-moore-100000-bonus/4126783001/, Russell Wilson's late pass call gives WR David Moore $100|000 bonus, 0
https://www.usatoday.com/https://www.usatoday.com/story/sports/nfl/2021/01/04/black-monday-tracker-nfl-coaches-fired-interviews/4128108001/, Black Monday tracker: John Elway moves upstairs; Lynn| Marrone fired, 0
https://www.usatoday.com/https://www.usatoday.com/story/travel/news/2021/01/04/southwest-airlines-fare-sale-flights-starting-29-dollars-one-way/4127628001/, Southwest Airlines fare sale: Flights starting at $29 one way, 0
https://www.usatoday.com/https://www.usatoday.com/story/tech/reviewedcom/2021/01/04/shark-iq-robot-save-nearly-50-top-rated-shark-robot-vacuum/4126243001/, Shark IQ robot: Save nearly 50% on this top-rated Shark robot vacuum, 0
https://www.usatoday.com/https://www.usatoday.com/story/entertainment/celebrities/2021/01/04/meghan-mccain-shares-photo-newborn-daughter-liberty/4128026001/, Meghan McCain shares adorable photo of newborn daughter Liberty, 0
https://www.usatoday.com/https://www.usatoday.com/story/sports/nfl/2021/01/04/browns-lose-de-vernon-for-playoffs-with-torn-achilles-tendon/43308731/, Browns lose DE Vernon for playoffs with torn Achilles tendon, 0
https://www.usatoday.com/https://www.usatoday.com/story/sports/mlb/2021/01/04/boog-sciambi-to-replace-len-kasper-for-cubs-tv-broadcasts/115254782/, Boog Sciambi to replace Len Kasper for Cubs TV broadcasts, 0
https://www.usatoday.com/https://www.usatoday.com/videos/news/nation/2021/01/04/first-nurse-vaccinated-ny-gets-second-dose/4129504001/, First nurse vaccinated in NY gets second dose, 0
https://www.usatoday.com/https://www.usatoday.com/story/entertainment/music/2021/01/04/loretta-lynn-new-album-still-woman-enough-carrie-underwood-track-list/4129515001/, Loretta Lynn to release new album featuring Reba| Carrie Underwood, 0
https://www.usatoday.com/https://www.usatoday.com/story/sports/nfl/2021/01/04/evans-day-to-day-after-mri-shows-no-structural-knee-damage/115254888/, Evans day to day after MRI shows no structural knee damage, 0
https://www.usatoday.com/https://www.usatoday.com/videos/life/militarykind/2021/01/04/why-marine-mom-surprises-simply-best/4129720001/, Why are Marine mom surprises simply the best?, 0
https://www.usatoday.com/https://www.usatoday.com/story/sports/ncaaw/2021/01/04/oregon-out-of-top-10-of-womens-top-25-after-loss-to-ucla/115254978/, Oregon out of top 10 of women's Top 25 after loss to UCLA, 0
https://www.usatoday.com/https://www.usatoday.com/videos/life/militarykind/2021/01/04/why-marine-mom-surprises-simply-best/4130003001/, Why are Marine mom surprises simply the best?, 0
https://www.usatoday.com/https://www.usatoday.com/story/sports/nfl/2021/01/04/chiefs-head-into-playoffs-with-plenty-of-rest-behind-them/115254982/, Chiefs head into playoffs with plenty of rest behind them, 0
https://www.usatoday.com/https://www.usatoday.com/videos/sports/nfl/whatimhearing/2021/01/04/frustration-anger-encouragement-assessing-giants-mindset/4130214001/, Frustration| anger| encouragement: Assessing the Giants mindset, 0
https://www.usatoday.com/https://www.usatoday.com/videos/entertainment/entertainthis/2021/01/04/olivia-jade-lori-loughlins-daughter-parties-instagram-post/4130595001/, Olivia Jade| Lori Loughlin's daughter| parties in Instagram post, 0
https://www.usatoday.com/https://www.usatoday.com/story/opinion/2021/01/04/georgia-senate-elections-rural-black-voters-biden-fate-column/4115050001/, Georgia Senate: Rural Black voters could decide 2 races and Biden fate, 0
https://www.usatoday.com/https://www.usatoday.com/sitemap/2021/january/4/, 1, 0
https://www.usatoday.com/https://www.usatoday.com/sitemap/2021/january/4/?page=2, 2, 0
