https://www.usatoday.com/https://www.usatoday.com/story/sports/soccer/2021/01/05/matchday-manchester-derby-in-cup-semi-milan-hosts-juventus/43311701/, MATCHDAY: Manchester derby in cup semi; Milan hosts Juventus, 0
https://www.usatoday.com/https://www.usatoday.com/videos/news/nation/2021/01/06/kenosha-officer-rusten-sheskey-not-charged-jacob-blake-shooting/6556941002/, Kenosha officer Rusten Sheskey not charged in Jacob Blake shooting, 0
https://www.usatoday.com/https://www.usatoday.com/videos/news/nation/2021/01/06/three-kings-day-isnt-all-christians-celebrate-epiphany/6556964002/, Three Kings Day isn't all that Christians celebrate on Epiphany, 0
https://www.usatoday.com/https://www.usatoday.com/story/news/investigations/2021/01/05/lsu-ordered-produce-police-report-sought-usa-today-lawsuit/6556752002/, LSU ordered to produce police report sought in USA TODAY lawsuit, 0
https://www.usatoday.com/https://www.usatoday.com/story/sports/nfl/2021/01/05/spotlight-on-douglas-as-gm-leads-jets-search-for-new-coach/43311707/, Spotlight on Douglas as GM leads Jets' search for new coach, 0
https://www.usatoday.com/https://www.usatoday.com/story/sports/nfl/2021/01/05/colts-rivers-embraces-his-7th-perhaps-final-playoff-run/115260514/, Colts' Rivers embraces his 7th| perhaps final| playoff run, 0
https://www.usatoday.com/https://www.usatoday.com/videos/news/nation/2021/01/06/no-charges-against-officer-who-shot-jacob-blake/6557076002/, No charges against officer who shot Jacob Blake, 0
https://www.usatoday.com/https://www.usatoday.com/videos/news/2021/01/06/nasa-reveals-photos-mars-massive-valles-marineris-canyon/6556564002/, NASA reveals photos of Mars' massive Valles Marineris Canyon, 0
https://www.usatoday.com/https://www.usatoday.com/videos/news/nation/2021/01/06/blakes-father-says-sons-shooting-not-justified/6557101002/, Blake's father says son's shooting not justified, 0
https://www.usatoday.com/https://www.usatoday.com/story/news/factcheck/2021/01/05/fact-check-photo-depicts-china-traffic-jam-not-german-protest/4128727001/, Fact check: Photo depicts China traffic jam| not German fuel protest, 0
https://www.usatoday.com/https://www.usatoday.com/story/tech/reviewedcom/2021/01/05/workout-equipment-exercise-bikes-treadmills-and-rowers-all-sale/6556960002/, Workout equipment: Exercise bikes| treadmills and rowers are all on sale, 0
https://www.usatoday.com/https://www.usatoday.com/story/sports/nfl/2021/01/05/no-place-like-home-host-advantage-vanished-in-year-of-virus/43311717/, No place like home? Host advantage vanished in year of virus, 0
https://www.usatoday.com/https://www.usatoday.com/story/sports/ncaab/2021/01/05/syracuse-returning-after-weeks-long-virus-related-hiatus/115260626/, Syracuse returning after weeks-long| virus-related hiatus, 0
https://www.usatoday.com/https://www.usatoday.com/story/sports/nfl/2021/01/05/testing-replaces-tailgating-as-bills-set-to-welcome-in-fans/43311727/, Testing replaces tailgating as Bills set to welcome fans, 0
https://www.usatoday.com/https://www.usatoday.com/story/sports/ncaaf/2021/01/05/ole-miss-offensive-coordinator-jeff-lebby-agrees-to-new-deal/115260630/, Ole Miss offensive coordinator Jeff Lebby agrees to new deal, 0
https://www.usatoday.com/https://www.usatoday.com/story/sports/nhl/2021/01/05/lightning-embrace-challenge-of-defending-stanley-cup-title/43311725/, Lightning embrace challenge of defending Stanley Cup title, 0
https://www.usatoday.com/https://www.usatoday.com/videos/sports/ncaaf/sportspulse/2021/01/06/devonta-smith-joins-small-list-wide-receivers-win-heisman/6556463002/, DeVonta Smith joins small list of wide receivers to win Heisman, 0
https://www.usatoday.com/https://www.usatoday.com/story/sports/ncaaf/2021/01/05/alabama-devonta-smith-wins-heisman-trophy-mac-jones/6553325002/, Alabama's DeVonta Smith wins Heisman Trophy ahead of Trevor Lawrence, 0
https://www.usatoday.com/https://www.usatoday.com/story/sports/ncaaf/2021/01/05/alabama-wide-receiver-devonta-smith-wins-heisman-trophy/115260664/, Alabama wide receiver DeVonta Smith wins Heisman Trophy, 0
https://www.usatoday.com/https://www.usatoday.com/story/sports/nba/2021/01/05/hawks-rondo-to-miss-at-least-3-more-games-with-knee-injury/115260666/, Hawks' Rondo to miss at least 3 more games with knee injury, 0
https://www.usatoday.com/https://www.usatoday.com/story/sports/nfl/2021/01/05/adams-dunlap-find-the-playoffs-in-first-seasons-in-seattle/43311763/, Adams| Dunlap find the playoffs in first seasons in Seattle, 0
https://www.usatoday.com/https://www.usatoday.com/story/news/nation/2021/01/05/california-woman-threatened-bomb-catholic-school-pleads-guilty/6556067002/, California woman who threatened to bomb Catholic school pleads guilty, 0
https://www.usatoday.com/https://www.usatoday.com/story/sports/tennis/2021/01/05/bob-brett-coach-to-grand-slam-tennis-champions-dead-at-67/43311773/, Bob Brett| coach to Grand Slam tennis champions| dies at 67, 0
https://www.usatoday.com/https://www.usatoday.com/story/sports/nfl/2021/01/05/giants-defensive-coordinator-pat-graham-get-new-contract/43311803/, Giants defensive coordinator Pat Graham gets new contract, 0
https://www.usatoday.com/https://www.usatoday.com/story/sports/ncaaf/2021/01/05/nick-sabans-daughter-apologizes-ohio-state-covid-19-criticism/6557038002/, Nick Saban's daughter apologizes for Ohio State COVID conspiracy tweet, 0
https://www.usatoday.com/https://www.usatoday.com/story/news/nation/2021/01/05/video-chicago-police-drove-suv-over-womans-leg-didnt-more-car/6556287002/, Video: Chicago police drove SUV over woman's leg| didn't more car, 0
https://www.usatoday.com/https://www.usatoday.com/videos/news/nation/2021/01/06/washington-state-ease-some-covid-19-restrictions/6557549002/, Washington state to ease some COVID-19 restrictions, 0
https://www.usatoday.com/https://www.usatoday.com/story/sports/mlb/2021/01/05/tigers-sign-robbie-grossman-to-2-year-10-million-contract/43311809/, Tigers sign Robbie Grossman to 2-year| $10 million contract, 0
https://www.usatoday.com/https://www.usatoday.com/story/sports/mlb/2021/01/05/hall-of-fame-manager-tommy-lasorda-out-of-hospital/43311811/, Hall of Fame manager Tommy Lasorda out of hospital, 0
https://www.usatoday.com/https://www.usatoday.com/story/sports/ncaab/2021/01/05/turner-leads-bowling-green-past-central-michigan-90-69/43311817/, Turner leads Bowling Green past Central Michigan 90-69, 0
https://www.usatoday.com/https://www.usatoday.com/story/entertainment/celebrities/2021/01/05/jojo-siwa-had-no-idea-inappropriate-content-kids-board-game/6555186002/, JoJo Siwa 'had no idea' of 'inappropriate content' in kids board game, 0
https://www.usatoday.com/https://www.usatoday.com/videos/news/nation/2021/01/06/flynn-papadopoulos-address-pro-trump-rally-dc/6557932002/, Flynn| Papadopoulos address pro-Trump rally in DC, 0
https://www.usatoday.com/https://www.usatoday.com/story/tech/reviewedcom/2021/01/05/amazon-deals-shop-our-favorite-daily-price-drops-e-retailer/4143933001/, Amazon deals: Shop our favorite daily price drops from the e-retailer, 0
https://www.usatoday.com/https://www.usatoday.com/story/sports/ncaab/2021/01/05/wilson-scores-25-to-lead-ohio-over-northern-illinois-76-73/43311845/, Wilson scores 25 to lead Ohio over Northern Illinois 76-73, 0
https://www.usatoday.com/https://www.usatoday.com/story/sports/nfl/dolphins/2021/01/05/miami-dolphins-double-down-tua-tagovailoa-2021-starter/6557968002/, Miami Dolphins double down on Tua Tagovailoa as 2021 starter, 0
https://www.usatoday.com/https://www.usatoday.com/story/sports/nfl/playoffs/2021/01/03/nfl-playoffs-super-wild-card-weekend-schedule-released/4123569001/, NFL playoff schedule, 0
https://www.usatoday.com/https://www.usatoday.com/story/sports/nfl/texans/2021/01/05/houston-texans-nick-caserio-gm-new-england-patriots/6557857002/, Houston Texans hire Nick Caserio as GM as his Patriots stint ends, 0
https://www.usatoday.com/https://www.usatoday.com/sports/ncaab/polls/coaches-poll/, Coaches' Poll, 0
https://www.usatoday.com/https://www.usatoday.com/story/sports/nhl/2021/01/05/stars-have-something-to-prove-after-stanley-cup-final-run/115260808/, Stars have 'something to prove' after Stanley Cup final run, 0
https://www.usatoday.com/https://www.usatoday.com/story/sports/nfl/2021/01/05/la-rams-top-ranked-defense-still-rolling-as-playoffs-loom/115260826/, LA Rams' top-ranked defense still rolling as playoffs loom, 0
https://www.usatoday.com/https://www.usatoday.com/story/sports/ncaab/2021/01/05/simms-honor-lift-no-19-clemson-to-74-70-win-over-nc-state/43311855/, Simms| Honor lift No. 19 Clemson to 74-70 win over NC State, 0
https://www.usatoday.com/https://www.usatoday.com/story/sports/sports-betting/2021/01/05/what-are-the-new-orleans-saints-odds-to-win-2021-super-bowl-lv/115260838/, What are the New Orleans Saints' odds to win 2021 Super Bowl LV?, 0
https://www.usatoday.com/https://www.usatoday.com/story/news/nation/2021/01/05/alaska-arctic-national-wildlife-refuge-oil-gas-lease-sales/6558087002/, Oil| gas lease sales will go on in Alaska's Arctic refuge| judge rules, 0
https://www.usatoday.com/https://www.usatoday.com/story/sports/ncaaf/2021/01/05/alabamas-smith-becomes-1st-wr-to-win-heisman-in-29-years/115261050/, Alabama's Smith becomes 1st WR to win Heisman in 29 years, 0
https://www.usatoday.com/https://www.usatoday.com/story/sports/ncaab/2021/01/05/alabama-takes-early-sec-lead-with-86-71-win-over-florida/43311861/, Alabama takes early SEC lead with 86-71 win over Florida, 0
https://www.usatoday.com/https://www.usatoday.com/story/sports/nfl/browns/2021/01/05/browns-jedrick-wills-drag-racing-rashard-higgins/6558396002/, Cleveland Browns' Jedrick Wills| Rashard Higgins cited for drag racing, 0
https://www.usatoday.com/https://www.usatoday.com/story/sports/ncaab/2021/01/05/kentucky-wins-2nd-straight-holds-off-vanderbilt-77-74/115260878/, Kentucky wins 2nd straight| holds off Vanderbilt 77-74, 0
https://www.usatoday.com/https://www.usatoday.com/story/sports/ncaab/2021/01/05/white-scores-20-to-carry-sc-upstate-past-longwood-65-59/43311869/, White scores 20 to carry SC-Upstate past Longwood 65-59, 0
https://www.usatoday.com/https://www.usatoday.com/story/sports/mlb/2021/01/05/dodgers-re-sign-pitcher-treinen-to-175m-2-year-deal/115261174/, Dodgers re-sign pitcher Treinen to $17.5M| 2-year deal, 0
https://www.usatoday.com/https://www.usatoday.com/story/sports/nba/2021/01/05/kyrie-irving-leads-undermanned-nets-to-130-96-rout-of-jazz/43311871/, Kyrie Irving leads undermanned Nets to 130-96 rout of Jazz, 0
https://www.usatoday.com/https://www.usatoday.com/story/sports/ncaab/2021/01/05/no-18-texas-tech-tops-k-state-82-71-for-1st-big-12-home-win/115261138/, No. 18 Texas Tech tops K-State 82-71 for 1st Big 12 home win, 0
https://www.usatoday.com/https://www.usatoday.com/story/sports/soccer/2021/01/05/alex-morgan-family-contract-coronovirus/6558537002/, Alex Morgan: Soccer star says he and family have contracted COVID-19, 0
https://www.usatoday.com/https://www.usatoday.com/story/sports/ncaaf/sec/2021/01/05/devonta-smith-heisman-trophy-alabama-college-football/6558350002/, DeVonta Smith winning Heisman Trophy is good for college football, 0
https://www.usatoday.com/https://www.usatoday.com/story/sports/mlb/2021/01/05/south-korean-slugger-kim-expects-padres-to-win-world-series/115260920/, South Korean slugger Kim expects Padres to win World Series, 0
https://www.usatoday.com/https://www.usatoday.com/story/nletter/in-california/2021/01/05/california-los-angeles-county-hospitals-now-rationing-care/6557143002/, In California: Los Angeles County hospitals are now rationing care, 0
https://www.usatoday.com/https://www.usatoday.com/story/sports/nba/2021/01/05/clippers-paul-george-sits-out-with-ankle-injury-vs-spurs/43311901/, Clippers' Paul George sits out with ankle injury vs Spurs, 0
https://www.usatoday.com/https://www.usatoday.com/story/sports/ncaab/2021/01/05/jones-scores-23-no-4-texas-holds-off-iowa-state-78-72/43311903/, Jones scores 23| No. 4 Texas holds off Iowa State 78-72, 0
https://www.usatoday.com/https://www.usatoday.com/videos/experience/america/national-parks/2021/01/06/chicago-cops-pinned-woman-under-their-suv-eight-minutes/6559021002/, Chicago cops pinned a woman under their SUV for eight minutes, 0
https://www.usatoday.com/https://www.usatoday.com/story/sports/ncaab/2021/01/05/no-4-texas-holds-off-iowa-state-stays-perfect-in-big-12/43311919/, No. 4 Texas holds off Iowa State| stays perfect in Big 12, 0
https://www.usatoday.com/https://www.usatoday.com/story/sports/nba/2021/01/05/lakers-stretch-winning-streak-to-4-beat-grizzlies-94-92/115260942/, Lakers stretch winning streak to 4| beat Grizzlies 94-92, 0
https://www.usatoday.com/https://www.usatoday.com/story/sports/ncaab/2021/01/05/thomas-clayton-carry-coppin-state-past-delaware-state-81-77/115261200/, Thomas| Clayton carry Coppin State past Delaware State 81-77, 0
https://www.usatoday.com/https://www.usatoday.com/story/entertainment/celebrities/2021/01/05/dr-dre-suffers-aneurysm-recovering-icu-reports/6557972002/, Dr. Dre breaks silence after possible brain aneurysm| hospitalization, 0
https://www.usatoday.com/https://www.usatoday.com/story/sports/ncaab/2021/01/05/plateks-runner-sends-tar-heels-past-miami-67-65/43312003/, Platek's runner sends Tar Heels past Miami 67-65, 0
https://www.usatoday.com/https://www.usatoday.com/story/sports/ncaaf/2021/01/05/heisman-trophy-actual-trophies-sent-four-finalists/6557814002/, Heisman Trophy: Actual trophies sent to four finalists, 0
https://www.usatoday.com/https://www.usatoday.com/story/sports/ncaab/2021/01/05/henry-scores-20-no-23-michigan-state-beats-no-15-rutgers/115260986/, Henry scores 20| No. 23 Michigan State beats No. 15 Rutgers, 0
https://www.usatoday.com/https://www.usatoday.com/story/sports/ncaab/2021/01/05/stewart-leads-mississippi-state-rally-past-no-13-missouri/43311935/, Stewart leads Mississippi State rally past No. 13 Missouri, 0
https://www.usatoday.com/https://www.usatoday.com/story/sports/ncaab/2021/01/05/polley-helps-uconn-pull-away-and-beat-marquette-65-54/115261002/, Polley helps UConn pull away and beat Marquette 65-54, 0
https://www.usatoday.com/https://www.usatoday.com/videos/news/nation/2021/01/06/today-history-january-6th/6559557002/, Today in History for January 6th, 0
https://www.usatoday.com/https://www.usatoday.com/picture-gallery/entertainment/celebrities/2021/01/06/dr-dre-through-years-look-music-mogul-career/6558668002/, Dr. Dre through the years: A look at the music mogul's career, 0
https://www.usatoday.com/https://www.usatoday.com/story/sports/tennis/2021/01/05/australian-open-ceo-assures-players-all-is-ok-for-melbourne/43311951/, Australian Open CEO assures players all is OK for Melbourne, 0
https://www.usatoday.com/https://www.usatoday.com/videos/entertainment/celebrities/2021/01/06/dr-dre-hospitalized-brain-aneurysm-recovering-icu-per-reports/6559672002/, Dr. Dre hospitalized for brain aneurysm| recovering in ICU per reports, 0
https://www.usatoday.com/https://www.usatoday.com/story/money/2021/01/06/stimulus-checks-unemployment-benefits-economy-covid-relief-package/6550722002/, COVID-19 relief deal: When will the $300 unemployment benefits start?, 0
https://www.usatoday.com/https://www.usatoday.com/story/money/personalfinance/2021/01/06/irs-covid-19-stimulus-2020-tax-return/6557310002/, IRS: If you don't get stimulus soon| wait to file a 2020 tax return, 0
https://www.usatoday.com/https://www.usatoday.com/story/sports/nba/2021/01/06/jokic-nuggets-regroup-to-rally-past-timberwolves-123-116/115261032/, Jokic| Nuggets regroup to rally past Timberwolves 123-116, 0
https://www.usatoday.com/https://www.usatoday.com/story/sports/ncaaf/2021/01/06/no-6-kansas-gets-11th-big-12-road-win-in-row-93-64-at-tcu/115261070/, No. 6 Kansas gets 11th Big 12 road win in row| 93-64 at TCU, 0
https://www.usatoday.com/https://www.usatoday.com/videos/news/nation/2021/01/06/thailand-scrambles-contain-virus-get-vaccines/6559888002/, Thailand scrambles to contain virus| get vaccines, 0
https://www.usatoday.com/https://www.usatoday.com/story/sports/nba/2021/01/06/spurs-stop-4-game-skid-with-116-113-victory-over-clippers/115261208/, Spurs stop 4-game skid with 116-113 victory over Clippers, 0
https://www.usatoday.com/https://www.usatoday.com/story/sports/hockey/2021/01/05/us-shuts-out-canada-title-game-win-world-juniors/6559902002/, US shuts out Canada in title game to win world juniors, 0
https://www.usatoday.com/https://www.usatoday.com/story/sports/sports-betting/2021/01/06/2021-sentry-tournament-of-champions-matchups-placings-and-firstround-leader-predictions/115261124/, 2021 Sentry Tournament of Champions matchups| placings and first-round leader predictions, 0
https://www.usatoday.com/https://www.usatoday.com/story/sports/nba/2021/01/06/white-scores-21-and-bulls-rally-to-beat-blazers-111-108/115261128/, White scores 21 and Bulls rally to beat Blazers 111-108, 0
https://www.usatoday.com/https://www.usatoday.com/videos/news/politics/elections/2021/01/06/kelly-loeffler-and-raphael-warnock-deliver-ga-runoff-speeches/6560230002/, Kelly Loeffler and Raphael Warnock deliver GA runoff speeches, 0
https://www.usatoday.com/https://www.usatoday.com/story/sports/nba/lakers/2021/01/05/jacob-blake-ruling-has-lebron-james-frustrated/6560181002/, Jacob Blake ruling has LeBron James frustrated, 0
https://www.usatoday.com/https://www.usatoday.com/videos/news/nation/2021/01/06/georgia-senate-vote-count-stretches-into-wednesday/6560313002/, Georgia Senate vote count stretches into Wednesday, 0
https://www.usatoday.com/https://www.usatoday.com/story/sports/golf/2021/01/06/familiar-place-unfamiliar-faces-at-kapalua-to-start-year/43312075/, Familiar place| unfamiliar faces at Kapalua to start year, 0
https://www.usatoday.com/https://www.usatoday.com/story/sports/ncaab/2021/01/06/ucla-at-arizona-highlights-week-in-pac-12-hoops/115261176/, UCLA at Arizona highlights week in Pac-12 hoops, 0
https://www.usatoday.com/https://www.usatoday.com/story/sports/nfl/2021/01/06/new-7th-seed-helps-bears-8-years-too-late-for-lovie-smith/115261354/, New 7th seed helps Bears 8 years too late for Lovie Smith, 0
https://www.usatoday.com/https://www.usatoday.com/story/news/politics/elections/2021/01/06/georgia-election-results-raphael-warnock-kelly-loeffler-ossoff-perdue/4131906001/, Dems move closer to taking control of Senate, 0
https://www.usatoday.com/https://www.usatoday.com/story/sports/nfl/2021/01/06/for-non-playoff-teams-important-offseason-is-under-way/115261180/, For non-playoff teams| important offseason is under way, 0
https://www.usatoday.com/https://www.usatoday.com/story/sports/nfl/2021/01/06/week-17-scoring-bonanza-caps-record-setting-season/43311997/, Week 17 scoring bonanza caps record-setting season, 0
https://www.usatoday.com/https://www.usatoday.com/story/opinion/2021/01/06/2020-election-mistrust-commission-prove-or-disprove-fraud-column/4132191001/, 2020 election: Commission needed to look into problems| restore trust, 0
https://www.usatoday.com/https://www.usatoday.com/videos/news/nation/2021/01/06/protesters-rally-kenosha-after-blake-decision/6560373002/, Protesters rally in Kenosha after Blake decision, 0
https://www.usatoday.com/https://www.usatoday.com/story/news/politics/elections/2021/01/06/mike-pence-faces-biggest-loyalty-test-announcing-trumps-loss/3957706001/, Mike Pence faces biggest loyalty test in announcing Trump's loss, 0
https://www.usatoday.com/https://www.usatoday.com/story/news/health/2021/01/06/covid-news-georgia-virus-montana-mask-mandate-fbi-scams/6554528002/, COVID news: Georgia virus strain; Montana mask mandate; 21M US cases, 0
https://www.usatoday.com/https://www.usatoday.com/story/opinion/2021/01/06/trump-attacks-biden-win-republican-election-reckoning-column/4139096001/, Election reckoning: Republicans must choose between Trump and America, 0
https://www.usatoday.com/https://www.usatoday.com/story/news/politics/elections/2021/01/06/electoral-college-counting-what-expect-when-congress-meets/4133882001/, Electoral College certification: What to expect when Congress counts, 0
https://www.usatoday.com/https://www.usatoday.com/story/news/politics/elections/2021/01/06/georgia-election-results-raphael-warnock-kelly-loeffler-ossoff-perdue/4131906001/, Georgia election: Who won the senate runoffs?, 0
https://www.usatoday.com/https://www.usatoday.com/videos/news/nation/2021/01/06/warnock-wins-georgia-loeffler-doesnt-concede/6560395002/, Warnock wins Georgia| Loeffler doesn't concede, 0
https://www.usatoday.com/https://www.usatoday.com/story/news/2021/01/06/congress-joe-biden-president-trump-protests-three-kings-day/4140323001/, Congress to confirm Biden win| DC protests: 5 things to know Wednesday, 0
https://www.usatoday.com/https://www.usatoday.com/in-depth/news/politics/elections/2021/01/06/trumps-failed-efforts-overturn-election-numbers/4130307001/, Trump's failed efforts to overturn the election by the numbers, 0
https://www.usatoday.com/https://www.usatoday.com/story/opinion/2021/01/06/why-arts-have-essential-role-during-covid-19-pandemic-column/4138588001/, Why the arts have an essential role during the COVID-19 pandemic, 0
https://www.usatoday.com/https://www.usatoday.com/story/news/health/2021/01/06/covid-fatigue-how-maintain-health-measures-months-into-pandemic/6550315002/, COVID fatigue: How to maintain health measures months into pandemic, 0
https://www.usatoday.com/https://www.usatoday.com/videos/news/nation/2021/01/06/ap-top-stories-january-6/6560406002/, AP Top Stories January 6, 0
https://www.usatoday.com/https://www.usatoday.com/story/news/50-states/2021/01/06/hank-aaron-skeptics-mea-culpa-vaccine-campouts-news-around-states/115261226/, Hank Aaron| skeptic’s mea culpa: News from around our 50 states, 0
https://www.usatoday.com/https://www.usatoday.com/story/sports/ncaaf/2021/01/06/heisman-trophy-2021-race-filled-quarterbacks-unpredictable/4125334001/, Heisman Trophy: 2021 race filled with quarterbacks| unpredictable, 0
https://www.usatoday.com/https://www.usatoday.com/story/money/personalfinance/2021/01/06/protect-real-estate-assets-divorce/115254212/, How to protect your real estate assets during a divorce, 0
https://www.usatoday.com/https://www.usatoday.com/story/money/business/2021/01/06/older-women-starting-businesses-its-never-too-late/4130883001/, Older women starting businesses: 'It's never too late', 0
https://www.usatoday.com/https://www.usatoday.com/story/opinion/2021/01/06/amen-awomen-rep-cleaver-religion-gender-column/4142111001/, Praying 'amen and a-women:' Political correctness strikes again, 0
https://www.usatoday.com/https://www.usatoday.com/story/opinion/2021/01/06/republicans-fold-to-trump-subvert-democracy-students-watch-column/4140432001/, Republicans fold to Trump as history and America's youth bear witness, 0
https://www.usatoday.com/https://www.usatoday.com/story/sports/sports-betting/2021/01/06/what-are-the-green-bay-packers-odds-to-win-2021-super-bowl-lv/115261288/, What are the Green Bay Packers' odds to win 2021 Super Bowl LV?, 0
https://www.usatoday.com/https://www.usatoday.com/story/sports/nba/2021/01/06/nba-womens-assistant-coaches-becky-hammon-breakthrough/4141408001/, NBA women's assistant coaches like Becky Hammon close to breakthrough, 0
https://www.usatoday.com/https://www.usatoday.com/videos/news/nation/2021/01/06/hospital-vaccinates-850-people-after-freezer-fails/6560608002/, Hospital vaccinates 850 people after freezer fails, 0
https://www.usatoday.com/https://www.usatoday.com/picture-gallery/travel/airline-news/2021/01/06/safest-budget-airlines-see-top-10-airlineratings-com/4143813001/, Safest budget airlines: See the top 10 from AirlineRatings.com, 0
https://www.usatoday.com/https://www.usatoday.com/story/money/business/2021/01/06/igloos-nooks-takeout-ways-we-dined-2020-nj-restaurants/4136238001/, Igloos| nooks and takeout: A review of the many ways we dined in 2020, 0
https://www.usatoday.com/https://www.usatoday.com/story/money/personalfinance/retirement/2021/01/06/will-a-lifetime-income-option-in-your-401k-solve-your-retirement-woes/43308267/, What to know about the 401(k) lifetime income option, 0
https://www.usatoday.com/https://www.usatoday.com/story/nletter/2021/01/06/congress-joe-biden-president-trump-protests-three-kings-day/6560442002/, Georgia Senate runoffs| Congress to count votes| DC protests: Daily Briefing, 0
https://www.usatoday.com/https://www.usatoday.com/story/sports/nfl/columnist/bell/2021/01/06/nfl-playoffs-burning-questions-wild-card/4137217001/, NFL playoff burning questions for 14 teams: Wild card begins Saturday, 0
https://www.usatoday.com/https://www.usatoday.com/story/sports/tennis/2021/01/06/daria-kasatkina-wins-1st-womens-tennis-match-of-new-season/115261394/, Daria Kasatkina wins 1st women's tennis match of new season, 0
https://www.usatoday.com/https://www.usatoday.com/videos/news/nation/2021/01/06/day-6-january-2011/6560678002/, On This Day: 6 January 2011, 0
https://www.usatoday.com/https://www.usatoday.com/videos/entertainment/2021/01/06/day-6-january-2011/6560679002/, On This Day: 6 January 2011, 0
https://www.usatoday.com/https://www.usatoday.com/videos/news/politics/2021/01/06/raphael-warnock-makes-history-projected-runoff-victory/6560659002/, Raphael Warnock makes history with projected runoff victory, 0
https://www.usatoday.com/https://www.reviewed.com/lifestyle/features/12-things-treat-yourself-new-year?utm_source=usat&utm_medium=referral&utm_campaign=collab, 12 perfect things to treat yourself to now that 2020 is over, 0
https://www.usatoday.com/https://www.usatoday.com/story/sports/sports-betting/2021/01/06/boston-celtics-at-miami-heat-odds-picks-and-prediction/115262764/, Boston Celtics at Miami Heat odds| picks and prediction, 0
https://www.usatoday.com/https://www.usatoday.com/story/sports/ftw/2021/01/06/poor-browns-good-grief/115261450/, Cleveland Browns: This was never going to be easy in the playoffs, 0
https://www.usatoday.com/https://www.usatoday.com/story/travel/airline-news/2021/01/06/american-airlines-bans-emotional-support-animals-starting-jan-11/6560675002/, Delta Air Lines| American ban emotional support animals, 0
https://www.usatoday.com/https://www.usatoday.com/videos/news/nation/2021/01/06/showbiz-minute-dr-dre-grammys-young/6560815002/, ShowBiz Minute: Dr. Dre| Grammys| Young, 0
https://www.usatoday.com/https://www.usatoday.com/videos/entertainment/2021/01/06/showbiz-minute-dr-dre-grammys-young/6560817002/, ShowBiz Minute: Dr. Dre| Grammys| Young, 0
https://www.usatoday.com/https://www.usatoday.com/story/sports/sports-betting/2021/01/06/what-are-the-washington-football-teams-odds-to-win-2021-super-bowl-lv/115261526/, What are the Washington Football Team's odds to win 2021 Super Bowl LV?, 0
https://www.usatoday.com/https://www.usatoday.com/story/news/nation/2021/01/06/dc-protests-live-updates-trump-supporters-electoral-college-proud-boys/4126018001/, DC protests updates: 4 dead after US Capitol breached on day of riots, 0
https://www.usatoday.com/https://www.usatoday.com/story/life/food-dining/2021/01/06/chef-albert-roux-major-influence-uk-dining-habits-dies-85/6560799002/, Chef Albert Roux| major influence on UK's dining habits| dies at 85, 0
https://www.usatoday.com/https://www.usatoday.com/story/sports/sports-betting/2021/01/06/oklahoma-city-thunder-at-new-orleans-pelicans-odds-picks-and-prediction/115261536/, Oklahoma City Thunder at New Orleans Pelicans odds| picks and prediction, 0
https://www.usatoday.com/https://www.usatoday.com/story/sports/ncaab/acc/2021/01/06/former-notre-dame-basketball-assistant-charged-voyeurism-battery/6560782002/, Former Notre Dame basketball assistant charged with voyeurism| battery, 0
https://www.usatoday.com/https://www.usatoday.com/story/sports/media/2021/01/06/joe-buck-tops-2021-usa-today-sports-announcer-power-rankings/6555647002/, Joe Buck tops 2021 USA TODAY Sports Announcer Power Rankings, 0
https://www.usatoday.com/https://www.usatoday.com/story/money/2021/01/06/mountain-dew-major-melon-first-new-flavor-more-than-decade/4084797001/, Mountain Dew Major Melon: First new flavor in more than a decade, 0
https://www.usatoday.com/https://www.usatoday.com/videos/entertainment/music/2021/01/06/grammys-2021-postponed-until-march-due-covid-19-concerns/6560879002/, Grammys 2021 postponed until March due to COVID-19 concerns, 0
https://www.usatoday.com/https://www.usatoday.com/picture-gallery/news/nation/2021/01/06/trump-supporters-protest-election-results-washington/6560880002/, Pro-Trump rioters gather at US Capitol, 0
https://www.usatoday.com/https://www.usatoday.com/story/sports/nfl/cowboys/2021/01/06/five-flaws-2020-cowboys-mike-mccarthy-jerry-jones-fix-them/6555343002/, Jerry Jones reflects on Dallas Cowboys 2020 season: ‘It makes me sick’, 0
https://www.usatoday.com/https://www.usatoday.com/story/sports/hockey/juniors/2021/01/06/usa-stirs-controversy-canada-barrel-after-world-juniors-gold/6560627002/, USA stirs controversy with Canada barrel after world juniors gold, 0
https://www.usatoday.com/https://www.usatoday.com/story/entertainment/celebrities/2021/01/06/georgia-runoff-election-tyler-perry-flies-vote-mark-ruffalo/6560674002/, Georgia runoff election: Tyler Perry flies to vote, 0
https://www.usatoday.com/https://www.usatoday.com/story/news/world/2021/01/06/naked-fugitive-stuck-australia-crocodile-habitat-found-fishermen/6560998002/, Naked fugitive stuck in Australia crocodile habitat found by fishermen, 0
https://www.usatoday.com/https://www.usatoday.com/story/travel/news/2021/01/06/puerto-rico-reopen-beaches-ease-coronavirus-curfew-starting-jan-8/6560792002/, Puerto Rico reopens beaches| eases coronavirus curfew, 0
https://www.usatoday.com/https://www.usatoday.com/story/sports/sports-betting/2021/01/06/georgia-at-lsu-odds-picks-and-prediction/115261690/, Georgia at LSU odds| picks and prediction, 0
https://www.usatoday.com/https://www.usatoday.com/videos/entertainment/celebrities/2021/01/06/harry-styles-and-olivia-wilde-reportedly-dating/6561168002/, Harry Styles and Olivia Wilde are reportedly dating, 0
https://www.usatoday.com/https://www.usatoday.com/story/sports/sports-betting/2021/01/06/williams-kansas-city-chiefs-are-best-bet-to-win-2021-super-bowl-lv/115262614/, Williams: Kansas City Chiefs are best bet to win 2021 Super Bowl LV, 0
https://www.usatoday.com/https://www.usatoday.com/story/entertainment/music/2021/01/06/neil-young-sells-50-stake-his-music-hipgnosis-songs-fund/6561034002/, Neil Young sells 50% stake in his music to Hipgnosis Songs Fund, 0
https://www.usatoday.com/https://www.usatoday.com/videos/news/weather/2021/01/06/scientists-develop-new-way-predict-extreme-weather-events/6561171002/, Scientists develop a new way to predict extreme weather events, 0
https://www.usatoday.com/https://www.usatoday.com/story/sports/sports-betting/2021/01/06/dasilva-kansas-city-chiefs-good-bet-to-repeat-win-2021-super-bowl-lv/115261704/, DaSilva: Kansas City Chiefs good bet to repeat| win 2021 Super Bowl LV, 0
https://www.usatoday.com/https://www.usatoday.com/story/sports/sports-betting/2021/01/06/wichita-state-at-houston-odds-picks-and-prediction/115261716/, Wichita State at Houston odds| picks and prediction, 0
https://www.usatoday.com/https://www.usatoday.com/story/money/2021/01/06/mahjong-line-company-apologizes-after-appropriation-criticism/6560731002/, The Mahjong Line: Company apologizes after appropriation criticism, 0
https://www.usatoday.com/https://www.usatoday.com/story/news/factcheck/2021/01/06/fact-check-jefferson-didnt-say-food-medicine-and-tyranny/4142998001/, Fact check: Jefferson didn't say this about food| medicine and tyranny, 0
https://www.usatoday.com/https://www.usatoday.com/story/entertainment/music/2021/01/06/john-fogerty-new-song-black-lives-matter-weeping-in-the-promised-land/6556161002/, John Fogerty pays tribute to George Floyd| Breonna Taylor on new song, 0
https://www.usatoday.com/https://www.usatoday.com/story/sports/sports-betting/2021/01/06/pomponio-new-orleans-saints-will-win-2021-super-bowl-lv/115261842/, Pomponio: New Orleans Saints will win 2021 Super Bowl LV, 0
https://www.usatoday.com/https://www.usatoday.com/story/news/politics/elections/2021/01/06/georgia-election-results-will-decide-mitch-mcconnell-leadership-role/6561654002/, Senate Majority Leader Mitch McConnell or Chuck Schumer? Up to Georgia, 0
https://www.usatoday.com/https://www.usatoday.com/videos/news/world/2021/01/06/divers-find-ancient-bones-under-frozen-river-russia/6561082002/, Divers find ancient bones under frozen river in Russia, 0
https://www.usatoday.com/https://www.usatoday.com/story/nletter/2021/01/06/daily-money-1-6-20/6561275002/, The Daily Money 1-6-20, 0
https://www.usatoday.com/https://www.usatoday.com/story/sports/nba/2021/01/06/lebron-james-hints-twitter-ownership-wnbas-atlanta-dream/6561177002/, LeBron James hints on Twitter about ownership of WNBA's Atlanta Dream, 0
https://www.usatoday.com/https://www.usatoday.com/story/news/politics/2021/01/06/mitt-romney-plane-video-trump-supports-yell-traitor-flight-dc/6560941002/, Mitt Romney plane video: Trump supports yell 'traitor' on flight to DC, 0
https://www.usatoday.com/https://www.usatoday.com/story/sports/mlb/2021/01/06/hank-aaron-vaccinated-covid-urges-black-americans/6561759002/, Hank Aaron gets vaccinated against COVID| urges other Black Americans, 0
https://www.usatoday.com/https://www.usatoday.com/story/money/2021/01/06/these-new-cars-are-most-likely-to-break-down/43306045/, 20 car models more likely to give you engine| climate control problems, 0
https://www.usatoday.com/https://www.usatoday.com/picture-gallery/money/cars/2021/01/06/these-new-cars-are-most-likely-to-break-down/43306379/, Car trouble: Buyers reported more problems with these 20 models, 0
https://www.usatoday.com/https://www.usatoday.com/story/entertainment/tv/2021/01/06/georgia-senate-runoff-viral-msnbc-steve-kornacki-returns/6560912002/, Georgia senate runoff: MSNBC's Steve Kornacki and his khakis are back, 0
https://www.usatoday.com/https://www.usatoday.com/story/sports/sports-betting/2021/01/06/oklahoma-at-baylor-odds-picks-and-prediction/115261904/, Oklahoma at Baylor odds| picks and prediction, 0
https://www.usatoday.com/https://www.usatoday.com/videos/entertainment/celebrities/2021/01/06/neil-young-has-sold-rights-his-songs-150-million-deal/6561842002/, Neil Young has sold the rights to his songs In a $150 million deal, 0
https://www.usatoday.com/https://www.usatoday.com/story/entertainment/celebrities/2021/01/06/gwen-stefani-blake-sheltons-magical-proposal-surprise/6561361002/, Gwen Stefani: Blake Shelton's 'magical' proposal was a surprise, 0
https://www.usatoday.com/https://www.youtube.com/watch?v=yJhiMnVpjnw&ab_channel=USATODAY, Watch live: Protesters breach Capitol, 0
https://www.usatoday.com/https://www.usatoday.com/story/sports/highschool/2021/01/06/emoni-bates-ypsi-prep-basketball-arbor-valley-academy-michigan-state/4129501001/, Emoni Bates| a Michigan star player| to face Bronny' James' team, 0
https://www.usatoday.com/https://www.usatoday.com/story/sports/nfl/2021/01/06/chan-gailey-resigns-as-dolphins-offensive-coordinator/115261960/, Chan Gailey resigns as Dolphins' offensive coordinator, 0
https://www.usatoday.com/https://www.usatoday.com/story/sports/sports-betting/2021/01/06/boston-college-at-duke-odds-picks-and-prediction/115261952/, Boston College at Duke odds| picks and prediction, 0
https://www.usatoday.com/https://www.usatoday.com/story/entertainment/tv/2021/01/06/puppy-bowl-animal-planet-first-look-coronavirus-game/4142760001/, 'Puppy Bowl': Your first look at Animal Planet's 'supersized' game, 0
https://www.usatoday.com/https://www.usatoday.com/picture-gallery/entertainment/tv/2021/01/06/photos-meet-adorable-starting-lineup-puppy-bowl-2021/6560446002/, Photos: Meet the adorable starting lineup of 'Puppy Bowl' 2021, 0
https://www.usatoday.com/https://www.usatoday.com/in-depth/news/2021/01/06/electoral-college-certification-trump-voter-fraud-congress-electoral-vote-count-republican-challenge/6555229002/, How the Electoral College vote counting process works, 0
https://www.usatoday.com/https://www.usatoday.com/story/tech/reviewedcom/2021/01/06/where-buy-one-piece-snowsuits-adults-roxy-burton-and-more/6560698002/, Where to buy one-piece snowsuits for adults: Roxy| Burton| and more, 0
https://www.usatoday.com/https://www.usatoday.com/videos/entertainment/movies/2021/01/06/regina-king-one-night-miami-movie-trailer/6562429002/, Four famous figures gather for Regina King's 'One Night in Miami', 0
https://www.usatoday.com/https://golfweek.usatoday.com/2021/01/06/golf-lpga-commissioner-mike-whan-stepping-down/, LPGA commissioner Mike Whan stepping down in 2021, 0
https://www.usatoday.com/https://www.usatoday.com/story/travel/cruises/2021/01/06/carnival-cruise-line-extends-us-sailing-suspension-cancels-cruises/6561583002/, Disney Cruise Line cancels cruises until June, 0
https://www.usatoday.com/https://www.usatoday.com/story/sports/sports-betting/2021/01/06/minnesota-at-michigan-odds-picks-and-prediction/115262038/, Minnesota at Michigan odds| picks and prediction, 0
https://www.usatoday.com/https://www.usatoday.com/story/sports/sports-betting/2021/01/06/arkansas-at-tennessee-odds-picks-and-prediction/115262048/, Arkansas at Tennessee odds| picks and prediction, 0
https://www.usatoday.com/https://www.usatoday.com/story/news/politics/elections/2021/01/06/schumer-senate-majority-leader-georgia-runoff/6562394002/, Chuck Schumer could be first Jewish| first N.Y. Senate majority leader, 0
https://www.usatoday.com/https://www.usatoday.com/story/entertainment/music/2021/01/06/morgan-wallen-interview-new-album-hard-lessons-and-mullet-origins/6562606002/, Morgan Wallen interview: New album| hard lessons and mullet origins, 0
https://www.usatoday.com/https://www.usatoday.com/story/sports/sports-betting/2021/01/06/cleveland-cavaliers-at-orlando-magic-odds-picks-and-prediction/115262144/, Cleveland Cavaliers at Orlando Magic odds| picks and prediction, 0
https://www.usatoday.com/https://www.usatoday.com/story/sports/ncaaf/2021/01/06/clemson-quarterback-trevor-lawrence-declaring-for-nfl-draft/115262606/, Clemson quarterback Trevor Lawrence declaring for NFL draft, 0
https://www.usatoday.com/https://www.usatoday.com/videos/news/nation/2021/01/06/lava-dome-fountain-spews-into-600-foot-kilauea-volcanic-lake/6553085002/, Lava 'Dome Fountain' spews into 600-foot Kilauea volcanic lake, 0
https://www.usatoday.com/https://www.usatoday.com/story/sports/sports-betting/2021/01/06/detroit-pistons-at-milwaukee-bucks-odds-picks-and-prediction/115262164/, Detroit Pistons at Milwaukee Bucks odds| picks and prediction, 0
https://www.usatoday.com/https://www.usatoday.com/story/sports/mlb/columnist/bob-nightengale/2021/01/06/mlb-free-agency-slow-market/6561534002/, MLB free agency: Agents bemoan slow free market this winter, 0
https://www.usatoday.com/https://www.usatoday.com/story/sports/sports-betting/2021/01/06/wake-forest-at-virginia-odds-picks-and-prediction/115262214/, Wake Forest at Virginia odds| picks and prediction, 0
https://www.usatoday.com/https://www.usatoday.com/story/sports/columnist/nancy-armour/2021/01/06/kelly-loeffler-goes-bad-worse-wnba-after-election-loss/6562669002/, Kelly Loeffler goes from bad to worse for WNBA after election loss, 0
https://www.usatoday.com/https://www.usatoday.com/story/news/nation/2021/01/06/breonna-taylor-shooting-death-2-louisville-detectives-fired/6561578002/, Breonna Taylor shooting death: 2 Louisville detectives fired, 0
https://www.usatoday.com/https://www.usatoday.com/story/sports/ncaaf/acc/2021/01/06/trevor-lawrence-entering-nfl-draft-after-three-seasons-clemson/6563380002/, Trevor Lawrence entering NFL draft after three seasons at Clemson, 0
https://www.usatoday.com/https://www.usatoday.com/story/news/health/2021/01/06/new-gene-editing-tool-offers-promise-treating-many-genetic-diseases-progeria/6556277002/, New gene editing tool offers promise of treating many genetic diseases, 0
https://www.usatoday.com/https://www.usatoday.com/story/news/politics/elections/2021/01/06/georgia-loss-wont-affect-kelly-loefflers-electoral-college-challenge/6562527002/, Georgia loss won't affect Kelly Loeffler's Electoral College challenge, 0
https://www.usatoday.com/https://www.usatoday.com/story/travel/news/2021/01/06/family-trip-ideas-travel-by-train/6553013002/, Family trip ideas: How about traveling by train?, 0
https://www.usatoday.com/https://www.usatoday.com/story/entertainment/movies/2021/01/06/pieces-of-a-woman-review-vanessa-kirby-enters-oscar-race/4143211001/, 'Pieces of a Woman' review: Vanessa Kirby astounds in raw Netflix film, 0
https://www.usatoday.com/https://www.usatoday.com/videos/news/have-you-seen/2021/01/06/adorable-moment-golden-retriever-mistakes-dog-slippers-puppies/6563281002/, Adorable moment golden retriever mistakes dog slippers for puppies, 0
https://www.usatoday.com/https://www.usatoday.com/story/news/nation/2021/01/06/next-kenosha-investigations-lawsuits-and-trial-still-happening/6562241002/, Jacob Blake shooting: What's next in Kenosha? Federal investigation, 0
https://www.usatoday.com/https://www.usatoday.com/story/sports/nfl/browns/2021/01/06/cleveland-browns-can-beat-steelers-nfl-playoffs-wild-card-game/6562570002/, Cleveland Browns can beat the Steelers in NFL playoffs wild card game, 0
https://www.usatoday.com/https://www.usatoday.com/story/sports/sports-betting/2021/01/06/los-angeles-clippers-at-golden-state-warriors-odds-picks-and-prediction/115262320/, Los Angeles Clippers at Golden State Warriors odds| picks and prediction, 0
https://www.usatoday.com/https://www.usatoday.com/story/sports/ncaaf/2021/01/06/memphis-qb-brady-white-william-v-campbell-trophy/6563815002/, Memphis QB Brady White named college football’s top scholar-athlete, 0
https://www.usatoday.com/https://www.usatoday.com/videos/sports/nba/sportspulse/2021/01/06/former-teammate-becky-hammon-ready-see-her-nba-head-coach/6563888002/, Former teammate of Becky Hammon ready to see her as NBA head coach, 0
https://www.usatoday.com/https://www.usatoday.com/story/sports/nhl/2021/01/06/blue-jackets-sign-bjorkstrand-to-5-year-contract-extension/43312859/, Blue Jackets sign Bjorkstrand to 5-year contract extension, 0
https://www.usatoday.com/https://www.usatoday.com/story/entertainment/tv/2021/01/06/tucker-carlson-goes-tirade-against-republican-senators-juneteenth/6562146002/, Tucker Carlson goes on tirade against Republican senators| Juneteenth, 0
https://www.usatoday.com/https://www.usatoday.com/story/money/markets/2021/01/06/small-stocks-rally-yields-rise-market-eyes-democratic-dc/6563818002/, Dow hits record despite riots as Democrats clinch Senate majority, 0
https://www.usatoday.com/https://www.usatoday.com/sitemap/2021/january/6/, 1, 0
https://www.usatoday.com/https://www.usatoday.com/sitemap/2021/january/6/?page=2, 2, 0
