https://www.usatoday.com/https://www.usatoday.com/story/tech/2021/01/07/coronavirus-vaccine-covid-scam-lie-hoax-facebook-instagram-twitter/6556973002/, COVID vaccine lies and hoaxes: How to inoculate yourself, 0
https://www.usatoday.com/https://www.usatoday.com/story/sports/nfl/2021/01/06/falcons-interview-saints-fontenot-for-atlanta-gm-position/43313697/, Falcons interview Saints' Fontenot for Atlanta GM position, 0
https://www.usatoday.com/https://www.usatoday.com/story/sports/soccer/2021/01/06/matchday-valencia-aims-to-avoid-upset-in-copa-del-rey/115264802/, MATCHDAY: Valencia aims to avoid upset in Copa del Rey, 0
https://www.usatoday.com/https://www.usatoday.com/story/news/world/2021/01/06/disgraceful-world-leaders-shocked-us-capitol-insurrection/6574051002/, 'Disgraceful': World leaders shocked by US Capitol 'insurrection', 0
https://www.usatoday.com/https://www.usatoday.com/story/sports/nfl/2021/01/06/tom-brady-excited-ready-to-lead-buccaneers-into-playoffs/115264814/, Tom Brady excited| ready to lead Buccaneers into playoffs, 0
https://www.usatoday.com/https://www.usatoday.com/story/sports/nhl/2021/01/06/predators-sign-luke-kunin-to-2-year-46-million-deal/115264826/, Predators sign Luke Kunin to 2-year| $4.6 million deal, 0
https://www.usatoday.com/https://www.usatoday.com/story/news/politics/2021/01/06/trump-virtual-coup-turns-real-mob-breaches-capitol/6571251002/, Trump's virtual coup turns into an overthrow try in riot at Capitol, 0
https://www.usatoday.com/https://www.usatoday.com/story/news/politics/2021/01/06/25th-amendment-what-know-removing-president/6572157002/, 25th Amendment simplified: What to know about removing a president, 0
https://www.usatoday.com/https://www.usatoday.com/story/sports/nfl/2021/01/06/titans-woeful-defense-sees-postseason-as-fresh-start/115264846/, Titans' woeful defense sees postseason as fresh start, 0
https://www.usatoday.com/https://www.usatoday.com/story/sports/ncaab/2021/01/06/pitt-erases-18-point-deficit-beats-syracuse-63-60/115264868/, Pitt erases 18-point deficit| beats Syracuse 63-60, 0
https://www.usatoday.com/https://www.usatoday.com/picture-gallery/news/politics/2021/01/07/president-trump-supporters-protest-around-country/6574178002/, President Trump supporters protest around the country, 0
https://www.usatoday.com/https://www.usatoday.com/videos/news/nation/2021/01/07/senate-dem-slams-trump-unrest-capitol/6574395002/, Senate Dem slams Trump for unrest at Capitol, 0
https://www.usatoday.com/https://www.usatoday.com/story/tech/2021/01/06/twitter-locks-president-trumps-account-after-his-tweets-riots/6574242002/, Twitter| Facebook block Trump's account after his posts about riots, 0
https://www.usatoday.com/https://www.usatoday.com/story/life/health-wellness/2021/01/06/riots-and-violence-can-cause-anxiety-fear-heres-how-cope/6573582002/, Riots and violence can cause anxiety| fear. How to cope| coping tips, 0
https://www.usatoday.com/https://www.usatoday.com/story/sports/soccer/2021/01/06/boca-and-river-stopped-in-1st-leg-of-copa-libertadores-semis/115264912/, Boca and River stopped in 1st leg of Copa Libertadores semis, 0
https://www.usatoday.com/https://www.usatoday.com/story/sports/ncaab/2021/01/06/richie-scores-15-to-lead-tulsa-over-south-florida-61-51/115264922/, Richie scores 15 to lead Tulsa over South Florida 61-51, 0
https://www.usatoday.com/https://www.usatoday.com/videos/news/nation/2021/01/07/lawmakers-both-parties-condemn-capitol-riot-trump-supporters/6574402002/, Lawmakers from both parties condemn Capitol riot by Trump supporters, 0
https://www.usatoday.com/https://www.usatoday.com/story/news/politics/elections/2021/01/06/congress-count-electoral-college-votes-biden-win/6556555002/, Pence confirms Biden win; Trump pledges 'orderly transition', 0
https://www.usatoday.com/https://www.usatoday.com/story/sports/nba/2021/01/06/boston-celtics-miami-heat-jacob-blake-capitol-riot/6574410002/, Boston Celtics| Miami Heat game was in doubt after Capitol riot, 0
https://www.usatoday.com/https://www.usatoday.com/story/sports/nfl/2021/01/06/bills-wealth-of-depth-at-receiver-making-opponents-pay/115264982/, Bills' wealth of depth at receiver making opponents pay, 0
https://www.usatoday.com/https://www.usatoday.com/videos/news/nation/2021/01/07/ap-reporter-describes-chaos-during-capitol-siege/6575112002/, AP reporter describes chaos during Capitol siege, 0
https://www.usatoday.com/https://www.usatoday.com/videos/news/nation/2021/01/07/pro-trump-rioters-destroy-media-equipment-us-capitol/6574995002/, Pro-Trump rioters destroy media equipment at US Capitol, 0
https://www.usatoday.com/https://www.usatoday.com/story/sports/sports-betting/2021/01/06/chicago-bulls-at-sacramento-kings-odds-picks-and-prediction/115264992/, Chicago Bulls at Sacramento Kings odds| picks and prediction, 0
https://www.usatoday.com/https://www.usatoday.com/story/sports/nfl/2021/01/06/ticking-clock-time-running-out-for-steelers-veterans/43313749/, Ticking clock? Time running out for Steelers veterans, 0
https://www.usatoday.com/https://www.usatoday.com/story/tech/2021/01/06/trump-riot-mob-facebook-twitter-youtube-violence-condemned/6574841002/, Facebook| Twitter and YouTube condemned for Trump-incited mob violence, 0
https://www.usatoday.com/https://www.usatoday.com/story/sports/nfl/2021/01/06/bruised-bears-could-be-without-smith-mooney-against-saints/115265006/, Bruised Bears could be without Smith| Mooney against Saints, 0
https://www.usatoday.com/https://www.usatoday.com/story/sports/nba/2021/01/06/milwaukee-bucks-detroit-pistons-take-knee-after-tipoff/6575174002/, Milwaukee Bucks| Detroit Pistons take knee after tipoff on day of riot, 0
https://www.usatoday.com/https://www.usatoday.com/story/entertainment/celebrities/2021/01/06/stephanie-grisham-melania-trumps-top-aide-quits-amid-capitol-riot/6574531002/, Stephanie Grisham| Melania Trump's top aide| quits amid Capitol riot, 0
https://www.usatoday.com/https://www.usatoday.com/videos/news/nation/2021/01/07/anti-trump-protesters-stage-demo-times-square/6575581002/, Anti-Trump protesters stage demo in Times Square, 0
https://www.usatoday.com/https://www.usatoday.com/story/sports/ncaab/2021/01/06/gilyard-scores-22-to-carry-richmond-past-rhode-island-80-73/43313753/, Gilyard scores 22 to carry Richmond past Rhode Island 80-73, 0
https://www.usatoday.com/https://www.usatoday.com/videos/news/nation/2021/01/07/pence-condemns-insurrection-violence-never-wins/6575627002/, Pence condemns insurrection: 'Violence never wins', 0
https://www.usatoday.com/https://www.usatoday.com/story/news/health/2021/01/06/death-florida-doctor-following-pfizer-covid-19-vaccine-under-investigation-gregory-michael/6574414002/, Death of Florida doctor following COVID-19 vaccine under investigation, 0
https://www.usatoday.com/https://www.usatoday.com/videos/news/nation/2021/01/07/mcconnell-our-democracy-not-deterred/6575845002/, McConnell: our democracy will not be deterred, 0
https://www.usatoday.com/https://www.usatoday.com/story/sports/nfl/2021/01/06/telesco-says-chargers-will-be-patient-with-coaching-search/43313759/, Telesco says Chargers will be patient with coaching search, 0
https://www.usatoday.com/https://www.usatoday.com/story/sports/ncaaw/2021/01/06/no-18-south-florida-women-cruise-past-wichita-state-66-48/43313763/, No. 18 South Florida women cruise past Wichita State 66-48, 0
https://www.usatoday.com/https://www.usatoday.com/story/sports/ncaab/2021/01/06/jean-baptiste-carries-chattanooga-past-samford-73-68/115265026/, Jean-Baptiste carries Chattanooga past Samford 73-68, 0
https://www.usatoday.com/https://www.usatoday.com/videos/news/nation/2021/01/07/schumer-trump-bears-blame-capitol-mob-attacks/6575912002/, Schumer: Trump bears blame for Capitol mob attacks, 0
https://www.usatoday.com/https://www.usatoday.com/story/sports/ncaab/2021/01/06/louisville-tops-no-19-virginia-tech-73-71-in-acc-showdown/115265032/, Louisville tops No. 19 Virginia Tech 73-71 in ACC showdown, 0
https://www.usatoday.com/https://www.usatoday.com/videos/news/nation/2021/01/07/pence-says-violence-never-wins-after-senate-resumes-electoral-count/6575926002/, Pence says 'violence never wins' after Senate resumes electoral count, 0
https://www.usatoday.com/https://www.usatoday.com/story/news/nation/2021/01/06/capitol-hill-riot-heres-everything-we-know/6573033002/, Capitol Hill riot: Here's everything we know, 0
https://www.usatoday.com/https://www.usatoday.com/story/news/politics/2021/01/06/some-democrats-call-trump-impeachment-dc-riots/6574319002/, Some House Democrats call for Trump impeachment over DC riots, 0
https://www.usatoday.com/https://www.usatoday.com/story/sports/nfl/2021/01/06/wilson-knows-challenge-and-headache-rams-present-seahawks/115265038/, Wilson knows challenge| and headache| Rams present Seahawks, 0
https://www.usatoday.com/https://www.usatoday.com/videos/news/nation/2021/01/07/arizona-battles-virus-surge-death-count-rises/6576040002/, Arizona battles virus surge as death count rises, 0
https://www.usatoday.com/https://www.usatoday.com/story/sports/ncaab/2021/01/06/no-9-tennessee-pulls-out-79-74-thriller-over-arkansas/43313771/, No. 9 Tennessee pulls out 79-74 thriller over Arkansas, 0
https://www.usatoday.com/https://www.usatoday.com/story/sports/mlb/2021/01/06/former-pitching-great-tommy-john-hospitalized-with-covid-19/115265050/, Former pitching great Tommy John hospitalized with COVID-19, 0
https://www.usatoday.com/https://www.usatoday.com/story/sports/nba/2021/01/06/fultz-suffers-knee-injury-magic-go-on-to-beat-cavs-105-94/115265052/, Fultz tears ACL| out for season; Magic beat Cavs 105-94, 0
https://www.usatoday.com/https://www.usatoday.com/story/sports/ncaab/2021/01/06/harris-scores-18-to-carry-butler-over-georgetown-63-55/43313787/, Harris scores 18 to carry Butler over Georgetown 63-55, 0
https://www.usatoday.com/https://www.usatoday.com/videos/news/politics/2021/01/07/who-can-invoke-25th-amendment-remove-replace-president/6576043002/, Who can invoke the 25th Amendment?, 0
https://www.usatoday.com/https://www.usatoday.com/story/sports/nfl/2021/01/06/whitworth-hopes-return-will-boost-rams-struggling-offense/115265072/, Whitworth hopes return will boost Rams' struggling offense, 0
https://www.usatoday.com/https://www.usatoday.com/story/sports/sports-betting/2021/01/06/what-are-the-cleveland-browns-odds-to-win-2021-super-bowl-lv/115265074/, What are the Cleveland Browns' odds to win 2021 Super Bowl LV?, 0
https://www.usatoday.com/https://www.usatoday.com/picture-gallery/news/politics/2021/01/07/photos-damage-inside-us-capitol/6576121002/, Photos: Damage inside the US Capitol, 0
https://www.usatoday.com/https://www.usatoday.com/story/sports/nba/2021/01/06/sixers-top-wizards-despite-beals-record-tying-60-points/43313789/, Sixers top Wizards despite Beal's record-tying 60 points, 0
https://www.usatoday.com/https://www.usatoday.com/story/sports/nba/2021/01/06/brogdons-late-3-helps-pacers-shake-off-rockets-114-107/43313805/, Brogdon's late 3 helps Pacers shake off Rockets| 114-107, 0
https://www.usatoday.com/https://www.usatoday.com/videos/news/nation/2021/01/07/pelosi-well-show-what-america-made-of/6576430002/, Pelosi: We'll show 'what America is made of', 0
https://www.usatoday.com/https://www.usatoday.com/story/sports/nba/2021/01/06/haywards-career-high-44-lead-hornets-power-hawks-102-94/43313819/, Hayward's career-high 44 lead Hornets power Hawks| 102-94, 0
https://www.usatoday.com/https://www.usatoday.com/story/sports/nba/2021/01/06/rivers-rallies-knicks-past-jazz-112-100-for-3rd-straight-win/115265094/, Rivers rallies Knicks past Jazz 112-100 for 3rd straight win, 0
https://www.usatoday.com/https://www.usatoday.com/story/news/nation/2021/01/06/pro-trump-rioters-breach-capitol-california-politicians-weigh/6570547002/, Pro-Trump rioters breach Capitol| California politicians weigh in, 0
https://www.usatoday.com/https://www.usatoday.com/story/sports/nba/2021/01/06/pritchards-putback-pushes-celtics-past-heat-107-105/115265114/, Pritchard's putback pushes Celtics past Heat| 107-105, 0
https://www.usatoday.com/https://www.usatoday.com/story/sports/ncaab/2021/01/06/grimes-no-11-houston-rally-for-70-63-win-over-wichita-st/43313833/, Grimes| No. 11 Houston rally for 70-63 win over Wichita St, 0
https://www.usatoday.com/https://www.usatoday.com/story/sports/nba/magic/2021/01/06/markelle-fultz-season-ending-torn-acl-left-knee/6576572002/, Markelle Fultz suffers torn ACL| will miss rest of season, 0
https://www.usatoday.com/https://www.usatoday.com/videos/news/nation/2021/01/07/sen-hawley-election-objections-should-heard/6576687002/, Sen. Hawley: Election objections should be heard, 0
https://www.usatoday.com/https://www.usatoday.com/story/news/politics/2021/01/06/banana-republic-all-former-presidents-condemn-violence-capitol/6576145002/, 'Banana republic': All former presidents condemn violence at capitol, 0
https://www.usatoday.com/https://www.usatoday.com/story/sports/ncaab/2021/01/06/willis-carries-incarnate-word-past-northwestern-st-75-67/115265134/, Willis carries Incarnate Word past Northwestern St. 75-67, 0
https://www.usatoday.com/https://www.usatoday.com/story/sports/nba/2021/01/06/fast-start-helps-bucks-breeze-past-pistons-130-115/115265146/, Fast start helps Bucks breeze past Pistons 130-115, 0
https://www.usatoday.com/https://www.usatoday.com/story/sports/ncaab/2021/01/06/thomas-smart-help-lsu-rally-beat-georgia-94-92-in-overtime/43313849/, Thomas| Smart help LSU rally| beat Georgia 94-92 in overtime, 0
https://www.usatoday.com/https://www.usatoday.com/story/sports/ncaab/2021/01/06/garvin-scores-19-to-carry-nicholls-state-over-lamar-76-69/115265148/, Garvin scores 19 to carry Nicholls State over Lamar 76-69, 0
https://www.usatoday.com/https://www.usatoday.com/story/sports/nba/2021/01/06/bradley-beal-ties-franchise-record-60-points-wizards-lose-sixers/6576266002/, Bradley Beal's 60 points not enough in Wizards' loss to Sixers, 0
https://www.usatoday.com/https://www.usatoday.com/story/sports/ncaab/2021/01/06/carter-leads-xavier-past-st-johns-69-61/43313863/, Carter leads Xavier past St. John's 69-61, 0
https://www.usatoday.com/https://www.usatoday.com/videos/news/nation/2021/01/07/civil-rights-leader-calls-25th-amendment-action/6576796002/, Civil rights leader calls for 25th Amendment action, 0
https://www.usatoday.com/https://www.usatoday.com/story/sports/ncaab/2021/01/06/lampley-lifts-sam-houston-state-over-se-louisiana-70-52/115265154/, Lampley lifts Sam Houston State over SE Louisiana 70-52, 0
https://www.usatoday.com/https://www.usatoday.com/story/sports/ncaab/2021/01/06/dickinson-led-no-10-michigan-routs-no-16-minnesota-82-57/115265166/, Dickinson-led No. 10 Michigan routs No. 16 Minnesota 82-57, 0
https://www.usatoday.com/https://www.usatoday.com/story/sports/ncaab/2021/01/06/miller-carries-unc-greensboro-over-wofford-84-75/43313865/, Miller carries UNC-Greensboro over Wofford 84-75, 0
https://www.usatoday.com/https://www.usatoday.com/story/sports/ncaab/2021/01/06/hauser-sparks-no-22-virginia-past-wake-forest-70-61/43313869/, Hauser sparks No. 22 Virginia past Wake Forest| 70-61, 0
https://www.usatoday.com/https://www.usatoday.com/story/sports/nba/2021/01/06/hills-late-free-throws-lift-thunder-over-pelicans-111-110/115265184/, Hill's late free throws lift Thunder over Pelicans 111-110, 0
https://www.usatoday.com/https://www.usatoday.com/story/sports/ncaab/2021/01/06/no-21-duke-edges-boston-college-83-82-without-coach-k/43313871/, No. 21 Duke edges Boston College 83-82 without Coach K, 0
https://www.usatoday.com/https://www.usatoday.com/story/sports/ncaab/2021/01/06/no-21-duke-beats-boston-college-83-82-without-coach-k/43313873/, No. 21 Duke beats Boston College 83-82 without Coach K, 0
https://www.usatoday.com/https://www.usatoday.com/story/sports/ncaab/2021/01/06/no-2-baylor-is-10-0-after-76-61-win-over-oklahoma/43313941/, No. 2 Baylor is 10-0 after 76-61 win over Oklahoma, 0
https://www.usatoday.com/https://www.usatoday.com/in-depth/news/2021/01/06/dc-protests-capitol-riot-trump-supporters-electoral-college-stolen-election/6568305002/, Capitol Hill riot: Timeline of how events unfolded in Washington, 0
https://www.usatoday.com/https://www.usatoday.com/story/sports/ncaab/2021/01/06/no-7-creighton-routs-seton-hall-89-53-jefferson-scores-19/43314049/, No. 7 Creighton routs Seton Hall 89-53| Jefferson scores 19, 0
https://www.usatoday.com/https://www.usatoday.com/story/entertainment/tv/2021/01/06/late-night-hosts-reflect-capitol-stormed-james-corden-jimmy-kimmel/6576698002/, Capitol mob: Stephen Colbert| Jimmy Fallon| late night hosts reflect, 0
https://www.usatoday.com/https://www.usatoday.com/story/sports/ncaab/2021/01/06/gayman-leads-abilene-christian-over-houston-baptist-66-63/115265222/, Gayman leads Abilene Christian over Houston Baptist 66-63, 0
https://www.usatoday.com/https://www.usatoday.com/videos/news/nation/2021/01/07/rep-bush-black-people-would-have-been-laid-out/6577117002/, Rep. Bush: Black people would have been 'laid out', 0
https://www.usatoday.com/https://www.usatoday.com/story/sports/ncaaw/2021/01/06/south-florida-wins-7th-straight-tops-wichita-state-66-48/43313957/, South Florida wins 7th straight| tops Wichita State 66-48, 0
https://www.usatoday.com/https://www.usatoday.com/story/sports/nba/2021/01/06/suns-drain-21-3-pointers-beat-raptors-123-115/43313959/, Suns drain 21 3-pointers| beat Raptors 123-115, 0
https://www.usatoday.com/https://www.usatoday.com/story/sports/ncaab/2021/01/06/sy-scores-13-to-lead-balanced-ole-miss-past-auburn-72-61/43313973/, Sy scores 13 to lead balanced Ole Miss past Auburn 72-61, 0
https://www.usatoday.com/https://www.usatoday.com/story/sports/sports-betting/2021/01/06/what-are-the-indianapolis-colts-odds-to-win-2021-super-bowl-lv/115265224/, What are the Indianapolis Colts' odds to win 2021 Super Bowl LV?, 0
https://www.usatoday.com/https://www.usatoday.com/story/sports/ncaab/2021/01/06/lawson-scores-30-leads-south-carolina-over-texas-am-78-54/115265236/, Lawson scores 30| leads South Carolina over Texas A&M 78-54, 0
https://www.usatoday.com/https://www.usatoday.com/story/opinion/policing/2021/01/07/crump-nation-defaults-seeing-black-people-too-often-victims-threats-column/4140256001/, Crump: Nation defaults to seeing Black people — too often victims — as threats, 0
https://www.usatoday.com/https://www.usatoday.com/story/opinion/policing/2021/01/07/my-son-and-were-accused-attacked-and-robbed-civil-respect-column/4140006001/, My son and I were accused| attacked and 'robbed of civil respect', 0
https://www.usatoday.com/https://www.usatoday.com/story/money/2021/01/07/retro-toys-fisher-price-launches-series-1980-s-1990-s/4100086001/, Retro toys: Fisher-Price infant toys inspired by 1980s| 1990s, 0
https://www.usatoday.com/https://www.usatoday.com/story/money/cars/2021/01/07/new-cars-trucks-suvs-financing-downpayment-prices/4139776001/, New cars| trucks| SUVs: Prices hit $40|000 as SUV boom continues, 0
https://www.usatoday.com/https://www.usatoday.com/videos/news/nation/2021/01/07/today-history-january-7th/6577275002/, Today in History for January 7th, 0
https://www.usatoday.com/https://www.usatoday.com/videos/news/politics/2021/01/07/kelly-loeffler-withdraws-objection-after-capitol-violence/6577205002/, Kelly Loeffler withdraws objection after US Capitol violence, 0
https://www.usatoday.com/https://www.usatoday.com/story/news/politics/2021/01/07/slew-resignations-trumps-white-house-and-administration-follow-capitol-insurrection/6576560002/, Betsy DeVos| Mick Mulvaney| Elaine Chao| other Trump aides quit, 0
https://www.usatoday.com/https://www.usatoday.com/picture-gallery/sports/nfl/draft/2021/01/07/college-football-underclassmen-entering-2021-nfl-draft/6576090002/, College football underclassmen entering 2021 NFL draft, 0
https://www.usatoday.com/https://www.usatoday.com/story/sports/nfl/draft/2021/01/06/2021-nfl-draft-underclassmen-who-intend-leave-college-early/6575938002/, 2021 NFL draft: Underclassmen who intend to leave college early, 0
https://www.usatoday.com/https://www.usatoday.com/story/sports/nba/2021/01/07/george-leonard-score-21-as-clippers-beat-warriors-108-101/43313995/, George| Leonard score 21 as Clippers beat Warriors 108-101, 0
https://www.usatoday.com/https://www.usatoday.com/story/sports/nba/2021/01/07/hields-4-point-play-helps-kings-hold-off-bulls-128-124/43314021/, Hield's 4-point play helps Kings hold off Bulls| 128-124, 0
https://www.usatoday.com/https://www.usatoday.com/videos/news/nation/2021/01/07/dc-police-chief-capitol-police-fatally-shot-woman/6577526002/, DC Police Chief: Capitol Police fatally shot woman, 0
https://www.usatoday.com/https://www.usatoday.com/story/sports/ncaab/2021/01/07/queta-scores-18-to-lead-utah-st-over-new-mexico-77-45/43314033/, Queta scores 18 to lead Utah St. over New Mexico 77-45, 0
https://www.usatoday.com/https://www.usatoday.com/videos/news/nation/2021/01/07/us-capitol-riots-woman-shot-police-4-deaths/6577605002/, Woman shot by police during US Capitol riots among 4 deaths, 0
https://www.usatoday.com/https://www.usatoday.com/story/sports/nfl/2021/01/07/ravens-jackson-itching-to-add-playoff-win-to-solid-resume/43314035/, Ravens Jackson itching to add playoff win to solid resume, 0
https://www.usatoday.com/https://www.usatoday.com/story/sports/ncaab/2021/01/07/no-4-texas-heads-to-no-18-west-virginia-in-big-12-battle/115265324/, No. 4 Texas heads to No. 18 West Virginia in Big 12 battle, 0
https://www.usatoday.com/https://www.usatoday.com/story/sports/ncaab/2021/01/07/hylands-double-double-helps-vcu-beat-george-mason-66-61/43314037/, Hyland's double-double helps VCU beat George Mason 66-61, 0
https://www.usatoday.com/https://www.usatoday.com/story/money/2021/01/07/georgia-senate-race-democrats-wins-should-aid-biden-economic-plan-bit/6570522002/, Georgia Senate race: Democrats' wins could mean more stimulus checks, 0
https://www.usatoday.com/https://www.usatoday.com/videos/news/nation/2021/01/07/usa-todays-christal-hayes-shows-what-look-like-inside-u-s-capitol-after-pro-trump-rioters-who-had-st/6577618002/, US Capitol left in disarray after pro-Trump rioters were removed, 0
https://www.usatoday.com/https://www.usatoday.com/story/sports/ncaaf/2021/01/07/nfl-prospects-everywhere-in-alabama-ohio-state-title-game/115265334/, NFL draft 2021: Prospects everywhere in Alabama-Ohio State title game, 0
https://www.usatoday.com/https://www.usatoday.com/story/money/2021/01/07/georgia-senate-wins-dem-control-how-biden-affect-workplace/6565695002/, Georgia Senate wins: With Dem control| how will Biden affect workplace?, 0
https://www.usatoday.com/https://www.usatoday.com/story/sports/nfl/2021/01/07/jamal-adams-among-several-stars-savoring-1st-playoff-seasons/115265340/, Jamal Adams among several stars savoring 1st playoff seasons, 0
https://www.usatoday.com/https://www.usatoday.com/story/sports/golf/2021/01/07/maui-musings-5-questions-for-a-new-year-in-golf/115265346/, Maui Musings: 5 questions for a new year in golf, 0
https://www.usatoday.com/https://www.usatoday.com/story/sports/ncaaw/2021/01/07/father-daughter-coaching-matchup-believed-to-be-a-d-i-first/43314039/, Father-daughter coaching matchup believed to be a D-I first, 0
https://www.usatoday.com/https://www.usatoday.com/story/sports/nba/warriors/2021/01/07/draymond-green-call-pro-trump-capitol-rioters-terrorists/6577645002/, Draymond Green on pro-Trump rioters: 'They're (expletive) terrorists', 0
https://www.usatoday.com/https://www.usatoday.com/story/sports/nfl/2021/01/07/brees-doesnt-want-saints-playoff-run-to-be-about-him/43314087/, Brees doesn't want Saints' playoff run to be about him, 0
https://www.usatoday.com/https://www.usatoday.com/story/money/2021/01/07/joe-biden-and-your-budget-how-he-impact-taxes-tuition-and-more/6563787002/, Joe Biden and your budget: How will he impact taxes| tuition and more, 0
https://www.usatoday.com/https://www.usatoday.com/story/sports/olympics/2021/01/07/spreading-virus-pulls-olympic-torches-off-display-in-japan/43314045/, Spreading virus pulls Olympic torches off display in Japan, 0
https://www.usatoday.com/https://www.usatoday.com/story/sports/ncaab/2021/01/07/iowa-minnesota-rematch-looms-dickinson-shining-for-michigan/115265364/, Iowa-Minnesota rematch looms; Dickinson shining for Michigan, 0
https://www.usatoday.com/https://www.usatoday.com/videos/news/politics/elections/2021/01/07/biden-officially-gains-victory-electoral-congress-certifies-election/6577404002/, Biden officially gains victory as Electoral Congress certifies election, 0
https://www.usatoday.com/https://www.usatoday.com/story/news/health/2021/01/07/covid-news-california-stimulus-tommy-john-mexico-florida-irs/6572839002/, COVID update: California stimulus checks; CVS| Walgreens vaccines, 0
https://www.usatoday.com/https://www.usatoday.com/story/opinion/2021/01/07/republicans-face-consequences-trump-cynicism-obstruction-column/6561269002/, Georgia Senate wipeout: Republicans face consequences for ruthless reign, 0
https://www.usatoday.com/https://www.usatoday.com/story/sports/mlb/2021/01/07/1b-justin-smoak-signs-with-tokyos-yomiuri-giants/115265368/, 1B Justin Smoak signs with Tokyo's Yomiuri Giants, 0
https://www.usatoday.com/https://www.usatoday.com/videos/news/nation/2021/01/07/congress-certifies-bidens-electoral-college-win/6577756002/, Congress certifies Biden's electoral college win, 0
https://www.usatoday.com/https://www.usatoday.com/story/news/nation/2021/01/07/new-york-man-gets-life-saving-kidney-after-friend-sees-facebook-post/6566924002/, New York man gets life-saving kidney after friend sees Facebook post, 0
https://www.usatoday.com/https://www.usatoday.com/story/opinion/2021/01/07/trump-capitol-insurrection-mars-transfer-of-power-column/6572923002/, Capitol riots instigator is among us. Americans must flush this away., 0
https://www.usatoday.com/https://www.usatoday.com/story/tech/columnist/komando/2021/01/07/google-map-knows-your-location-photos-you-took-how-turn-off/4113403001/, Google map knows your location| photos you took: How to turn it off., 0
https://www.usatoday.com/https://www.usatoday.com/videos/news/nation/2021/01/07/ap-photographer-describes-scene-inside-capitol/6577760002/, AP Photographer Andrew Harnik describes scene inside the US Capitol, 0
https://www.usatoday.com/https://www.usatoday.com/story/news/2021/01/07/us-capitol-riot-donald-trump-mike-pence-coronavirus/6561248002/, US Capitol| Donald Trump| Mike Pence: 5 things to know Thursday, 0
https://www.usatoday.com/https://www.usatoday.com/videos/entertainment/2021/01/07/jamal-khashoggi-documentary-too-explosive-streamed/6577770002/, The Jamal Khashoggi documentary too explosive to be streamed, 0
https://www.usatoday.com/https://www.usatoday.com/videos/news/nation/2021/01/07/jamal-khashoggi-documentary-too-explosive-streamed/6577773002/, The Jamal Khashoggi documentary too explosive to be streamed, 0
https://www.usatoday.com/https://www.usatoday.com/story/news/nation/2021/01/07/us-capitol-breach-sedition-legal-expert-says/6577765002/, What is sedition? US Capitol breach 'almost textbook': legal expert, 0
https://www.usatoday.com/https://www.usatoday.com/story/news/politics/2021/01/07/capital-building-look-d-c-protest-through-quotes/6576571002/, Capital building: A look at the D.C. protest through quotes, 0
https://www.usatoday.com/https://www.usatoday.com/story/money/taxes/2021/01/07/pay-taxes-credit-card/115253466/, You can pay your taxes with a credit card| but there's a catch, 0
https://www.usatoday.com/https://www.usatoday.com/story/sports/nfl/washington/2021/01/07/washington-ownership-dispute-involving-daniel-snyder-gets-messy/4125267001/, Washington ownership dispute involving Daniel Snyder gets messy, 0
https://www.usatoday.com/https://www.usatoday.com/story/sports/nfl/browns/2021/01/07/cleveland-browns-playoff-drought-over-but-fans-not-celebrating/6560420002/, Cleveland Browns' playoff drought over| but fans not celebrating, 0
https://www.usatoday.com/https://www.usatoday.com/story/sports/ncaaf/bigten/2021/01/07/ohio-state-football-dominant-for-decades/4127885001/, Ohio State football defined by unprecedented Big Ten dominance, 0
https://www.usatoday.com/https://www.usatoday.com/story/news/50-states/2021/01/07/drive-lawmaking-masked-mardi-gras-virtual-farm-show-news-around-states/115265388/, Drive-in lawmaking| masked Mardi Gras: News from around our 50 states, 0
https://www.usatoday.com/https://www.usatoday.com/videos/news/nation/2021/01/07/d-c-riots-spark-protests-around-country/6577761002/, D.C. riots spark protests around the country, 0
https://www.usatoday.com/https://www.usatoday.com/videos/news/nation/2021/01/07/day-7-january-1964/6577833002/, On This Day: 7 January 1964, 0
https://www.usatoday.com/https://www.usatoday.com/videos/entertainment/2021/01/07/day-7-january-1964/6577834002/, On This Day: 7 January 1964, 0
https://www.usatoday.com/https://www.usatoday.com/story/nletter/2021/01/07/us-capitol-riot-donald-trump-mike-pence-coronavirus/6577775002/, US Capitol| Donald Trump| Mike Pence: Daily Briefing, 0
https://www.usatoday.com/https://www.usatoday.com/story/opinion/2021/01/07/pandemic-labor-movement-workers-wichita-report-for-america/6564806002/, COVID-19 in Kansas: Pandemic can lead to worker solidarity, 0
https://www.usatoday.com/https://www.usatoday.com/story/money/investing/2021/01/07/investing-resolutions-stock-bundle/43308289/, Investing in 2021? Start your off right with this classic stock bundle, 0
https://www.usatoday.com/https://www.usatoday.com/story/sports/ncaaf/2021/01/07/college-football-2021-season-worries-coronavirus-vaccine-revenue/6571038002/, Coronavirus| vaccine| revenue still college football worries in 2021, 0
https://www.usatoday.com/https://www.usatoday.com/story/travel/columnist/cox/2021/01/07/ask-captain-why-seat-backs-must-upright-takeoff-and-landing/6565133002/, Ask the Captain: Why seat backs must be upright at takeoff and landing, 0
https://www.usatoday.com/https://www.usatoday.com/videos/news/politics/elections/2021/01/07/mike-pence-certifies-bidens-win-after-violence-capitol/6577921002/, Mike Pence certifies Biden's win after violence at Capitol, 0
https://www.usatoday.com/https://www.usatoday.com/story/sports/golf/2021/01/07/justin-thomas-sets-lofty-goals-for-2021-beginning-with-sentry-tournament-of-champions/115264622/, Justin Thomas sets lofty goals for 2021 beginning with Sentry Tournament of Champions, 0
https://www.usatoday.com/https://www.usatoday.com/videos/news/nation/2021/01/07/showbiz-minute-capitol-seacrest-london-zoo/6577943002/, ShowBiz Minute: Capitol| Seacrest| London Zoo, 0
https://www.usatoday.com/https://www.usatoday.com/videos/news/nation/2021/01/07/ap-top-stories-january-7/6577942002/, AP Top Stories January 7, 0
https://www.usatoday.com/https://www.usatoday.com/videos/entertainment/2021/01/07/showbiz-minute-capitol-seacrest-london-zoo/6577944002/, ShowBiz Minute: Capitol| Seacrest| London Zoo, 0
https://www.usatoday.com/https://www.usatoday.com/videos/news/nation/2021/01/07/stars-praise-larger-than-life-film-version-blithe-spirit/6577956002/, Stars praise 'larger than life' film version of 'Blithe Spirit', 0
https://www.usatoday.com/https://www.usatoday.com/videos/entertainment/2021/01/07/stars-praise-larger-than-life-film-version-blithe-spirit/6577957002/, Stars praise 'larger than life' film version of 'Blithe Spirit', 0
https://www.usatoday.com/https://www.usatoday.com/story/sports/nfl/columnist/nate-davis/2021/01/07/nfl-wild-card-weekend-players-to-watch-playoffs-covid-19/6566451002/, 2020 NFL wild-card weekend: 1 player per team to watch as playoffs start, 0
https://www.usatoday.com/https://www.usatoday.com/story/sports/sports-betting/2021/01/07/indiana-at-wisconsin-odds-picks-and-prediction/115265646/, Indiana at Wisconsin odds| picks and prediction, 0
https://www.usatoday.com/https://www.usatoday.com/story/sports/tennis/2021/01/07/kenin-opens-season-with-win-over-yang-at-abu-dhabi-open/43314135/, Kenin opens season with win over Yang at Abu Dhabi Open, 0
https://www.usatoday.com/https://www.usatoday.com/story/sports/sports-betting/2021/01/07/clark-seattle-seahawks-best-value-to-win-2021-super-bowl-lv/115265654/, Clark: Seattle Seahawks best value to win 2021 Super Bowl LV, 0
https://www.usatoday.com/https://www.usatoday.com/story/money/cars/2021/01/07/2021-jeep-grand-cherokee-l-unveiled/6577962002/, 2021 Jeep Grand Cherokee L| made in Detroit| adds 3rd row, 0
https://www.usatoday.com/https://www.usatoday.com/story/travel/news/2021/01/07/us-capitol-riot-aftermath-airlines-beef-up-security-dc-flights/6577000002/, US Capitol riot aftermath: Airlines beef up security on DC flights, 0
https://www.usatoday.com/https://www.usatoday.com/videos/tech/2021/01/07/twitter-facebook-and-instagram-locked-president-trumps-social-medias/6578054002/, Twitter| Facebook and Instagram locked President Trump's social medias, 0
https://www.usatoday.com/https://www.usatoday.com/story/sports/sports-betting/2021/01/07/cleveland-cavaliers-at-memphis-grizzlies-odds-picks-and-prediction/115265692/, Cleveland Cavaliers at Memphis Grizzlies odds| picks and prediction, 0
https://www.usatoday.com/https://www.usatoday.com/story/sports/soccer/2021/01/07/karim-benzema-to-stand-trial-in-sex-tape-case/43314159/, Karim Benzema to stand trial in 'sex tape' case, 0
https://www.usatoday.com/https://www.usatoday.com/story/sports/sports-betting/2021/01/07/what-are-the-seattle-seahawks-odds-to-win-2021-super-bowl-lv/115265698/, What are the Seattle Seahawks' odds to win 2021 Super Bowl LV?, 0
https://www.usatoday.com/https://www.usatoday.com/story/news/factcheck/2021/01/07/fact-check-dc-law-allows-minors-to-consent-vaccines/6550518002/, Fact check: DC law allows minors over age 11 to consent to vaccines, 0
https://www.usatoday.com/https://www.usatoday.com/story/money/cars/2021/01/07/mercedes-benz-hyperscreen-ces-eqs-daimler-consumer-electronics-show/4140185001/, Mercedes-Benz Hyperscreen: At CES Daimler debuts huge curved car panel, 0
https://www.usatoday.com/https://www.usatoday.com/story/sports/nfl/bills/2021/01/07/buffalo-bills-ex-qb-frank-reich-coach-colts/6571077002/, Buffalo Bills are special to ex-QB Frank Reich| who now leads Colts, 0
https://www.usatoday.com/https://www.usatoday.com/story/sports/sports-betting/2021/01/07/what-are-the-tampa-bay-buccaneers-odds-to-win-2021-super-bowl-lv/115265706/, What are the Tampa Bay Buccaneers' odds to win 2021 Super Bowl LV?, 0
https://www.usatoday.com/https://www.usatoday.com/story/news/nation/2021/01/07/washington-dc-capitol-trump-riots-day-after-live-updates/6577841002/, DC riots updates: Capitol Police officer dies; FBI offers $50K reward, 0
https://www.usatoday.com/https://www.usatoday.com/story/sports/sports-betting/2021/01/07/san-antonio-spurs-at-los-angeles-lakers-odds-picks-and-prediction/115265752/, San Antonio Spurs at Los Angeles Lakers odds| picks and prediction, 0
https://www.usatoday.com/https://www.usatoday.com/picture-gallery/news/nation/2021/01/07/front-pages-capture-chaos-riots-us-capitol/6577931002/, Front pages capture chaos of riots at US Capitol, 0
https://www.usatoday.com/https://www.usatoday.com/story/sports/ncaaf/2021/01/07/jackson-state-deion-sanders-land-4-star-receiver-trevonte-rucker/6578389002/, Deion Sanders adds Jackson State's highest-rated football recruit ever, 0
https://www.usatoday.com/https://www.usatoday.com/story/opinion/2021/01/07/trump-enemy-democracy-impeach-him-or-charge-him-column/6573678002/, Enemy of democracy: Trump should face impeachment or criminal charges, 0
https://www.usatoday.com/https://www.usatoday.com/story/sports/sports-betting/2021/01/07/minnesota-timberwolves-at-portland-trail-blazers-odds-picks-and-prediction/115265812/, Minnesota Timberwolves at Portland Trail Blazers odds| picks and prediction, 0
https://www.usatoday.com/https://www.usatoday.com/story/news/factcheck/2021/01/07/fact-check-chinas-haier-purchased-ge-appliance-unit-2016/4119523001/, Fact check: China's Haier purchased GE appliance unit in 2016, 0
https://www.usatoday.com/https://www.usatoday.com/story/nletter/2021/01/07/daily-money-1-7-21/6578348002/, The Daily Money 1-7-21, 0
https://www.usatoday.com/https://www.usatoday.com/story/entertainment/tv/2021/01/07/dc-riots-msnbc-joe-scarborough-calls-trump-giuliani-arrests/6578228002/, DC riots: MSNBC's Joe Scarborough calls for Trump| Giuliani arrests, 0
https://www.usatoday.com/https://www.usatoday.com/story/sports/ncaaf/sec/2021/01/07/alabama-faces-steve-sarkisian-exit-after-college-football-title-game/6569039002/, Alabama faces Steve Sarkisian exit after college football title game, 0
https://www.usatoday.com/https://www.usatoday.com/story/money/cars/2021/01/07/us-gas-mileage-new-vehicles-down-first-time-5-years/6578610002/, US gas mileage for new vehicles down for the first time in 5 years, 0
https://www.usatoday.com/https://www.usatoday.com/videos/news/nation/2021/01/07/lawmaker-asked-resign-after-he-part-rioting-u-s-capitol/6578658002/, Lawmaker asked to resign after he was part of rioting at US Capitol, 0
https://www.usatoday.com/https://www.usatoday.com/story/news/politics/2021/01/07/west-virginia-derrick-evans-stormed-capitol-video-called-resign/6577858002/, West Virginia Derrick Evans stormed Capitol in video| called to resign, 0
https://www.usatoday.com/https://www.usatoday.com/story/money/2021/01/07/jobless-claims-unemployment-us-economy-pandemic/6578475002/, Jobless claims decline but pandemic continues to stunt economy, 0
https://www.usatoday.com/https://www.usatoday.com/story/sports/soccer/2021/01/07/southamptons-fa-cup-game-called-off-because-of-virus/115266122/, Aston Villa reports 'significant' virus outbreak, 0
https://www.usatoday.com/https://www.usatoday.com/story/sports/soccer/2021/01/07/english-fa-concluded-cavani-not-racist-while-banning-striker/115267264/, English FA concluded Cavani not racist while banning striker, 0
https://www.usatoday.com/https://www.reviewed.com/health/content/soulcycle-at-home-bike-review?utm_source=usat&utm_medium=referral&utm_campaign=collab, Is the SoulCycle at-home exercise bike as good as its cult studio classes?, 0
https://www.usatoday.com/https://www.reviewed.com/lifestyle/features/12-cozy-things-under-50-keep-you-warm-winter?utm_source=usat&utm_medium=referral&utm_campaign=collab, 12 cozy things under $50 to keep you warm this winter, 0
https://www.usatoday.com/https://www.usatoday.com/story/entertainment/tv/2021/01/07/jeopardy-greats-jennings-holzhauer-and-rutter-chase-personas/4092110001/, 'Jeopardy!' greats Jennings| Holzhauer and Rutter on 'Chase' personas, 0
https://www.usatoday.com/https://www.reviewed.com/cleaning/news/luft-duo-air-purifier-portable-and-eco-friendly?utm_source=usat&utm_medium=referral&utm_campaign=collab, Can this new air purifier remove coronavirus particles?, 0
https://www.usatoday.com/https://www.usatoday.com/story/entertainment/tv/2021/01/07/c-span-steve-scully-back-work-after-suspension-tweet-lying/6578466002/, C-SPAN's Steve Scully back at work after suspension for tweet| lying, 0
https://www.usatoday.com/https://www.usatoday.com/videos/tech/2021/01/07/could-most-vivid-three-dimensional-video-moon-youll-ever-see/6578461002/, This could be the most vivid| three-dimensional video of the moon you’ll ever see, 0
https://www.usatoday.com/https://www.usatoday.com/videos/tech/2021/01/07/planet-mercury-actually-has-comet-like-tail/6578616002/, The planet Mercury actually has a comet-like tail, 0
https://www.usatoday.com/https://www.usatoday.com/story/news/factcheck/2021/01/07/fact-check-posts-falsely-claim-vice-president-mike-pence-arrested/6574866002/, Fact check: Posts falsely claim Vice President Mike Pence was arrested, 0
https://www.usatoday.com/https://www.usatoday.com/story/tech/reviewedcom/2021/01/07/100-retailers-offer-discount-your-first-purchase/6563942002/, 100 retailers that offer a discount on your first purchase, 0
https://www.usatoday.com/https://www.reviewed.com/cooking/features/gobble-meal-kit-delivery-service-review?utm_source=usat&utm_medium=referral&utm_campaign=collab, This meal kit delivery service promises one-pan| 15-minute dishes, 0
https://www.usatoday.com/https://www.usatoday.com/story/sports/ncaaf/2021/01/07/chattanoogas-chris-malone-fired-derogatory-tweet-stacey-abrams/6578432002/, Chattanooga's Chris Malone fired for derogatory tweet at Stacey Abrams, 0
https://www.usatoday.com/https://www.usatoday.com/story/news/politics/2021/01/07/politics-live-updates-joe-bidens-win-formalized-congress-count/6578456002/, Politics live updates: Betsy DeVos resigns| citing Capitol siege, 0
https://www.usatoday.com/https://www.usatoday.com/story/sports/nfl/2021/01/07/houston-texans-hire-patriots-exec-caserio-as-general-manager/43314331/, Houston Texans hire Patriots exec Caserio as general manager, 0
https://www.usatoday.com/https://www.usatoday.com/story/sports/sports-betting/2021/01/07/what-are-the-buffalo-bills-odds-to-win-2021-super-bowl-lv/115266348/, What are the Buffalo Bills' odds to win 2021 Super Bowl LV?, 0
https://www.usatoday.com/https://www.usatoday.com/videos/news/nation/2021/01/07/joe-scarborough-drops-f-bomb-he-calls-arrest-trump-giuliani-and-trump-jr/6579583002/, Joe Scarborough drops F-bomb as he calls for arrest of Trump| Giuliani and Trump Jr., 0
https://www.usatoday.com/https://www.reviewed.com/cooking/best-right-now/the-best-toaster-ovens?utm_source=usat&utm_medium=referral&utm_campaign=collab, The best toaster ovens of 2021, 0
https://www.usatoday.com/https://www.usatoday.com/story/sports/nfl/2021/01/07/bills-host-ex-afc-east-rival-colts-for-1st-time-in-playoffs/115266358/, Bills host ex-AFC East rival Colts for 1st time in playoffs, 0
https://www.usatoday.com/https://www.reviewed.com/cooking/best-right-now/best-outdoor-pizza-ovens?utm_source=usat&utm_medium=referral&utm_campaign=collab, The best outdoor pizza ovens of 2021, 0
https://www.usatoday.com/https://www.usatoday.com/story/sports/sports-betting/2021/01/07/byu-at-gonzaga-odds-picks-and-prediction/115266360/, BYU at Gonzaga odds| picks and prediction, 0
https://www.usatoday.com/https://www.usatoday.com/story/sports/soccer/2021/01/07/messi-finds-playmaking-partner-in-18-year-old-pedri/115267608/, Messi finds playmaking partner in 18-year-old Pedri, 0
https://www.usatoday.com/https://www.usatoday.com/sitemap/2021/january/7/, 1, 0
https://www.usatoday.com/https://www.usatoday.com/sitemap/2021/january/7/?page=2, 2, 0
