https://www.usatoday.com/https://www.usatoday.com/story/sports/nfl/2021/01/07/even-with-empty-stadiums-nfl-still-a-ratings-monster/115268650/, Even with empty stadiums| NFL still a ratings monster, 0
https://www.usatoday.com/https://www.usatoday.com/story/sports/soccer/2021/01/07/matchday-bayern-plays-gladbach-liverpool-cup-game-in-doubt/115268654/, MATCHDAY: Bayern plays Gladbach; Liverpool cup game in doubt, 0
https://www.usatoday.com/https://www.usatoday.com/story/sports/soccer/2021/01/07/copa-sudamericana-semifinal-postponed-due-to-covid-19-risks/115269086/, Copa Sudamericana semifinal postponed due to COVID-19 risks, 0
https://www.usatoday.com/https://www.usatoday.com/story/opinion/todaysdebate/2021/01/07/be-careful-invoking-25th-amendment-against-trump-editorials-debates/6582736002/, 25th Amendment: Be careful on invoking it on President Donald Trump, 0
https://www.usatoday.com/https://www.usatoday.com/story/sports/nfl/2021/01/07/rodgers-leads-pack-to-top-of-nfc-after-draft-disappointment/115268676/, Rodgers leads Pack to top of NFC after draft disappointment, 0
https://www.usatoday.com/https://www.usatoday.com/story/sports/mlb/2021/01/07/tomoyuki-sugano-mlb-deadline-passes-japan/6589589002/, Tomoyuki Sugano misses deadline to sign with MLB team, 0
https://www.usatoday.com/https://www.usatoday.com/story/sports/ncaab/2021/01/07/wright-leads-colorado-to-79-72-win-over-no-17-oregon/115268688/, All Wright: Senior leads CU to 79-72 win over No. 17 Oregon, 0
https://www.usatoday.com/https://www.usatoday.com/story/news/nation/2021/01/07/boeing-fined-2-5-billion-over-737-max-fraud-doj-says/6587870002/, Boeing fined $2.5 billion over 737 Max fraud| DOJ says, 0
https://www.usatoday.com/https://www.usatoday.com/story/news/2021/01/07/capitol-mob-drew-trump-fans-qanon-shaman-fireman-jake-angeli-arrest/6585339002/, Capitol mob drew many Trump fans| from a 'QAnon shaman' to a fireman, 0
https://www.usatoday.com/https://www.usatoday.com/story/sports/ncaaw/2021/01/07/owusu-leads-no-12-maryland-past-no-23-michigan-state-93-87/115268720/, Owusu leads No. 12 Maryland past No. 23 Michigan State 93-87, 0
https://www.usatoday.com/https://www.usatoday.com/videos/sports/sportskind/2021/01/08/browns-fan-in-hospice-meets-baker-mayfield-16-x-9-presto-final/6589867002/, Browns fan in hospice gets game day of a lifetime, 0
https://www.usatoday.com/https://www.usatoday.com/story/news/nation/2021/01/07/us-capitol-riots-used-extremists-recruit-new-pro-gun-members/6588908002/, Capitol riot used by extremists to recruit new pro-gun members, 0
https://www.usatoday.com/https://www.usatoday.com/story/entertainment/books/2021/01/07/sen-josh-hawley-book-dropped-simon-schuster-following-riot/6589448002/, Sen. Josh Hawley’s book dropped by Simon & Schuster following riot, 0
https://www.usatoday.com/https://www.usatoday.com/story/news/factcheck/2021/01/07/fact-check-photos-compare-handling-of-blm-protest-capitol-riot/6578562002/, Fact check: Photos compare handling of BLM protest with Capitol riot, 0
https://www.usatoday.com/https://www.usatoday.com/story/sports/nfl/2021/01/07/rams-not-naming-starting-qb-for-playoff-showdown-in-seattle/115268812/, Rams not naming starting QB for playoff showdown in Seattle, 0
https://www.usatoday.com/https://www.usatoday.com/videos/news/nation/2021/01/08/violent-breach-capitol-triggers-dc-uncertainty/6590081002/, Violent breach at Capitol triggers DC uncertainty, 0
https://www.usatoday.com/https://www.usatoday.com/story/sports/sports-betting/2021/01/07/bet-slippin-sports-betting-podcast-nfl-wild-card-weekend-nhl-futures-predictions/115268820/, Bet Slippin' Sports Betting Podcast: NFL Wild Card Weekend & NHL Futures Predictions, 0
https://www.usatoday.com/https://www.usatoday.com/story/news/politics/elections/2021/01/07/president-donald-trump-acknowledges-biden-win-calls-smooth-transition-power/6577287002/, Trump video: President acknowledges Biden win after DC riots, 0
https://www.usatoday.com/https://www.usatoday.com/story/news/politics/2021/01/07/new-illinois-congresswoman-hitler-right-one-thing/6590085002/, New Illinois congresswoman: ‘Hitler was right on one thing’, 0
https://www.usatoday.com/https://www.usatoday.com/videos/news/politics/2021/01/08/trump-acknowledges-election-loss-denounces-rioters-us-capitol/6590009002/, Trump acknowledges election loss| denounces rioters at US Capitol, 0
https://www.usatoday.com/https://www.usatoday.com/story/sports/ncaaw/2021/01/07/no-19-indiana-women-beat-penn-state-behind-holmes-patberg/115268854/, No. 19 Indiana women beat Penn State behind Holmes| Patberg, 0
https://www.usatoday.com/https://www.usatoday.com/story/sports/ncaaw/2021/01/07/carter-leads-no-14-mississippi-state-women-past-gators/115268860/, Carter leads No. 14 Mississippi State women past Gators, 0
https://www.usatoday.com/https://mmajunkie.usatoday.com/2021/01/ufc-fighter-irwin-rivera-murder-charges-florida, UFC fighter facing attempted murder charges, 0
https://www.usatoday.com/https://www.usatoday.com/story/sports/ncaab/2021/01/07/kiss-carries-bryant-past-central-connecticut-93-68/115268872/, Kiss carries Bryant past Central Connecticut 93-68, 0
https://www.usatoday.com/https://www.usatoday.com/story/sports/ncaaw/2021/01/07/davis-burrell-score-26-lady-vols-beat-no-13-arkansas/115268898/, Davis| Burrell score 26| Lady Vols beat No. 13 Arkansas, 0
https://www.usatoday.com/https://www.usatoday.com/picture-gallery/entertainment/celebrities/2021/01/08/crystal-hefner-more-stars-share-bad-plastic-surgery-experiences/6587703002/, Crystal Hefner| more stars share bad plastic surgery experiences, 0
https://www.usatoday.com/https://www.usatoday.com/story/sports/ncaab/2021/01/07/walters-lifts-northeastern-over-hofstra-81-78-in-ot/115268900/, Walters lifts Northeastern over Hofstra 81-78 in OT, 0
https://www.usatoday.com/https://www.usatoday.com/story/news/2021/01/07/capitol-riot-images-confederate-flag-terror/6588104002/, Riot images of Confederate flag in Capitol a reminder of past terror, 0
https://www.usatoday.com/https://www.usatoday.com/story/sports/ncaaf/2021/01/07/smith-adds-maxwell-award-to-collection-of-postseason-honors/43315421/, Smith adds Maxwell Award to collection of postseason honors, 0
https://www.usatoday.com/https://www.usatoday.com/story/sports/ncaab/2021/01/07/garza-scores-24-to-help-no-5-iowa-coast-past-maryland-89-67/115268910/, Garza scores 24 to help No. 5 Iowa coast past Maryland 89-67, 0
https://www.usatoday.com/https://www.usatoday.com/story/nletter/in-california/2021/01/07/california-deaths-hit-new-record-covid-19-pandemic/6589833002/, In California: Deaths hit a new record from COVID-19 pandemic, 0
https://www.usatoday.com/https://www.usatoday.com/story/sports/nba/2021/01/07/knicks-re-sign-taj-gibson-reuniting-veteran-with-thibodeau/43315167/, Knicks re-sign Taj Gibson| reuniting veteran with Thibodeau, 0
https://www.usatoday.com/https://www.usatoday.com/in-depth/news/politics/2021/01/07/gabby-giffords-tucson-shooting-federal-judge-john-roll/6588219002/, Gabby Giffords shooting: Judge John Roll among 6 killed near Tucson, 0
https://www.usatoday.com/https://www.usatoday.com/story/sports/ncaaw/2021/01/07/no-16-ohio-state-women-beat-illinois-78-55/43315169/, No. 16 Ohio State women beat Illinois 78-55, 0
https://www.usatoday.com/https://www.usatoday.com/in-depth/news/politics/2021/01/07/gabrielle-giffords-shooting-tucson-arizona-who-was-shot/6588526002/, Gabby Giffords shooting in Arizona: Who was shot| and how they changed, 0
https://www.usatoday.com/https://www.usatoday.com/story/entertainment/music/2021/01/07/mean-girls-musical-announces-broadway-closing/6590652002/, 'Mean Girls' musical announces Broadway closing as pandemic continues, 0
https://www.usatoday.com/https://www.usatoday.com/story/sports/ncaab/2021/01/07/muszynski-scores-26-to-lead-belmont-past-se-missouri-77-66/115268936/, Muszynski scores 26 to lead Belmont past SE Missouri 77-66, 0
https://www.usatoday.com/https://www.usatoday.com/story/sports/ncaab/2021/01/07/davenport-lifts-cincinnati-past-smu-76-69/43315171/, Davenport lifts Cincinnati past SMU 76-69, 0
https://www.usatoday.com/https://www.usatoday.com/story/sports/ncaab/2021/01/07/hunt-jr-lifts-morehead-st-past-tennessee-tech-57-54/43315173/, Hunt| Jr. lifts Morehead St. past Tennessee Tech 57-54, 0
https://www.usatoday.com/https://www.usatoday.com/in-depth/news/2021/01/07/gabrielle-giffords-shooting-mary-reed-emma-mcmahon-recovery-tucson/6588704002/, Gabby Giffords shootings: Mary Reed and daughter Emma try to recover, 0
https://www.usatoday.com/https://www.usatoday.com/story/sports/ncaab/2021/01/07/flowers-lifts-liu-brooklyn-past-st-francis-pa-78-75/115268942/, Flowers lifts LIU-Brooklyn past St. Francis (Pa.) 78-75, 0
https://www.usatoday.com/https://www.usatoday.com/story/sports/ncaab/2021/01/07/no-8-wisconsin-outlasts-indiana-80-73-in-double-overtime/115268946/, No. 8 Wisconsin outlasts Indiana 80-73 in double overtime, 0
https://www.usatoday.com/https://www.usatoday.com/story/sports/golf/2021/01/07/thomas-english-share-lead-on-idyllic-start-to-new-year/115268972/, Thomas| English share lead on idyllic start to new year, 0
https://www.usatoday.com/https://www.usatoday.com/story/sports/ncaab/2021/01/07/minor-carries-merrimack-past-sacred-heart-97-90-in-ot/115268984/, Minor carries Merrimack past Sacred Heart 97-90 in OT, 0
https://www.usatoday.com/https://www.usatoday.com/story/sports/nba/2021/01/07/nets-without-irving-and-durant-beat-nba-leading-76ers/43315185/, Nets beat NBA-best Sixers without Kyrie Irving and Kevin Durant, 0
https://www.usatoday.com/https://www.usatoday.com/story/sports/ncaaw/2021/01/07/evans-no-2-louisville-women-survive-test-at-virginia-tech/115268996/, Evans| No. 2 Louisville women survive test at Virginia Tech, 0
https://www.usatoday.com/https://www.usatoday.com/story/sports/ncaab/2021/01/07/kisperts-23-points-lead-no-1-gonzaga-past-rival-byu-86-69/115269024/, Kispert's 23 points lead No. 1 Gonzaga past rival BYU 86-69, 0
https://www.usatoday.com/https://www.usatoday.com/story/sports/ncaaw/2021/01/07/no-8-texas-am-women-beat-no-10-kentucky-77-60/43315213/, No. 8 Texas A&M women beat No. 10 Kentucky 77-60, 0
https://www.usatoday.com/https://www.usatoday.com/story/sports/nba/2021/01/07/drummonds-double-double-leads-cavs-past-grizzlies-94-90/43315227/, Drummond's double-double leads Cavs past Grizzlies 94-90, 0
https://www.usatoday.com/https://www.usatoday.com/story/sports/ncaab/2021/01/07/cool-scores-20-to-lift-idaho-st-over-n-arizona-73-69/43315243/, Cool scores 20 to lift Idaho St. over N. Arizona 73-69, 0
https://www.usatoday.com/https://www.usatoday.com/story/sports/ncaab/2021/01/07/king-leads-e-kentucky-past-jacksonville-st-69-66-in-ot/115269080/, King leads E. Kentucky past Jacksonville St. 69-66 in OT, 0
https://www.usatoday.com/https://www.usatoday.com/story/sports/2021/01/07/capitol-riots-spurs-gregg-popovich-donald-trump/6590884002/, Capitol riots: Spurs coach Gregg Popovich wants Donald Trump removed, 0
https://www.usatoday.com/https://www.usatoday.com/videos/news/nation/2021/01/08/today-history-january-8th/6591609002/, Today in History for January 8th, 0
https://www.usatoday.com/https://www.usatoday.com/story/sports/ncaab/2021/01/07/cockburn-leads-no-12-illinois-past-northwestern-81-56/115269096/, Cockburn leads No. 12 Illinois past Northwestern 81-56, 0
https://www.usatoday.com/https://www.usatoday.com/story/sports/ncaab/2021/01/07/stevens-scores-25-to-lift-colorado-st-past-unlv-74-71/115269094/, Stevens scores 25 to lift Colorado St. past UNLV 74-71, 0
https://www.usatoday.com/https://www.usatoday.com/story/sports/ncaab/2021/01/07/jones-moody-lift-s-utah-past-idaho-85-80/115269110/, Jones| Moody lift S. Utah past Idaho 85-80, 0
https://www.usatoday.com/https://www.usatoday.com/story/sports/ncaab/2021/01/07/fitzgerald-jr-carries-tennessee-st-over-ut-martin-74-62/43315245/, Fitzgerald Jr. carries Tennessee St. over UT-Martin 74-62, 0
https://www.usatoday.com/https://www.usatoday.com/story/sports/ncaab/2021/01/07/white-mobley-lead-usc-past-arizona-87-73/115269118/, White| Mobley lead USC past Arizona 87-73, 0
https://www.usatoday.com/https://www.usatoday.com/story/sports/ncaab/2021/01/07/williams-triple-double-leads-stanford-past-washington-91-75/43315249/, Williams triple-double leads Stanford past Washington 91-75, 0
https://www.usatoday.com/https://www.usatoday.com/story/sports/ncaab/2021/01/07/johnson-lifts-e-illinois-over-murray-st-74-68/43315263/, Johnson lifts E. Illinois over Murray St. 74-68, 0
https://www.usatoday.com/https://www.usatoday.com/story/sports/ncaaf/2021/01/08/college-football-awards-show-alabama-devonta-smith/6591906002/, College Football Awards Show: Alabama's DeVonta Smith adds to haul, 0
https://www.usatoday.com/https://www.usatoday.com/story/sports/ncaaf/2021/01/08/ncaa-votes-name-image-and-likeness-rules-changes-could-delayed/6591709002/, NCAA votes on name| image and likeness rules changes could be delayed, 0
https://www.usatoday.com/https://www.usatoday.com/story/news/2021/01/07/fight-over-glamping-drilling-alaska-and-vanishing-hawaiian-beaches/4131900001/, A fight over glamping| drilling in Alaska| and vanishing Hawaiian beaches, 0
https://www.usatoday.com/https://www.usatoday.com/story/sports/olympics/2021/01/08/senior-ioc-member-says-hes-not-sure-tokyo-games-will-happen/43315269/, Senior IOC member says he's not sure Tokyo Games will happen, 0
https://www.usatoday.com/https://www.usatoday.com/story/sports/ncaaf/2021/01/08/arizona-hires-michigans-don-brown-to-lead-defense/43315283/, Arizona hires Michigan's Don Brown to lead defense, 0
https://www.usatoday.com/https://www.usatoday.com/story/sports/ncaaw/2021/01/08/evans-lifts-no-louisville-past-virginia-tech/43315285/, Evans lifts No. Louisville past Virginia Tech, 0
https://www.usatoday.com/https://www.usatoday.com/videos/news/2021/01/08/trump-supporters-infiltrate-capitol-states-america/6592106002/, Trump supporters infiltrate the Capitol: States of America, 0
https://www.usatoday.com/https://www.usatoday.com/story/sports/ncaab/2021/01/08/bonton-scores-21-washington-state-beats-california-71-60/115269198/, Bonton scores 21| Washington State beats California 71-60, 0
https://www.usatoday.com/https://www.usatoday.com/story/sports/nba/2021/01/08/they-love-la-spurs-snaps-lakers-4-game-winning-streak/115269232/, They love LA: Spurs snap Lakers 4-game winning streak, 0
https://www.usatoday.com/https://www.usatoday.com/story/sports/nba/2021/01/08/lillard-scores-39-as-blazers-rout-timberwolves-135-117/115269230/, Lillard scores 39 as Blazers rout Timberwolves 135-117, 0
https://www.usatoday.com/https://www.usatoday.com/story/sports/ncaab/2021/01/08/mitchell-scores-20-to-lift-san-diego-st-over-nevada-65-60/115269252/, Mitchell scores 20 to lift San Diego St. over Nevada 65-60, 0
https://www.usatoday.com/https://www.usatoday.com/story/sports/nba/sixers/2021/01/07/seth-curry-positive-covid-19-sixers-contact-tracing/6592199002/, 76ers' Seth Curry positive for COVID-19| team to begin contact tracing, 0
https://www.usatoday.com/https://www.usatoday.com/story/sports/nba/2021/01/08/doncic-nets-38-in-near-triple-double-mavs-top-nuggets-in-ot/43315289/, Doncic nets 38 in near triple-double| Mavs top Nuggets in OT, 0
https://www.usatoday.com/https://www.usatoday.com/story/sports/ncaab/2021/01/08/riley-scores-22-ucla-beats-short-handed-arizona-st-in-ot/115269266/, Riley scores 22| UCLA beats short-handed Arizona St. in OT, 0
https://www.usatoday.com/https://www.usatoday.com/story/sports/golf/2021/01/08/a-new-year-at-kapalua-the-pursuit-never-ends-for-dechambeau/43315405/, A new year at Kapalua| the pursuit never ends for DeChambeau, 0
https://www.usatoday.com/https://www.usatoday.com/story/sports/nba/2021/01/08/james-on-this-weeks-unrest-we-live-in-two-americas/115269394/, James on this week's unrest: "We live in two Americas", 0
https://www.usatoday.com/https://www.usatoday.com/story/sports/nfl/2021/01/08/reich-remains-focused-on-game-with-return-to-buffalo-looming/115269396/, Reich remains focused on game with return to Buffalo looming, 0
https://www.usatoday.com/https://www.usatoday.com/story/sports/nhl/2021/01/08/close-to-home-nhls-east-division-has-unfriendly-neighbors/115269402/, Close to Home: NHL's East Division has unfriendly neighbors, 0
https://www.usatoday.com/https://www.usatoday.com/story/sports/nba/lakers/2021/01/08/lebron-james-reaction-donald-trump-supporters-riot-storm-capitol/6592451002/, LeBron expresses outrage over double standard in treatment of rioters, 0
https://www.usatoday.com/https://www.usatoday.com/story/opinion/2021/01/08/trump-ego-drove-capitol-attack-not-election-fraud-column/6579421002/, Trump and his supporters don't want election facts| only a win will do, 0
https://www.usatoday.com/https://www.usatoday.com/story/sports/nhl/2021/01/08/weeeeee-the-north-all-canadian-division-stacked-with-stars/43315409/, Weeeeee| the North: All-Canadian division stacked with stars, 0
https://www.usatoday.com/https://www.usatoday.com/story/sports/nfl/2021/01/08/big-weekend-for-longtime-safety-will-allens-former-teams/115269410/, Big weekend for longtime safety Will Allen's former teams, 0
https://www.usatoday.com/https://www.usatoday.com/story/sports/nba/2021/01/08/ball-brothers-lonzo-lamelo-set-to-square-off-in-nba-matchup/43315479/, Ball brothers Lonzo| LaMelo set to square off in NBA matchup, 0
https://www.usatoday.com/https://www.usatoday.com/story/opinion/2021/01/08/biden-attorney-general-pick-garland-restore-rule-of-law-column/6582117002/, Joe Biden attorney general pick Merrick Garland must restore rule of law, 0
https://www.usatoday.com/https://www.usatoday.com/story/sports/ncaab/2021/01/08/no-9-tennessee-continue-busy-stretch-with-game-vs-texas-am/43315505/, No. 9 Tennessee continue busy stretch with game vs Texas A&M, 0
https://www.usatoday.com/https://www.usatoday.com/story/news/politics/elections/2021/01/08/capitol-riots-why-trump-could-wait-out-term-amid-25th-amendment-calls/6581688002/, Capitol riots: Why Trump could wait out term amid 25th Amendment calls, 0
https://www.usatoday.com/https://www.usatoday.com/story/news/health/2021/01/08/covid-news-arizona-employment-report-coronavirus-vaccine-us-deaths/6587248002/, COVID news: Arizona 'hot spot'; Jobs report due Friday; death record, 0
https://www.usatoday.com/https://www.usatoday.com/story/sports/ncaab/2021/01/08/no-19-clemson-seeking-historic-streak-at-north-carolina/115269412/, No. 19 Clemson seeking historic streak at North Carolina, 0
https://www.usatoday.com/https://www.usatoday.com/videos/news/nation/2021/01/08/ap-top-stories-january-8/6592591002/, AP Top Stories January 8 A, 0
https://www.usatoday.com/https://www.usatoday.com/story/sports/soccer/2021/01/08/haller-ends-underwhelming-spell-at-west-ham-by-joining-ajax/115269422/, Haller ends underwhelming spell at West Ham by joining Ajax, 0
https://www.usatoday.com/https://www.usatoday.com/story/news/politics/elections/2021/01/08/pences-break-trump-comes-amid-25th-amendment-talk-capitol-riots/6582212002/, Pence's break with Trump comes amid 25th Amendment talk| Capitol riots, 0
https://www.usatoday.com/https://www.usatoday.com/videos/news/politics/2021/01/08/gabby-giffords-sings-her-life-10-years-after-tucson-shooting/6589917002/, Gabby Giffords sings about her life| 10 years after Tucson shooting, 0
https://www.usatoday.com/https://www.usatoday.com/in-depth/life/women-of-the-century/2021/01/08/gabby-giffords-10-years-after-tucson-shooting/4070916001/, Gabby Giffords on her mission| 10 years after Tucson shooting, 0
https://www.usatoday.com/https://www.usatoday.com/story/opinion/2021/01/08/trump-mob-capitol-attack-ten-urgent-security-questions-column/6583464002/, Trump mob Capitol attack: 10 urgent security questions that need answers, 0
https://www.usatoday.com/https://www.usatoday.com/story/news/health/2021/01/08/covid-19-vaccine-rollout-slow-start-nursing-homes/6575508002/, COVID-19 vaccine rollout is off to a slow start at US nursing homes, 0
https://www.usatoday.com/https://www.usatoday.com/story/news/health/2021/01/08/pirg-report-finds-amazon-vendors-hiked-prices-essential-covid-goods/6579653002/, PIRG report finds Amazon vendors hiked prices on essential COVID goods, 0
https://www.usatoday.com/https://www.usatoday.com/story/news/50-states/2021/01/08/music-city-moves-cannabis-boost-bag-ban-delay-news-around-states/115269430/, Music City moves| cannabis boost: News from around our 50 states, 0
https://www.usatoday.com/https://www.usatoday.com/story/news/2021/01/08/trump-rioters-capitol-coronavirus-gabby-giffords-shooting/6579766002/, Capitol riots| coronavirus| Gabby Giffords: 5 things to know Friday, 0
https://www.usatoday.com/https://www.usatoday.com/story/opinion/2021/01/08/journalists-witness-capitol-riot-trump-supporters-damage/6580244002/, Capitol invasion: We saw proud rioters| death threats| damage, 0
https://www.usatoday.com/https://www.usatoday.com/story/sports/tennis/2021/01/08/kenin-into-abu-dhabi-round-3-after-flipkens-injures-ankle/115269448/, Flipkens forced to retire with ankle injury in Abu Dhabi, 0
https://www.usatoday.com/https://www.usatoday.com/story/sports/cycling/2021/01/08/uae-cycling-team-of-tour-champ-pogaar-gets-covid-19-vaccine/43315419/, UAE cycling team of Tour champ Pogaar gets COVID-19 vaccine, 0
https://www.usatoday.com/https://www.usatoday.com/story/sports/soccer/2021/01/08/villa-liverpool-cup-game-to-go-ahead-despite-virus-outbreak/43315423/, EPL to punish virus rule breaches; 10 Villa players positive, 0
https://www.usatoday.com/https://www.usatoday.com/story/money/personalfinance/retirement/2021/01/08/give-your-401k-a-2021-checkup-in-5-simple-steps/115248490/, Retirement planning: Give your 401(k) a 2021 checkup in 5 simple steps, 0
https://www.usatoday.com/https://www.usatoday.com/story/money/usaandmain/2021/01/08/rethinking-your-business-presence-why-you-need-virtual-office/6586551002/, Rethinking your business presence: Why you need a virtual office, 0
https://www.usatoday.com/https://www.usatoday.com/story/news/nation/2021/01/08/earth-spinning-faster-than-has-decades/6581600002/, 2020: Earth spun faster than normal| scientists say, 0
https://www.usatoday.com/https://www.usatoday.com/story/opinion/2021/01/08/why-allowing-prison-inmates-receive-pell-grants-good-america-column/6578586002/, Why allowing prison inmates to receive Pell Grants is good for America, 0
https://www.usatoday.com/https://www.usatoday.com/story/sports/sports-betting/2021/01/08/oklahoma-city-thunder-at-new-york-knicks-odds-picks-and-prediction/115269460/, Oklahoma City Thunder at New York Knicks odds| picks and prediction, 0
https://www.usatoday.com/https://www.usatoday.com/story/sports/nfl/columnist/mike-jones/2021/01/08/ron-riveras-cancer-battle-fueled-washingtons-run-nfl-playoffs/6586798002/, Ron Rivera's cancer battle fueled Washington's run to NFL playoffs, 0
https://www.usatoday.com/https://www.usatoday.com/story/sports/nfl/2021/01/08/nfl-playoffs-wild-card-team-best-chance-super-bowl-run/6585059002/, NFL playoffs: Wild-card team with the best chance at a Super Bowl run, 0
https://www.usatoday.com/https://www.usatoday.com/story/opinion/todaysdebate/2021/01/08/pro-trump-capitol-riots-police-failed-democracy-editorials-debates/6582657002/, Pro-Trump Capitol riots: Police failed America's center of democracy, 0
https://www.usatoday.com/https://www.usatoday.com/story/sports/nfl/playoffs/2021/01/08/nfl-playoff-injuries-mike-evans-jared-goff-questionable-saturday/6587806002/, NFL playoff injuries: Jared Goff questionable for Saturday, 0
https://www.usatoday.com/https://www.usatoday.com/videos/news/nation/2021/01/08/coast-guard-responds-pleasure-boat-fire-florida-keys/6592625002/, Coast Guard responds to pleasure boat on fire in the Florida Keys, 0
https://www.usatoday.com/https://www.usatoday.com/story/sports/nfl/2021/01/08/nfl-playoff-schedule-tv-time-channel-live-stream-info-playoffs/6581706002/, NFL playoff games schedule: TV time| channel| live stream for playoffs, 0
https://www.usatoday.com/https://www.usatoday.com/videos/news/nation/2021/01/08/showbiz-minute-jamiroquai-mean-girls-batwoman/6592911002/, ShowBiz Minute: Jamiroquai| 'Mean Girls|' 'Batwoman', 0
https://www.usatoday.com/https://www.usatoday.com/videos/entertainment/2021/01/08/showbiz-minute-jamiroquai-mean-girls-batwoman/6592912002/, ShowBiz Minute: Jamiroquai| 'Mean Girls|' 'Batwoman', 0
https://www.usatoday.com/https://www.usatoday.com/story/money/investing/2021/01/08/investing-bitcoin-crypto-gains/115256994/, Here's why investors are buying bitcoin, 0
https://www.usatoday.com/https://www.usatoday.com/story/opinion/2021/01/08/trump-authoritarian-election-violence-lee-michael-katz-column/6583571002/, I thought election violence| chaos was for foreign countries. No more., 0
https://www.usatoday.com/https://www.usatoday.com/story/sports/ncaaf/bigten/2021/01/08/ohio-state-coach-ryan-day-prepared-alabama-because-his-past/6577670002/, Ohio State coach Ryan Day prepared for Alabama because of his past, 0
https://www.usatoday.com/https://www.usatoday.com/story/travel/advice/2021/01/08/what-travelers-do-and-dont-need-worry-about-in-2021/6579534002/, COVID travel: What you do and don't need to worry about in 2021, 0
https://www.usatoday.com/https://www.usatoday.com/story/money/columnist/2021/01/08/tips-how-get-publicity-your-small-business/6582641002/, Tips on how to get publicity for your small business, 0
https://www.usatoday.com/https://www.usatoday.com/story/sports/soccer/2021/01/08/amnesty-critical-of-fifa-leader-starring-in-saudi-pr-video/115269480/, Amnesty critical of FIFA leader starring in Saudi PR video, 0
https://www.usatoday.com/https://www.usatoday.com/story/sports/soccer/2021/01/08/fifa-to-trial-concussion-subs-at-next-months-club-world-cup/43315475/, FIFA to trial concussion subs at next month's Club World Cup, 0
https://www.usatoday.com/https://www.usatoday.com/story/sports/sports-betting/2021/01/08/nfl-wild-card-tampa-bay-buccaneers-at-washington-football-team-odds-picks-and-prediction/115269522/, NFL Wild Card: Tampa Bay Buccaneers at Washington Football Team odds| picks and prediction (UPDATED), 0
https://www.usatoday.com/https://www.usatoday.com/story/sports/ftw/2021/01/08/nfl-playoffs-pressure-aaron-rodgers/115269514/, The pressure heading into the NFL playoffs is mostly on Aaron Rodgers, 0
https://www.usatoday.com/https://www.usatoday.com/story/nletter/fourth-and-monday/2021/01/08/super-wild-card-weekend-playoff-game-predictions-and-x-factors/6588862002/, Super Wild Card Weekend: Playoff game predictions and X-factors, 0
https://www.usatoday.com/https://www.usatoday.com/videos/news/nation/2021/01/08/meet-new-batwoman-javicia-leslie/6593013002/, Meet the new Batwoman| Javicia Leslie, 0
https://www.usatoday.com/https://www.usatoday.com/videos/entertainment/2021/01/08/meet-new-batwoman-javicia-leslie/6593015002/, Meet the new Batwoman| Javicia Leslie, 0
https://www.usatoday.com/https://www.usatoday.com/videos/news/nation/2021/01/08/gabby-giffords-communicating-through-aphasia-karina-bland-and-dr-fabi-hirsch/6588619002/, Gabby Giffords: Communicating, 0
https://www.usatoday.com/https://www.usatoday.com/story/sports/sports-betting/2021/01/08/charlotte-hornets-at-new-orleans-pelicans-odds-picks-and-prediction/115269550/, Charlotte Hornets at New Orleans Pelicans odds| picks and prediction, 0
https://www.usatoday.com/https://www.usatoday.com/story/travel/news/2021/01/08/brazilians-packed-beaches-over-holidays-covid-deaths-hit-200-000/6592970002/, Brazilians packed beaches over holidays as COVID deaths pass 200|000, 0
https://www.usatoday.com/https://www.usatoday.com/story/sports/sports-betting/2021/01/08/nfl-wild-card-chicago-bears-at-new-orleans-saints-odds-picks-and-prediction/115269558/, NFL Wild Card: Chicago Bears at New Orleans Saints odds| picks and prediction, 0
https://www.usatoday.com/https://www.usatoday.com/story/opinion/2021/01/08/capitol-riots-trump-georgia-elections-and-impeachment-cop-columns/6587430002/, Capitol riots| Trump| Georgia elections| and impeachment: cop columns, 0
https://www.usatoday.com/https://www.usatoday.com/story/news/factcheck/2021/01/08/fact-check-doctors-covid-19-test-unlikely-cause-pink-eye/6575676002/, Fact check: Hilary Duff got pink eye from COVID-19 test? Docs doubt it, 0
https://www.usatoday.com/https://www.usatoday.com/story/sports/soccer/2021/01/08/man-city-owner-buys-oldest-surviving-fa-cup-trophy/43316373/, Man City owner buys oldest surviving FA Cup trophy, 0
https://www.usatoday.com/https://www.usatoday.com/videos/news/nation/2021/01/08/whats-day-like-now-shooting-survivor-gabby-giffords-find-out-her-own-words/6588741002/, What Gabby's days are like 10 years later., 0
https://www.usatoday.com/https://www.usatoday.com/story/sports/nba/2021/01/08/nba-expansion-seattle-has-mayor-jenny-durkan-optimistic/6592961002/, NBA expansion to Seattle has Mayor Jenny Durkan 'optimistic', 0
https://www.usatoday.com/https://www.usatoday.com/videos/news/nation/2021/01/08/how-gabby-giffords-keeps-courage-optimism-karina-bland-dr-fabi-hirsch/6588707002/, Gabby Giffords: Optimism and Courage, 0
https://www.usatoday.com/https://www.usatoday.com/story/entertainment/celebrities/2021/01/08/dababy-rapper-arrested-concealed-weapon-charge-beverly-hills/6592917002/, DaBaby arrested on concealed weapon charge in Beverly Hills, 0
https://www.usatoday.com/https://www.usatoday.com/story/sports/sports-betting/2021/01/08/purdue-at-michigan-state-odds-picks-and-prediction/115269658/, Purdue at Michigan State odds| picks and prediction, 0
https://www.usatoday.com/https://www.usatoday.com/story/money/2021/01/08/stimulus-checks-wrong-accounts-turbotax-h-r-block-unemployment/6587911002/, Stimulus checks: TurboTax begins depositing payments after IRS error, 0
https://www.usatoday.com/https://www.usatoday.com/story/news/politics/2021/01/08/politics-live-updates-donald-trump-joe-biden-capitol/6590781002/, Politics live updates: GOP Sen. Murkowski calls on Trump to resign, 0
https://www.usatoday.com/https://www.usatoday.com/story/money/2021/01/08/jobs-report-2020-140-000-jobs-lost-december-amid-covid-19-surges/6588801002/, Jobs report 2020: 140|000 jobs lost in December amid COVID-19 surges, 0
https://www.usatoday.com/https://www.usatoday.com/story/sports/columnist/mike-freeman/2021/01/08/tiger-woods-hbo-doc-shows-golfers-boldness-hypocrisy-race/6582309002/, Tiger Woods HBO special shows golfer's boldness and hypocrisy on race, 0
https://www.usatoday.com/https://www.usatoday.com/videos/news/nation/2021/01/08/what-gabby-giffords-has-learned-10-years-later-karina-bland-dr-fabi/6588776002/, What Gabby has learned| ten years later with Karina Bland| Dr. Fabi, 0
https://www.usatoday.com/https://www.usatoday.com/story/travel/news/2021/01/08/soho-karen-miya-ponsetto-arrested-in-ca-nyc-hotel-assault/6593229002/, 'Soho Karen' arrested: Suspect from NYC hotel case held without bail, 0
https://www.usatoday.com/https://www.usatoday.com/story/money/2021/01/08/ceo-arrest-capitol-riots-brad-rukstales-cogensia-trump/6593075002/, Chicago CEO arrested| apologizes for entering Capitol during riots, 0
https://www.usatoday.com/https://www.usatoday.com/videos/news/nation/2021/01/08/new-gabby-10-years-later/6588757002/, A New Gabby: 10 years later, 0
https://www.usatoday.com/https://www.usatoday.com/videos/news/nation/2021/01/08/gabby-giffords-encouragement-america/6588570002/, Gabby Giffords: Encouragement to America, 0
https://www.usatoday.com/https://www.usatoday.com/story/sports/nfl/2021/01/08/nfl-awards-13-new-grants-under-inspire-change-initiative/43315537/, NFL awards 13 new grants under Inspire Change initiative, 0
https://www.usatoday.com/https://www.usatoday.com/story/entertainment/music/2021/01/08/david-bowie-usa-today-interviews/6551075002/, David Bowie: The USA TODAY interviews, 0
https://www.usatoday.com/https://www.usatoday.com/videos/news/nation/2021/01/08/gabby-giffords-full-interview/6588067002/, Gabby Giffords: Full Interview, 0
https://www.usatoday.com/https://www.usatoday.com/story/news/nation/2021/01/08/dc-riot-capitol-updates-officer-sicknick-death-fbi-seeks-help/6592884002/, DC Capitol riot updates: Twitter suspends Trump; officer Sicknick dead, 0
https://www.usatoday.com/https://www.usatoday.com/videos/news/weather/2021/01/08/flooding-malaysia-forces-50-000-people-flee-homes/6593372002/, Flooding in Malaysia forces 50|000 people to flee homes, 0
https://www.usatoday.com/https://www.usatoday.com/story/sports/nba/nets/2021/01/08/kyrie-irving-updates-nets-grizzlies/6593406002/, Nets' Kyrie Irving misses Sixers game for personal reasons, 0
https://www.usatoday.com/https://www.usatoday.com/videos/sports/olympics/2021/01/08/japanese-citizens-say-2021-summer-olympics-impossible/6593287002/, Japanese citizens say 2021 Summer Olympics are ‘impossible’, 0
https://www.usatoday.com/https://www.usatoday.com/story/travel/news/2021/01/08/hawaii-return-tourists-brightens-aloha-states-tax-outlook/6592941002/, Hawaii: Return of tourists brightens Aloha State's tax outlook, 0
https://www.usatoday.com/https://www.usatoday.com/story/sports/sports-betting/2021/01/08/phoenix-suns-at-detroit-pistons-odds-picks-and-prediction/115269930/, Phoenix Suns at Detroit Pistons odds| picks and prediction, 0
https://www.usatoday.com/https://www.usatoday.com/videos/tech/2021/01/08/scientists-say-earth-may-spinning-faster-based-2020-data/6567476002/, Scientists say Earth may be spinning faster| based on 2020 data, 0
https://www.usatoday.com/https://www.usatoday.com/story/sports/sports-betting/2021/01/08/washington-wizards-at-boston-celtics-odds-picks-and-prediction/115269974/, Washington Wizards at Boston Celtics odds| picks and prediction, 0
https://www.usatoday.com/https://www.usatoday.com/story/sports/ncaaw/2021/01/08/auriemma-has-better-perspective-as-he-approaches-summitt/43316427/, Auriemma has better perspective as he approaches Summitt, 0
https://www.usatoday.com/https://www.usatoday.com/story/entertainment/tv/2021/01/08/rupauls-drag-race-gottmik-talks-being-first-transgender-man-show/6566514002/, RuPaul's Drag Race: Gottmik talks being first transgender man on show, 0
https://www.usatoday.com/https://www.usatoday.com/videos/news/nation/2021/01/08/u-s-capitol-police-officer-brian-sicknick-has-died-protest/6594129002/, US Capitol Police Officer Brian Sicknick has died from the protest, 0
https://www.usatoday.com/https://www.usatoday.com/story/sports/nfl/2021/01/08/packers-open-playoff-game-to-season-ticket-holders/43315645/, Packers open playoff game to season ticket holders, 0
https://www.usatoday.com/https://www.usatoday.com/story/news/politics/2021/01/08/capitol-riots-brian-sicknicks-death-being-investigated-homicide/6593630002/, Capitol riots: Brian Sicknick's death being investigated as homicide, 0
https://www.usatoday.com/https://www.usatoday.com/story/sports/sports-betting/2021/01/08/orlando-magic-at-houston-rockets-odds-picks-and-prediction/115271816/, Orlando Magic at Houston Rockets odds| picks and prediction, 0
https://www.usatoday.com/https://www.usatoday.com/videos/news/nation/2021/01/08/covid-19-american-dies-every-21-seconds/6594321002/, COVID-19: An American dies every 21 seconds, 0
https://www.usatoday.com/https://www.usatoday.com/story/entertainment/movies/2021/01/08/vanessa-kirby-pieces-woman-comes-bizarre-time-history/6591186002/, Vanessa Kirby's 'Pieces of a Woman' comes at 'bizarre' time in history, 0
https://www.usatoday.com/https://www.usatoday.com/story/sports/nba/2021/01/08/ap-source-76ers-quarantine-in-new-york-after-positive-test/115270106/, AP source: 76ers quarantine in New York after positive test, 0
https://www.usatoday.com/https://www.usatoday.com/story/news/nation/2021/01/08/capitol-police-officer-brian-sicknick-dies-riot-what-to-know/6593692002/, Brian Sicknick: What to know about Capitol Police officer who died, 0
https://www.usatoday.com/https://www.usatoday.com/story/entertainment/celebrities/2021/01/08/marion-ramsey-dead-73-police-academy-broadway-star/6594089002/, Marion Ramsey dead: 'Police Academy' and Broadway star dies at 73, 0
https://www.usatoday.com/https://www.usatoday.com/story/sports/sports-betting/2021/01/08/utah-jazz-at-milwaukee-bucks-odds-picks-and-prediction/115270162/, Utah Jazz at Milwaukee Bucks odds| picks and prediction, 0
https://www.usatoday.com/https://www.usatoday.com/story/sports/ncaab/2021/01/08/college-basketball-misery-ucla-among-teams-struggling-league-play/6579701002/, College basketball misery: UCLA among teams struggling in league play, 0
https://www.usatoday.com/https://www.usatoday.com/story/tech/2021/01/08/roku-acquires-quibi-streaming-venture-founded-jeffrey-katzenberg/6593666002/, Roku acquires Quibi| streaming venture founded by Jeffrey Katzenberg, 0
https://www.usatoday.com/https://www.usatoday.com/story/sports/nfl/2021/01/08/bucs-and-browns-reach-territory-tom-brady-visits-annually/43315683/, Bucs and Browns reach territory Tom Brady visits annually, 0
https://www.usatoday.com/https://www.usatoday.com/story/nletter/2021/01/08/daily-money-1-8-21/6593425002/, The Daily Money 1-8-21, 0
https://www.usatoday.com/https://www.usatoday.com/picture-gallery/news/nation/2021/01/08/security-heightened-around-u-s-capitol-following-pro-trump-riot/6594810002/, National Guard provide security at US Capitol following pro-Trump riot, 0
https://www.usatoday.com/https://www.usatoday.com/videos/news/nation/2021/01/08/day-8-january-2018/6595037002/, On This Day: 8 January 2018, 0
https://www.usatoday.com/https://www.usatoday.com/videos/entertainment/2021/01/08/day-8-january-2018/6595041002/, On This Day: 8 January 2018, 0
https://www.usatoday.com/https://www.usatoday.com/story/sports/nba/columnist/mark-medina/2021/01/08/lebron-james-gregg-popovich-pushing-nba-discussion-race-justice/6592623002/, LeBron James| Gregg Popovich pushing NBA discussion on race| justice, 0
https://www.usatoday.com/https://www.reviewed.com/cooking/best-right-now/the-best-meal-kit-delivery-services?utm_source=usat&utm_medium=referral&utm_campaign=collab, The best meal kit food delivery services of 2021, 0
https://www.usatoday.com/https://www.usatoday.com/story/news/politics/elections/2021/01/08/donald-trump-says-he-wont-attend-joe-bidens-inauguration/6594812002/, Donald Trump says he won't attend Joe Biden's inauguration, 0
https://www.usatoday.com/https://www.usatoday.com/story/sports/nfl/2021/01/08/david-goliath-rivera-eyes-2nd-w-with-sub-500-playoff-team/115270358/, David-Goliath: Rivera eyes 2nd W with sub-.500 playoff team, 0
https://www.usatoday.com/https://www.usatoday.com/story/entertainment/music/2021/01/08/kings-leon-announce-new-album-when-you-see-yourself/6594864002/, Kings of Leon's 'When You See Yourself' is first new album since 2016, 0
https://www.usatoday.com/https://www.usatoday.com/videos/news/nation/2021/01/08/immigrant-who-fled-political-violence-reflects-us-capitol-attack/6592540002/, Immigrant who fled political violence reflects on US Capitol attack, 0
https://www.usatoday.com/https://www.usatoday.com/videos/life/humankind/2021/01/08/boy-gives-bonus-dad-adoption-papers/6595188002/, Boy gives 'bonus dad' adoption papers, 0
https://www.usatoday.com/https://www.usatoday.com/story/news/nation/2021/01/08/capitol-riot-immigrants-reflect-political-violence/6580234002/, Capitol riot: Immigrants reflect on political violence after attack, 0
https://www.usatoday.com/https://www.usatoday.com/videos/sports/sportskind/2021/01/08/browns-fan-hospice-gets-game-day-lifetime/6595305002/, Browns fan in hospice gets game day of a lifetime, 0
https://www.usatoday.com/https://www.usatoday.com/videos/life/humankind/2021/01/08/boy-gives-bonus-dad-adoption-papers/6595315002/, Boy gives 'bonus dad' adoption papers, 0
https://www.usatoday.com/https://www.usatoday.com/videos/news/have-you-seen/2021/01/08/golden-retriever-puppy-discovers-doorstop-and-its-adorable/6595330002/, Golden retriever puppy discovers doorstop and it's adorable, 0
https://www.usatoday.com/https://www.usatoday.com/story/news/politics/2021/01/08/capitol-riot-trump-impeachment-ben-sasse-inauguration-onpolitics/6594046002/, Capitol riot| Trump Impeachment| Ben Sasse| inauguration: OnPolitics, 0
https://www.usatoday.com/https://www.usatoday.com/story/sports/mlb/2021/01/08/gerrit-cole-justin-verlander-lawsuit-angels-bubba-harkins/6595159002/, Gerrit Cole| Justin Verlander named by fired Angels employee in lawsuit, 0
https://www.usatoday.com/https://www.usatoday.com/story/entertainment/music/2021/01/08/nicki-minaj-pay-tracy-chapman-450-000-copyright-lawsuit/6594698002/, Nicki Minaj to pay Tracy Chapman $450|000 in copyright dispute, 0
https://www.usatoday.com/https://www.10best.com/interests/drinks/what-goes-into-designing-award-winning-beer-label/, The fascinating stories behind five incredible beer labels, 0
https://www.usatoday.com/https://www.10best.com/interests/food-culture/durian-stinky-banned-fruit-what-tastes-like/, Why people love durian| the banned fruit that stinks like garbage, 0
https://www.usatoday.com/https://www.usatoday.com/picture-gallery/sports/mlb/dodgers/2021/01/08/tommy-lasorda-remembering-hall-famer/6310695002/, Tommy Lasorda: Remembering the Hall of Famer, 0
https://www.usatoday.com/https://www.usatoday.com/story/sports/mlb/dodgers/2021/01/08/tommy-lasorda-hall-fame-los-angeles-dodgers-manager-dies-93/6265888002/, Tommy Lasorda| Hall of Fame Los Angeles Dodgers manager| dies at 93, 0
https://www.usatoday.com/https://www.usatoday.com/videos/news/nation/2021/01/08/unemployment-claims-slip-still-high-787-000/6595813002/, Unemployment claims slip to still-high 787|000, 0
https://www.usatoday.com/https://www.usatoday.com/story/nletter/health/2021/01/08/coronavirus-watch-vaccine-can-protect-against-new-strain-research-suggests/6595137002/, Coronavirus Watch: Vaccine can protect against new strain| research suggests, 0
https://www.usatoday.com/https://www.usatoday.com/videos/sports/mlb/whatimhearing/2021/01/08/mets-may-adding-more-talent-after-blockbuster-trade/6595815002/, Mets may be adding more talent after blockbuster trade, 0
https://www.usatoday.com/https://www.reviewed.com/lifestyle/features/10-products-celebrities-endorse-actually-worth-buying?utm_source=usat&utm_medium=referral&utm_campaign=collab, 10 products celebrities endorse that are actually worth buying, 0
https://www.usatoday.com/https://www.usatoday.com/sitemap/2021/january/8/, 1, 0
https://www.usatoday.com/https://www.usatoday.com/sitemap/2021/january/8/?page=2, 2, 0
