https://www.usatoday.com/https://www.usatoday.com/story/sports/soccer/2021/01/08/matchday-man-u-looks-to-bounce-back-in-fa-cup/115272796/, MATCHDAY: Man U looks to bounce back in FA Cup, 0
https://www.usatoday.com/https://www.usatoday.com/story/sports/ncaab/2021/01/08/thomas-scores-22-to-lift-sacred-heart-over-merrimack-68-62/115272854/, Thomas scores 22 to lift Sacred Heart over Merrimack 68-62, 0
https://www.usatoday.com/https://www.usatoday.com/story/tech/reviewedcom/2021/01/08/mattress-sale-save-mattresses-nectar-leesa-and-more/6595882002/, Mattress sale: Save on mattresses from Nectar| Leesa and more, 0
https://www.usatoday.com/https://www.usatoday.com/videos/augmented-reality/2021/01/09/preview-video-augmented-reality-interactive-siege-us-capitol/6604091002/, Preview video of the augmented reality interactive Siege at US Capitol., 0
https://www.usatoday.com/https://www.usatoday.com/story/tech/news/2021/01/08/apple-parler-ban-app-store-trump/6603634002/, Google removes Parler from app store| on thin ice with Apple, 0
https://www.usatoday.com/https://www.usatoday.com/story/augmented-reality/2021/01/08/interactivestory-experienceid-capitol/6598617002/, Trump supporters mobbed Capitol| roamed and vandalized inside, 0
https://www.usatoday.com/https://www.usatoday.com/story/news/politics/2021/01/08/supreme-court-hear-koch-linked-groups-appeal-over-disclosure/6604019002/, Supreme Court will hear Koch-linked group’s appeal over disclosure, 0
https://www.usatoday.com/https://www.usatoday.com/story/entertainment/tv/2021/01/08/alex-trebek-final-jeopardy-episode-heres-his-best-moments/6602922002/, Alex Trebek's final 'Jeopardy!' episode: Here's his best moments, 0
https://www.usatoday.com/https://www.usatoday.com/story/sports/mlb/2021/01/08/vignettes-from-life-of-hall-of-fame-manager-tommy-lasorda/115272882/, Vignettes from life of Hall of Fame manager Tommy Lasorda, 0
https://www.usatoday.com/https://www.usatoday.com/story/news/nation/2021/01/08/rep-raul-ruiz-calls-trumps-impeachment-rip-tommy-lasorda/6596653002/, Rep. Raul Ruiz calls for Trump's impeachment| RIP Tommy Lasorda, 0
https://www.usatoday.com/https://www.usatoday.com/videos/tech/news/2021/01/09/twitter-permanently-bans-president-trumps-account/6604438002/, Twitter permanently bans President Trump's account, 0
https://www.usatoday.com/https://www.usatoday.com/videos/news/politics/2021/01/09/impeachment-remove-trump-president-trump-again/6604315002/, Impeachment article to be introduced to remove Trump as president, 0
https://www.usatoday.com/https://www.usatoday.com/story/entertainment/celebrities/2021/01/08/twitter-bans-trump-chrissy-teigen-whoopi-goldberg-and-more-react/6603886002/, Twitter bans Trump: Chrissy Teigen| Whoopi Goldberg and more react, 0
https://www.usatoday.com/https://www.usatoday.com/story/sports/ncaaf/2021/01/08/penn-state-replaces-offensive-coordinator-after-one-season/43316825/, Penn State replaces offensive coordinator after one season, 0
https://www.usatoday.com/https://www.usatoday.com/story/tech/reviewedcom/2021/01/08/amazon-deals-shop-slow-cookers-smart-light-switches-and-more/6599481002/, Amazon deals: Shop slow cookers| smart light switches and more, 0
https://www.usatoday.com/https://www.usatoday.com/story/sports/nfl/2021/01/08/saints-rule-out-hendrickson-easton-vs-bears/115272948/, Saints rule out Hendrickson| Easton vs. Bears, 0
https://www.usatoday.com/https://www.usatoday.com/videos/news/nation/2021/01/09/seattle-senior-center-hit-covid-19-gets-vaccine/6604798002/, Seattle senior center hit by COVID-19 gets vaccine, 0
https://www.usatoday.com/https://www.usatoday.com/story/news/factcheck/2021/01/08/fact-check-italygate-claims-electoral-fraud-rome-baseless/6567335002/, Fact check: 'ItalyGate' claims of electoral fraud in Rome are baseless, 0
https://www.usatoday.com/https://www.usatoday.com/story/sports/ncaab/2021/01/08/preston-carries-liberty-past-kennesaw-state-69-63/115272990/, Preston carries Liberty past Kennesaw State 69-63, 0
https://www.usatoday.com/https://www.usatoday.com/story/sports/ncaab/2021/01/08/jones-carries-coastal-carolina-past-south-alabama-78-65/115273010/, Jones carries Coastal Carolina past South Alabama 78-65, 0
https://www.usatoday.com/https://www.usatoday.com/story/sports/ncaab/2021/01/08/jackson-rollins-carry-toledo-over-ohio-95-78/43316837/, Jackson| Rollins carry Toledo over Ohio 95-78, 0
https://www.usatoday.com/https://www.usatoday.com/story/sports/ncaab/2021/01/08/almonacy-lifts-appalachian-state-past-georgia-southern-66-63/43317019/, Almonacy lifts Appalachian State past Georgia Southern 66-63, 0
https://www.usatoday.com/https://www.usatoday.com/story/sports/ncaab/2021/01/08/benjamin-leads-uab-over-southern-miss-72-60/115273016/, Benjamin leads UAB over Southern Miss 72-60, 0
https://www.usatoday.com/https://www.usatoday.com/videos/news/nation/2021/01/09/rep-lieu-trump-doing-nothing-not-option/6605182002/, Rep. Lieu on Trump: Doing nothing 'not an option', 0
https://www.usatoday.com/https://www.usatoday.com/story/news/politics/2021/01/08/rep-andy-kim-helps-clean-rotunda-after-capitol-riots/6605123002/, DC riots: Rep. Andy Kim helps clean Capitol Rotunda after siege, 0
https://www.usatoday.com/https://www.usatoday.com/story/sports/nfl/2021/01/08/kurt-warner-nfl-network-covid-19-hall-of-fame/6604837002/, NFL Network's Kurt Warner tests positive for COVID-19, 0
https://www.usatoday.com/https://www.usatoday.com/story/sports/nba/2021/01/08/pistons-rally-from-23-down-beat-suns-110-105-in-ot/115273038/, Pistons rally from 23 down| beat Suns 110-105 in OT, 0
https://www.usatoday.com/https://www.usatoday.com/story/sports/ncaab/2021/01/08/johnson-scores-20-to-lift-lipscomb-past-bellarmine-77-72/115273036/, Johnson scores 20 to lift Lipscomb past Bellarmine 77-72, 0
https://www.usatoday.com/https://www.usatoday.com/story/sports/nba/2021/01/08/thunder-start-slow-end-knicks-3-game-win-streak-101-89/115273066/, Thunder start slow| end Knicks' 3-game win streak 101-89, 0
https://www.usatoday.com/https://www.usatoday.com/story/sports/ncaab/2021/01/08/bohannon-leads-youngstown-st-past-wright-st-74-72/115273064/, Bohannon leads Youngstown St. past Wright St. 74-72, 0
https://www.usatoday.com/https://www.usatoday.com/story/sports/nba/grizzlies/2021/01/08/jonas-valanciunas-leaves-grizzlies-nets-game-health-protocols/6605384002/, Jonas Valanciunas leaves Grizzlies game due to health protocols, 0
https://www.usatoday.com/https://www.usatoday.com/story/sports/nba/2021/01/08/wood-scores-22-to-lead-rockets-to-132-90-rout-of-orlando/43316845/, Wood scores 22 to lead Rockets to 132-90 rout of Orlando, 0
https://www.usatoday.com/https://www.usatoday.com/story/news/politics/2021/01/08/zip-ties-tn-thin-blue-line-patch-riot-terrorism-experts/6605206002/, Zip-tie handcuffs and 'thin blue line' patch at DC riot alarm experts, 0
https://www.usatoday.com/https://www.usatoday.com/story/sports/nba/2021/01/08/tatum-has-32-to-help-celtics-hold-off-beal-wizards-116-107/43316857/, Tatum has 32 to help Celtics hold off Beal| Wizards 116-107, 0
https://www.usatoday.com/https://www.usatoday.com/story/sports/golf/2021/01/08/english-having-a-whale-of-time-and-leads-by-1-at-kapalua/43316859/, English having a whale of time and leads by 2 at Kapalua, 0
https://www.usatoday.com/https://www.usatoday.com/story/sports/ncaab/2021/01/08/wells-lifts-texas-arlington-past-louisiana-monroe-77-64/43316889/, Wells lifts Texas-Arlington past Louisiana-Monroe 77-64, 0
https://www.usatoday.com/https://www.usatoday.com/story/sports/ncaab/2021/01/08/defense-shines-as-cleveland-st-beats-n-kentucky-58-44/43316983/, Defense shines as Cleveland St. beats N. Kentucky 58-44, 0
https://www.usatoday.com/https://www.usatoday.com/story/sports/nba/2021/01/08/record-3-point-night-helps-jazz-win-131-118-at-milwaukee/115273094/, Record 3-point night helps Jazz win 131-118 at Milwaukee, 0
https://www.usatoday.com/https://www.usatoday.com/story/tech/2021/01/08/rush-limbaugh-leaves-twitter-following-trump-ban/6605864002/, Rush Limbaugh leaves Twitter: Radio host deactivates Twitter account, 0
https://www.usatoday.com/https://www.usatoday.com/story/sports/nba/2021/01/08/brooks-leads-grizzlies-to-1st-home-victory-115-110-over-nets/43316895/, Brooks leads Grizzlies to 1st home victory 115-110 over Nets, 0
https://www.usatoday.com/https://www.usatoday.com/story/sports/nba/2021/01/08/haywards-26-points-pace-hornets-past-pelicans-118-110/115273112/, Hayward's 26 points pace Hornets past Pelicans| 118-110, 0
https://www.usatoday.com/https://www.usatoday.com/story/sports/ncaab/2021/01/08/louisiana-downs-ualr-66-64-despite-light-malfunction-at-end/115273156/, Louisiana downs UALR 66-64 despite light malfunction at end, 0
https://www.usatoday.com/https://www.usatoday.com/story/sports/sports-betting/2021/01/08/prop-bet-payday-indianapolis-colts-at-buffalo-bills-prop-bets-to-bank-on/115273154/, Prop Bet Payday: Indianapolis Colts at Buffalo Bills prop bets to bank on, 0
https://www.usatoday.com/https://www.usatoday.com/story/sports/ncaab/2021/01/08/godfrey-leads-purdue-fort-wayne-past-uic-96-89-in-ot/115273158/, Godfrey leads Purdue Fort Wayne past UIC 96-89 in OT, 0
https://www.usatoday.com/https://www.usatoday.com/story/sports/ncaab/2021/01/08/williams-bieniemy-carry-utep-over-rice-101-89/115273172/, Williams| Bieniemy carry UTEP over Rice 101-89, 0
https://www.usatoday.com/https://www.usatoday.com/story/sports/ncaab/2021/01/08/kreuser-carries-north-dakota-st-over-omaha-71-69/115273178/, Kreuser carries North Dakota St. over Omaha 71-69, 0
https://www.usatoday.com/https://www.usatoday.com/story/sports/ncaab/sunbelt/2021/01/08/little-rock-lighting-malfunction-louisiana/6606548002/, Little Rock coach upset after lighting malfunction vs. Louisiana, 0
https://www.usatoday.com/https://www.usatoday.com/story/sports/ncaab/2021/01/08/wilson-lifts-s-dakota-st-over-w-illinois-83-77/115273184/, Wilson lifts S. Dakota St. over W. Illinois 83-77, 0
https://www.usatoday.com/https://www.usatoday.com/story/sports/ncaab/2021/01/08/robinson-carries-fresno-st-over-san-jose-st-79-64/43316917/, Robinson carries Fresno St. over San Jose St. 79-64, 0
https://www.usatoday.com/https://www.usatoday.com/story/sports/ncaab/2021/01/09/rebraca-lifts-north-dakota-past-oral-roberts-72-71/43316995/, Rebraca lifts North Dakota past Oral Roberts 72-71, 0
https://www.usatoday.com/https://www.usatoday.com/story/sports/mlb/2021/01/09/blue-jays-sign-rhp-aj-cole-to-minor-league-deal/115273204/, Blue Jays sign RHP A.J. Cole to minor league deal, 0
https://www.usatoday.com/https://www.usatoday.com/story/sports/ncaab/2021/01/09/crutchers-29-points-sends-dayton-past-davidson-in-ot/43316919/, Crutcher's 29 points sends Dayton past Davidson in OT, 0
https://www.usatoday.com/https://www.usatoday.com/story/sports/ncaab/2021/01/09/long-beach-st-tops-cal-st-fullerton-82-80/43316921/, Long Beach St. tops Cal St.-Fullerton 82-80, 0
https://www.usatoday.com/https://www.usatoday.com/story/sports/nba/2021/01/09/lebron-gets-28-lakers-hold-off-bulls-117-115-without-davis/43316931/, LeBron gets 28| Lakers hold off Bulls 117-115 without Davis, 0
https://www.usatoday.com/https://www.usatoday.com/story/sports/nba/2021/01/09/raptors-set-franchise-scoring-record-win-144-123-over-kings/43316933/, Raptors set franchise scoring record| win 144-123 over Kings, 0
https://www.usatoday.com/https://www.usatoday.com/story/sports/ncaab/2021/01/09/williams-lifts-cs-bakersfield-over-cal-poly-62-49/43316937/, Williams lifts CS Bakersfield over Cal Poly 62-49, 0
https://www.usatoday.com/https://www.usatoday.com/story/sports/ftw/2021/01/09/nhl-players-silence-capitol-riots-speaks-volumes/6607054002/, NHL players' silence over Capitol riots speaks volumes, 0
https://www.usatoday.com/https://www.usatoday.com/story/sports/nba/2021/01/09/curry-scores-38-as-warriors-rally-past-clippers-115-105/43316955/, Curry scores 38 as Warriors rally past Clippers| 115-105, 0
https://www.usatoday.com/https://www.usatoday.com/story/tech/2021/01/08/president-donald-trump-twitter-account-history/6607069002/, @realDonaldTrump: Remembering account's controversial history, 0
https://www.usatoday.com/https://www.usatoday.com/story/sports/golf/2021/01/09/maui-musings-finding-the-right-schedule-in-a-long-year/43316969/, Maui Musings: Finding the right schedule in a long year, 0
https://www.usatoday.com/https://www.usatoday.com/story/sports/sports-betting/2021/01/09/nfl-wild-card-indianapolis-colts-at-buffalo-bills-odds-picks-and-prediction/115273282/, NFL Wild Card: Indianapolis Colts at Buffalo Bills odds| picks and prediction, 0
https://www.usatoday.com/https://www.usatoday.com/story/sports/sports-betting/2021/01/09/nfl-wild-card-prop-payday-5-prop-predictions-for-rams-vs-seahawks/115273286/, NFL Wild Card Prop Payday: 5 prop predictions for Rams vs. Seahawks, 0
https://www.usatoday.com/https://www.usatoday.com/story/sports/soccer/2021/01/09/snowstorm-forces-postponement-of-atltico-vs-bilbao/115273294/, Atlético vs Bilbao among postponements due to snowstorm, 0
https://www.usatoday.com/https://www.usatoday.com/story/sports/sports-betting/2021/01/09/ohio-state-at-rutgers-odds-picks-and-prediction/115273290/, Ohio State at Rutgers odds| picks and prediction, 0
https://www.usatoday.com/https://www.usatoday.com/story/news/education/2021/01/09/dc-capitol-riot-news-how-teachers-talked-kids-school/6601856002/, How teachers talked with kids at school about DC Capitol riot news, 0
https://www.usatoday.com/https://www.usatoday.com/story/opinion/2021/01/09/trumpism-dead-trump-legacy-destroyed-impeach-him-now-column/6594285002/, Jon Gabriel: Trumpism is dead| Trump's legacy is destroyed. Impeach now., 0
https://www.usatoday.com/https://www.usatoday.com/story/news/health/2021/01/09/new-coronavirus-strains-variants-not-yet-cause-for-more-covid-vaccine-concerns-experts-say/6575267002/, New COVID-19 strains not cause for alarm but need watching: Experts, 0
https://www.usatoday.com/https://www.usatoday.com/story/news/2021/01/09/life-after-donald-trump-gop-moves-forward-under-shadow-riots/6592737002/, Life after Donald Trump: GOP moves forward under shadow of riots, 0
https://www.usatoday.com/https://www.usatoday.com/story/sports/sports-betting/2021/01/09/wake-forest-at-duke-odds-picks-and-prediction/115273322/, Wake Forest at Duke odds| picks and prediction, 0
https://www.usatoday.com/https://www.usatoday.com/story/sports/sports-betting/2021/01/09/texas-at-west-virginia-odds-picks-and-prediction/115273326/, Texas at West Virginia odds| picks and prediction, 0
https://www.usatoday.com/https://www.usatoday.com/story/news/2021/01/09/trump-covid-19-nfl-playoffs-david-bowie-nancy-pelosi/6601378002/, DC riots| COVID-19| NFL playoffs: 5 things to know this weekend, 0
https://www.usatoday.com/https://www.usatoday.com/story/sports/sports-betting/2021/01/09/tennessee-at-texas-am-odds-picks-and-prediction/115273338/, Tennessee at Texas A&M odds| picks and prediction, 0
https://www.usatoday.com/https://www.usatoday.com/story/sports/sports-betting/2021/01/09/virginia-at-boston-college-odds-picks-and-prediction/115273354/, Virginia at Boston College odds| picks and prediction, 0
https://www.usatoday.com/https://www.usatoday.com/story/sports/tennis/2021/01/09/svitolina-in-abu-dhabi-round-3-pliskova-loses-to-qualifier/43317021/, Elina Svitolina beats Vera Zvonareva at Abu Dhabi Open, 0
https://www.usatoday.com/https://www.usatoday.com/story/opinion/voices/2021/01/09/covid-vaccines-masks-like-shoveling-sidewalks-common-good-column/4141315001/, COVID vaccines and masks| like shoveling sidewalks| help me and others, 0
https://www.usatoday.com/https://www.usatoday.com/story/money/personalfinance/retirement/2021/01/09/part-time-workers-retirement/43309675/, 54% of part-time workers think retirement is unrealistic, 0
https://www.usatoday.com/https://www.usatoday.com/story/sports/nfl/columnist/bell/2021/01/09/buffalo-bills-qb-josh-allen-poised-colts-wild-card/6602555002/, Bills' Josh Allen poised for next big test| and it's tough: The Colts, 0
https://www.usatoday.com/https://www.usatoday.com/story/money/2021/01/09/get-ready-pay-taxes-unemployment-benefits/6585333002/, Lost a job? Get ready to pay taxes on unemployment benefits, 0
https://www.usatoday.com/https://www.usatoday.com/story/sports/nfl/colts/2021/01/09/colts-philip-rivers-has-san-diego-him-nfl-playoffs/6589581002/, Colts' Philip Rivers has San Diego with him in NFL playoffs, 0
https://www.usatoday.com/https://www.usatoday.com/story/sports/sports-betting/2021/01/09/baylor-at-tcu-odds-picks-and-prediction/115273378/, Baylor at TCU odds| picks and prediction, 0
https://www.usatoday.com/https://www.usatoday.com/story/sports/sports-betting/2021/01/09/texas-tech-at-iowa-state-odds-picks-and-prediction/115273398/, Texas Tech at Iowa State odds| picks and prediction, 0
https://www.usatoday.com/https://www.usatoday.com/story/sports/sports-betting/2021/01/09/oklahoma-at-kansas-odds-picks-and-prediction/115273422/, Oklahoma at Kansas odds| picks and prediction, 0
https://www.usatoday.com/https://www.usatoday.com/story/sports/sports-betting/2021/01/09/gonzaga-at-portland-odds-picks-and-prediction/115273430/, Gonzaga at Portland odds| picks and prediction, 0
https://www.usatoday.com/https://www.usatoday.com/story/travel/airline-news/2021/01/09/boeing-indonesia-passenger-jet-domestic-flight/6607641002/, Indonesia missing plane: Divers find parts of Boeing plane wreckage, 0
https://www.usatoday.com/https://www.usatoday.com/story/opinion/2021/01/09/coronavirus-vaccination-covid-19-britian-schedule-column/6594484002/, With COVID-19 vaccinations behind schedule| here's what US must do now, 0
https://www.usatoday.com/https://www.usatoday.com/story/money/investing/2021/01/09/heres-the-popular-robinhood-stock-most-likely-to-soar-in-2021/43309651/, ARK Innovation ETF: The Robinhood stock most likely to soar in 2021, 0
https://www.usatoday.com/https://www.usatoday.com/story/entertainment/books/2021/01/09/10-most-popular-diet-books-decade-usa-today-bestsellers-list/4026414001/, 10 most popular diet books according to USA TODAY bestsellers list, 0
https://www.usatoday.com/https://www.usatoday.com/story/sports/sports-betting/2021/01/09/lsu-at-mississippi-odds-picks-and-prediction/115273442/, LSU at Mississippi odds| picks and prediction, 0
https://www.usatoday.com/https://www.usatoday.com/story/nletter/2021/01/09/your-weekend-long-reads-usa-today/6582865002/, Your weekend long reads from USA TODAY, 0
https://www.usatoday.com/https://www.usatoday.com/story/travel/destinations/2021/01/09/hawaii-covid-19-test-requirements-travelers-avoid-quarantine/6598522002/, Hawaii COVID-19 test requirements for travelers: What to know, 0
https://www.usatoday.com/https://www.usatoday.com/story/sports/cycling/2021/01/09/hirschi-joins-tour-de-france-winner-pogaar-at-uae-team/43317089/, Hirschi joins Tour de France winner Pogaar at UAE team, 0
https://www.usatoday.com/https://www.usatoday.com/story/sports/nfl/2021/01/09/nfl-playoffs-overtime-rules-differ-regular-season/6555341002/, NFL playoff overtime rules: How overtime rules differ in NFL playoffs, 0
https://www.usatoday.com/https://www.usatoday.com/story/sports/sports-betting/2021/01/09/nfl-wild-card-baltimore-ravens-at-tennessee-titans-odds-picks-and-prediction/115273618/, NFL Wild Card: Baltimore Ravens at Tennessee Titans odds| picks and prediction, 0
https://www.usatoday.com/https://www.usatoday.com/videos/news/nation/2021/01/09/today-history-january-9th/6607801002/, Today in History for January 9th, 0
https://www.usatoday.com/https://www.usatoday.com/story/money/cars/2021/01/09/covid-19-auto-industry-2021/6592947002/, Auto industry unlikely to return to normal anytime soon amid COVID-19, 0
https://www.usatoday.com/https://www.usatoday.com/story/sports/sports-betting/2021/01/09/st-johns-at-creighton-odds-picks-and-prediction/115273622/, St. John’s at Creighton odds| picks and prediction, 0
https://www.usatoday.com/https://www.usatoday.com/story/tech/2021/01/09/ces-2021-coronavirus-crisis-leads-big-tech-event-going-virtual/4129143001/, CES 2021: Coronavirus crisis leads to big tech event going virtual, 0
https://www.usatoday.com/https://www.usatoday.com/story/sports/olympics/2021/01/09/aliphine-tuliamuk-marathon-tokyo-olympics/6607871002/, Marathon trials champion uses Olympic postponement to start family, 0
https://www.usatoday.com/https://www.usatoday.com/story/entertainment/books/2021/01/09/new-books-gabriel-byrne-angie-thomas-george-saunders/4134074001/, 5 books not to miss: Gabriel Byrne| 'The Hate U Give' prequel| more, 0
https://www.usatoday.com/https://www.usatoday.com/story/news/nation/2021/01/09/dc-capitol-riot-updates-officer-pinned-arrests-fbi/6607757002/, Capitol riot updates: Apple suspends Parler from App Store; arrests, 0
https://www.usatoday.com/https://www.usatoday.com/videos/tech/2021/01/09/ces-2021-holographs-drones-robots-debut-digitally/6607909002/, CES 2021: Holographs| drones| robots all debut digitally, 0
https://www.usatoday.com/https://www.usatoday.com/story/tech/2021/01/09/talking-tech-ces-2021-done-virtually-due-coronavirus-pandemic/6590716002/, Talking Tech: CES 2021 done virtually due to coronavirus pandemic, 0
https://www.usatoday.com/https://www.usatoday.com/story/sports/ncaaf/2021/01/09/trey-sermon-ohio-state-national-championship-football/6577936002/, Ohio State's Trey Sermon has 'set the world on fire' before title game, 0
https://www.usatoday.com/https://www.usatoday.com/story/sports/soccer/2021/01/09/inspired-by-adele-6th-tier-chorley-beats-derby-in-fa-cup/43317109/, Pitch perfect: Adele-singing 6th-tier team wins in FA Cup, 0
https://www.usatoday.com/https://www.usatoday.com/story/sports/nfl/2021/01/09/colts-bills-live-stream-playoffs-score-updates-odds-how-watch/6594609002/, Colts vs Bills live stream: Playoffs score updates| odds| how to watch, 0
https://www.usatoday.com/https://www.usatoday.com/story/news/health/2021/01/09/covid-update-capitol-riot-surge-new-strain-chicago-schools/6599001002/, COVID update: Capitol riot may surge cases; Tuskegee Airmen death, 0
https://www.usatoday.com/https://www.usatoday.com/story/sports/ncaab/acc/2021/01/09/duke-mike-krzyzewski-covid-quarantine-wake-forest/6608067002/, Duke coach Mike Krzyzewski returns from COVID-19 quarantine, 0
https://www.usatoday.com/https://www.usatoday.com/story/sports/sports-betting/2021/01/09/nfl-wild-card-prop-bet-payday-5-predictions-for-cleveland-browns-at-pittsburgh-steelers/115273878/, NFL Wild Card Prop Bet Payday: 5 predictions for Cleveland Browns at Pittsburgh Steelers, 0
https://www.usatoday.com/https://www.usatoday.com/story/news/politics/2021/01/09/live-politics-updates-donald-trump-joe-biden-inauguration-impeachment/6607919002/, Pence to attend Biden’s inauguration on Jan. 20 – politics updates, 0
https://www.usatoday.com/https://www.usatoday.com/story/sports/sports-betting/2021/01/09/phoenix-suns-at-indiana-pacers-odds-picks-and-prediction/115273924/, Phoenix Suns at Indiana Pacers odds| picks and prediction, 0
https://www.usatoday.com/https://www.usatoday.com/story/sports/sports-betting/2021/01/09/cleveland-cavaliers-at-milwaukee-bucks-odds-picks-and-prediction/115273938/, Cleveland Cavaliers at Milwaukee Bucks odds| picks and prediction, 0
https://www.usatoday.com/https://www.usatoday.com/story/sports/nfl/playoffs/2021/01/09/mike-tirico-washington-buccaneers-tony-dungy-nfl-playoffs/6608280002/, Mike Tirico will call Washington vs. Buccaneers on NBC from home, 0
https://www.usatoday.com/https://www.usatoday.com/videos/news/nation/2021/01/09/madrid-residents-survey-record-snowfall/6608361002/, Madrid residents survey record snowfall, 0
https://www.usatoday.com/https://www.usatoday.com/story/sports/soccer/2021/01/09/ilii-masterclass-inspires-atalanta-to-4-1-win-at-benevento/43317161/, AC Milan rebounds from Juve loss by beating Torino 2-0, 0
https://www.usatoday.com/https://www.usatoday.com/videos/travel/airline-news/2021/01/09/boeing-passenger-jet-carrying-62-people-missing/6608338002/, Boeing jet carrying 62 people went missing over Indonesia, 0
https://www.usatoday.com/https://www.usatoday.com/story/sports/sports-betting/2021/01/09/san-antonio-spurs-at-minnesota-timberwolves-odds-picks-and-prediction/115274058/, San Antonio Spurs at Minnesota Timberwolves odds| picks and prediction, 0
https://www.usatoday.com/https://www.usatoday.com/story/sports/sports-betting/2021/01/09/denver-nuggets-at-philadelphia-76ers-odds-picks-and-prediction/115274064/, Denver Nuggets at Philadelphia 76ers odds| picks and prediction, 0
https://www.usatoday.com/https://www.usatoday.com/story/sports/ncaaf/2021/01/09/under-ryan-day-ohio-states-offense-and-qbs-have-taken-off/115274136/, Under Ryan Day| Ohio State's offense and QBs have taken off, 0
https://www.usatoday.com/https://www.usatoday.com/story/sports/soccer/2021/01/09/american-teen-hoppe-saves-schalke-from-bundesliga-ignominy/43317221/, Halland| Sancho star as Dortmund denies Leipzig top spot, 0
https://www.usatoday.com/https://www.usatoday.com/story/sports/nhl/2021/01/09/mathew-barzal-agrees-to-contract-back-on-ice-with-islanders/43317239/, Barzal agrees to 3-year contract| back on ice with Islanders, 0
https://www.usatoday.com/https://www.usatoday.com/story/sports/soccer/2021/01/09/us-striker-hoppe-scores-3-to-end-schalkes-winless-run/43317243/, US striker Hoppe scores 3 to end Schalke's winless run, 0
https://www.usatoday.com/https://www.usatoday.com/story/sports/sports-betting/2021/01/09/atlanta-hawks-at-charlotte-hornets-odds-picks-and-prediction/115274162/, Atlanta Hawks at Charlotte Hornets odds| picks and prediction, 0
https://www.usatoday.com/https://www.usatoday.com/story/sports/nfl/2021/01/09/bills-receiver-cole-beasley-active-for-colts-wild-card-game/115274184/, Bills receiver Cole Beasley active for Colts wild-card game, 0
https://www.usatoday.com/https://www.usatoday.com/picture-gallery/travel/2021/01/09/missing-indonesia-plane-sriwijaya-air-flight-182-boeing/6608484002/, Indonesia plane missing: Search for Sriwijaya Air flight 182 continues, 0
https://www.usatoday.com/https://www.usatoday.com/story/travel/news/2021/01/09/boeing-737-indonesia-plane-crash-suspected-sriwijaya-air-flight-182/6607773002/, Boeing 737 Indonesia plane crash suspected: Sriwijaya Air what we know, 0
https://www.usatoday.com/https://www.usatoday.com/story/sports/sports-betting/2021/01/09/cfp-national-championship-alabama-vs-ohio-state-odds-picks-and-prediction/115274208/, CFP National Championship: Alabama vs. Ohio State odds| picks and prediction, 0
https://www.usatoday.com/https://www.usatoday.com/story/news/nation/2021/01/09/rosanne-boyland-trump-supporter-who-died-followed-qanon-family/6608289002/, Rosanne Boyland| Trump supporter who died| followed QAnon: Family, 0
https://www.usatoday.com/https://www.usatoday.com/story/sports/nfl/2021/01/09/browns-get-back-3-players-off-covid-list-to-face-steelers/115274256/, Browns get back 3| not top corner Denzel Ward for Steelers, 0
https://www.usatoday.com/https://www.usatoday.com/story/sports/nfl/jaguars/2021/01/09/question-jags-urban-meyer-comes-down-does-he-want-coach-again-nfl-jacksonville/6608756002/, Urban Meyer| Jags talk; now he must decide if he wants to coach in NFL, 0
https://www.usatoday.com/https://www.usatoday.com/story/sports/soccer/2021/01/09/en-nesyri-nets-hat-trick-for-sevilla-to-beat-sociedad-3-2/115274258/, Messi| Griezmann net 4 for Barça; Madrid held at Osasuna 0-0, 0
https://www.usatoday.com/https://www.usatoday.com/story/news/factcheck/2021/01/09/fact-check-npr-posted-story-early-updated-live-amid-capitol-riot/6599890002/, Fact check: NPR posted story early| updated live amid Capitol riot, 0
https://www.usatoday.com/https://www.usatoday.com/story/sports/nfl/playoffs/2021/01/09/mike-evans-injury-buccaneers-washington/6608750002/, Is Mike Evans playing tonight? Bucs WR back from injury vs. Washington, 0
https://www.usatoday.com/https://www.usatoday.com/story/sports/nfl/2021/01/09/the-latest-expanded-wild-card-weekend-begins-at-buffalo/43317259/, The Latest: Heinicke starts for Washington vs. Brady| Bucs, 0
https://www.usatoday.com/https://www.usatoday.com/story/nletter/health/2021/01/09/coronavirus-watch/6608441002/, Coronavirus Watch:, 0
https://www.usatoday.com/https://www.usatoday.com/story/sports/ncaaf/2021/01/09/coming-home-boise-state-hires-andy-avalos-as-head-coach/43317265/, Coming home: Boise State hires Andy Avalos as head coach, 0
https://www.usatoday.com/https://www.usatoday.com/story/sports/soccer/2021/01/09/freese-pines-added-to-us-u23-roster-replace-ochoa-araujo/43317267/, Freese| Pines added to US U23 roster; replace Ochoa| Araujo, 0
https://www.usatoday.com/https://www.usatoday.com/story/money/cars/2021/01/09/hyundai-suv-recall-tuscons-recalled-park-outdoors/6608860002/, Hyundai Tucson recall: More SUVs recalled for electrical shorts risk, 0
https://www.usatoday.com/https://www.usatoday.com/story/sports/nfl/2021/01/09/lucky-few-bills-fans-eager-to-cheer-on-team-from-stands/43317269/, Lucky few Bills fans eager to cheer on team from stands, 0
https://www.usatoday.com/https://www.usatoday.com/videos/news/nation/2021/01/09/new-york-democrats-demand-trump-impeachment/6609025002/, New York Democrats demand Trump impeachment, 0
https://www.usatoday.com/https://www.usatoday.com/story/sports/ncaaf/2021/01/09/miami-hires-travaris-robinson-as-defensive-backs-coach/43317273/, Miami hires Travaris Robinson as defensive backs coach, 0
https://www.usatoday.com/https://www.usatoday.com/story/sports/nfl/2021/01/09/ap-source-former-washington-qb-haskins-to-visit-panthers/115274366/, AP source: Former Washington QB Haskins to visit Panthers, 0
https://www.usatoday.com/https://www.usatoday.com/story/entertainment/celebrities/2021/01/09/queen-elizabeth-prince-philip-covid-19-vaccinations-britain/6608836002/, Queen Elizabeth| Prince Philip get COVID-19 vaccinations in Britain, 0
https://www.usatoday.com/https://www.usatoday.com/story/news/nation/2021/01/09/jake-angeli-qanon-man-fur-hat-horns-capitol-riot-arrested/6609039002/, Jake Angeli| QAnon man in fur hat| horns during Capitol riot| arrested, 0
https://www.usatoday.com/https://www.usatoday.com/story/sports/nhl/2021/01/09/devils-goalie-corey-crawford-retires-on-eve-of-nhl-season/115274462/, Devils goalie Corey Crawford retires on eve of NHL season, 0
https://www.usatoday.com/https://www.usatoday.com/story/sports/nfl/2021/01/09/jets-interview-panthers-oc-joe-brady-for-head-coaching-job/115274468/, Jets interview Panthers OC Joe Brady for head coaching job, 0
https://www.usatoday.com/https://www.usatoday.com/story/sports/nfl/2021/01/09/nfl-owners-players-new-social-justice-grants/6608276002/, NFL owners| players hand out new social justice grants, 0
https://www.usatoday.com/https://www.usatoday.com/story/sports/mlb/2021/01/09/ap-source-schwarber-nationals-agree-to-1-year-10m-deal/115274476/, Schwarber signs $10M deal with Nats| reunites with Martinez, 0
https://www.usatoday.com/https://www.usatoday.com/story/sports/nhl/2021/01/09/corey-crawford-retires-chicago-blackhawks-new-jersey-devils/6609536002/, Corey Crawford retires: Devils goalie was two-time Stanley Cup champ, 0
https://www.usatoday.com/https://www.usatoday.com/story/sports/nba/2021/01/09/nba-coronavirus-updates-players-quarantine/6609200002/, NBA COVID-19: Boston Celtics' Jayson Tatum placed in quarantine, 0
https://www.usatoday.com/https://www.usatoday.com/picture-gallery/sports/nfl/playoffs/2021/01/09/nfl-playoffs-wild-card-photos/6609072002/, Best photos from NFL playoffs' wild card weekend, 0
https://www.usatoday.com/https://www.usatoday.com/story/news/politics/2021/01/09/varrone-michigan-terrorism-cynthia-johnson/6609222002/, Man charged with terrorism over fake bomb call| threat to lawmaker, 0
https://www.usatoday.com/https://www.usatoday.com/videos/news/nation/2021/01/09/rep-maloney-dems-ready-move-2nd-impeachment/6609748002/, Rep. Maloney: Dems ready to move on 2nd impeachment, 0
https://www.usatoday.com/https://www.usatoday.com/story/sports/ncaab/2021/01/09/no-7-creighton-routs-st-johns-97-79-without-zegarowski/43317487/, No. 7 Creighton routs St. John's 97-79 without Zegarowski, 0
https://www.usatoday.com/https://www.usatoday.com/story/sports/ncaab/2021/01/09/no-21-duke-tops-wake-forest-79-68-in-krzyzewskis-return/115274548/, No. 21 Duke tops Wake Forest 79-68 in Krzyzewski's return, 0
https://www.usatoday.com/https://www.usatoday.com/story/tech/reviewedcom/2021/01/09/qled-tv-get-huge-discounts-top-tier-samsung-quantum-dot-models/6566040002/, QLED TV: Get huge discounts on top-tier Samsung quantum dot models, 0
https://www.usatoday.com/https://www.usatoday.com/story/tech/reviewedcom/2021/01/09/squatty-potty-get-cult-favorite-shark-tank-product-sale/6608653002/, Squatty Potty: Get this cult-favorite 'Shark Tank' product on sale, 0
https://www.usatoday.com/https://www.usatoday.com/story/sports/ncaab/2021/01/09/walker-scores-23-to-carry-northeastern-past-hofstra-67-56/43317501/, Walker scores 23 to carry Northeastern past Hofstra 67-56, 0
https://www.usatoday.com/https://www.usatoday.com/story/sports/ncaab/2021/01/09/lucas-thomas-help-milwaukee-complete-sweep-of-iupui/43317511/, Lucas| Thomas help Milwaukee complete sweep of IUPUI, 0
https://www.usatoday.com/https://www.usatoday.com/story/sports/ncaab/2021/01/09/alabama-prevails-despite-coopers-26-point-debut-for-auburn/43317515/, Alabama prevails despite Cooper's 26-point debut for Auburn, 0
https://www.usatoday.com/https://www.usatoday.com/story/sports/ncaab/2021/01/09/washington-scores-17-ohio-state-tops-no-15-rutgers-79-68/43317549/, Washington scores 17| Ohio State tops No. 15 Rutgers 79-68, 0
https://www.usatoday.com/https://www.usatoday.com/story/sports/ncaab/2021/01/09/wong-timberlake-lead-miami-past-nc-state-65-59/43317565/, Wong| Timberlake lead Miami past N.C. State 65-59, 0
https://www.usatoday.com/https://www.usatoday.com/story/entertainment/tv/2021/01/09/bobs-burgers-designer-dave-creek-dead-after-skydiving-accident/6608443002/, 'Bob's Burgers' designer Dave Creek dead after skydiving accident, 0
https://www.usatoday.com/https://www.usatoday.com/story/sports/ncaaf/mwest/2021/01/09/andy-avalos-boise-state-head-coach/6610007002/, Boise State hires Andy Avalos as new football head coach, 0
https://www.usatoday.com/https://www.usatoday.com/story/news/politics/2021/01/09/trump-phone-call-pressured-georgia-election-investigator/6610212002/, Trump told Georgia election investigator to find dishonesty in call, 0
https://www.usatoday.com/https://www.usatoday.com/story/sports/nfl/2021/01/09/jared-goff-active-for-rams-less-than-2-weeks-after-surgery/43317745/, Jared Goff active for Rams less than 2 weeks after surgery, 0
https://www.usatoday.com/https://www.usatoday.com/story/sports/soccer/2021/01/09/holder-arsenal-into-fa-cup-4th-round-after-beating-newcastle/115275138/, Holder Arsenal into FA Cup 4th round after beating Newcastle, 0
https://www.usatoday.com/https://www.usatoday.com/story/sports/nfl/2021/01/09/rams-seahawks-live-stream-watch-nfl-playoffs-score-updates-odds/6596717002/, Rams vs Seahawks live stream: How to watch| NFL score updates| odds, 0
https://www.usatoday.com/https://www.usatoday.com/story/sports/ncaab/2021/01/09/jones-3-lifts-no-4-texas-over-no-14-west-virginia-72-70/43317969/, Jones' 3 lifts No. 4 Texas over No. 14 West Virginia 72-70, 0
https://www.usatoday.com/https://www.usatoday.com/story/sports/ncaab/2021/01/09/winthrop-remains-unbeaten-with-10th-straight-victory/115275188/, Winthrop remains unbeaten with 10th straight victory, 0
https://www.usatoday.com/https://www.usatoday.com/story/sports/ncaab/acc/2021/01/09/duke-coach-mike-krzyzewski-us-capitol-riot/6610238002/, Duke coach Mike Krzyzewski denounces 'horrible day' at U.S. Capitol, 0
https://www.usatoday.com/https://www.usatoday.com/story/sports/ncaab/2021/01/09/molinar-stewart-help-bulldogs-hold-off-vanderbilt-84-81/115275224/, Molinar| Stewart help Bulldogs hold off Vanderbilt 84-81, 0
https://www.usatoday.com/https://www.usatoday.com/story/sports/ncaab/2021/01/09/brown-scores-37-to-carry-the-citadel-past-chattanooga-92-87/115275296/, Brown scores 37 to carry The Citadel past Chattanooga 92-87, 0
https://www.usatoday.com/https://www.usatoday.com/story/sports/ncaab/2021/01/09/huff-leads-no-22-virginia-past-boston-college-61-49/115275272/, Huff leads No. 22 Virginia past Boston College 61-49, 0
https://www.usatoday.com/https://www.usatoday.com/story/sports/ncaaf/2021/01/09/florida-tabs-veteran-sec-coach-mcgriff-to-coach-secondary/43317991/, Florida tabs veteran SEC coach McGriff to coach secondary, 0
https://www.usatoday.com/https://www.usatoday.com/story/sports/ncaab/2021/01/09/costly-foul-lifts-college-of-charleston-over-drexel-61-60/115275306/, Costly foul lifts College of Charleston over Drexel 61-60, 0
https://www.usatoday.com/https://www.usatoday.com/videos/news/nation/2021/01/09/california-hospitals-cope-impact-virus-surge/6610893002/, California hospitals cope with impact of virus surge, 0
https://www.usatoday.com/https://www.usatoday.com/story/sports/nfl/playoffs/2021/01/09/bills-hold-off-colts-first-nfl-playoff-win-25-years/6609999002/, Bills hold off Colts for first NFL playoff win in 25 years, 0
https://www.usatoday.com/https://www.usatoday.com/story/sports/ncaab/2021/01/09/smellie-scores-career-high-24-in-idaho-states-victory/115275328/, Smellie scores career-high 24 in Idaho State's victory, 0
https://www.usatoday.com/https://www.usatoday.com/story/sports/ncaab/2021/01/09/davis-scores-25-to-carry-vermont-over-binghamton-76-60/115275336/, Davis scores 25 to carry Vermont over Binghamton 76-60, 0
https://www.usatoday.com/https://www.usatoday.com/story/sports/nfl/2021/01/09/bills-beat-colts-27-24-for-1st-playoff-win-in-25-years/115275352/, Bills beat Colts 27-24 for 1st playoff win in 25 years, 0
https://www.usatoday.com/https://www.usatoday.com/story/sports/ncaaw/2021/01/09/uconn-beats-providence-87-50-as-auriemma-reaches-milestone/43318215/, UConn beats Providence 87-50 as Auriemma reaches milestone, 0
https://www.usatoday.com/https://www.usatoday.com/story/sports/ncaab/2021/01/09/no-9-tennessee-tops-texas-am-68-54-behind-santiago-vescov/43317997/, No. 9 Tennessee tops Texas A&M 68-54 behind Santiago Vescov, 0
https://www.usatoday.com/https://www.usatoday.com/story/tech/reviewedcom/2021/01/09/amazon-deals-save-squatty-potty-echo-show-5-and-so-much-more/6608170002/, Amazon deals: Save on the Squatty Potty| Echo Show 5 and so much more, 0
https://www.usatoday.com/https://www.usatoday.com/story/sports/nfl/washington/2021/01/09/taylor-heinicke-washington-alex-smith/6610655002/, Taylor Heinicke: Meet Washington Football Team QB subbing for Smith, 0
https://www.usatoday.com/https://www.usatoday.com/story/news/nation/2021/01/09/iowa-man-who-drove-into-protesters-avoids-prison-gets-probation/6609978002/, Iowa man who drove into protesters avoids prison| gets probation, 0
https://www.usatoday.com/https://www.usatoday.com/story/sports/ncaaf/2021/01/09/espn-doubles-down-by-expanding-megacasts-to-nfl-playoffs/43318049/, ESPN doubles down by expanding MegaCasts to NFL playoffs, 0
https://www.usatoday.com/https://www.usatoday.com/story/sports/tennis/2021/01/09/american-christian-harrison-upsets-garin-at-delray-beach/43318047/, American Christian Harrison upsets Garin at Delray Beach, 0
https://www.usatoday.com/https://www.usatoday.com/story/sports/nfl/washington/2021/01/09/alex-smith-calf-inactive-washington-football-team-wild-card-buccaneers/6611153002/, Alex Smith inactive for Washington Football Team wild-card game vs. Bucs, 0
https://www.usatoday.com/https://www.usatoday.com/story/sports/ncaab/2021/01/09/william-mary-ends-four-game-losing-streak/43318045/, William & Mary ends four-game losing streak, 0
https://www.usatoday.com/https://www.usatoday.com/story/sports/college/2021/01/09/ncaa-mark-emmert-doj-delay-vote-transfer-name-image-likeness/6610895002/, NCAA's assessment of antitrust compliance sparks criticism from DOJ, 0
https://www.usatoday.com/https://www.usatoday.com/story/sports/ncaab/2021/01/09/baxter-scores-24-to-lift-morgan-st-past-norfolk-st-78-74/115275516/, Baxter scores 24 to lift Morgan St. past Norfolk St. 78-74, 0
https://www.usatoday.com/https://www.usatoday.com/story/news/politics/elections/2021/01/09/iowa-gop-forms-alliance-preserve-caucuses-first-president-2024/6611148002/, Iowa caucuses: State GOP fights to stay at front of election calendar, 0
https://www.usatoday.com/https://www.usatoday.com/story/sports/ncaab/2021/01/09/njit-wins-home-opener-beats-maine-63-54/43318053/, NJIT wins home opener| beats Maine 63-54, 0
https://www.usatoday.com/https://www.usatoday.com/story/sports/ncaab/2021/01/09/jones-scores-30-to-carry-southern-utah-past-idaho-83-67/115275612/, Jones scores 30 to carry Southern Utah past Idaho 83-67, 0
https://www.usatoday.com/https://www.usatoday.com/story/sports/nfl/2021/01/09/bills-beat-colts-27-24-for-1st-playoff-win-since-1995/43318061/, Brady and Bucs| plus Bills and Rams win NFL wild-card games, 0
https://www.usatoday.com/https://www.usatoday.com/story/sports/ncaab/2021/01/09/green-carries-coastal-carolina-over-south-alabama-83-69/43318059/, Green carries Coastal Carolina over South Alabama 83-69, 0
https://www.usatoday.com/https://www.usatoday.com/story/sports/nba/2021/01/09/denver-tops-short-handed-76ers-hit-with-virus-injuries/43318075/, Denver tops short-handed 76ers hit with virus| injuries, 0
https://www.usatoday.com/https://www.usatoday.com/story/news/nation/2021/01/09/kentucky-patriot-rally-armed-protesters-capitol/6610891002/, Kentucky 'patriot rally' brings protesters| many armed| to Capitol, 0
https://www.usatoday.com/https://www.usatoday.com/story/sports/ncaab/2021/01/09/cal-grabs-1st-pac-12-win-beating-washington-84-78/115275644/, Cal grabs 1st Pac-12 win beating Washington 84-78, 0
https://www.usatoday.com/https://www.usatoday.com/story/sports/ncaab/2021/01/09/rhoden-scores-18-to-lead-seton-hall-past-depaul-76-68/43318091/, Rhoden scores 18 to lead Seton Hall past DePaul 76-68, 0
https://www.usatoday.com/https://www.usatoday.com/sitemap/2021/january/9/, 1, 0
https://www.usatoday.com/https://www.usatoday.com/sitemap/2021/january/9/?page=2, 2, 0
