https://www.usatoday.com/https://www.usatoday.com/story/sports/nfl/titans/2021/03/09/malcolm-butler-released-tennessee-titans/6931490002/, Malcolm Butler released by Titans| clearing $10.2M in cap space, 0
https://www.usatoday.com/https://www.usatoday.com/story/sports/ncaab/2021/03/09/duke-wins-opener-in-quest-for-5-straight-in-acc-tourney/43457803/, Duke wins opener in quest for 5 straight in ACC tourney, 0
https://www.usatoday.com/https://www.usatoday.com/story/news/factcheck/2021/03/09/fact-check-alexandria-ocasio-cortez-net-worth-not-1-m/6924378002/, Fact check: Rep. Alexandria Ocasio-Cortez's net worth doesn't top $1M, 0
https://www.usatoday.com/https://www.usatoday.com/story/sports/mlb/2021/03/09/now-in-chisox-pen-kopech-makes-debut-after-2020-opt-out/43457823/, Now in Chisox 'pen| Kopech makes debut after 2020 opt-out, 0
https://www.usatoday.com/https://www.usatoday.com/story/sports/nfl/columnist/nate-davis/2021/03/09/nfl-franchise-tag-2021-winners-losers-deadline/6923212002/, NFL franchise tag 2021: Winners and losers after Tuesday's deadline, 0
https://www.usatoday.com/https://www.usatoday.com/story/news/investigations/2021/03/09/eight-ways-colleges-like-lsu-shield-sexual-assaults-public/6927052002/, Eight ways colleges| like LSU| shield sexual assaults from the public, 0
https://www.usatoday.com/https://www.usatoday.com/videos/news/nation/2021/03/10/3-jurors-selected-day-1-derek-chauvin-trial/6931696002/, 3 jurors selected on day 1 of Derek Chauvin trial, 0
https://www.usatoday.com/https://www.usatoday.com/story/news/2021/03/09/prosecutors-oath-keepers-leader-messaged-members-outside-capitol/6931224002/, Prosecutors: Oath Keepers leader messaged members from outside capitol, 0
https://www.usatoday.com/https://www.usatoday.com/videos/entertainment/movies/2021/03/10/watch-jackie-chans-whitewater-drama-shooting-vanguard-scene/4622976001/, Watch: Jackie Chan's whitewater drama shooting a 'Vanguard' scene, 0
https://www.usatoday.com/https://www.usatoday.com/story/sports/ncaaw/2021/03/09/nye-leads-illini-women-past-wisconsin-in-big-ten-opener/115543962/, Nye leads Illini women past Wisconsin in Big Ten opener, 0
https://www.usatoday.com/https://www.usatoday.com/videos/entertainment/movies/2021/03/10/vanguard-watch-jackie-chan-completed-whitewater-action-scene/4625504001/, ‘Vanguard’: Watch Jackie Chan in the completed whitewater action scene, 0
https://www.usatoday.com/https://www.usatoday.com/story/sports/mlb/2021/03/09/as-hire-amelia-schimmel-as-new-public-address-announcer/115543964/, A's hire Amelia Schimmel as new public address announcer, 0
https://www.usatoday.com/https://www.usatoday.com/videos/entertainment/movies/2021/03/10/jackie-chan-takes-dangerous-whitewater-stunt-new-movie-vanguard/4623670001/, Jackie Chan takes dangerous whitewater stunt in new movie| 'Vanguard', 0
https://www.usatoday.com/https://www.usatoday.com/story/sports/ncaab/2021/03/09/no-11-ku-without-mccormack-enaruna-for-big-12-tourney/115544048/, No. 11 KU without McCormack| Enaruna for Big 12 tourney, 0
https://www.usatoday.com/https://www.usatoday.com/videos/news/nation/2021/03/10/reggaeton-super-producer-tainy-says-hes-not-satisfied/6931890002/, Reggaeton super producer Tainy says he's 'not satisfied', 0
https://www.usatoday.com/https://www.usatoday.com/videos/entertainment/2021/03/10/reggaeton-super-producer-tainy-says-hes-not-satisfied/6931892002/, Reggaeton super producer Tainy says he's 'not satisfied', 0
https://www.usatoday.com/https://www.usatoday.com/videos/news/nation/2021/03/10/tsa-has-suggestions-amid-uptick-air-travel/6931930002/, TSA has suggestions amid uptick in air travel, 0
https://www.usatoday.com/https://www.usatoday.com/story/sports/ncaab/2021/03/09/ross-scores-15-to-carry-iona-past-quinnipiac-72-48-in-maac/115544052/, Ross scores 15 to carry Iona past Quinnipiac 72-48 in MAAC, 0
https://www.usatoday.com/https://www.usatoday.com/story/entertainment/music/2021/03/09/aretha-franklin-fourth-will-drafted-year-she-died-unsigned/6931876002/, Fourth Aretha Franklin will emerges — typed but unsigned, 0
https://www.usatoday.com/https://www.usatoday.com/story/sports/ncaab/acc/2021/03/09/duke-basketball-acc-tournament-win-boston-college-march-madness-ncaa/6932074002/, Duke's rout over Boston College a good first step toward March Madness, 0
https://www.usatoday.com/https://www.usatoday.com/story/sports/nhl/2021/03/09/ap-sources-nhl-reaches-7-year-agreement-with-espn/115544072/, AP sources: NHL reaches 7-year agreement with ESPN, 0
https://www.usatoday.com/https://www.usatoday.com/videos/news/nation/2021/03/10/colorado-confirms-s-african-covid-19-variant-cases/6932173002/, Colorado confirms S. African COVID-19 variant cases, 0
https://www.usatoday.com/https://www.usatoday.com/story/sports/nba/2021/03/09/simmons-embiid-both-to-miss-76ers-second-half-opening-game/43457911/, Simmons| Embiid both to miss 76ers' second-half opening game, 0
https://www.usatoday.com/https://www.usatoday.com/story/entertainment/celebrities/2021/03/09/britney-spears-congressmen-matt-gaetz-call-hearing-conservatorships/6930993002/, Britney Spears: Congressmen call for hearing on conservatorships, 0
https://www.usatoday.com/https://www.usatoday.com/story/news/nation/2021/03/09/beth-moore-southern-baptist-convention-president-donald-trump/6931983002/, Beth Moore ends longtime partnership with Southern Baptist Convention, 0
https://www.usatoday.com/https://www.usatoday.com/story/sports/ncaab/2021/03/09/jones-carries-long-beach-st-over-cs-northridge-in-big-west/43458053/, Jones carries Long Beach St. over CS Northridge in Big West, 0
https://www.usatoday.com/https://www.usatoday.com/story/sports/ncaaw/2021/03/09/gonzaga-edges-byu-on-last-second-shot-to-win-wcc-title/43457917/, Gonzaga edges BYU on last-second shot to win WCC title, 0
https://www.usatoday.com/https://www.usatoday.com/story/news/politics/2021/03/09/house-passes-pro-act-bill-would-reform-labor-laws/4636381001/, PRO Act: House passes pro-union bill that would reform labor laws, 0
https://www.usatoday.com/https://www.usatoday.com/story/sports/nhl/2021/03/09/kapanen-penguins-stay-hot-in-4-2-win-over-rangers/115544160/, Kapanen| Penguins stay hot in 4-2 win over Rangers, 0
https://www.usatoday.com/https://www.usatoday.com/story/entertainment/movies/2021/03/09/jackie-chan-accident-filming-whitewater-vanguard-stunt/4622413001/, Jackie Chan: 'Vanguard' Jet Ski stunt on rapids went perilously wrong, 0
https://www.usatoday.com/https://www.usatoday.com/story/sports/mlb/2021/03/09/strasburgs-1st-appearance-since-august-4-ks-in-6-batters/43458055/, Strasburg's 1st appearance since August: 4 Ks in 6 batters, 0
https://www.usatoday.com/https://www.usatoday.com/story/news/nation/2021/03/09/derek-chauvin-trial-tk-things-we-learned-day-1-jury-selection/4643311001/, Derek Chauvin trial: 6 things we learned from day 1 of jury selection, 0
https://www.usatoday.com/https://www.usatoday.com/story/sports/ncaab/bigten/2021/03/09/gary-barta-apology-roy-marble-family-luka-garza-jersey-retirement/6932687002/, Iowa AD Gary Barta apologizes to family of late Roy Marble, 0
https://www.usatoday.com/https://www.usatoday.com/videos/news/nation/2021/03/10/dua-lipas-brave-face-grammys/6933124002/, Dua Lipa’s ‘brave face’ at the Grammys, 0
https://www.usatoday.com/https://www.usatoday.com/videos/entertainment/2021/03/10/dua-lipas-brave-face-grammys/6933127002/, Dua Lipa’s ‘brave face’ at the Grammys, 0
https://www.usatoday.com/https://www.usatoday.com/story/sports/ncaab/2021/03/09/drexels-headed-to-ncaas-for-the-first-time-in-25-years/43457933/, Drexel's headed to NCAAs for the first time in 25 years, 0
https://www.usatoday.com/https://www.usatoday.com/story/sports/ncaab/2021/03/09/cleveland-state-gets-first-horizon-league-title-since-2009/43457943/, Cleveland State gets first Horizon League title since 2009, 0
https://www.usatoday.com/https://www.usatoday.com/story/sports/ncaab/2021/03/09/okafor-lifts-se-louisiana-by-mcneese-st-71-68-in-southland/43457967/, Okafor lifts SE Louisiana by McNeese St. 71-68 in Southland, 0
https://www.usatoday.com/https://www.usatoday.com/story/sports/nhl/2021/03/09/bobrovsky-stops-40-shots-panthers-hold-off-blue-jackets-4-2/115544228/, Bobrovsky stops 40 shots| Panthers hold off Blue Jackets 4-2, 0
https://www.usatoday.com/https://www.usatoday.com/story/sports/nhl/2021/03/09/gostisbehere-ties-game-flyers-rally-past-buffalo-5-4-in-so/43457973/, Gostisbehere ties game| Flyers rally past Buffalo 5-4 in SO, 0
https://www.usatoday.com/https://www.usatoday.com/story/sports/ncaab/2021/03/09/mount-st-marys-stuns-bryant-73-68-to-clinch-ncaa-bid/115544260/, Mount St. Mary's stuns Bryant 73-68 to clinch NCAA bid, 0
https://www.usatoday.com/https://www.usatoday.com/story/entertainment/tv/2021/03/09/the-voice-blake-shelton-disses-kelly-clarksons-american-idol-run/6930837002/, 'The Voice': Blake Shelton disses Kelly Clarkson's 'American Idol' run, 0
https://www.usatoday.com/https://www.usatoday.com/story/nletter/in-california/2021/03/09/california-newsom-speech-recall/6932784002/, In California: Newsom offers hope as recall looms, 0
https://www.usatoday.com/https://www.usatoday.com/story/sports/ncaab/2021/03/09/notre-dame-closes-on-17-2-run-tops-wake-forest-on-wertzs-3/115544276/, Notre Dame closes on 17-2 run| tops Wake Forest on Wertz's 3, 0
https://www.usatoday.com/https://www.usatoday.com/story/sports/nhl/2021/03/09/beauvillier-lifts-islanders-past-bruins-2-1-in-shootout/115544294/, Beauvillier lifts Islanders past Bruins 2-1 in shootout, 0
https://www.usatoday.com/https://www.usatoday.com/videos/news/nation/2021/03/10/author-who-writes-britains-royals-discusses-meghan-and-harry/6933396002/, Author who writes on Britain's royals discusses Meghan and Harry, 0
https://www.usatoday.com/https://www.usatoday.com/story/sports/nhl/2021/03/09/jets-beat-north-leading-leafs-4-3-in-opener-of-3-game-set/43457987/, Jets beat North-leading Leafs 4-3 in opener of 3-game set, 0
https://www.usatoday.com/https://www.usatoday.com/videos/entertainment/2021/03/10/author-who-writes-britains-royals-discusses-meghan-and-harry/6933397002/, Author who writes on Britain's royals discusses Meghan and Harry, 0
https://www.usatoday.com/https://www.usatoday.com/story/sports/ncaaw/2021/03/09/wisconsin-fires-womens-basketball-coach-jonathan-tsipis/115544298/, Wisconsin fires women's basketball coach Jonathan Tsipis, 0
https://www.usatoday.com/https://www.usatoday.com/story/sports/nhl/2021/03/09/coleman-scores-lifts-lightning-to-4-3-ot-win-over-red-wings/43458007/, Coleman scores| lifts Lightning to 4-3 OT win over Red Wings, 0
https://www.usatoday.com/https://www.usatoday.com/story/sports/nhl/2021/03/09/staal-scores-late-in-ot-as-hurricanes-beat-predators-3-2/115544320/, Staal scores late in OT as Hurricanes beat Predators 3-2, 0
https://www.usatoday.com/https://www.usatoday.com/story/sports/ncaab/2021/03/09/fiedler-lifts-rice-over-southern-miss-61-52-in-c-usa-tourney/115544340/, Fiedler lifts Rice over Southern Miss 61-52 in C-USA tourney, 0
https://www.usatoday.com/https://www.usatoday.com/story/entertainment/movies/2021/03/09/the-birdcage-25-years-anniversary-facts-robin-williams-nathan-lane/6932174002/, 'The Birdcage' is 25! Here are 25 facts about the movie to celebrate, 0
https://www.usatoday.com/https://www.usatoday.com/story/news/nation/2021/03/09/dallas-police-officer-bryan-riser-fired-arrest-2017-murder/6933456002/, Dallas police officer fired after arrest in 2017 murder-for-hire plot, 0
https://www.usatoday.com/https://www.usatoday.com/story/sports/nhl/2021/03/09/capitals-blow-3-goal-lead-in-3rd-beat-devils-in-overtime/115544450/, Jakub Vrana scores twice| Capitals beat Devils in overtime, 0
https://www.usatoday.com/https://www.usatoday.com/story/sports/nhl/2021/03/09/islanders-win-6th-straight-in-shootout-now-4-0-vs-bruins/43458069/, Islanders win 6th straight in shootout| now 4-0 vs Bruins, 0
https://www.usatoday.com/https://www.usatoday.com/videos/news/nation/2021/03/10/california-governor-gives-speech-empty-stadium/6934052002/, California governor gives speech in empty stadium, 0
https://www.usatoday.com/https://www.usatoday.com/story/sports/ncaab/2021/03/09/no-1-gonzaga-rallies-to-beat-byu-88-78-in-wcc-title-game/115544382/, No. 1 Gonzaga rallies to beat BYU 88-78 in WCC title game, 0
https://www.usatoday.com/https://www.usatoday.com/videos/news/nation/2021/03/10/today-history-march-10th/6934321002/, Today in History for March 10th, 0
https://www.usatoday.com/https://www.usatoday.com/story/sports/ncaab/westcoast/2021/03/09/gonzaga-undefeated-beats-byu-wcc-championship-game/6934113002/, Gonzaga still undefeated after rallying to beat BYU in WCC title game, 0
https://www.usatoday.com/https://www.usatoday.com/story/sports/ncaab/2021/03/09/rogers-leads-cal-poly-past-cs-fullerton-in-big-west-opener/43458029/, Rogers leads Cal Poly past CS Fullerton in Big West opener, 0
https://www.usatoday.com/https://www.usatoday.com/story/sports/ncaab/2021/03/09/oru-wins-summit-league-tourney-beats-north-dakota-st-75-72/43458031/, ORU wins Summit League tourney| beats North Dakota St. 75-72, 0
https://www.usatoday.com/https://www.usatoday.com/story/sports/nhl/2021/03/10/beauvillier-lifts-islanders-past-bruins-2-1-in-shootout/115544400/, Beauvillier lifts Islanders past Bruins 2-1 in shootout, 0
https://www.usatoday.com/https://www.usatoday.com/story/sports/ncaab/2021/03/10/houston-baptist-beats-incarnate-word-in-southland-tourney/115544404/, Houston Baptist beats Incarnate Word in Southland tourney, 0
https://www.usatoday.com/https://www.usatoday.com/story/sports/nhl/2021/03/10/stars-score-early-and-often-to-dominate-blackhawks-6-1/43458073/, Stars score early and often to dominate Blackhawks 6-1, 0
https://www.usatoday.com/https://www.usatoday.com/videos/news/nation/2021/03/10/south-african-researcher-helped-find-virus-variant/6935247002/, South African researcher helped find virus variant, 0
https://www.usatoday.com/https://www.usatoday.com/videos/news/nation/2021/03/10/mass-town-mulls-black-reparations-victim-speaks/6935321002/, Mass. town mulls Black reparations| victim speaks, 0
https://www.usatoday.com/https://www.usatoday.com/story/sports/nfl/2021/03/10/career-fair-helps-former-nfl-players-find-new-careers/115544438/, Career fair helps former NFL players find new careers, 0
https://www.usatoday.com/https://www.usatoday.com/story/sports/nba/2021/03/10/the-nba-returns-10-things-to-know-entering-the-second-half/115544442/, The NBA returns: 10 things to know entering the second half, 0
https://www.usatoday.com/https://www.usatoday.com/story/sports/olympics/2021/03/10/torch-relay-among-final-hurdles-for-postponed-tokyo-olympics/115544444/, Torch relay among final hurdles for postponed Tokyo Olympics, 0
https://www.usatoday.com/https://www.usatoday.com/story/news/50-states/2021/03/10/smithsonian-exhibit-summer-camp-boom-turn-lights-news-around-states/115544416/, Smithsonian exhibit| summer camp boom: News from around our 50 states, 0
https://www.usatoday.com/https://www.usatoday.com/story/sports/nhl/2021/03/10/secondary-scoring-proves-to-be-pivotal-for-the-top-nhl-teams/43458117/, Secondary scoring proves to be pivotal for the top NHL teams, 0
https://www.usatoday.com/https://www.usatoday.com/story/sports/ncaab/2021/03/10/bubble-watch-heats-up-as-tourneys-start-in-power-conferences/115544504/, Bubble watch heats up as tourneys start in power conferences, 0
https://www.usatoday.com/https://www.usatoday.com/story/news/politics/2021/03/10/third-stimulus-checks-who-get-1-400-checks-covid-relief/6921290002/, Third stimulus checks: Who will get $1|400 checks| and who won't?, 0
https://www.usatoday.com/https://www.usatoday.com/story/news/2021/03/10/new-stimulus-bill-merrick-garlands-confirmation-5-things-know-wednesday/4622144001/, New stimulus bill| Merrick Garland's confirmation: 5 things to know Wednesday, 0
https://www.usatoday.com/https://www.usatoday.com/story/opinion/voices/2021/03/10/covid-19-wear-masks-get-vaccine-protect-frontline-troops-column/4643472001/, COVID front-line health workers need your support. Mask up| get vaccine., 0
https://www.usatoday.com/https://www.usatoday.com/story/nletter/2021/03/10/new-stimulus-bill-merrick-garlands-confirmation-5-things-know-wednesday/6935684002/, New stimulus bill| Merrick Garland's confirmation: Daily Briefing, 0
https://www.usatoday.com/https://www.usatoday.com/story/opinion/2021/03/10/covid-pandemic-standardized-testing-harmful-distraction-column/4588722001/, COVID pandemic: Forget standardized testing to help kids and teachers, 0
https://www.usatoday.com/https://www.usatoday.com/story/news/health/2021/03/10/covid-news-texas-masks-house-stimulus-alaska-coronavirus/6931946002/, COVID news: J&J vaccine; Texas ends mask mandate; House stimulus, 0
https://www.usatoday.com/https://www.usatoday.com/story/tech/columnist/2021/03/10/dashcam-buying-guide-features/4628266001/, Buying a dash cam? 5 features to consider before purchasing one, 0
https://www.usatoday.com/https://www.usatoday.com/story/opinion/2021/03/10/mallard-fillmore-doonesbury-comic-strip-cancel-culture-column/4620725001/, 'Mallard Fillmore|' 'Doonesbury' and the comical side of cancel culture, 0
https://www.usatoday.com/https://www.usatoday.com/story/news/nation/2021/03/10/new-york-covid-vaccine-hesitancy-in-the-bronx/4628437001/, New York group goes door-to-door to combat COVID vaccine hesitancy, 0
https://www.usatoday.com/https://www.usatoday.com/videos/news/nation/2021/03/10/ap-top-stories-march-10/6935717002/, AP Top Stories March 10 A, 0
https://www.usatoday.com/https://www.usatoday.com/story/news/nation/2021/03/10/derek-chauvin-trial-live-jury-selection-continue/4641875001/, Derek Chauvin trial live: Jury selection ends for day after 5 selected, 0
https://www.usatoday.com/https://www.usatoday.com/story/news/nation/2021/03/10/derek-chauvin-trial-highlights-america-racial-divides/6880041002/, George Floyd case: The Derek Chauvin trial will be a racial reckoning, 0
https://www.usatoday.com/https://www.usatoday.com/videos/news/2021/03/10/video-mother-talks-daughter-megan-mcdonald-missing-since-2003/6929633002/, VIDEO: Mother talks about daughter Megan McDonald; homicide unsolved since 2003, 0
https://www.usatoday.com/https://www.usatoday.com/story/money/investing/2021/03/10/how-sp-500-index-funds-can-make-you-a-millionaire/115535084/, How S&P 500 index funds can make you a millionaire, 0
https://www.usatoday.com/https://www.usatoday.com/story/opinion/2021/03/10/how-help-women-return-work-covid-pandemic-begins-end-column/4641568001/, How to help women return to work as COVID-19 pandemic begins to end, 0
https://www.usatoday.com/https://www.usatoday.com/in-depth/news/2021/03/10/breonna-taylors-movement-and-why-so-many-saw-themselves-her-story/4585558001/, Breonna Taylor’s movement and why so many saw themselves in her story, 0
https://www.usatoday.com/https://www.usatoday.com/story/sports/soccer/2021/03/10/man-city-to-play-cl-second-leg-against-gladbach-in-hungary/115544542/, Man City to play CL second leg against Gladbach in Hungary, 0
https://www.usatoday.com/https://www.usatoday.com/story/sports/fantasy/2021/03/10/fantasy-baseball-2021-most-intriguing-players/6933747002/, Baseball: 30 most intriguing players for each MLB 2021 team, 0
https://www.usatoday.com/https://www.usatoday.com/story/sports/soccer/2021/03/10/german-soccer-club-stuttgart-fined-for-data-breach/115544560/, German soccer club Stuttgart fined for data breach, 0
https://www.usatoday.com/https://www.usatoday.com/videos/news/nation/2021/03/10/fbi-releases-new-video-dc-pipe-bomb-suspect/6935841002/, FBI releases new video of DC pipe bomb suspect, 0
https://www.usatoday.com/https://www.usatoday.com/story/sports/nba/2021/03/10/nba-scores-schedule-second-half-teams/6933217002/, NBA news| schedule: Six teams that could make push before playoffs, 0
https://www.usatoday.com/https://www.usatoday.com/story/sports/olympics/2021/03/10/riise-to-coach-british-womens-soccer-team-at-tokyo-olympics/115544582/, Riise to coach British women's soccer team at Tokyo Olympics, 0
https://www.usatoday.com/https://www.usatoday.com/story/money/personalfinance/2021/03/10/saving-down-payment-where-to-put-those-funds/115538004/, Which account to use to save for down payment, 0
https://www.usatoday.com/https://www.usatoday.com/story/opinion/voices/2021/03/10/2022-winter-olympics-china-boycott-uyghurs-column/6924491002/, 2022 Winter Olympics: Boycott Games while China commits genocide, 0
https://www.usatoday.com/https://www.usatoday.com/story/opinion/voices/2021/03/10/civil-asset-forfeiture-laws-justice-crimes-column/4633965001/, Police abuse civil asset forfeiture laws while innocents pay the price, 0
https://www.usatoday.com/https://www.usatoday.com/story/money/columnist/2021/03/10/what-women-small-business-owners-can-learn-male-counterparts/4637187001/, What women small business owners can learn from male counterparts, 0
https://www.usatoday.com/https://www.usatoday.com/videos/news/nation/2021/03/10/creative-industry-workers-pursue-alternative-careers-during-pandemic/6935955002/, Creative industry workers pursue alternative careers during pandemic, 0
https://www.usatoday.com/https://www.usatoday.com/videos/entertainment/2021/03/10/creative-industry-workers-pursue-alternative-careers-during-pandemic/6935956002/, Creative industry workers pursue alternative careers during pandemic, 0
https://www.usatoday.com/https://www.usatoday.com/story/news/politics/2021/03/10/covid-stimulus-updates-house-verge-passing-joe-bidens-bill/6924862002/, COVID stimulus updates: Biden will sign American Rescue Plan on Friday, 0
https://www.usatoday.com/https://www.usatoday.com/story/travel/news/2021/03/10/why-arizona-doesnt-observe-daylight-saving-time/6935981002/, Why Arizona doesn't observe daylight saving time, 0
https://www.usatoday.com/https://www.usatoday.com/picture-gallery/sports/nfl/2021/03/10/nfl-free-agency-greatest-signings-all-time/6931360002/, NFL free agency: Greatest signings of all time, 0
https://www.usatoday.com/https://www.usatoday.com/story/sports/nfl/columnist/nate-davis/2021/03/10/nfl-free-agency-21-greatest-free-agent-moves-history/4634469001/, NFL free agency 2021: 21 greatest free agent moves in league history, 0
https://www.usatoday.com/https://www.usatoday.com/videos/news/nation/2021/03/10/showbiz-minute-dga-beyonce-royals/6936023002/, ShowBiz Minute: DGA; Beyonce; Royals, 0
https://www.usatoday.com/https://www.usatoday.com/videos/entertainment/2021/03/10/showbiz-minute-dga-beyonce-royals/6936025002/, ShowBiz Minute: DGA; Beyonce; Royals, 0
https://www.usatoday.com/https://www.usatoday.com/story/sports/sports-betting/2021/03/10/kansas-state-vs-tcu-odds-picks-and-prediction/115544678/, Kansas State vs. TCU odds| picks and prediction, 0
https://www.usatoday.com/https://www.usatoday.com/story/sports/ftw/2021/03/10/orioles-mickey-jannis-knuckleball-amazing/6936002002/, Orioles: Mickey Jannis knuckleball is amazing, 0
https://www.usatoday.com/https://www.usatoday.com/story/sports/ncaab/big12/2021/03/10/isaac-likekele-oklahoma-state-cade-cunningham-march-madness/4641708001/, Cade Cunningham not alone for Oklahoma State entering March Madness, 0
https://www.usatoday.com/https://www.usatoday.com/story/sports/sports-betting/2021/03/10/butler-vs-xavier-odds-picks-and-prediction/115544722/, Butler vs. Xavier odds| picks and prediction, 0
https://www.usatoday.com/https://www.usatoday.com/story/sports/sports-betting/2021/03/10/vegas-golden-knights-at-minnesota-wild-odds-picks-and-prediction/115544752/, Vegas Golden Knights at Minnesota Wild odds| picks and prediction, 0
https://www.usatoday.com/https://www.usatoday.com/story/entertainment/tv/2021/03/10/transgender-tv-anchor-debuts-first-bangladesh/6936036002/, Transgender TV anchor debuts as first in Bangladesh, 0
https://www.usatoday.com/https://www.usatoday.com/story/money/food/2021/03/10/taco-bell-cheesy-potatoes-quesalupa-more-vegetarian-options/6935112002/, Taco Bell menu changes: Cheesy potatoes| Quesalupa return Thursday, 0
https://www.usatoday.com/https://www.usatoday.com/story/sports/sports-betting/2021/03/10/iowa-state-vs-oklahoma-odds-picks-and-prediction/115544796/, Iowa State vs. Oklahoma odds| picks and prediction, 0
https://www.usatoday.com/https://www.usatoday.com/story/money/2021/03/10/daily-money-03-10-21/6936146002/, Daily Money 03-10-21, 0
https://www.usatoday.com/https://www.usatoday.com/story/money/taxes/2021/03/10/stimulus-check-tax-scams-irs-text/6936106002/, IRS tax season 2021: Stimulus| filing scams are everywhere, 0
https://www.usatoday.com/https://www.usatoday.com/story/sports/sports-betting/2021/03/10/ottawa-senators-at-edmonton-oilers-odds-picks-and-prediction/115544898/, Ottawa Senators at Edmonton Oilers odds| picks and prediction, 0
https://www.usatoday.com/https://www.usatoday.com/story/tech/2021/03/10/smart-speakers-may-soon-able-monitor-your-heartbeat/6935994002/, Smart speakers may soon be able to monitor your heartbeat, 0
https://www.usatoday.com/https://www.usatoday.com/story/sports/nfl/2021/03/10/trevor-lawrence-former-clemson-star-update-left-shoulder-injury/6936338002/, Former Clemson star Trevor Lawrence offers update on shoulder injury, 0
https://www.usatoday.com/https://www.usatoday.com/story/tech/reviewedcom/2021/03/10/8-biggest-quarantine-fashion-trends-come-pandemic/6903021002/, 8 ways the coronavirus pandemic changed style and fashion trends, 0
https://www.usatoday.com/https://www.usatoday.com/story/sports/soccer/2021/03/10/revamped-champions-league-would-increase-revenue-for-all/115545014/, Revamped Champions League would increase revenue for all, 0
https://www.usatoday.com/https://www.usatoday.com/story/news/politics/2021/03/10/gov-abbot-faults-president-biden-uptick-illegal-border-crossings/6936479002/, Abbott faults President Biden for uptick in illegal border crossings, 0
https://www.usatoday.com/https://www.usatoday.com/picture-gallery/life/health-wellness/2021/03/10/what-americans-are-stressed-about-the-most/43453577/, Stress in the United States: What are Americans most worried about?, 0
https://www.usatoday.com/https://www.usatoday.com/videos/news/nation/2021/03/10/beth-moore-prominent-evangelist-leaves-southern-baptist-convention/6936396002/, Beth Moore: Prominent evangelist leaves Southern Baptist Convention, 0
https://www.usatoday.com/https://www.usatoday.com/story/sports/ncaab/2021/03/10/march-madness-bracketology-gonzaga-undefeated-ncaa-tournament/6936118002/, March Madness bracketology: Will Gonzaga complete undefeated year?, 0
https://www.usatoday.com/https://www.reviewed.com/home-outdoors/best-right-now/best-electric-snow-shovels?utm_source=usat&utm_medium=referral&utm_campaign=collab, The best electric snow shovels of 2021, 0
https://www.usatoday.com/https://www.usatoday.com/videos/news/nation/2021/03/10/day-10-march-2015/6936714002/, On This Day: 10 March 2015, 0
https://www.usatoday.com/https://www.usatoday.com/videos/entertainment/2021/03/10/day-10-march-2015/6936719002/, On This Day: 10 March 2015, 0
https://www.usatoday.com/https://www.usatoday.com/videos/graphics/2021/03/10/myanmar-military-detains-nld-lawmakers-amid-seizure-power/6936724002/, Myanmar Military Detains NLD Lawmakers Amid Seizure of Power, 0
https://www.usatoday.com/https://www.usatoday.com/videos/news/nation/2021/03/10/fireeye-ceo-reckless-microsoft-hack-odd-china/6936777002/, FireEye CEO: Reckless Microsoft hack odd for China, 0
https://www.usatoday.com/https://brackets.usatoday.com/?itm_source=editorial&itm_medium=front&itm_campaign=brackets-bnm&itm_content=sports, Brackets are back! Sign up now to create your pool| invite friends, 0
https://www.usatoday.com/https://www.usatoday.com/videos/news/nation/2021/03/10/thousands-trout-pumped-into-reservoir-northeast-colorado/6935718002/, Thousands of trout pumped into reservoir in northeast Colorado, 0
https://www.usatoday.com/https://www.usatoday.com/story/entertainment/celebrities/2021/03/10/mumford-and-sons-winston-marshall-hiatus-andy-ngo-book-uproar/6935949002/, Mumford & Sons' Winston Marshall on hiatus after Andy Ngo book uproar, 0
https://www.usatoday.com/https://www.usatoday.com/videos/entertainment/entertainthis/2021/03/10/grammys-2021-bts-reveals-theyre-more-eager-perform-than-win-full-interview/6929829002/, Grammys 2021: BTS reveals they're more eager to perform than to win, 0
https://www.usatoday.com/https://www.usatoday.com/story/tech/2021/03/10/face-mask-inventor-google-doodle-marks-dr-wu-lien-tehs-birthday/6936312002/, Face mask inventor: Google Doodle marks Dr. Wu Lien-teh's birthday, 0
https://www.usatoday.com/https://www.usatoday.com/story/sports/motor/formula1/2021/03/10/ferrari-unveils-its-new-formula-1-car-the-sf21/115545176/, Ferrari unveils its new Formula 1 car| the SF21, 0
https://www.usatoday.com/https://www.usatoday.com/story/sports/soccer/2021/03/10/mining-billionaire-fifas-chosen-man-to-run-african-soccer/115545206/, Mining billionaire FIFA's chosen man to run African soccer, 0
https://www.usatoday.com/https://www.usatoday.com/story/news/world/2021/03/10/china-russia-lunar-outpost-countries-build-research-station/6936298002/, China| Russia lunar outpost: Countries to build research station, 0
https://www.usatoday.com/https://www.usatoday.com/videos/graphics/2021/03/10/police-vehicles-line-street-yangon-after-military-takeover/6937053002/, Police Vehicles Line Street in Yangon After Military Takeover, 0
https://www.usatoday.com/https://www.usatoday.com/story/news/politics/2021/03/10/covid-19-stimulus-package-polls-find-strong-support-relief/6936053002/, COVID-19 stimulus package: Polls find strong U.S. support for relief, 0
https://www.usatoday.com/https://www.usatoday.com/videos/graphics/2021/03/10/army-personnel-carriers-seen-mandalay-after-myanmar-military-takeover/6937160002/, Army Personnel Carriers Seen in Mandalay After Myanmar Military Takeover, 0
https://www.usatoday.com/https://www.usatoday.com/story/money/2021/03/10/nc-brewer-fights-regulators-put-f-word-its-craft-seltzer-label/6936993002/, North Carolina brewer loses battle to put 'F-word' on seltzer labels, 0
https://www.usatoday.com/https://www.usatoday.com/videos/news/have-you-seen/2021/03/10/bald-eagle-gets-buried-snow-while-incubating-eggs/6933490002/, Bald eagle gets buried in snow while incubating eggs, 0
https://www.usatoday.com/https://www.usatoday.com/story/entertainment/tv/2021/03/10/how-pandemic-changed-tv-and-how-much-last/6826073002/, How pandemic changed TV| and how much of it will last, 0
https://www.usatoday.com/https://www.usatoday.com/story/entertainment/movies/2021/03/10/jennifer-garner-yes-day-movie-netflix-alone-time/6928924002/, 'Yes Day': Jennifer Garner on ice cream at breakfast| being home alone, 0
https://www.usatoday.com/https://www.usatoday.com/videos/graphics/2021/03/10/protesters-yangon-bang-pots-and-pans-opposition-military-takeover/6937517002/, Protesters in Yangon Bang Pots and Pans in Opposition to Military Takeover, 0
https://www.usatoday.com/https://www.usatoday.com/story/sports/olympics/2021/03/10/thomas-bach-re-elected-as-president-of-international-olympic-committee-until-2025/43458481/, Thomas Bach re-elected as president of International Olympic Committee until 2025, 0
https://www.usatoday.com/https://www.usatoday.com/story/sports/sports-betting/2021/03/10/washington-wizards-at-memphis-grizzlies-odds-picks-and-prediction/115545526/, Washington Wizards at Memphis Grizzlies odds| picks and prediction, 0
https://www.usatoday.com/https://www.usatoday.com/story/sports/sports-betting/2021/03/10/arizona-coyotes-at-colorado-avalanche-odds-picks-and-prediction/115545592/, Arizona Coyotes at Colorado Avalanche odds| picks and prediction, 0
https://www.usatoday.com/https://www.usatoday.com/videos/entertainment/celebrities/2021/03/10/piers-morgan-meghan-markles-damage-queen-royals-contemptible/6936306002/, Piers Morgan: Meghan Markle's 'damage' to Queen| royals 'contemptible', 0
https://www.usatoday.com/https://www.usatoday.com/story/sports/sports-betting/2021/03/10/nebraska-at-penn-state-odds-picks-and-prediction/115545622/, Nebraska at Penn State odds| picks and prediction, 0
https://www.usatoday.com/https://www.usatoday.com/story/sports/olympics/2021/03/10/thomas-bach-re-elected-as-ioc-president-until-2025/115545646/, Thomas Bach re-elected as IOC president until 2025, 0
https://www.usatoday.com/https://www.usatoday.com/story/sports/nfl/2021/03/10/nfl-sets-2021-salary-cap-decrease-covid-19/6937488002/, NFL sets 2021 salary cap at $182.5 million| a $15.7 million drop, 0
https://www.usatoday.com/https://www.usatoday.com/story/news/nation/2021/03/10/sean-lannon-east-greenwich-new-mexico-homicide/6937092002/, Sean Lannon arrested: Manhunt over for New Mexico| New Jersey killings, 0
https://www.usatoday.com/https://www.usatoday.com/videos/graphics/2021/03/10/health-workers-myanmar-begin-protest-against-military-takeover/6937678002/, Health Workers in Myanmar Begin Protest Against Military Takeover, 0
https://www.usatoday.com/https://www.usatoday.com/story/tech/2021/03/10/chromebooks-turn-10-phone-hub-screen-capture-coming-devices/6936350002/, Chromebooks turn 10: Phone Hub| Screen Capture coming to devices, 0
https://www.usatoday.com/https://www.usatoday.com/story/sports/sports-betting/2021/03/10/2021-players-championship-picks-headtohead-and-3ball-matchup-predictions/115545670/, 2021 Players Championship Picks: Head-to-head and 3-ball matchup predictions, 0
https://www.usatoday.com/https://www.usatoday.com/story/money/markets/2021/03/10/stocks-have-solid-start-wall-street-led-technology/6937985002/, Stocks have a solid start on Wall Street| led by technology, 0
https://www.usatoday.com/https://www.usatoday.com/story/life/health-wellness/2021/03/10/sobriety-alcohol-free-lifestyle-chrissy-teigen-more/4635330001/, Sobriety: Chrissy Teigen| more popularize sober curious lifestyles, 0
https://www.usatoday.com/https://www.usatoday.com/story/sports/ncaab/2021/03/10/3-share-big-east-player-of-the-year-honors-for-1st-time/43458533/, 3 share Big East Player of the Year honors for 1st time, 0
https://www.usatoday.com/https://www.reviewed.com/cooking/best-right-now/the-best-baking-tools?utm_source=usat&utm_medium=referral&utm_campaign=collab, The best baking tools of 2021, 0
https://www.usatoday.com/https://www.reviewed.com/cooking/features/driftaway-coffee-tasting-review?utm_source=usat&utm_medium=referral&utm_campaign=collab, This virtual coffee tasting is the social event I needed, 0
https://www.usatoday.com/https://www.usatoday.com/story/sports/sports-betting/2021/03/10/2021-players-championship-picks-best-tournament-prop-bets/115545730/, 2021 Players Championship Picks: Best tournament prop bets, 0
https://www.usatoday.com/https://www.usatoday.com/story/sports/sports-betting/2021/03/10/2021-new-york-mets-world-series-win-total-pennant-and-division-odds/115545738/, 2021 New York Mets World Series| win total| pennant and division odds, 0
https://www.usatoday.com/https://www.usatoday.com/story/sports/sports-betting/2021/03/10/2021-philadelphia-phillies-world-series-win-total-pennant-and-division-odds/115545758/, 2021 Philadelphia Phillies World Series| win total| pennant and division odds, 0
https://www.usatoday.com/https://www.usatoday.com/story/news/politics/2021/03/10/kirsten-gillibrand-andrew-cuomo-harassment/6937983002/, Gillibrand pushes back on calls for elected women to weigh in on Cuomo, 0
https://www.usatoday.com/https://www.reviewed.com/vacuums/features/heres-difference-between-carpet-cleaners-and-vacuums?utm_source=usat&utm_medium=referral&utm_campaign=collab, Carpet cleaner or vacuum: Which one do you need?, 0
https://www.usatoday.com/https://www.usatoday.com/story/entertainment/tv/2021/03/10/daniel-dae-kim-anti-asian-violence-breakthrough-roles/4631558001/, Daniel Dae Kim on 'New Amsterdam|' battling anti-Asian violence, 0
https://www.usatoday.com/https://www.usatoday.com/videos/news/nation/2021/03/10/haim-grammys-celebration-win-lose/6939043002/, HAIM: Grammys will be a 'celebration|' win or lose, 0
https://www.usatoday.com/https://www.usatoday.com/videos/entertainment/2021/03/10/haim-grammys-celebration-win-lose/6939045002/, HAIM: Grammys will be a 'celebration|' win or lose, 0
https://www.usatoday.com/https://www.usatoday.com/story/sports/nfl/2021/03/10/browns-wr-switzers-infant-son-out-of-hospital-after-surgery/115545896/, Browns WR Switzer's infant son out of hospital after surgery, 0
https://www.usatoday.com/https://www.usatoday.com/story/sports/wnba/2021/03/10/after-opting-out-natasha-cloud-signs-new-deal-with-mystics/115545904/, After opting out| Natasha Cloud signs new deal with Mystics, 0
https://www.usatoday.com/https://www.usatoday.com/story/tech/2021/03/10/youtube-channel-dad-how-to-videos-dad-rob-kenney/6923242002/, YouTube video: Rob Kenney 'Dad| How Do I' DIY videos grow amid COVID, 0
https://www.usatoday.com/https://www.usatoday.com/videos/news/nation/2021/03/10/suspect-sought-nj-homicide-quadruple-murder-new-mexico/6939127002/, Suspect sought in NJ homicide| quadruple murder in New Mexico, 0
https://www.usatoday.com/https://www.usatoday.com/picture-gallery/entertainment/tv/2021/03/10/the-masked-singer-season-5-contestants-see-their-costumes/6926143002/, Revisit 'The Masked Singer' contestants; Piglet wins golden trophy, 0
https://www.usatoday.com/https://www.10best.com/interests/food-culture/what-is-cold-pressed-juice-is-it-better-healthier/, What is 'cold-pressed' juice and is it really better?, 0
https://www.usatoday.com/https://www.reviewed.com/laundry/features/how-to-disinfect-surfaces-from-coronavirus-clorox-lysol?utm_source=usat&utm_medium=referral&utm_campaign=collab, Do you use our favorite disinfectants for COVID-19 germs in your home?, 0
https://www.usatoday.com/https://www.usatoday.com/picture-gallery/entertainment/books/2021/03/10/best-books-2021-usa-today-critics-highest-rated-reviews-kazuo-ishiguro-joan-didion-the-prophets-more/4637899001/, The best books of 2021: 'Jenny Lawson's 'Broken|' 'The Five Wounds', 0
https://www.usatoday.com/https://www.usatoday.com/story/sports/ncaaw/2021/03/10/baylor-women-going-for-10th-big-12-tourney-title-before-ncaa/43458947/, Baylor women going for 10th Big 12 tourney title before NCAA, 0
https://www.usatoday.com/https://www.usatoday.com/story/sports/wnba/lynx/2021/03/10/wnba-star-maya-moore-sit-out-2021-season-focus-family/6938565002/, WNBA star Maya Moore to sit out 2021 season| focus on family, 0
https://www.usatoday.com/https://www.usatoday.com/story/sports/nfl/2021/03/10/nfl-sets-salary-cap-at-1825-million-down-8-from-2020/43458589/, NFL sets salary cap at $182.5 million| down 8% from 2020, 0
https://www.usatoday.com/https://www.usatoday.com/videos/sports/sportspulse/2021/03/10/mens-college-basketball-coaches-salaries/6933611002/, Men’s College Basketball Coaches Salaries, 0
https://www.usatoday.com/https://www.usatoday.com/picture-gallery/sports/ncaab/2021/03/10/college-basketball-coaches-making-more-than-3-million/4630432001/, College basketball coaches making more than $3 million, 0
https://www.usatoday.com/https://www.usatoday.com/story/sports/ncaab/2021/03/10/ncaa-basketball-coaches-salaries-some-lowest-paid-making-impact/4630381001/, NCAA basketball coaches salaries: Some of lowest paid making impact, 0
https://www.usatoday.com/https://www.usatoday.com/story/sports/ncaab/2021/03/10/ncaa-basketball-coaches-salaries-six-underachievers-power-five/4641732001/, NCAA basketball coaches salaries: Six underachievers in Power Five, 0
https://www.usatoday.com/https://www.usatoday.com/story/sports/ncaab/2021/03/10/ncaa-tournament-coaches-who-got-bonus-pay-canceled-2020-tournament/4642256001/, NCAA Tournament: Coaches who got bonus pay for canceled 2020 tourney, 0
https://www.usatoday.com/https://www.usatoday.com/picture-gallery/life/2021/03/10/the-highest-point-in-every-state/43440817/, The highest peak in every state| from Alaska to Florida, 0
https://www.usatoday.com/https://www.usatoday.com/story/sports/tennis/2021/03/10/muguruza-beats-swiatek-in-dubai-pegula-upsets-pliskova/115546054/, Muguruza beats Swiatek in Dubai| Pegula upsets Pliskova, 0
https://www.usatoday.com/https://www.usatoday.com/story/travel/news/2021/03/10/uber-mask-policy-driver-coughed-maskless-passenger-why-rider-banned/6938230002/, Uber driver coughed on by maskless passenger: Why the rider is banned, 0
https://www.usatoday.com/https://www.usatoday.com/story/news/nation/2021/03/10/hawaii-flooding-heavy-rain-leads-catastrophic-floods/6939055002/, Hawaii floods: Scientists warn more devastation due to climate change, 0
https://www.usatoday.com/https://www.usatoday.com/story/tech/reviewedcom/2021/03/10/ulta-gift-sets-get-22-piece-makeup-kit-less-than-20/6926025002/, Ulta gift sets: Get a 22-piece makeup kit for less than $20, 0
https://www.usatoday.com/https://www.usatoday.com/story/news/nation/2021/03/10/kyle-rittenhouse-trial-date-november-for-kenosha-unrest-fatal-shootings/6939836002/, Kyle Rittenhouse trial in Kenosha fatal shootings now set for November, 0
https://www.usatoday.com/https://www.usatoday.com/story/sports/nfl/2021/03/10/bengals-sign-backup-qb-brandon-allen-to-one-year-contract/43458603/, Bengals sign backup QB Brandon Allen to one-year contract, 0
https://www.usatoday.com/https://www.usatoday.com/videos/news/nation/2021/03/10/assault-defendant-found-same-place-witness-during-zoom-hearing/6940129002/, Assault defendant found in same place as witness during Zoom hearing, 0
https://www.usatoday.com/https://www.usatoday.com/story/sports/mlb/2021/03/10/blake-cullen-former-cubs-nl-executive-dies-at-85/43458609/, Blake Cullen| former Cubs| NL executive| dies at 85, 0
https://www.usatoday.com/https://www.usatoday.com/story/news/nation/2021/03/10/michigan-zoom-court-hearing-adjourned-defendant-victim-same-home/6936887002/, Michigan Zoom court hearing adjourned: Defendant| victim in same home, 0
https://www.usatoday.com/https://www.usatoday.com/videos/news/have-you-seen/2021/03/10/naked-cowboy-arrested-panhandling-daytona-beach-florida/6940638002/, Naked Cowboy was arrested for panhandling in Daytona Beach| Florida, 0
https://www.usatoday.com/https://www.usatoday.com/story/sports/nfl/patriots/2021/03/10/meyers-leonard-slur-patriots-julian-edelman-reaches-out/6939861002/, Meyers Leonard's slur prompts Patriots WR Julian Edelman to reach out, 0
https://www.usatoday.com/https://www.usatoday.com/story/sports/college/columnist/dan-wolken/2021/03/10/ncaa-investigation-sean-millers-future-arizona-crossroads/6937349002/, NCAA investigation: Sean Miller's future at Arizona at a crossroads, 0
https://www.usatoday.com/https://www.usatoday.com/sitemap/2021/march/10/, 1, 0
https://www.usatoday.com/https://www.usatoday.com/sitemap/2021/march/10/?page=2, 2, 0
