https://www.usatoday.com/https://www.usatoday.com/story/sports/nba/2021/03/10/celtics-get-defensive-boost-as-smart-is-cleared-to-return/115547242/, Celtics get defensive boost as Smart is cleared to return, 0
https://www.usatoday.com/https://www.usatoday.com/story/sports/ncaab/2021/03/10/jarrett-leads-jackson-st-past-ark-pine-bluff-74-62-in-swac/115547266/, Jarrett leads Jackson St. past Ark-Pine Bluff 74-62 in SWAC, 0
https://www.usatoday.com/https://www.usatoday.com/story/entertainment/movies/2021/03/10/creed-3-michael-b-jordan-star-make-directorial-debut/6947875002/, 'Creed 3': Michael B. Jordan to star| make directorial debut, 0
https://www.usatoday.com/https://www.usatoday.com/story/money/business/2021/03/10/why-kroger-shutting-stores-over-hazard-pay/6948904002/, Why is Kroger shutting stores over COVID hazard pay?, 0
https://www.usatoday.com/https://www.usatoday.com/story/news/politics/2021/03/10/michael-regan-confirmed-senate-first-black-man-leading-epa/6948159002/, Michael Regan confirmed by Senate to be first Black man leading EPA, 0
https://www.usatoday.com/https://www.usatoday.com/story/sports/nba/2021/03/10/durant-still-out-for-nets-who-will-be-cautious-with-griffin/115547290/, Durant still out for Nets| who will be cautious with Griffin, 0
https://www.usatoday.com/https://www.usatoday.com/story/entertainment/celebrities/2021/03/10/olivia-munn-asks-teen-vogue-editor-acknowledge-past-racist-tweet/6946991002/, Alexi McCammond| Teen Vogue part ways after racist tweets backlash, 0
https://www.usatoday.com/https://www.usatoday.com/story/news/nation/2021/03/10/sea-turtles-florida-mystery-illness-brevard-zoo/6948767002/, Sea turtles are coming ashore along Florida coast with mystery illness, 0
https://www.usatoday.com/https://www.usatoday.com/story/tech/2021/03/10/covid-vaccine-facebook-youtube-instagram-black-misinformation-fight/6943180002/, Facebook COVID vaccine lie: Black community fights fake information, 0
https://www.usatoday.com/https://www.usatoday.com/story/sports/nfl/2021/03/10/ap-source-saints-cut-receiver-sanders-linebacker-alexander/115547294/, AP source: Saints cut receiver Sanders| linebacker Alexander, 0
https://www.usatoday.com/https://www.usatoday.com/story/sports/nfl/2021/03/10/vikings-cut-lt-riley-reiff-for-cap-savings-of-more-than-11m/43459209/, Vikings cut LT Riley Reiff for cap savings of more than $11M, 0
https://www.usatoday.com/https://www.usatoday.com/story/sports/nhl/2021/03/10/coyotes-kuemper-could-miss-significant-time-with-injury/43459213/, Coyotes' Kuemper could miss significant time with injury, 0
https://www.usatoday.com/https://www.usatoday.com/story/sports/nba/2021/03/10/popovich-announces-aldridge-will-be-moving-on-from-spurs/43459215/, Popovich announces Aldridge will be moving on from Spurs, 0
https://www.usatoday.com/https://www.usatoday.com/story/entertainment/celebrities/2021/03/10/pioneer-woman-ree-drummond-nephew-critical-condition-after-crash/6948748002/, Ree Drummond: Pioneer Woman reveals husband's neck broke in crash, 0
https://www.usatoday.com/https://www.usatoday.com/story/news/factcheck/2021/03/10/fact-check-claims-nancy-pelosis-flight-bar-tab-unfounded/6937908002/, Fact check: Claims on Nancy Pelosi's in-flight bar tab are unfounded, 0
https://www.usatoday.com/https://www.usatoday.com/story/sports/ncaaw/2021/03/10/no-20-south-florida-women-hold-off-tulane-in-aac-semis/115547342/, No. 20 South Florida women hold off Tulane in AAC semis, 0
https://www.usatoday.com/https://www.usatoday.com/story/tech/reviewedcom/2021/03/10/patio-furniture-shop-big-markdowns-chairs-rugs-and-more-wayfair/4634675001/, Patio furniture: Shop big markdowns on chairs| rugs and more at Wayfair, 0
https://www.usatoday.com/https://www.usatoday.com/story/sports/olympics/2021/03/10/us-olympic-ceo-optimistic-athletes-vaccinated-before-tokyo/6948221002/, US Olympic CEO optimistic athletes will be vaccinated before Tokyo, 0
https://www.usatoday.com/https://www.usatoday.com/story/news/investigations/2021/03/10/lawmakers-chastise-lsu-president-galligan-after-sexual-abuse-scandal-les-miles-drake-davis-guice/6936742002/, Lawmakers chastise LSU president Galligan after sexual abuse scandal, 0
https://www.usatoday.com/https://www.usatoday.com/story/sports/nba/cavaliers/2021/03/10/basketball-hall-of-fame-broadcaster-joe-tait-died-83/6949672002/, Joe Tait| Basketball Hall of Fame broadcaster for Cavaliers| dies, 0
https://www.usatoday.com/https://www.usatoday.com/story/sports/ncaab/2021/03/10/k-state-cruises-to-71-50-win-over-tcu-in-big-12-tourney/115547426/, K-State cruises to 71-50 win over TCU in Big 12 tourney, 0
https://www.usatoday.com/https://www.usatoday.com/story/news/nation/2021/03/10/idaho-drops-powerball-after-32-years-fearing-foreign-participation/6949312002/, Idaho drops Powerball after 32 years| fearing foreign participation, 0
https://www.usatoday.com/https://www.usatoday.com/story/entertainment/music/2021/03/10/grammys-how-watch-livestream-performer-lineup-and-nominees/4635447001/, Grammys: How to watch or livestream| performer lineup and nominees, 0
https://www.usatoday.com/https://www.usatoday.com/videos/news/nation/2021/03/11/busy-michelle-obama-adores-knitting-eyes-future/6949982002/, Busy Michelle Obama adores knitting| eyes future, 0
https://www.usatoday.com/https://www.usatoday.com/story/entertainment/celebrities/2021/03/10/adele-divorce-joint-custody-son-no-spousal-support/6949696002/, Adele divorce: Joint custody of son| no spousal support, 0
https://www.usatoday.com/https://www.usatoday.com/story/sports/nba/spurs/2021/03/10/spurs-looking-match-lamarcus-aldridge-team-he-wants-play/6949298002/, Spurs looking to match LaMarcus Aldridge with team he wants to play for, 0
https://www.usatoday.com/https://www.usatoday.com/story/sports/ncaab/2021/03/10/vazquez-nets-21-to-lift-montana-over-idaho-69-64-in-big-sky/43459239/, Vazquez nets 21 to lift Montana over Idaho 69-64 in Big Sky, 0
https://www.usatoday.com/https://www.usatoday.com/videos/news/nation/2021/03/11/residents-dig-out-california-storm-mudslide/6950158002/, Residents dig out from California storm mudslide, 0
https://www.usatoday.com/https://www.usatoday.com/story/sports/ncaaw/2021/03/10/winston-michigan-st-women-top-penn-st-in-big-ten-75-66/115547464/, Winston| Michigan St. women top Penn St. in Big Ten 75-66, 0
https://www.usatoday.com/https://www.usatoday.com/story/sports/mlb/2021/03/10/norm-sherry-dodgers-teammate-of-sandy-koufax-dies-at-89/43459241/, Norm Sherry| Dodgers teammate of Sandy Koufax| dies at 89, 0
https://www.usatoday.com/https://www.usatoday.com/story/entertainment/tv/2021/03/10/the-masked-singer-premiere-elimination-snail-eliminated/6927165002/, Masked Singer premiere's first elimination is Kermit the Frog as Snail, 0
https://www.usatoday.com/https://www.usatoday.com/story/sports/ncaab/2021/03/10/harris-sinks-game-winning-fts-butler-ousts-xavier-in-ot/43459243/, Harris sinks game-winning FTs| Butler ousts Xavier in OT, 0
https://www.usatoday.com/https://www.usatoday.com/story/money/shopping/2021/03/10/disney-stores-closures-locations-shuttering-march-2021-liquidation/6945644002/, Disney Stores closing 2021: See list of locations shuttering in March, 0
https://www.usatoday.com/https://www.usatoday.com/videos/tech/2021/03/11/cassette-tapes-what-we-loved-obsolete-audio-format/6950114002/, Cassette tapes: what we loved about this obsolete audio format, 0
https://www.usatoday.com/https://www.usatoday.com/videos/news/nation/2021/03/11/report-cuomo-groped-aide-governors-residence/6950270002/, Report: Cuomo groped aide in governor's residence, 0
https://www.usatoday.com/https://www.usatoday.com/story/sports/ncaab/2021/03/10/new-orleans-beats-se-louisiana-80-63-in-southland-tourney/43459273/, New Orleans beats SE Louisiana 80-63 in Southland tourney, 0
https://www.usatoday.com/https://www.usatoday.com/story/news/nation/2021/03/10/newsom-california-reopening-plan-get-new-green-tier/6946094002/, Newsom: California reopening plan to get new| green tier, 0
https://www.usatoday.com/https://www.usatoday.com/story/sports/ncaab/2021/03/10/wallace-scores-20-to-lead-utsa-past-charlotte-72-62-in-cusa/115547476/, Wallace scores 20 to lead UTSA past Charlotte 72-62 in CUSA, 0
https://www.usatoday.com/https://www.usatoday.com/story/news/factcheck/2021/03/10/fact-check-oprah-did-not-wear-ankle-monitor-during-interview/6938666002/, Fact check: Oprah did not wear an ankle monitor during interview, 0
https://www.usatoday.com/https://www.usatoday.com/story/sports/ncaab/2021/03/10/williams-dominates-inside-as-duke-rolls-to-acc-quarters/115547766/, Williams dominates inside as Duke rolls to ACC quarters, 0
https://www.usatoday.com/https://www.usatoday.com/story/news/nation/2021/03/10/asian-americans-hate-crimes-compassion-oakland-california/6930818002/, Asian American attacks unite 700 people for Compassion in Oakland, 0
https://www.usatoday.com/https://www.usatoday.com/story/sports/ncaab/2021/03/10/williams-helps-minnesota-knock-off-northwestern-51-46/43459617/, Williams helps Minnesota knock off Northwestern 51-46, 0
https://www.usatoday.com/https://www.usatoday.com/story/sports/ncaab/2021/03/10/jenkins-jr-scores-21-unlv-tops-air-force-80-52-in-mwc/115547510/, Jenkins Jr. scores 21| UNLV tops Air Force 80-52 in MWC, 0
https://www.usatoday.com/https://www.usatoday.com/picture-gallery/news/nation/2021/03/11/sayhername-movement-remember-black-women-killed-police/6935891002/, #SayHerName movement: Remember the Black women killed by police, 0
https://www.usatoday.com/https://www.usatoday.com/story/sports/ncaab/2021/03/10/pitino-iona-beat-top-seeded-siena-55-52-in-maac-tourney/115547540/, Pitino| Iona beat top-seeded Siena 55-52 in MAAC tourney, 0
https://www.usatoday.com/https://www.usatoday.com/story/sports/ncaab/2021/03/10/pippen-jr-vanderbilt-beat-texas-am-79-68-in-sec-tourney/115547698/, Pippen Jr.| Vanderbilt beat Texas A&M 79-68 in SEC tourney, 0
https://www.usatoday.com/https://www.usatoday.com/story/sports/nhl/2021/03/10/eriksson-ek-gets-2-goals-as-wild-chase-fleury-top-vegas-4-3/43459275/, Eriksson Ek gets 2 goals as Wild chase Fleury| top Vegas 4-3, 0
https://www.usatoday.com/https://www.usatoday.com/story/sports/nhl/2021/03/10/ek-scores-twice-as-wild-beat-golden-knights-4-3/43459399/, Ek scores twice as Wild beat Golden Knights 4-3, 0
https://www.usatoday.com/https://www.usatoday.com/story/sports/nba/2021/03/10/spoelstra-leonards-words-were-distasteful-and-hurtful/43459409/, Spoelstra: Leonard's words were 'distasteful and hurtful', 0
https://www.usatoday.com/https://www.usatoday.com/story/sports/ncaab/acc/2021/03/10/mark-williams-acc-tournament-freshman-rebound-record-duke-louisville/6950806002/, Duke beats Louisville in ACC Tournament behind Mark Williams, 0
https://www.usatoday.com/https://www.usatoday.com/videos/news/nation/2021/03/11/jhay-cortez-bad-bunny-take-you-back-club-grammy-performance/6951151002/, Jhay Cortez| Bad Bunny will take you back to the club with Grammy performance, 0
https://www.usatoday.com/https://www.usatoday.com/videos/entertainment/2021/03/11/jhay-cortez-bad-bunny-take-you-back-club-grammy-performance/6951152002/, Jhay Cortez| Bad Bunny will take you back to the club with Grammy performance, 0
https://www.usatoday.com/https://www.usatoday.com/story/news/nation/2021/03/10/andrew-cuomo-groped-female-aide-report-new-york-governor/6950504002/, Andrew Cuomo 'groped' female aide at governor's mansion: report, 0
https://www.usatoday.com/https://www.usatoday.com/story/sports/ncaab/2021/03/10/stroud-fresno-st-beat-new-mexico-85-77-in-mwc-tourney/115547718/, Stroud| Fresno St. beat New Mexico 85-77 in MWC tourney, 0
https://www.usatoday.com/https://www.usatoday.com/story/sports/ncaab/2021/03/10/olivari-scores-23-rice-tops-marshall-72-68-in-c-usa-tourney/43459285/, Olivari scores 23| Rice tops Marshall 72-68 in C-USA tourney, 0
https://www.usatoday.com/https://www.usatoday.com/story/sports/ncaab/2021/03/10/colgate-routs-bucknell-105-75-in-patriot-league-tourney/115547716/, Colgate routs Bucknell 105-75 in Patriot League tourney, 0
https://www.usatoday.com/https://www.usatoday.com/story/entertainment/movies/2021/03/10/academy-museum-what-expect-when-destination-opens-september/6948855002/, Academy Museum: What to expect when the destination opens in September, 0
https://www.usatoday.com/https://www.usatoday.com/story/sports/nba/2021/03/10/warriors-rookie-wiseman-misses-covid-19-test-cant-practice/43459287/, Warriors rookie Wiseman misses COVID-19 test| can't practice, 0
https://www.usatoday.com/https://www.usatoday.com/videos/news/nation/2021/03/11/today-history-march-11-th/6951592002/, Today in History for March 11th, 0
https://www.usatoday.com/https://www.usatoday.com/story/sports/nba/2021/03/10/valanciunas-scores-29-leads-grizzlies-over-wizards-127-112/43459291/, Valanciunas scores 29| leads Grizzlies over Wizards 127-112, 0
https://www.usatoday.com/https://www.usatoday.com/story/sports/nba/2021/03/10/mavericks-pull-away-late-to-beat-spurs-115-104/43459303/, Mavericks pull away late to beat Spurs 115-104, 0
https://www.usatoday.com/https://www.usatoday.com/story/news/factcheck/2021/03/10/fact-check-ted-cruzs-campaign-mailers-complied-fec-standards/6925569002/, Fact check: Ted Cruz's campaign mailers complied with FEC standards, 0
https://www.usatoday.com/https://www.usatoday.com/story/sports/nhl/2021/03/10/draisaitl-gets-hat-trick-as-oilers-beat-senators-7-1/43459315/, Draisaitl gets hat trick as Oilers beat Senators 7-1, 0
https://www.usatoday.com/https://www.usatoday.com/story/news/50-states/2021/03/10/relaxing-restrictions-food-night-mass-vaccine-sites-news-around-states/115547438/, 50 States, 0
https://www.usatoday.com/https://www.usatoday.com/story/sports/ncaaw/2021/03/10/czinano-clark-help-iowa-women-break-away-from-purdue-83-72/43459325/, Czinano| Clark help Iowa women break away from Purdue 83-72, 0
https://www.usatoday.com/https://www.usatoday.com/story/sports/ncaab/2021/03/10/depaul-clocks-providence-advancing-to-big-east-quarterfinals/43459327/, DePaul clocks Providence advancing to Big East quarterfinals, 0
https://www.usatoday.com/https://www.usatoday.com/story/sports/ncaab/2021/03/10/bacot-unc-beat-notre-dame-101-59-advance-to-acc-semis/43459333/, Bacot| UNC beat Notre Dame 101-59| advance to ACC quarters, 0
https://www.usatoday.com/https://www.usatoday.com/picture-gallery/entertainment/movies/2021/03/11/academy-museum-film-highlights-dude-robe-dorothy-slippers/6951487002/, Academy Museum highlights: From the Dude's robe to Dorothy's slippers, 0
https://www.usatoday.com/https://www.usatoday.com/in-depth/money/2021/03/11/covid-19-economy-1-year-later-how-far-did-we-fall-how-much-have-we-recovered/6944139002/, Stimulus checks: How far did economy fall| recover in COVID year?, 0
https://www.usatoday.com/https://www.usatoday.com/story/sports/soccer/2021/03/11/capello-questions-pirlo-over-ronaldo-gaffe-in-juventus-loss/115548140/, Capello questions Pirlo over Ronaldo gaffe in Juventus loss, 0
https://www.usatoday.com/https://www.usatoday.com/story/sports/ncaab/2021/03/11/penn-state-pulls-away-late-beats-nebraska-72-66/43459363/, Penn State pulls away late| beats Nebraska 72-66, 0
https://www.usatoday.com/https://www.usatoday.com/story/sports/nhl/2021/03/11/goalie-grosenick-returns-to-nhl-leads-kings-past-ducks-5-1/115547648/, Goalie Grosenick returns to NHL| leads Kings past Ducks 5-1, 0
https://www.usatoday.com/https://www.usatoday.com/story/sports/ncaab/2021/03/11/lamar-beats-houston-baptist-62-52-in-southland-tourney/115547742/, Lamar beats Houston Baptist 62-52 in Southland tourney, 0
https://www.usatoday.com/https://www.usatoday.com/story/sports/ncaab/2021/03/11/no-25-oklahoma-survives-iowa-state-comeback-for-79-73-win/115547730/, No. 25 Oklahoma survives Iowa State comeback for 79-73 win, 0
https://www.usatoday.com/https://www.usatoday.com/story/sports/ncaab/2021/03/11/prairie-view-am-routs-mississippi-valley-state-91-64/43459383/, Prairie View A&M routs Mississippi Valley State 91-64, 0
https://www.usatoday.com/https://www.usatoday.com/story/sports/ncaab/2021/03/11/hamlet-lifts-north-texas-past-middle-tennessee-76-56/115547758/, Hamlet lifts North Texas past Middle Tennessee 76-56, 0
https://www.usatoday.com/https://www.usatoday.com/story/sports/ncaab/2021/03/11/silins-scores-22-to-lead-fau-past-utep-76-70/43459385/, Silins scores 22 to lead FAU past UTEP 76-70, 0
https://www.usatoday.com/https://www.usatoday.com/story/sports/nhl/2021/03/11/landeskog-scores-late-in-ot-avalanche-beat-coyotes-2-1/43459411/, Landeskog scores late in OT| Avalanche beat Coyotes 2-1, 0
https://www.usatoday.com/https://www.usatoday.com/story/sports/ncaab/2021/03/11/cal-thumps-stanford-by-18-in-pac-12-tourneys-opening-round/43459429/, Cal thumps Stanford by 18 in Pac-12 tourney's opening round, 0
https://www.usatoday.com/https://www.usatoday.com/story/sports/sports-betting/2021/03/11/2021-chicago-cubs-world-series-win-total-pennant-and-division-odds/115547682/, 2021 Chicago Cubs World Series| win total| pennant and division odds, 0
https://www.usatoday.com/https://www.usatoday.com/videos/news/nation/2021/03/11/tiny-home-village-houses-homeless-los-angeles/6952481002/, Tiny home village houses homeless in Los Angeles, 0
https://www.usatoday.com/https://www.usatoday.com/story/sports/sports-betting/2021/03/11/2021-st-louis-cardinals-world-series-win-total-pennant-and-division-odds/115547688/, 2021 St. Louis Cardinals World Series| win total| pennant and division odds, 0
https://www.usatoday.com/https://www.usatoday.com/story/sports/ncaab/big12/2021/03/10/iowa-state-season-over-big-12-tournament-steve-prohm-future/6952359002/, Iowa State finishes 2-22| winless in Big 12 with loss to Oklahoma, 0
https://www.usatoday.com/https://www.usatoday.com/videos/news/nation/2021/03/11/hospitals-develop-new-ways-move-around-patients/6952509002/, Hospitals develop new ways to move around patients, 0
https://www.usatoday.com/https://www.usatoday.com/story/sports/ncaaw/2021/03/11/wyoming-women-beat-fresno-st-clinch-berth-in-ncaa-tourney/43459455/, Wyoming women beat Fresno St.| clinch berth in NCAA tourney, 0
https://www.usatoday.com/https://www.usatoday.com/story/sports/sports-betting/2021/03/11/2021-milwaukee-brewers-world-series-win-total-pennant-and-division-odds/115547694/, 2021 Milwaukee Brewers World Series| win total| pennant and division odds, 0
https://www.usatoday.com/https://www.usatoday.com/story/sports/nhl/2021/03/11/kotkaniemi-lifts-canadiens-over-canucks-5-1/43459391/, Kotkaniemi lifts Canadiens over Canucks 5-1, 0
https://www.usatoday.com/https://www.usatoday.com/story/sports/tennis/2021/03/11/analysis-yes-federer-won-what-matters-more-is-how-he-felt/43459475/, Analysis: Federer back on tour in Qatar| 'not 100% yet', 0
https://www.usatoday.com/https://www.usatoday.com/story/sports/ncaab/2021/03/11/syracuse-helps-ncaa-case-with-win-over-nc-state-in-accs/43459401/, Syracuse loss to No. 16 Virginia hurts cause for NCAA field, 0
https://www.usatoday.com/https://www.usatoday.com/story/news/politics/2021/03/11/what-comes-next-after-joe-bidens-1-9-trillion-covid-19-relief-bill/4627792001/, What comes next after Joe Biden's $1.9 trillion COVID-19 relief bill?, 0
https://www.usatoday.com/https://www.usatoday.com/story/money/2021/03/11/stimulus-checks-irs-tax-season-2021-can-get-check-relative-who-died/6890622002/, Stimulus check 2021: Can I get a payment for a dead spouse or relative, 0
https://www.usatoday.com/https://www.usatoday.com/story/opinion/2021/03/11/anti-trump-republican-senators-help-joe-biden-fix-america-column/6938322002/, Anti-Trump Republican senators can fight GOP or help Biden fix America, 0
https://www.usatoday.com/https://www.usatoday.com/story/news/2021/03/11/covid-19-pandemic-anniversary-derek-chauvin-5-things-know-thursday/4622169001/, COVID-19 pandemic anniversary| Derek Chauvin: 5 things to know Thursday, 0
https://www.usatoday.com/https://www.usatoday.com/story/opinion/voices/2021/03/11/covid-pandemic-anniversary-vaccine-make-complacent-time-hope-column/6938600002/, COVID-19 anniversary is moment of hope| but don't be complacent, 0
https://www.usatoday.com/https://www.usatoday.com/story/news/health/2021/03/11/covid-news-vaccine-pandemic-variants-masks-coronavirus/6947162002/, COVID news: Los Angeles to reopen Monday; one year of pandemic, 0
https://www.usatoday.com/https://www.usatoday.com/story/news/politics/2021/03/11/child-tax-credit-up-3-600-included-covid-19-stimulus-bill/6923830002/, Child tax credit of up to $3|600 included in COVID-19 stimulus bill, 0
https://www.usatoday.com/https://www.usatoday.com/story/news/politics/2021/03/11/gop-united-opposing-covid-relief-bill-but-what-voters-think/6928921002/, GOP united in opposing COVID relief bill but what will voters think?, 0
https://www.usatoday.com/https://www.usatoday.com/videos/news/nation/2021/03/11/ap-top-stories-march-11/6952745002/, AP Top Stories March 11, 0
https://www.usatoday.com/https://www.usatoday.com/story/tech/2021/03/11/mute-button-covid-pandemic-anniversary-zoom-fatigue/6917967002/, Mute button: One year into pandemic| why it's the best (and worst), 0
https://www.usatoday.com/https://www.usatoday.com/story/tech/2021/03/11/discount-broadband-internet-congress-tackles-digital-divide/6940680002/, Congress tackles digital divide: $50 net discount| broadband buildout, 0
https://www.usatoday.com/https://www.usatoday.com/story/tech/columnist/komando/2021/03/11/anonymous-call-4-ways-find-out-anyones-cellphone-number-online/6927504002/, Anonymous call? 4 ways to find out anyone's cellphone number online., 0
https://www.usatoday.com/https://www.usatoday.com/story/opinion/voices/2021/03/11/covid-one-year-later-pandemic-column/6938623002/, COVID anniversary: A doctor's lessons from a year in the pandemic, 0
https://www.usatoday.com/https://www.usatoday.com/story/news/politics/2021/03/11/house-moves-covid-relief-looks-immigration-vawa-era/4644481001/, House moves on from COVID relief| looks to immigration| VAWA| ERA, 0
https://www.usatoday.com/https://www.usatoday.com/videos/entertainment/2021/03/11/tony-hawks-mistake-identity/6952762002/, Tony Hawk's mistaken identity, 0
https://www.usatoday.com/https://www.usatoday.com/videos/news/nation/2021/03/11/tony-hawks-mistake-identity/6952764002/, Tony Hawk's mistaken identity, 0
https://www.usatoday.com/https://www.usatoday.com/videos/news/nation/2021/03/11/one-year-stars-covid-19-experiences/6952765002/, One year on: stars' COVID-19 experiences, 0
https://www.usatoday.com/https://www.usatoday.com/videos/entertainment/2021/03/11/one-year-stars-covid-19-experiences/6952766002/, One year on: stars' COVID-19 experiences, 0
https://www.usatoday.com/https://www.usatoday.com/story/money/cars/2021/03/11/electric-vehicles-tesla-gm-lucid-rivian-volvo-gas-cars/4581584001/, Electric vehicles threaten engines: GM| Volvo| Jaguar ditch gas cars, 0
https://www.usatoday.com/https://www.usatoday.com/story/news/health/2021/03/11/covid-long-hauler-study-suggests-what-symptoms-look-out/6938043002/, COVID-19 long hauler: Study suggests what symptoms to look out for, 0
https://www.usatoday.com/https://www.usatoday.com/videos/news/nation/2021/03/11/caleb-followill-says-kings-leon-chemistry-back-new-lp/6952802002/, Caleb Followill says Kings of Leon chemistry is back on new LP, 0
https://www.usatoday.com/https://www.usatoday.com/videos/entertainment/2021/03/11/caleb-followill-says-kings-leon-chemistry-back-new-lp/6952803002/, Caleb Followill says Kings of Leon chemistry is back on new LP, 0
https://www.usatoday.com/https://www.usatoday.com/story/opinion/2021/03/11/how-californias-central-valley-working-become-tech-hot-spot-column/6936506002/, How California's Central Valley is working to become tech hot spot, 0
https://www.usatoday.com/https://www.usatoday.com/videos/news/2021/03/11/sayhername-honors-breonna-taylor-many-more-black-women-girls-lost-police-violence/6935415002/, #SayHerName honors Breonna Taylor and so many more Black women| girls, 0
https://www.usatoday.com/https://www.usatoday.com/in-depth/news/investigations/2021/03/11/sayhername-movement-black-women-police-violence/6921197002/, #SayHerName honors Breonna Taylor| other Black women killed by police, 0
https://www.usatoday.com/https://www.usatoday.com/in-depth/news/health/2021/03/11/vaccine-panel-experts-disagree-what-end-pandemic-means/4631291001/, Vaccine panel: Experts disagree on what the end of the pandemic means, 0
https://www.usatoday.com/https://www.usatoday.com/in-depth/sports/2021/03/11/shutdown-anniversary-how-covid-19-silenced-sports-year-ago-today/6908986002/, Shutdown anniversary: How COVID-19 silenced sports a year ago today, 0
https://www.usatoday.com/https://www.usatoday.com/story/sports/soccer/2021/03/11/some-asian-champions-league-matches-delayed-further/43459583/, Some Asian Champions League matches delayed further, 0
https://www.usatoday.com/https://www.usatoday.com/videos/news/nation/2021/03/11/day-11-march-1997/6952871002/, On This Day: 11 March 1997, 0
https://www.usatoday.com/https://www.usatoday.com/videos/entertainment/2021/03/11/day-11-march-1997/6952872002/, On This Day: 11 March 1997, 0
https://www.usatoday.com/https://www.usatoday.com/story/news/nation/2021/03/11/derek-chauvin-trial-live-jury-selection-continues-thursday/4641879001/, Derek Chauvin trial live: Judge reinstates 3rd-degree murder charge, 0
https://www.usatoday.com/https://www.usatoday.com/in-depth/news/2021/03/11/covid-19-stimulus-how-much-do-coronavirus-relief-bills-cost/4602942001/, COVID-19 stimulus: How much do the coronavirus relief bills cost?, 0
https://www.usatoday.com/https://www.usatoday.com/story/nletter/2021/03/11/covid-19-pandemic-anniversary-derek-chauvin-daily-briefing/6952717002/, COVID-19 pandemic anniversary| Derek Chauvin: Daily Briefing, 0
https://www.usatoday.com/https://www.usatoday.com/story/sports/ftw/2021/03/11/2021-players-championship-5-juiciest-storylines-tpc-sawgrass/6952900002/, 2021 Players Championship: The 5 juiciest storylines at TPC Sawgrass, 0
https://www.usatoday.com/https://www.usatoday.com/videos/news/nation/2021/03/11/indonesias-sinabung-volcanos-burst-hot-ash/6952908002/, Indonesia’s Sinabung volcano's burst of hot ash, 0
https://www.usatoday.com/https://www.usatoday.com/story/news/2021/03/11/covid-outbreak-pork-plant-osha-found-few-worker-protections/6941708002/, COVID outbreak hit pork plant where OSHA found few worker protections, 0
https://www.usatoday.com/https://www.usatoday.com/story/news/politics/2021/03/11/how-watch-joe-bidens-prime-time-address-thursday/6944066002/, How to watch Joe Biden's prime-time address Thursday, 0
https://www.usatoday.com/https://www.usatoday.com/story/sports/nba/2021/03/11/nba-players-primed-impact-playoff-picture/6949610002/, NBA players that are primed to have a major impact on playoff picture, 0
https://www.usatoday.com/https://www.usatoday.com/story/sports/nfl/2021/03/11/dak-prescott-emotional-hug-brother-meaning-cowboys-contract/6952834002/, Dak Prescott explains what emotional| viral hug was 'truly' about, 0
https://www.usatoday.com/https://www.usatoday.com/story/entertainment/music/2021/03/11/best-grammys-performances-michael-jackson-madonna-pink-more/4644435001/, Best Grammys performances: Michael Jackson| Madonna| Pink| more, 0
https://www.usatoday.com/https://www.usatoday.com/story/opinion/voices/2021/03/11/andrew-cuomo-sexual-harassment-albany-workplace-safety-column/6940985002/, Cuomo sexual harassment allegations aren't news to women in government, 0
https://www.usatoday.com/https://www.usatoday.com/story/entertainment/celebrities/2021/03/11/meghan-markle-prince-harry-interview-prince-william-responds-not-racist/6952874002/, Prince William responds to Harry| Meghan interview: Not 'racist family', 0
https://www.usatoday.com/https://www.usatoday.com/picture-gallery/life/2021/03/11/ken-barbie-doll-see-photos-through-years/4627125001/, Ken Barbie doll turns 60: See photos through the years, 0
https://www.usatoday.com/https://www.usatoday.com/story/life/2021/03/11/ken-doll-turns-60-barbie-counterpart-has-changed-lot-diversity/4642984001/, Ken doll turns 60: Barbie counterpart has changed a lot. See how, 0
https://www.usatoday.com/https://www.usatoday.com/story/sports/sports-betting/2021/03/11/detroit-pistons-at-charlotte-hornets-odds-picks-and-prediction/115547904/, Detroit Pistons at Charlotte Hornets odds| picks and prediction, 0
https://www.usatoday.com/https://www.usatoday.com/story/sports/olympics/2021/03/11/ioc-and-china-make-vaccine-deal-for-tokyo-beijing-olympians/115547936/, IOC and China make vaccine deal for Tokyo| Beijing Olympians, 0
https://www.usatoday.com/https://www.usatoday.com/story/sports/sports-betting/2021/03/11/indiana-vs-rutgers-odds-picks-and-prediction/115547944/, Indiana vs. Rutgers odds| picks and prediction, 0
https://www.usatoday.com/https://www.usatoday.com/in-depth/news/2021/03/11/covid-stimulus-bill-15-minimum-wage-transit-projects-not-bill/4591806001/, COVID stimulus bill: $15 minimum wage| transit projects not in bill, 0
https://www.usatoday.com/https://www.usatoday.com/story/money/shopping/2021/03/11/cvs-covid-vaccine-appointments-teachers-vaccination/6951091002/, COVID vaccine appointments: CVS adds vaccination to more states, 0
https://www.usatoday.com/https://www.usatoday.com/story/sports/sports-betting/2021/03/11/orlando-magic-at-miami-heat-odds-picks-and-prediction/115547964/, Orlando Magic at Miami Heat odds| picks and prediction, 0
https://www.usatoday.com/https://www.usatoday.com/videos/news/nation/2021/03/11/showbiz-minute-adele-winfrey-eilish/6953075002/, ShowBiz Minute: Adele| Winfrey| Eilish, 0
https://www.usatoday.com/https://www.usatoday.com/videos/entertainment/2021/03/11/showbiz-minute-adele-winfrey-eilish/6953077002/, ShowBiz Minute: Adele| Winfrey| Eilish, 0
https://www.usatoday.com/https://www.usatoday.com/in-depth/news/health/2021/03/11/what-should-you-do-before-after-getting-covid-19-vaccine-how-long-does-it-take-for-the-side-effects/4490900001/, A visual look at what to expect before and after getting a COVID-19 vaccine, 0
https://www.usatoday.com/https://www.usatoday.com/story/sports/sports-betting/2021/03/11/nashville-predators-at-carolina-hurricanes-odds-picks-and-prediction/115547974/, Nashville Predators at Carolina Hurricanes odds| picks and prediction, 0
https://www.usatoday.com/https://www.usatoday.com/story/travel/news/2021/03/11/covid-restrictions-ease-new-orleans-allows-live-music-return/6953083002/, COVID restrictions ease: New Orleans allows live music to return, 0
https://www.usatoday.com/https://www.usatoday.com/story/sports/2021/03/11/jeanette-lee-black-widow-pool-battling-stage-4-ovarian-cancer/6953043002/, Jeanette Lee| the Black Widow of pool| battling stage 4 ovarian cancer, 0
https://www.usatoday.com/https://www.usatoday.com/picture-gallery/travel/news/2021/03/11/tallest-building-in-every-state/115502164/, Tallest buildings in the US: Here's the list, 0
https://www.usatoday.com/https://www.usatoday.com/story/sports/soccer/2021/03/11/koeman-hopes-his-new-look-barcelona-convinces-messi-to-stay/43459589/, Koeman hopes his new-look Barcelona convinces Messi to stay, 0
https://www.usatoday.com/https://www.usatoday.com/in-depth/graphics/2021/03/11/tiene-una-cita-para-recibir-la-vacuna-de-covid-19-esto-es-lo-que-puede-esperar-durante-y-despues-de/4643020001/, Qué hacer antes y después de recibir la vacuna de COVID-19| una guía visual, 0
https://www.usatoday.com/https://www.usatoday.com/in-depth/entertainment/tv/2021/03/11/bachelor-dating-franchise-has-racism-problem/4509634001/, 'Bachelor': Dating franchise has racism problem. Here's how to fix it, 0
https://www.usatoday.com/https://www.usatoday.com/story/sports/sports-betting/2021/03/11/pittsburgh-penguins-at-buffalo-sabres-odds-picks-and-prediction/115548032/, Pittsburgh Penguins at Buffalo Sabres odds| picks and prediction, 0
https://www.usatoday.com/https://www.usatoday.com/story/entertainment/celebrities/2021/03/11/stacey-dash-clueless-actress-done-supporting-donald-trump/6952792002/, Stacey Dash: 'Clueless' actress 'truly done' supporting Donald Trump, 0
https://www.usatoday.com/https://www.usatoday.com/story/sports/nhl/2021/03/11/nhl-broadcast-deal-espn-disney-benefit/6952905002/, ESPN| NHL broadcast deal: Why new agreement will benefit both sides, 0
https://www.usatoday.com/https://www.usatoday.com/story/sports/sports-betting/2021/03/11/georgetown-vs-villanova-odds-picks-and-prediction/115548114/, Georgetown vs. Villanova odds| picks and prediction, 0
https://www.usatoday.com/https://www.usatoday.com/story/sports/sports-betting/2021/03/11/phoenix-suns-at-portland-trail-blazers-odds-picks-and-prediction/115548104/, Phoenix Suns at Portland Trail Blazers odds| picks and prediction, 0
https://www.usatoday.com/https://www.usatoday.com/story/money/cars/2021/03/11/gda-car-recalls-20210311/43459561/, Car recalls for March 4-11, 0
https://www.usatoday.com/https://www.usatoday.com/story/money/2021/03/11/free-credit-reports-extended-through-april-2022-experian-equifax-transunion/6953186002/, Free credit reports will continue through April 2022| bureaus announce, 0
https://www.usatoday.com/https://www.usatoday.com/story/news/politics/2021/03/11/rick-scott-says-florida-should-reject-covid-stimulus-money/6953461002/, Rick Scott says Florida should reject COVID stimulus money, 0
https://www.usatoday.com/https://www.usatoday.com/story/news/politics/2021/03/11/asian-american-hate-incidents-target-new-legislation-congress/6937841002/, Asian American hate incidents target of new legislation in Congress, 0
https://www.usatoday.com/https://www.usatoday.com/story/news/politics/2021/03/11/mitch-mcconnell-likens-u-s-capitol-security-what-he-saw-afghanistan/6953558002/, Mitch McConnell criticizes US Capitol security| likens it to Kabul, 0
https://www.usatoday.com/https://www.usatoday.com/story/nletter/2021/03/11/daily-money-03-11-21/6953434002/, Daily Money 03-11-21, 0
https://www.usatoday.com/https://www.usatoday.com/story/travel/airline-news/2021/03/11/winter-storm-xylia-airlines-issue-travel-waivers-colorado/6953192002/, Winter Storm Xylia: Airlines issue travel waivers for Colorado, 0
https://www.usatoday.com/https://www.usatoday.com/in-depth/news/health/2021/03/11/what-should-you-do-before-after-getting-covid-19-vaccine-how-long-does-it-take-for-the-side-effects/4490900001/, What to expect, 0
https://www.usatoday.com/https://www.usatoday.com/story/news/politics/2021/03/11/oklahoma-republicans-pass-bill-protect-drivers-who-hit-protesters/6953646002/, Oklahoma Republicans pass bill to protect drivers who hit protesters, 0
https://www.usatoday.com/https://www.usatoday.com/story/sports/sports-betting/2021/03/11/oklahoma-state-vs-west-virginia-odds-picks-and-prediction/115548332/, Oklahoma State vs. West Virginia odds| picks and prediction, 0
https://www.usatoday.com/https://www.usatoday.com/story/nletter/american-south/2021/03/11/what-south-has-say-mental-health-education-and-social-change/6953198002/, What the South has to say on mental health| education and social change, 0
https://www.usatoday.com/https://www.usatoday.com/picture-gallery/sports/2021/03/11/2021-iditarod-trail-sled-dog-race-alaska/6953733002/, 2021-iditarod-trail-sled-dog-race-in-alaska, 0
https://www.usatoday.com/https://www.usatoday.com/story/sports/sports-betting/2021/03/11/syracuse-vs-virginia-odds-picks-and-prediction/115548366/, Syracuse vs. Virginia odds| picks and prediction, 0
https://www.usatoday.com/https://www.usatoday.com/videos/entertainment/celebrities/2021/03/11/prince-william-defends-royal-family-after-brother-harrys-interview-oprah/6953854002/, Prince William defends royal family after brother Harry's interview with Oprah, 0
https://www.usatoday.com/https://www.usatoday.com/story/money/2021/03/11/richest-people-world-warren-buffett-now-worth-100-billion/6953316002/, Richest people in the world: Warren Buffett now worth $100 billion, 0
https://www.usatoday.com/https://www.usatoday.com/videos/travel/news/2021/03/11/woman-banned-uber-and-lyft-after-appalling-behavior-driver/6953840002/, Woman banned from Uber and Lyft after 'appalling' behavior to driver, 0
https://www.usatoday.com/https://www.usatoday.com/story/sports/nba/jazz/2021/03/11/covid-19-utah-jazz-future-nba/6937679002/, COVID-19 nearly ruined Utah Jazz's bright future. Now they top NBA., 0
https://www.usatoday.com/https://www.usatoday.com/story/sports/ncaab/2021/03/11/ncaa-tournament-bracketology-syracuse-duke-bubble-march-madness/6953239002/, March Madness bracketology: Duke done due to COVID| 'Cuse close to bid, 0
https://www.usatoday.com/https://www.usatoday.com/story/money/2021/03/11/unemployment-claims-fall-712-000-pace-layoffs-eases/6953990002/, Unemployment claims fall to 712|000 as pace of layoffs eases, 0
https://www.usatoday.com/https://www.usatoday.com/story/sports/sports-betting/2021/03/11/minnesota-timberwolves-at-new-orleans-pelicans-odds-picks-and-prediction/115548442/, Minnesota Timberwolves at New Orleans Pelicans odds| picks and prediction, 0
https://www.usatoday.com/https://www.usatoday.com/story/tech/gaming/2021/03/11/eagate-ea-investigating-claims-employee-sold-fifa-21-rare-items/6953368002/, #EAGate: EA investigating claims employee sold 'FIFA 21' rare items, 0
https://www.usatoday.com/https://www.usatoday.com/story/sports/sports-betting/2021/03/11/atlanta-hawks-at-toronto-raptors-odds-picks-and-prediction/115548452/, Atlanta Hawks at Toronto Raptors odds| picks and prediction, 0
https://www.usatoday.com/https://www.usatoday.com/videos/life/animalkind/2021/03/11/firefighters-brave-icy-water-save-husky/6954181002/, Firefighters brave icy water to save husky, 0
https://www.usatoday.com/https://www.usatoday.com/story/entertainment/movies/2021/03/11/covid-19-shut-down-movie-theaters-one-year-ago-and-broke-my-heart/4632143001/, COVID-19 shut down movie theaters one year ago and broke my heart, 0
https://www.usatoday.com/https://www.usatoday.com/videos/news/nation/2021/03/11/one-year-covid-19-recalling-sights-and-sounds-pandemic/6950511002/, One year of COVID-19: recalling sights and sounds of pandemic, 0
https://www.usatoday.com/https://www.usatoday.com/story/sports/sports-betting/2021/03/11/dallas-mavericks-at-oklahoma-city-thunder-odds-picks-and-prediction/115548572/, Dallas Mavericks at Oklahoma City Thunder odds| picks and prediction, 0
https://www.usatoday.com/https://www.usatoday.com/story/entertainment/music/2021/03/11/acm-awards-keith-urban-and-mickey-guyton-co-host-2021-show/4644730001/, ACM Awards: Keith Urban and Mickey Guyton to co-host 2021 show, 0
https://www.usatoday.com/https://www.usatoday.com/videos/news/nation/2021/03/11/spacex-launches-and-deploys-60-starlink-satellites/4644834001/, SpaceX launches and deploys 60 Starlink satellites, 0
https://www.usatoday.com/https://www.usatoday.com/picture-gallery/news/world/2021/03/11/japan-marks-10-years-since-earthquake-tsunami-fukushima-nuclear-disaster/6953866002/, Japan marks 10 years since tsunami and Fukushima nuclear disaster, 0
https://www.usatoday.com/https://www.usatoday.com/story/sports/sports-betting/2021/03/11/tampa-bay-lightning-at-detroit-red-wings-odds-picks-and-prediction/115548610/, Tampa Bay Lightning at Detroit Red Wings odds| picks and prediction, 0
https://www.usatoday.com/https://www.usatoday.com/story/news/world/2021/03/11/japan-marks-10-years-since-deadly-quake-tsunami-nuclear-disaster/6953343002/, Japan marks 10 years since deadly quake| tsunami| nuclear disaster, 0
https://www.usatoday.com/https://www.usatoday.com/videos/news/nation/2021/03/11/even-chandra-wilson-rewatches-greys-lockdown/4645018001/, Even Chandra Wilson rewatches 'Grey's' in lockdown, 0
https://www.usatoday.com/https://www.usatoday.com/videos/entertainment/2021/03/11/even-chandra-wilson-rewatches-greys-lockdown/4645022001/, Even Chandra Wilson rewatches 'Grey's' in lockdown, 0
https://www.usatoday.com/https://www.usatoday.com/story/entertainment/celebrities/2021/03/11/margaret-cho-talks-anti-asian-attacks-visibility-so-important/6953984002/, Margaret Cho talks anti-Asian attacks: 'Visibility' is so important, 0
https://www.usatoday.com/https://www.usatoday.com/in-depth/sports/nba/2021/03/11/nba-shutdown-inside-look-night-nba-postponed-their-season/4637550001/, NBA shutdown: Inside look at the night the NBA postponed its season, 0
https://www.usatoday.com/https://www.usatoday.com/story/sports/nfl/chiefs/2021/03/11/kansas-city-chiefs-cut-starting-tackles-eric-fisher-mitchell-schwartz/4644810001/, Kansas City Chiefs cut starting tackles Eric Fisher| Mitchell Schwartz, 0
https://www.usatoday.com/https://www.usatoday.com/story/sports/ncaab/acc/2021/03/11/duke-basketball-acc-tournament-covid-19-march-madness/4645107001/, Duke out of ACC basketball tournament with COVID-19 positive, 0
https://www.usatoday.com/https://www.usatoday.com/story/sports/soccer/2021/03/11/quarterfinal-streak-ends-as-messi-ronaldo-both-eliminated/115548706/, Quarterfinal streak ends as Messi| Ronaldo both eliminated, 0
https://www.usatoday.com/https://www.usatoday.com/videos/news/politics/2021/03/11/former-us-presidents-and-first-ladies-join-vaccine-campaign/6952859002/, Former US Presidents and first ladies join vaccine campaign, 0
https://www.usatoday.com/https://www.usatoday.com/videos/sports/2021/03/11/special-delivery-unboxing-new-ultraboost-shoe-saved-adidas-help-kanye/4578290001/, Special Delivery: Unboxing the new ULTRABOOST| the shoe that saved Adidas ... with help from Kanye, 0
https://www.usatoday.com/https://www.usatoday.com/story/sports/olympics/2021/03/11/ioc-members-worry-about-banning-foreign-fans-from-olympics/115549700/, IOC members worry about banning foreign fans from Olympics, 0
https://www.usatoday.com/https://www.usatoday.com/story/money/cars/2021/03/11/2022-jeep-wagoneer-jeep-grand-wagoneer/4645621001/, Jeep Wagoneer| Jeep Grand Wagoneer revealed: New SUVs make debut, 0
https://www.usatoday.com/https://www.usatoday.com/story/news/politics/2021/03/11/house-passes-bill-expanding-background-checks-gun-sales/6923667002/, House passes 2 bills expanding background checks for gun sales, 0
https://www.usatoday.com/https://www.usatoday.com/story/news/nation/2021/03/11/alabama-death-row-inmate-toforest-johnson-new-trial-push/4644823001/, Toforest Johnson: Former Alabama judges| prosecutors urge new trial, 0
https://www.usatoday.com/https://www.usatoday.com/story/sports/soccer/2021/03/11/germany-coach-joachim-lw-says-time-is-right-to-step-aside/115548746/, Germany coach Joachim Löw says time is right to step aside, 0
https://www.usatoday.com/https://www.usatoday.com/story/money/markets/2021/03/11/stocks-jump-help-big-tech-companies/4645925001/, More records for stock indexes as stimulus bill becomes law, 0
https://www.usatoday.com/https://www.usatoday.com/sitemap/2021/march/11/, 1, 0
https://www.usatoday.com/https://www.usatoday.com/sitemap/2021/march/11/?page=2, 2, 0
