https://www.usatoday.com/https://www.usatoday.com/story/sports/ncaab/2021/03/12/texas-southern-beats-jackson-st-84-81-in-ot-in-swac-tourney/115554646/, Texas Southern beats Jackson St. 84-81 in OT in SWAC tourney, 0
https://www.usatoday.com/https://www.usatoday.com/story/money/2021/03/12/stimulus-checks-irs-says-payments-start-hitting-bank-accounts-weekend/4674379001/, COVID relief checks: IRS says stimulus will hit accounts this weekend, 0
https://www.usatoday.com/https://www.usatoday.com/story/sports/golf/2021/03/12/hovlands-mother-points-out-mistake-that-leads-to-penalty/43462513/, Hovland's mother points out mistake that leads to penalty, 0
https://www.usatoday.com/https://www.usatoday.com/story/sports/nba/2021/03/12/love-nance-to-return-for-cavaliers-in-new-orleans/115554310/, Love| Nance to return for Cavaliers in New Orleans, 0
https://www.usatoday.com/https://www.usatoday.com/story/money/food/2021/03/12/pi-day-2021-savings-pizza-freebies-march-14/4653129001/, Pi Day 2021 deals near me: Get $3.14 pizza| discounts| freebies Sunday, 0
https://www.usatoday.com/https://www.usatoday.com/story/news/politics/2021/03/12/supreme-court-biden-asks-court-dismiss-trump-era-abortion-rule/4674355001/, Supreme Court: Biden asks court to dismiss Trump-era abortion rule, 0
https://www.usatoday.com/https://www.usatoday.com/story/sports/mlb/2021/03/12/bogaerts-spring-debut-after-shoulder-woe-tatis-hr-in-return/115554336/, Bogaerts spring debut after shoulder woe| Tatis HR in return, 0
https://www.usatoday.com/https://www.usatoday.com/story/sports/ncaab/2021/03/12/preston-scores-27-as-ohio-stuns-top-seed-toledo-in-mac-semis/43462521/, Preston scores 27 as Ohio stuns top seed Toledo in MAC semis, 0
https://www.usatoday.com/https://golfweek.usatoday.com/lists/rory-mcilroy-big-names-missing-players-cut-bryson-dechambeaus-speed/, Big names will miss cut at Players Championship, 0
https://www.usatoday.com/https://www.usatoday.com/story/sports/ncaaw/2021/03/12/warrens-31-lifts-stony-brook-women-to-1st-ncaa-tournament/115554358/, Warren's 31 lifts Stony Brook women to 1st NCAA Tournament, 0
https://www.usatoday.com/https://www.usatoday.com/story/news/investigations/2021/03/12/covid-vaccine-curbs-nursing-home-deaths-families-want-back-in/6932166002/, COVID-19 vaccine curbs nursing home deaths. Families want back in., 0
https://www.usatoday.com/https://www.usatoday.com/story/sports/golf/2021/03/12/mcilroy-says-trying-to-copy-speed-of-dechambeau-was-mistake/115554362/, McIlroy says trying to copy speed of DeChambeau was mistake, 0
https://www.usatoday.com/https://www.usatoday.com/story/sports/soccer/2021/03/12/cherundolo-hired-as-coach-of-2nd-tier-las-vegas-in-usl/43462575/, Cherundolo hired as coach of 2nd-tier Las Vegas in USL, 0
https://www.usatoday.com/https://www.usatoday.com/story/news/2021/03/12/california-reaches-2-m-vaccine-goal-reopenings-way/4670644001/, California reaches 2M vaccine goal: Reopenings on the way, 0
https://www.usatoday.com/https://www.usatoday.com/story/sports/motor/nhra/2021/03/12/ron-capps-tops-nhra-opening-day-at-gatornationals/43462823/, Ron Capps tops NHRA opening day at Gatornationals, 0
https://www.usatoday.com/https://www.usatoday.com/story/sports/nfl/2021/03/12/bears-punter-odonnell-agree-to-1-year-extension-for-2021/115554414/, Bears| punter O'Donnell agree to 1-year extension for 2021, 0
https://www.usatoday.com/https://www.usatoday.com/story/sports/2021/03/12/lsu-gives-full-police-report-brennan-usa-today-ending-legal-fight/4675034001/, LSU gives full police report to Brennan| USA TODAY| ending legal fight, 0
https://www.usatoday.com/https://www.usatoday.com/story/sports/ncaaf/sec/2021/03/12/tennessee-football-players-arrested-misdemeanor-drug-possession/4675276001/, Tennessee football suspends three players after arrests, 0
https://www.usatoday.com/https://golfweek.usatoday.com/2021/03/12/lee-westwood-shoots-bogey-free-66-to-lead-players-championship/, Westwood shoots 66 to lead Players Championship, 0
https://www.usatoday.com/https://www.usatoday.com/story/sports/ncaab/2021/03/12/ninth-seed-iona-beats-niagara-70-64-in-maac-semifinal/115554754/, Ninth seed Iona beats Niagara 70-64 in MAAC semifinal, 0
https://www.usatoday.com/https://www.usatoday.com/story/sports/ncaab/2021/03/12/ware-scores-29-to-lift-morgan-st-over-coppin-st-82-61/43462639/, Ware scores 29 to lift Morgan St. over Coppin St. 82-61, 0
https://www.usatoday.com/https://www.usatoday.com/story/sports/ncaab/2021/03/12/georgetown-beats-seton-hall-to-reach-big-east-title-game/43462641/, Georgetown beats Seton Hall to reach Big East title game, 0
https://www.usatoday.com/https://www.usatoday.com/story/sports/ncaab/2021/03/12/no-7-houston-eases-past-tulane-77-52-in-american-quarters/115554446/, Jarreau gets triple-double| No. 7 Houston tops Tulane in AAC, 0
https://www.usatoday.com/https://www.usatoday.com/story/sports/ncaab/big12/2021/03/12/oklahoma-state-baylor-big-12-tournament-cade-cunningham/4675689001/, Oklahoma State beats Baylor in Big 12 Conference Tournament, 0
https://www.usatoday.com/https://www.usatoday.com/story/sports/ncaab/2021/03/12/no-12-oklahoma-st-beats-no-2-baylor-83-74-in-big-12-semis/115554756/, No. 12 Oklahoma St beats No. 2 Baylor 83-74 in Big 12 semis, 0
https://www.usatoday.com/https://www.usatoday.com/story/sports/nba/2021/03/12/ap-source-pistons-acquiring-diallo-for-mykhailiuk-pick/43462679/, AP Source: Pistons acquiring Diallo for Mykhailiuk| pick, 0
https://www.usatoday.com/https://www.usatoday.com/videos/news/nation/2021/03/13/beyonces-mom-couldnt-prouder/4676292001/, Beyonce's mom 'couldn't be prouder', 0
https://www.usatoday.com/https://www.usatoday.com/videos/entertainment/2021/03/13/beyonces-mom-couldnt-prouder/4676295001/, Beyonce's mom 'couldn't be prouder', 0
https://www.usatoday.com/https://www.usatoday.com/story/sports/ncaab/2021/03/12/nicholls-st-tops-northwestern-st-88-76-in-southland-semi/115554482/, Nicholls St. tops Northwestern St. 88-76 in Southland semi, 0
https://www.usatoday.com/https://www.usatoday.com/videos/graphics/2021/03/13/protesters-crouch-loud-bangs-ring-out-amid-reports-several-deaths-central-myanmar/4676685001/, Protesters Crouch as Loud Bangs Ring Out Amid Reports of Several Deaths in Central Myanmar, 0
https://www.usatoday.com/https://www.usatoday.com/story/sports/nba/2021/03/12/embiid-exits-game-following-awkward-landing-on-leg/115554792/, Embiid exits game following awkward landing on leg, 0
https://www.usatoday.com/https://www.usatoday.com/story/sports/ncaab/2021/03/12/adamu-leads-montana-st-over-s-utah-80-77-in-ot/115554504/, Adamu leads Montana St. over S. Utah 80-77 in OT, 0
https://www.usatoday.com/https://www.usatoday.com/story/sports/nfl/2021/03/12/normalcy-inches-back-to-nfl-with-draft-room-gatherings-okd/115554510/, Normalcy inches back to NFL with draft room gatherings OK'd, 0
https://www.usatoday.com/https://www.usatoday.com/videos/graphics/2021/03/13/anti-military-protesters-confront-police-northeastern-myanmar-town/4676856001/, Anti-Military Protesters Confront Police in Northeastern Myanmar Town, 0
https://www.usatoday.com/https://www.usatoday.com/story/sports/ncaab/2021/03/12/buffalo-beats-akron-in-overtime-to-advance-to-mac-final/43462681/, Buffalo beats Akron in overtime to advance to MAC final, 0
https://www.usatoday.com/https://www.usatoday.com/story/sports/nba/2021/03/12/ingram-williamson-power-pelicans-past-cavaliers-116-82/43462683/, Ingram| Williamson| power Pelicans past Cavaliers| 116-82, 0
https://www.usatoday.com/https://www.usatoday.com/story/sports/nba/sixers/2021/03/12/sixers-joel-embiid-left-knee-injury-awkward-landing/4676862001/, Joel Embiid leaves game with left knee injury after awkward landing, 0
https://www.usatoday.com/https://www.usatoday.com/story/sports/nba/2021/03/12/embiid-exits-with-apparent-leg-injury-76ers-beat-wizards/115554544/, Embiid exits with apparent leg injury| 76ers beat Wizards, 0
https://www.usatoday.com/https://www.usatoday.com/story/sports/nba/2021/03/12/nikola-jokic-helps-nuggets-hold-off-grizzlies-103-102/115554568/, Nikola Jokic helps Nuggets hold off Grizzlies 103-102, 0
https://www.usatoday.com/https://www.usatoday.com/story/sports/nhl/2021/03/12/kaprizov-gets-hat-trick-talbot-shutout-as-wild-beat-coyotes/115554592/, Kaprizov gets hat trick| Talbot shutout as Wild beat Coyotes, 0
https://www.usatoday.com/https://www.usatoday.com/story/sports/ncaab/2021/03/12/oregon-state-knocks-off-oregon-75-64-in-pac-12-semifinals/115554606/, Oregon State knocks off Oregon 75-64 in Pac-12 semifinals, 0
https://www.usatoday.com/https://www.usatoday.com/story/tech/reviewedcom/2021/03/12/banana-republic-sale-shop-friends-and-family-event-right-now/4670026001/, Banana Republic sale: Shop the Friends and Family event right now, 0
https://www.usatoday.com/https://www.usatoday.com/videos/graphics/2021/03/13/myanmar-protesters-set-up-barricades-yangon/4677471001/, Myanmar Protesters Set up Barricades in Yangon, 0
https://www.usatoday.com/https://www.usatoday.com/story/sports/ncaab/2021/03/12/grand-canyon-reaches-3rd-straight-wac-title-game-81-47/43462695/, Grand Canyon reaches 3rd straight WAC title game 81-47, 0
https://www.usatoday.com/https://www.usatoday.com/story/sports/nba/2021/03/12/lakers-anthony-davis-out-at-least-2-more-weeks-with-injury/43462699/, Lakers' Anthony Davis out at least 2 more weeks with injury, 0
https://www.usatoday.com/https://www.usatoday.com/story/entertainment/celebrities/2021/03/12/mandy-moore-details-harrowing-unmedicated-birth-podcast/4676319001/, Mandy Moore details 'harrowing' unmedicated birth: 'It was crazy', 0
https://www.usatoday.com/https://www.usatoday.com/story/sports/nhl/2021/03/12/smiths-ot-goal-lifts-golden-knights-to-5-4-win-over-blues/43462701/, Smith's OT goal lifts Golden Knights to 5-4 win over Blues, 0
https://www.usatoday.com/https://www.usatoday.com/story/sports/ncaab/2021/03/12/no-15-florida-state-holds-off-north-carolina-69-66-in-accs/43462719/, No. 15 Florida State holds off North Carolina 69-66 in ACCs, 0
https://www.usatoday.com/https://www.usatoday.com/story/news/2021/03/12/woman-faces-charges-after-uber-driver-pepper-sprayed-telling-passenger-wear-mask/4677669001/, Woman faces charges after an Uber driver is pepper sprayed for telling a passenger to wear a mask, 0
https://www.usatoday.com/https://www.usatoday.com/story/sports/nhl/2021/03/12/russian-rookie-kaprizov-has-hat-trick-wild-beat-coyotes-4-0/115554626/, Russian rookie Kaprizov has hat trick| Wild beat Coyotes 4-0, 0
https://www.usatoday.com/https://www.usatoday.com/story/entertainment/tv/2021/03/12/chris-harrison-replaced-the-bachelorette-host-next-season/4677384001/, Chris Harrison will be replaced as 'The Bachelorette' host next season, 0
https://www.usatoday.com/https://www.usatoday.com/story/sports/nba/2021/03/12/spurs-dominate-second-half-to-beat-short-handed-magic/115554648/, Spurs dominate second half to beat short-handed Magic, 0
https://www.usatoday.com/https://www.usatoday.com/story/sports/ncaab/2021/03/12/no-17-creighton-tops-uconn-59-56-to-reach-big-east-finals/43462743/, No. 17 Creighton tops UConn 59-56 to reach Big East finals, 0
https://www.usatoday.com/https://www.usatoday.com/story/sports/ncaab/2021/03/12/kohl-leads-abilene-christian-into-southland-title-game-93-71/43462745/, Kohl leads Abilene Christian into Southland title game 93-71, 0
https://www.usatoday.com/https://www.usatoday.com/story/sports/nhl/2021/03/12/wild-coyotes-kirill-kaprizov-cam-talbot/4678105001/, Wild's Kirill Kaprizov gets hat trick during win against Coyotes, 0
https://www.usatoday.com/https://www.usatoday.com/story/sports/nba/2021/03/12/butler-scores-28-dragic-adds-25-as-heat-beat-bulls-101-90/43462777/, Butler scores 28| Dragic adds 25 as Heat beat Bulls 101-90, 0
https://www.usatoday.com/https://www.usatoday.com/story/sports/ncaab/2021/03/12/garza-leads-no-5-iowa-past-wisconsin-in-big-ten-tourney/43462799/, Garza leads No. 5 Iowa past Wisconsin in Big Ten tourney, 0
https://www.usatoday.com/https://www.usatoday.com/videos/graphics/2021/03/13/police-seen-beating-protesters-yangon/4678265001/, Police Seen Beating Protesters in Yangon, 0
https://www.usatoday.com/https://www.usatoday.com/story/sports/nhl/2021/03/12/mcdavid-has-goal-and-2-assists-oilers-sweep-senators/43462811/, McDavid has goal and 2 assists| Oilers sweep Senators, 0
https://www.usatoday.com/https://www.usatoday.com/story/sports/ncaab/2021/03/13/notae-helps-no-8-arkansas-beat-missouri-70-64-in-sec/43462865/, Notae helps No. 8 Arkansas beat Missouri 70-64 in SEC, 0
https://www.usatoday.com/https://www.usatoday.com/story/sports/ncaab/2021/03/13/watford-helps-lsu-overcome-mississippi-76-73-in-sec-quarters/43462831/, Watford helps LSU overcome Mississippi 76-73 in SEC quarters, 0
https://www.usatoday.com/https://www.usatoday.com/story/sports/nhl/2021/03/13/grubauer-notches-4th-shutout-avalanche-beat-kings-2-0/43462825/, Grubauer notches 4th shutout| Avalanche beat Kings 2-0, 0
https://www.usatoday.com/https://www.usatoday.com/videos/graphics/2021/03/13/yangon-residents-sing-vigil-following-deadly-police-crackdown/4678433001/, Yangon Residents Sing at Vigil Following Deadly Police Crackdown, 0
https://www.usatoday.com/https://www.usatoday.com/story/sports/nba/lakers/2021/03/13/lakers-anthony-davis-leg-injuries-out-two-more-weeks/4678316001/, Lakers: Anthony Davis out at least two more weeks with leg injuries, 0
https://www.usatoday.com/https://www.usatoday.com/story/tech/reviewedcom/2021/03/12/amazon-deals-save-bose-headphones-zero-gravity-chairs-and-more/4677594001/, Amazon deals: Save on Bose headphones| zero gravity chairs and more, 0
https://www.usatoday.com/https://www.usatoday.com/story/sports/ncaaw/2021/03/13/oklahoma-state-women-rally-to-beat-oklahoma-89-80/43462851/, Oklahoma State women rally to beat Oklahoma 89-80, 0
https://www.usatoday.com/https://www.usatoday.com/story/sports/ncaab/2021/03/13/uc-santa-barbara-tops-uc-davis-71-55-in-big-west-semifinal/115555176/, UC Santa Barbara tops UC Davis 71-55 in Big West semifinal, 0
https://www.usatoday.com/https://www.usatoday.com/story/sports/ncaaw/2021/03/13/deans-buzzer-beater-lifts-west-virginia-women-into-semis/43462883/, Deans' buzzer beater lifts West Virginia women into semis, 0
https://www.usatoday.com/https://www.usatoday.com/story/sports/ncaab/2021/03/13/no-19-san-diego-st-tops-nevada-77-70-moves-into-mw-final/115554710/, No. 19 San Diego St tops Nevada 77-70| moves into MW final, 0
https://www.usatoday.com/https://www.usatoday.com/story/sports/ncaab/2021/03/13/henry-prairie-view-beat-grambling-st-reach-swac-finals/43462853/, Henry| Prairie View beat Grambling St.| reach SWAC finals, 0
https://www.usatoday.com/https://www.usatoday.com/story/sports/nhl/2021/03/13/dubnyk-makes-34-saves-in-sharks-6-0-win-over-ducks/115554742/, Dubnyk makes 34 saves in Sharks' 6-0 win over Ducks, 0
https://www.usatoday.com/https://www.usatoday.com/story/sports/nba/2021/03/13/jazz-return-from-break-hand-rockets-15th-straight-loss/115554772/, Jazz return from break| hand Rockets 15th straight loss, 0
https://www.usatoday.com/https://www.usatoday.com/videos/graphics/2021/03/13/thousands-attend-anti-military-protests-yangon-despite-warnings/4678711001/, Thousands Attend Anti-Military Protests in Yangon Despite Warnings, 0
https://www.usatoday.com/https://www.usatoday.com/story/sports/ncaab/2021/03/13/jeffries-scores-17-as-memphis-tops-ucf-70-62-in-aac-tourney/115554758/, Jeffries scores 17 as Memphis tops UCF 70-62 in AAC tourney, 0
https://www.usatoday.com/https://www.usatoday.com/story/sports/nba/2021/03/13/kuzma-leads-lakers-late-surge-for-105-100-win-over-pacers/43462855/, Kuzma leads Lakers' late surge for 105-100 win over Pacers, 0
https://www.usatoday.com/https://www.usatoday.com/story/sports/ncaab/2021/03/13/e-washington-vaults-montana-78-50-into-big-sky-final/115554786/, E. Washington vaults Montana 78-50 into Big Sky final, 0
https://www.usatoday.com/https://www.usatoday.com/story/sports/ncaab/2021/03/13/tillman-leads-new-mexico-state-back-to-wac-final-78-62/43462891/, Tillman leads New Mexico State back to WAC final| 78-62, 0
https://www.usatoday.com/https://www.usatoday.com/story/sports/ncaab/2021/03/13/no-23-colorado-holds-off-no-24-usc-72-70-in-pac-12-semis/43462893/, No. 23 Colorado holds off No. 24 USC 72-70 in Pac-12 semis, 0
https://www.usatoday.com/https://www.usatoday.com/story/sports/ncaab/2021/03/13/uc-irvine-defeats-uc-riverside-gains-big-west-title-game/43462955/, UC Irvine defeats UC Riverside| gains Big West title game, 0
https://www.usatoday.com/https://www.usatoday.com/story/sports/ncaab/2021/03/13/queta-utah-state-beat-colorado-st-62-50-in-mwc-semifinal/43462911/, Queta| Utah State beat Colorado St. 62-50 in MWC semifinal, 0
https://www.usatoday.com/https://www.usatoday.com/story/sports/ncaab/2021/03/13/bubble-could-decide-between-big-ten-big-12-supremacy/115555002/, Bubble could decide between Big Ten| Big 12 supremacy, 0
https://www.usatoday.com/https://www.usatoday.com/story/news/2021/03/13/honoring-breonna-taylor-stimulus-money-5-things-know-weekend/4622185001/, Honoring Breonna Taylor| stimulus money: 5 things to know this weekend, 0
https://www.usatoday.com/https://www.usatoday.com/story/news/politics/2021/03/13/how-covid-relief-bill-aims-to-help-socially-disadvantaged-farmers/4637103001/, COVID-19 legislation: How bill offers debt relief for Black farmers, 0
https://www.usatoday.com/https://www.usatoday.com/story/opinion/2021/03/13/iowa-reporter-arrest-george-floyd-protest-des-moines-register-column/4667505001/, Iowa reporter Sahouri acquittal affirms that journalism isn't a crime, 0
https://www.usatoday.com/https://www.usatoday.com/story/sports/sports-betting/2021/03/13/new-york-rangers-at-boston-bruins-odds-picks-and-prediction/115554804/, New York Rangers at Boston Bruins odds| picks and prediction, 0
https://www.usatoday.com/https://www.usatoday.com/videos/news/nation/2021/03/13/year-loss-and-resilience-face-covid-19-navajo-nation/4670000001/, A year of loss and resilience in the face of COVID-19 on Navajo Nation, 0
https://www.usatoday.com/https://www.usatoday.com/story/news/nation/2021/03/13/covid-pandemic-death-toll-grows-more-americans-get-vaccinated/6895194002/, COVID pandemic: Death toll grows as more Americans get vaccinated, 0
https://www.usatoday.com/https://www.usatoday.com/story/news/health/2021/03/13/covid-spread-outside-what-know-safety-masks-warm-weather/4642329001/, COVID spread outside: What to know about safety| masks in warm weather, 0
https://www.usatoday.com/https://www.usatoday.com/story/money/cars/2021/03/13/gm-ford-tesla-dealerships-electric-vehicles/4669176001/, GM| Ford hope dealerships| service centers provide edge over Tesla, 0
https://www.usatoday.com/https://www.usatoday.com/videos/news/nation/2021/03/13/time-zone-challenge-international-students-struggle-attending-classes/4667325001/, Time zone challenge: International students struggle with attending classes, 0
https://www.usatoday.com/https://www.usatoday.com/story/news/nation/2021/03/13/daylight-savings-wrecks-international-students-already-losing-sleep/4648181001/, Daylight Savings wrecks international students already losing sleep, 0
https://www.usatoday.com/https://www.usatoday.com/story/tech/2021/03/13/exhausting-year-distance-learning-caused-covid-wears-thin/4662043001/, 'Exhausting': A year of distance learning caused by COVID wears thin, 0
https://www.usatoday.com/https://www.usatoday.com/story/opinion/voices/2021/03/13/catholic-schools-covid-remote-learning-accommodations-column/4651725001/, COVID couldn't stop my Catholic school's duty to teach children, 0
https://www.usatoday.com/https://www.usatoday.com/story/sports/sports-betting/2021/03/13/new-york-knicks-at-oklahoma-city-thunder-odds-picks-and-prediction/115554808/, New York Knicks at Oklahoma City Thunder odds| picks and prediction, 0
https://www.usatoday.com/https://www.usatoday.com/story/tech/gaming/2021/03/13/college-esports-scholarships-go-mainly-men-nearly-90-funds/4674899001/, College esports scholarships go mainly to men| nearly 90% of funds, 0
https://www.usatoday.com/https://www.usatoday.com/story/opinion/2021/03/13/covid-19-shorter-medical-school-ease-doctor-shortage-column/6828360002/, COVID-19: We need more doctors. Should medical school be shorter?, 0
https://www.usatoday.com/https://www.usatoday.com/story/entertainment/books/2021/03/13/new-books-don-lemon-racism-ruth-bader-ginsburg/4658683001/, 5 books not to miss: Don Lemon| Ruth Bader Ginsburg| more, 0
https://www.usatoday.com/https://www.usatoday.com/story/sports/2021/03/13/jg-taylor-spinks-racist-baseball-legacy-lasted-years/6939295002/, J.G. Taylor Spink's racist baseball legacy lasted years but truth won, 0
https://www.usatoday.com/https://www.usatoday.com/story/sports/college/2021/03/13/alex-greenwald-lost-friend-parkland-florida-2018-shooting-iowa-gymnast/6936984002/, How gymnast whose friend died in Parkland shooting found ways to heal, 0
https://www.usatoday.com/https://www.usatoday.com/story/sports/ncaab/2021/03/13/bracketology-oklahoma-state-makes-case-2-seed-after-baylor-upset/4677254001/, Bracketology: Oklahoma State makes case as 2 seed for March Madness, 0
https://www.usatoday.com/https://www.usatoday.com/story/sports/ncaab/2021/03/13/bubble-watch-bid-march-madness-bracketology-ncaa-tournament/4675455001/, Bubble Watch: Teams threatening to ruin March Madness at-large hopes, 0
https://www.usatoday.com/https://www.usatoday.com/picture-gallery/entertainment/movies/2021/03/13/coming-2-america-exclusive-wedding-photos-inside-royal-nuptials/4674534001/, 'Coming 2 America' exclusive wedding photos: Inside the royal nuptials, 0
https://www.usatoday.com/https://www.usatoday.com/story/entertainment/movies/2021/03/13/coming-2-america-glorious-wedding-dress-too-big-walk/6952062002/, 'Coming 2 America': That glorious wedding dress was too big to walk, 0
https://www.usatoday.com/https://www.usatoday.com/story/travel/cruises/2021/03/13/american-cruise-lines-american-queen-steamboat-company-resume-sailing/4667413001/, American Cruise Lines| American Queen Steamboat Company resume sailing, 0
https://www.usatoday.com/https://www.usatoday.com/story/news/health/2021/03/13/covid-vaccine-update-us-surpasses-100-m-pfizer-appears-slow-spread/4672579001/, COVID vaccine update: US surpasses 100M; Pfizer appears to slow spread, 0
https://www.usatoday.com/https://www.usatoday.com/videos/news/nation/2021/03/13/biden-weekend-trips-delaware-under-scrutiny/4679669001/, Biden weekend trips to Delaware under scrutiny, 0
https://www.usatoday.com/https://www.usatoday.com/story/news/nation/2021/03/13/portland-oregon-police-detain-least-100-protesters/4679658001/, Portland| Oregon| police detain at least 100 protesters, 0
https://www.usatoday.com/https://www.usatoday.com/story/tech/2021/03/13/musing-music-cassette-mixtapes-talking-tech/4666659001/, Musing about music on cassette mixtapes: Talking Tech, 0
https://www.usatoday.com/https://www.usatoday.com/story/sports/soccer/2021/03/13/cardiff-suspends-2-academy-staff-over-bullying-allegations/115555174/, Cardiff suspends 2 academy staff over bullying allegations, 0
https://www.usatoday.com/https://www.usatoday.com/story/sports/nba/2021/03/13/ap-source-embiid-sidelined-with-bone-bruise-in-left-knee/43463047/, AP source: Embiid could miss up to 2 weeks with knee injury, 0
https://www.usatoday.com/https://www.usatoday.com/story/news/politics/2021/03/13/wisconsin-senator-ron-johnson-comment-capitol-black-lives-matter-called-racist/4679707001/, Ron Johnson comment on Capitol riot| Black Lives Matter called racist, 0
https://www.usatoday.com/https://www.usatoday.com/story/entertainment/books/2021/03/13/rom-com-book-recommendations-dial-a-aunties-honey-girl-twice-shy-the-sky-blues-first-comes-like/6782733002/, Rom-com recommendations: 'Dial A for Aunties'| 'Honey Girl|' more, 0
https://www.usatoday.com/https://www.usatoday.com/story/sports/sports-betting/2021/03/13/detroit-pistons-at-brooklyn-nets-odds-picks-and-prediction/115555190/, Detroit Pistons at Brooklyn Nets odds| picks and prediction, 0
https://www.usatoday.com/https://www.usatoday.com/story/sports/golf/2021/03/13/tiger-woods-update-sheriffs-investigation-into-crash-scrutinized/4675380001/, Tiger Woods update: Sheriff's investigation into crash scrutinized, 0
https://www.usatoday.com/https://www.usatoday.com/story/sports/sports-betting/2021/03/13/ufc-on-espn-51-eryk-anders-vs-darren-stewart-odds-picks-and-prediction/115555252/, UFC on ESPN+ 51: Eryk Anders vs. Darren Stewart odds| picks and prediction, 0
https://www.usatoday.com/https://www.usatoday.com/story/sports/sports-betting/2021/03/13/ufc-on-espn-51-leon-edwards-vs-belal-muhammad-odds-picks-and-prediction/115555262/, UFC on ESPN+ 51: Leon Edwards vs. Belal Muhammad odds| picks and prediction, 0
https://www.usatoday.com/https://www.usatoday.com/story/sports/sports-betting/2021/03/13/ufc-on-espn-51-jonathan-martinez-vs-davey-grant-odds-picks-and-prediction/115555270/, UFC on ESPN+ 51: Jonathan Martinez vs. Davey Grant odds| picks and prediction, 0
https://www.usatoday.com/https://www.usatoday.com/story/sports/ncaab/2021/03/13/conference-tournament-week-no-1-seeds-didnt-win/4678312001/, In wild conference tournament week| nearly half No. 1 seeds didn't win, 0
https://www.usatoday.com/https://www.usatoday.com/story/sports/sports-betting/2021/03/13/ufc-on-espn-51-manel-kape-vs-matheus-nicolau-odds-picks-and-prediction/115555280/, UFC on ESPN+ 51: Manel Kape vs. Matheus Nicolau odds| picks and prediction, 0
https://www.usatoday.com/https://www.usatoday.com/story/sports/2021/03/13/mississippi-governor-signs-bill-banning-transgender-athletes-sports/4679759001/, Mississippi Gov. signs bill banning transgender athletes from sports, 0
https://www.usatoday.com/https://www.usatoday.com/story/sports/sports-betting/2021/03/13/ufc-on-espn-51-misha-cirkunov-vs-ryan-spann-odds-picks-and-prediction/115555286/, UFC on ESPN+ 51: Misha Cirkunov vs. Ryan Spann odds| picks and prediction, 0
https://www.usatoday.com/https://www.usatoday.com/videos/news/nation/2021/03/13/mandalay-protest-dispersed-security-forces/4679889001/, Mandalay protest dispersed by security forces, 0
https://www.usatoday.com/https://www.usatoday.com/story/sports/sports-betting/2021/03/13/milwaukee-bucks-vs-washington-wizards-odds-picks-and-prediction/115555360/, Milwaukee Bucks vs Washington Wizards odds| picks and prediction, 0
https://www.usatoday.com/https://www.usatoday.com/story/sports/sports-betting/2021/03/13/ufc-on-espn-51-dan-ige-vs-gavin-tucker-odds-picks-and-prediction/115555368/, UFC on ESPN+ 51: Dan Ige vs. Gavin Tucker odds| picks and prediction, 0
https://www.usatoday.com/https://www.usatoday.com/story/sports/2021/03/13/racists-oklahoma-girls-basketball-state-tournament/4679914001/, Racists are everywhere| even at a girls basketball state tourney, 0
https://www.usatoday.com/https://www.usatoday.com/story/sports/soccer/2021/03/13/chelsea-held-0-0-by-leeds-10-epl-games-unbeaten-with-tuchel/115555402/, Chelsea held 0-0 by Leeds| 10 EPL games unbeaten with Tuchel, 0
https://www.usatoday.com/https://www.usatoday.com/story/news/world/2021/03/13/bolivia-jeanine-anez-president-after-evo-morales-ouster-arrested/4679911001/, Bolivia: Jeanine Áñez| president after Evo Morales' ouster| arrested, 0
https://www.usatoday.com/https://www.usatoday.com/story/sports/sports-betting/2021/03/13/2021-tampa-bay-rays-world-series-win-total-pennant-and-division-odds/115555442/, 2021 Tampa Bay Rays World Series| win total| pennant and division odds, 0
https://www.usatoday.com/https://www.usatoday.com/story/news/world/2021/03/13/myanmar-coup-security-forces-kill-4-more-protesters-crackdown/4680006001/, Myanmar coup: Security forces kill 4 more protesters in crackdown, 0
https://www.usatoday.com/https://www.usatoday.com/story/sports/sports-betting/2021/03/13/2021-baltimore-orioles-world-series-win-total-pennant-and-division-odds/115555480/, 2021 Baltimore Orioles World Series| win total| pennant and division odds, 0
https://www.usatoday.com/https://www.usatoday.com/story/sports/sports-betting/2021/03/13/portland-trail-blazers-at-minnesota-timberwolves-odds-picks-and-prediction/115555488/, Portland Trail Blazers at Minnesota Timberwolves odds| picks and prediction, 0
https://www.usatoday.com/https://www.usatoday.com/story/sports/soccer/2021/03/13/le-graet-re-elected-as-french-football-federation-president/43463133/, Le Graet re-elected as French Football Federation president, 0
https://www.usatoday.com/https://www.usatoday.com/videos/news/nation/2021/03/13/chester-zoo-welcomes-new-baby-giraffe/4680213001/, Chester Zoo welcomes new baby giraffe, 0
https://www.usatoday.com/https://www.usatoday.com/story/sports/sports-betting/2021/03/13/toronto-raptors-at-charlotte-hornets-odds-picks-and-prediction/115555494/, Toronto Raptors at Charlotte Hornets odds| picks and prediction, 0
https://www.usatoday.com/https://www.usatoday.com/story/sports/nhl/2021/03/13/sabres-captain-eichel-out-for-the-foreseeable-future/43463135/, Sabres' Jack Eichel out for 'foreseeable future', 0
https://www.usatoday.com/https://www.usatoday.com/story/life/health-wellness/2021/03/13/daylight-savings-why-im-looking-forward-losing-hour-sleep/4669242001/, Daylight savings: Why I'm looking forward to losing an hour of sleep, 0
https://www.usatoday.com/https://www.usatoday.com/story/news/nation/2021/03/13/breonna-taylor-death-one-year-anniversary-marked-events-rallies/4679918001/, Breonna Taylor death: 1 year anniversary marked with events| rallies, 0
https://www.usatoday.com/https://www.usatoday.com/story/sports/nba/2021/03/13/michigans-livers-out-indefinitely-with-foot-injury/43463151/, Michigan's Livers out indefinitely with foot injury, 0
https://www.usatoday.com/https://www.usatoday.com/videos/news/nation/2021/03/13/spacewalking-astronauts-work-iss-plumbing/4680479001/, Spacewalking astronauts work on ISS plumbing, 0
https://www.usatoday.com/https://www.usatoday.com/story/sports/nba/sixers/2021/03/13/joel-embiid-injury-philadelphia-76-ers/4680485001/, Joel Embiid injury: 76ers star has bruised| knee| out several weeks, 0
https://www.usatoday.com/https://www.usatoday.com/story/sports/nfl/2021/03/13/lions-sign-free-agent-te-josh-hill/43463155/, Lions sign free agent TE Josh Hill, 0
https://www.usatoday.com/https://www.usatoday.com/story/sports/sports-betting/2021/03/13/indiana-pacers-at-phoenix-suns-odds-picks-and-prediction/115555618/, Indiana Pacers at Phoenix Suns odds| picks and prediction, 0
https://www.usatoday.com/https://www.usatoday.com/videos/entertainment/tv/2021/03/13/bachelorette-replaces-chris-harrison-host/4680591001/, "The Bachelorette" replaces Chris Harrison as host for 17th season, 0
https://www.usatoday.com/https://www.usatoday.com/story/news/politics/2021/03/13/kentucky-senate-passes-riot-bill-criminalizing-insulting-police/4680301001/, Kentucky legislature: Senate passes bill criminalizing police insults, 0
https://www.usatoday.com/https://www.usatoday.com/story/sports/ncaab/2021/03/13/vols-fulkerson-to-miss-rest-of-sec-tourney-with-concussion/43463553/, Vols' Fulkerson to miss rest of SEC tourney with concussion, 0
https://www.usatoday.com/https://www.usatoday.com/story/sports/soccer/2021/03/13/lewandowski-gets-32nd-bundesliga-goal-bayern-beats-bremen/115555682/, Lewandowski gets 32nd Bundesliga goal| Bayern beats Bremen, 0
https://www.usatoday.com/https://www.usatoday.com/story/sports/sports-betting/2021/03/13/2021-arizona-diamondbacks-world-series-win-total-pennant-and-division-odds/115555684/, 2021 Arizona Diamondbacks World Series| win total| pennant and division odds, 0
https://www.usatoday.com/https://www.usatoday.com/story/news/world/2021/03/13/russian-police-detain-hundreds-participants-opposition-forum/4680657001/, Russian police detain hundreds at forum for 'undesirable' organization, 0
https://www.usatoday.com/https://www.usatoday.com/story/sports/sports-betting/2021/03/13/2021-boston-red-sox-world-series-win-total-pennant-and-division-odds/115555756/, 2021 Boston Red Sox World Series| win total| pennant and division odds, 0
https://www.usatoday.com/https://www.usatoday.com/story/tech/news/2021/03/13/homepod-discontinued-apple-focusing-efforts-homepod-mini/4680400001/, Apple HomePod discontinued: Apple to focus on smaller| HomePod mini, 0
https://www.usatoday.com/https://www.usatoday.com/story/entertainment/2021/03/13/cesar-awards-actor-makes-statement-aimed-french-prime-minister/4680716001/, Cesar Awards: Actor makes statement aimed at French Prime Minister, 0
https://www.usatoday.com/https://www.usatoday.com/story/sports/soccer/2021/03/13/benzema-brace-leads-madrid-fightback-in-2-1-win-over-elche/115555782/, Benzema brace gives Madrid 2-1 win| Atlético held at Getafe, 0
https://www.usatoday.com/https://www.usatoday.com/story/sports/sports-betting/2021/03/13/2021-new-york-yankees-world-series-win-total-pennant-and-division-odds/115555794/, 2021 New York Yankees World Series| win total| pennant and division odds, 0
https://www.usatoday.com/https://www.usatoday.com/story/sports/soccer/2021/03/13/zaha-1st-epl-player-not-to-take-a-knee-ahead-of-palace-win/43463175/, Zaha 1st EPL player not to take a knee ahead of Palace win, 0
https://www.usatoday.com/https://www.usatoday.com/story/sports/cycling/2021/03/13/pogaar-takes-tirreno-lead-after-winning-tough-4th-stage/115555844/, Pogaar takes Tirreno lead after winning tough 4th stage, 0
https://www.usatoday.com/https://www.usatoday.com/story/sports/mlb/2021/03/13/dave-mckay-arizona-diamondbacks-inury-mlb/4681140001/, Arizona Diamondbacks coach Dave McKay injured in dugout fall, 0
https://www.usatoday.com/https://www.usatoday.com/story/sports/columnist/mike-freeman/2021/03/13/racist-basketball-announcer-matt-rowan-eyes-of-texas/4679847001/, Racist basketball announcer shows ugliness still permeates education, 0
https://www.usatoday.com/https://www.usatoday.com/story/sports/motor/formula1/2021/03/13/bottas-leads-day-2-of-f1-testing-as-mercedes-finds-its-form/115555902/, Bottas leads Day 2 of F1 testing as Mercedes finds its form, 0
https://www.usatoday.com/https://www.usatoday.com/story/sports/nba/2021/03/13/ap-interview-morey-embraces-challenges-of-leading-76ers/43463185/, AP Interview: Morey embraces challenges of leading 76ers, 0
https://www.usatoday.com/https://www.usatoday.com/story/sports/nfl/2021/03/13/nobody-comes-for-free-in-nfl-free-agency-that-begins-monday/43463201/, Nobody comes for free in NFL free agency that begins Monday, 0
https://www.usatoday.com/https://www.usatoday.com/story/sports/tennis/2021/03/13/medvedev-to-meet-doubles-specialist-herbert-in-open-13-final/43463199/, Medvedev to meet doubles specialist Herbert in Open 13 final, 0
https://www.usatoday.com/https://www.usatoday.com/story/sports/ncaaw/2021/03/13/marist-women-roll-over-saint-peters-into-ncaa-tournament/115556926/, Marist women roll over Saint Peter's| into NCAA Tournament, 0
https://www.usatoday.com/https://www.usatoday.com/story/news/nation/2021/03/13/yorkie-and-its-owner-reunite-13-years-after-dog-stolen-yard/4680746001/, Yorkie and its owner reunite 13 years after dog was stolen from yard, 0
https://www.usatoday.com/https://www.usatoday.com/videos/news/nation/2021/03/13/hundreds-gather-candlie-lit-yangon-night-rally/4681434001/, Hundreds gather for candlie-lit Yangon night rally, 0
https://www.usatoday.com/https://www.usatoday.com/story/sports/ncaab/2021/03/13/hartford-wins-america-east-advances-to-1st-ncaa-tournament/115555986/, Hartford wins America East| advances to 1st NCAA Tournament, 0
https://www.usatoday.com/https://www.usatoday.com/videos/entertainment/celebrities/2021/03/13/jennifer-lopez-alex-rodriguez-split-rumors-false/4681352001/, Jennifer Lopez and Alex Rodriguez say split rumors are false, 0
https://www.usatoday.com/https://www.usatoday.com/story/news/politics/2021/03/13/south-dakota-attorney-general-jason-ravnsborg-pleads-not-guilty/4681101001/, South Dakota Attorney General Jason Ravnsborg pleads not guilty, 0
https://www.usatoday.com/https://www.usatoday.com/story/sports/ncaaw/2021/03/13/kelly-davis-lead-central-michigan-women-to-mac-title/43463307/, Kelly| Davis lead Central Michigan women to MAC title, 0
https://www.usatoday.com/https://www.usatoday.com/story/sports/motor/formula1/2021/03/13/formula-one-commentator-murray-walker-dies-at-97/43463323/, Formula One commentator Murray Walker dies at 97, 0
https://www.usatoday.com/https://www.usatoday.com/story/travel/airline-news/2021/03/13/covid-travel-spring-break-flights-airport/4680925001/, Spring break flights: Airline travel rebounds amid COVID pandemic, 0
https://www.usatoday.com/https://www.usatoday.com/story/sports/tennis/2021/03/13/basilashvili-beats-bautista-agut-to-win-qatar-open/115556026/, Basilashvili beats Bautista Agut to win Qatar Open, 0
https://www.usatoday.com/https://www.usatoday.com/story/sports/soccer/2021/03/13/burnley-rocks-evertons-top-4-pursuit-with-2-1-win-in-epl/43463469/, Burnley rocks Everton's top-4 pursuit with 2-1 win in EPL, 0
https://www.usatoday.com/https://www.usatoday.com/story/entertainment/celebrities/2021/03/13/khloe-kardashian-wishes-best-friend-tristan-thompson-happy-birthday/4681582001/, Khloé Kardashian wishes 'best friend' Tristan Thompson happy birthday, 0
https://www.usatoday.com/https://www.usatoday.com/story/sports/mlb/2021/03/13/oberg-progressing-after-blood-clot-sidelined-reliever-in-20/43463479/, Oberg progressing after blood clot sidelined reliever in '20, 0
https://www.usatoday.com/https://www.usatoday.com/story/sports/nfl/2021/03/13/agents-see-caution-in-free-agency-after-8-salary-cap-drop/115556178/, Agents see caution in free agency after 8% salary cap drop, 0
https://www.usatoday.com/https://www.usatoday.com/story/sports/soccer/2021/03/13/class-of-92-land-1st-salford-trophy-but-champ-for-only-1-day/115556184/, Class of 92 land 1st Salford trophy but champ for only 1 day, 0
https://www.usatoday.com/https://www.usatoday.com/story/nletter/health/2021/03/13/coronavirus-watch-italy-go-back-lockdown/4682067001/, Coronavirus Watch: Italy to go back on lockdown, 0
https://www.usatoday.com/https://www.usatoday.com/videos/news/nation/2021/03/13/breonna-taylors-legacy-honoured-rally/4683052001/, Breonna Taylor’s legacy honoured at rally, 0
https://www.usatoday.com/https://www.usatoday.com/story/sports/ncaab/bigten/2021/03/13/ohio-state-advances-big-ten-title-game-michigan/4682996001/, Ohio State advances to Big Ten title game with win against Michigan, 0
https://www.usatoday.com/https://www.usatoday.com/story/sports/tennis/2021/03/13/muguruza-ends-long-wait-beats-krejcikova-in-dubai-final/115556242/, Muguruza ends long wait| beats Krejcikova in Dubai final, 0
https://www.usatoday.com/https://www.usatoday.com/story/sports/ncaaf/2021/03/13/henderson-throws-3-21-yard-tds-as-delaware-wins-31-3/43463547/, Henderson throws 3 21-yard TDs as Delaware wins 31-3, 0
https://www.usatoday.com/https://www.usatoday.com/story/sports/nhl/2021/03/13/rangers-beat-bruins-4-0-in-panarins-first-game-back/115556252/, Rangers beat Bruins 4-0 in Panarin's first game back, 0
https://www.usatoday.com/https://www.usatoday.com/story/sports/ncaab/2021/03/13/no-9-buckeyes-edge-no-4-michigan-make-big-ten-title-game/115556278/, No. 9 Buckeyes edge No. 4 Michigan| make Big Ten title game, 0
https://www.usatoday.com/https://www.usatoday.com/story/sports/ncaab/2021/03/13/norfolk-st-beats-morgan-st-back-in-ncaas-after-nine-years/43463549/, Norfolk St. beats Morgan St.| back in NCAAs after nine years, 0
https://www.usatoday.com/https://www.usatoday.com/story/sports/ncaab/2021/03/13/down-15-no-6-alabama-rallies-past-tennessee-in-sec-semis/115556298/, Down 15| No. 6 Alabama rallies past Tennessee in SEC semis, 0
https://www.usatoday.com/https://www.usatoday.com/story/sports/golf/2021/03/13/dustin-johnson-decides-again-not-to-go-to-japan-for-olympics/43463559/, Dustin Johnson decides again not to go to Japan for Olympics, 0
https://www.usatoday.com/https://www.usatoday.com/story/sports/soccer/2021/03/13/matchday-man-united-hosts-west-ham-napoli-test-for-milan/115556318/, MATCHDAY: Man United hosts West Ham; Napoli test for Milan, 0
https://www.usatoday.com/https://www.usatoday.com/story/sports/ncaaw/2021/03/13/smith-egbo-lead-no-6-baylor-women-past-texas-66-55/115556668/, Smith| Egbo lead No. 6 Baylor women past Texas 66-55, 0
https://www.usatoday.com/https://www.usatoday.com/story/sports/ncaaf/2021/03/13/huff-leads-presbyterian-to-31-13-win-in-1st-pfl-game/115556316/, Huff leads Presbyterian to 31-13 win in 1st PFL game, 0
https://www.usatoday.com/https://www.usatoday.com/story/travel/airline-news/2021/03/13/mask-required-alaska-airlines-flight-passenger-arrested/4683230001/, Flight disruption: Airline passenger arrested for refusing mask, 0
https://www.usatoday.com/https://www.usatoday.com/story/sports/ncaaf/2021/03/13/fagnano-miller-send-maine-past-13th-ranked-albany/43463563/, Fagnano| Miller send Maine past 13th-ranked Albany, 0
https://www.usatoday.com/https://golfweek.usatoday.com/2021/03/13/world-no-1-dustin-johnson-not-play-tokyo-olympics/, World's No. 1 golfer won't play in Tokyo Olympics, 0
https://www.usatoday.com/https://www.usatoday.com/story/sports/ncaaw/2021/03/13/no-7-maryland-dominates-iowa-to-repeat-as-tourney-champ/115556330/, No. 7 Maryland dominates Iowa to repeat as tourney champ, 0
https://www.usatoday.com/https://www.usatoday.com/videos/news/nation/2021/03/13/kauai-community-cut-off-landslides-after-storm/4683793001/, Kauai community cut off by landslides after storm, 0
https://www.usatoday.com/https://www.usatoday.com/story/sports/ncaaw/2021/03/13/march-madness-missouri-state-women-pull-out-mvc-tournament/4683611001/, March Madness: Women's basketball team pulls out of MVC tournament, 0
https://www.usatoday.com/https://www.usatoday.com/story/sports/nfl/2021/03/13/jets-re-sign-wr-vyncint-smith-ahead-of-free-agency-period/43463605/, Jets re-sign WR Vyncint Smith ahead of free agency period, 0
https://www.usatoday.com/https://www.usatoday.com/story/sports/ncaab/2021/03/13/washington-helps-no-9-ohio-state-top-no-4-michigan-68-67/115556356/, Cockburn scores 26 as No. 3 Illinois beats No. 5 Iowa 82-71, 0
https://www.usatoday.com/https://www.usatoday.com/story/sports/nascar/2021/03/13/one-year-later-nascar-reflects-on-a-covid-changed-sport/115556366/, One year later| NASCAR reflects on a COVID-changed sport, 0
https://www.usatoday.com/https://www.usatoday.com/story/sports/ncaaf/2021/03/13/furman-holds-off-east-tennessee-state-17-13/115556368/, Furman holds off East Tennessee State 17-13, 0
https://www.usatoday.com/https://www.usatoday.com/story/sports/ncaaf/2021/03/13/southern-illinois-beats-uni-for-second-top-5-win-this-year/43463607/, Southern Illinois beats UNI for second top-5 win this year, 0
https://www.usatoday.com/https://www.usatoday.com/sitemap/2021/march/13/, 1, 0
https://www.usatoday.com/https://www.usatoday.com/sitemap/2021/march/13/?page=2, 2, 0
