https://www.usatoday.com/https://www.usatoday.com/story/sports/soccer/2021/03/14/matchday-barcelona-looks-to-move-closer-to-leader-atltico/115559230/, MATCHDAY: Barcelona looks to move closer to leader Atlético, 0
https://www.usatoday.com/https://www.usatoday.com/story/sports/nhl/2021/03/14/islanders-beat-devils-3-2-in-so-for-9th-straight-win/43464935/, Islanders grab NHL lead| beat Devils for ninth win in a row, 0
https://www.usatoday.com/https://www.usatoday.com/story/sports/nhl/2021/03/14/radulovs-so-goal-lifts-stars-to-2-1-win-over-blue-jackets/115559538/, Radulov's SO goal lifts Stars to 2-1 win over Blue Jackets, 0
https://www.usatoday.com/https://www.usatoday.com/story/sports/ncaab/2021/03/14/michigan-state-ncaa-tournament-streak-ucla-bruins-first-four/4696086001/, March Madness: Michigan State barely extends NCAA tournament streak, 0
https://www.usatoday.com/https://www.usatoday.com/story/sports/nhl/2021/03/14/islanders-beats-devils-in-shootout-take-nhl-overall-lead/115559266/, Islanders beats Devils in shootout| take NHL overall lead, 0
https://www.usatoday.com/https://www.usatoday.com/story/entertainment/music/2021/03/14/grammys-2021-brutally-honest-reviews-every-performance-ranked/4655117001/, Grammys 2020: All the best (and worst) performances| ranked, 0
https://www.usatoday.com/https://www.usatoday.com/story/sports/mlb/mets/2021/03/14/mets-luis-guillorme-works-22-pitch-walk-spring-training-cardinals/4696184001/, Mets' Luis Guillorme works 22-pitch walk in spring training game, 0
https://www.usatoday.com/https://www.usatoday.com/story/sports/ncaaf/2021/03/14/ellis-throws-for-school-record-6-tds-in-austin-peays-win/115559282/, Ellis throws for school-record 6 TDs in Austin Peay's win, 0
https://www.usatoday.com/https://www.usatoday.com/story/sports/ncaaf/2021/03/14/murray-state-beats-tennessee-tech-36-31/43464955/, Murray State beats Tennessee Tech 36-31, 0
https://www.usatoday.com/https://www.usatoday.com/story/sports/ncaab/2021/03/14/picking-the-bracket-the-big-ten-will-feel-right-at-home/43464957/, Picking the bracket: The Big Ten will feel right at home, 0
https://www.usatoday.com/https://www.usatoday.com/picture-gallery/entertainment/music/2021/03/15/grammys-best-photos-2021-awards-show/4694880001/, Grammys: Best photos from the 2021 awards show, 0
https://www.usatoday.com/https://www.usatoday.com/picture-gallery/sports/ncaab/tourney/2021/03/15/meet-2021-ncaa-tournament-teams/6947748002/, 2021 NCAA Tournament: Meet the teams participating in March Madness, 0
https://www.usatoday.com/https://www.usatoday.com/story/sports/ncaaf/2021/03/14/tsus-zito-kicks-62-yarder-plus-game-winner-as-time-runs-out/115559300/, TSU's Zita kicks 62-yarder plus winner as time runs out, 0
https://www.usatoday.com/https://www.usatoday.com/story/sports/nhl/2021/03/14/philipp-grubauer-has-27-saves-avalanche-beat-kings-4-1/43465035/, Philipp Grubauer has 27 saves| Avalanche beat Kings 4-1, 0
https://www.usatoday.com/https://www.usatoday.com/story/sports/ncaab/tourney/2021/03/14/wichita-state-bubble-celebrates-ncaa-tournament/4696174001/, March Madness: Wichita State goes wild after making NCAA Tournament, 0
https://www.usatoday.com/https://www.usatoday.com/story/sports/nba/2021/03/14/sixers-beat-spurs-134-99-in-1st-game-without-injured-embiid/115559322/, Sixers beat Spurs 134-99 in 1st game without injured Embiid, 0
https://www.usatoday.com/https://www.usatoday.com/videos/sports/ncaab/sportspulse/2021/03/15/march-madness-selection-sunday-provides-surprises-and-snubs/4696453001/, March Madness: Selection Sunday provides surprises and snubs, 0
https://www.usatoday.com/https://www.usatoday.com/story/sports/sports-betting/2021/03/14/favorites-to-win-march-madness-tournament/115559348/, Favorites to win March Madness Tournament, 0
https://www.usatoday.com/https://www.usatoday.com/story/sports/soccer/2021/03/14/real-madrid-man-city-target-last-8-of-champions-league/115559350/, Real Madrid| Man City target last 8 of Champions League, 0
https://www.usatoday.com/https://www.usatoday.com/story/sports/ncaab/2021/03/14/ncaa-tournament-odds-betting-odds-all-68-march-madness-teams/4694091001/, NCAA Tournament odds: Betting odds for all 68 March Madness teams, 0
https://www.usatoday.com/https://www.usatoday.com/story/sports/sports-betting/2021/03/14/tennessee-vs-oregon-state-odds-tennessee-favored-in-march-madness-round-1/115559356/, Tennessee vs. Oregon State odds: Tennessee favored in March Madness Round 1, 0
https://www.usatoday.com/https://www.usatoday.com/story/sports/ncaab/2021/03/14/big-ten-has-record-9-ncaa-tourney-teams-4-get-1-or-2-seeds/43464975/, Big Ten has record 9 NCAA tourney teams; 4 get 1 or 2 seeds, 0
https://www.usatoday.com/https://www.usatoday.com/story/sports/2021/03/14/virginia-kansas-ncaa-tournament-covid-19-results-travel-plans/4696131001/, NCAA Tournament: Virginia| Kansas share COVID-19 results| travel plans, 0
https://www.usatoday.com/https://www.usatoday.com/story/sports/ncaab/tourney/2021/03/14/michigan-state-ncaa-tournament-trolls-twitter/4696424001/, Michigan State makes NCAA Tournament| trolls Twitter naysayers, 0
https://www.usatoday.com/https://www.usatoday.com/story/sports/nascar/2021/03/14/nascar-cup-series-martin-truex-jr-wins-phoenix-raceway/4696718001/, NASCAR Cup Series: Martin Truex Jr. takes race at Phoenix Raceway, 0
https://www.usatoday.com/https://www.usatoday.com/story/sports/ncaab/2021/03/14/even-with-livers-injured-michigan-earns-no-1-seed-in-east/115559406/, Even with Livers injured| Michigan earns No. 1 seed in East, 0
https://www.usatoday.com/https://www.usatoday.com/story/sports/nba/2021/03/14/butler-scores-29-as-heat-beat-magic-for-4th-straight-win/115559380/, Butler scores 29 as Heat beat Magic for 4th straight win, 0
https://www.usatoday.com/https://www.usatoday.com/story/sports/ncaab/2021/03/14/colorado-state-seeded-no-1-in-16-team-nit/115559392/, Colorado State seeded No. 1 in 16-team NIT, 0
https://www.usatoday.com/https://www.usatoday.com/videos/entertainment/2021/03/15/rollercoaster-tears-noah-cyrus-grammys/4696849001/, 'A rollercoaster of tears' for Noah Cyrus at Grammys, 0
https://www.usatoday.com/https://www.usatoday.com/videos/news/nation/2021/03/15/rollercoaster-tears-noah-cyrus-grammys/4696847001/, 'A rollercoaster of tears' for Noah Cyrus at Grammys, 0
https://www.usatoday.com/https://www.usatoday.com/story/sports/nhl/2021/03/14/batherson-scores-twice-in-53-seconds-sens-beat-maple-leafs/43465003/, Batherson scores twice in 53 seconds| Sens beat Maple Leafs, 0
https://www.usatoday.com/https://www.usatoday.com/story/entertainment/music/2021/03/14/taylor-swift-2021-grammys-performance-history/4674539001/, Taylor Swift makes Grammys history with 'Folklore' win, 0
https://www.usatoday.com/https://www.usatoday.com/story/sports/ncaab/2021/03/14/ncaa-field-missing-mainstays-duke-kentucky-and-louisville/43465015/, NCAA field missing mainstays Duke| Kentucky and Louisville, 0
https://www.usatoday.com/https://www.usatoday.com/story/entertainment/music/2021/03/14/dababy-grammys-2021-performance-judge-backup-dancers-steal-show/4695743001/, DaBaby’s judge backup dancers steal Grammys performance, 0
https://www.usatoday.com/https://www.usatoday.com/story/sports/ncaab/2021/03/14/baylor-headlines-south-region-bracket-with-first-no-1-seed/115559586/, Baylor headlines South Region bracket with first No. 1 seed, 0
https://www.usatoday.com/https://www.usatoday.com/story/entertainment/tv/2021/03/14/american-idol-teen-cystic-fibrosis-gives-miracle-audition/4673887001/, 'American Idol': Teen with cystic fibrosis gives 'miracle' audition, 0
https://www.usatoday.com/https://www.usatoday.com/story/sports/ncaab/2021/03/14/six-seeds-ncaa-selection-committee-got-wrong-selection-sunday/4694104001/, Six seeds the NCAA selection committee got wrong on Selection Sunday, 0
https://www.usatoday.com/https://www.usatoday.com/story/sports/nfl/2021/03/14/ap-source-49ers-agree-to-5-year-27m-deal-with-juszczyk/115559434/, AP source: 49ers agree to 5-year| $27M deal with Juszczyk, 0
https://www.usatoday.com/https://www.usatoday.com/story/entertainment/tv/2021/03/14/hbo-allen-v-farrow-finale-recap-dylan-mia-woody-allen/4666183001/, HBO's Allen v. Farrow: Dylan's alleged abuse marks 'lifelong sentence', 0
https://www.usatoday.com/https://www.usatoday.com/story/sports/nfl/49ers/2021/03/14/san-francisco-49-ers-kyle-juszczyk-contract/4696932001/, San Francisco 49ers| Kyle Juszczyk agree to five-year deal: report, 0
https://www.usatoday.com/https://www.usatoday.com/story/sports/ncaab/2021/03/14/pitino-in-ncaa-tournament-kentucky-out-after-chaotic-season/43465019/, Pitino in NCAA Tournament| Kentucky out after chaotic season, 0
https://www.usatoday.com/https://www.usatoday.com/story/sports/nba/2021/03/14/boston-deals-struggling-rockets-16th-straight-loss-134-107/43465021/, Boston deals struggling Rockets 16th straight loss 134-107, 0
https://www.usatoday.com/https://www.usatoday.com/story/sports/olympics/2021/03/14/explainer-what-drives-possible-boycott-of-beijing-olympics/115559444/, EXPLAINER: What drives possible boycott of Beijing Olympics, 0
https://www.usatoday.com/https://www.usatoday.com/story/sports/nba/2021/03/14/collins-gallinari-lead-streaking-hawks-past-cavs-100-82/43465051/, Collins| Gallinari lead streaking Hawks past Cavs| 100-82, 0
https://www.usatoday.com/https://www.usatoday.com/videos/news/nation/2021/03/15/today-history-march-15th/4697403001/, Today in History for March 15th, 0
https://www.usatoday.com/https://www.usatoday.com/story/sports/ncaab/2021/03/14/march-madness-printable-bracket-ncaa-tournament-picks/4693840001/, NCAA tournament, 0
https://www.usatoday.com/https://www.usatoday.com/story/entertainment/music/2021/03/14/beyonce-and-jay-z-make-surprise-grammys-2021-appearance/4695803001/, Beyonce| Jay-Z make surprise Grammys 2021 appearance, 0
https://www.usatoday.com/https://www.usatoday.com/story/entertainment/music/2021/03/14/trevor-noah-mined-comic-gold-covid-outdoor-grammys/4696795001/, Trevor Noah has fun with Billie Eilish| Harry Styles at Grammys, 0
https://www.usatoday.com/https://www.usatoday.com/story/entertainment/music/2021/03/14/beyonce-makes-grammy-awards-history/4670948001/, Beyoncé smashes Grammys record for most-winning female singer, 0
https://www.usatoday.com/https://www.usatoday.com/story/sports/nba/2021/03/14/williams-scores-23-bulls-beat-raptors-118-95/115559504/, Williams scores 23| Bulls beat Raptors 118-95, 0
https://www.usatoday.com/https://www.usatoday.com/story/sports/nba/2021/03/14/williamson-ingram-power-pelicans-past-clippers-135-115/115559522/, Williamson| Ingram power Pelicans past Clippers 135-115, 0
https://www.usatoday.com/https://www.usatoday.com/videos/news/nation/2021/03/15/taylor-swift-harry-styles-hit-grammys-red-carpet/4697634001/, Taylor Swift| Harry Styles hit Grammys red carpet, 0
https://www.usatoday.com/https://www.usatoday.com/videos/entertainment/2021/03/15/taylor-swift-harry-styles-hit-grammys-red-carpet/4697635001/, Taylor Swift| Harry Styles hit Grammys red carpet, 0
https://www.usatoday.com/https://www.usatoday.com/in-depth/money/markets/2021/03/15/stimulus-check-unemployment-benefits-covid-stock-market/4644578001/, Stimulus checks 2021: Who has benefited from COVID stock market boom, 0
https://www.usatoday.com/https://www.usatoday.com/story/entertainment/celebrities/2021/03/15/grammys-best-dressed-dua-lipa-beyonce-taylor-swift/4696300001/, Grammys best-dressed: Dua Lipa| Beyonce| Taylor Swift| and more, 0
https://www.usatoday.com/https://www.usatoday.com/story/entertainment/music/2021/03/15/grammys-2021-selena-quintanilla-perez-lifetime-achievement-award/4697815001/, Selena: Family received Grammys Lifetime Achievement Award before show, 0
https://www.usatoday.com/https://www.usatoday.com/videos/news/nation/2021/03/15/stars-break-down-their-grammy-looks/4697894001/, Stars break down their Grammy looks, 0
https://www.usatoday.com/https://www.usatoday.com/videos/entertainment/2021/03/15/stars-break-down-their-grammy-looks/4697895001/, Stars break down their Grammy looks, 0
https://www.usatoday.com/https://www.usatoday.com/story/entertainment/music/2021/03/14/cardi-b-megan-thee-stallion-wap-grammys-2021/4697207001/, Megan Thee Stallion| Cardi B bring racy 'WAP' to Grammys 2021, 0
https://www.usatoday.com/https://www.usatoday.com/story/sports/ncaab/2021/03/14/march-madness-upset-predictions-first-round-ncaa-tournament-picks/4696509001/, March Madness upset predictions: First-round NCAA tournament picks, 0
https://www.usatoday.com/https://www.usatoday.com/story/entertainment/music/2021/03/15/megan-thee-stallion-what-grammys-got-right-wrong-diversity-inclusion/4667975001/, BTS: Grammys 2021 got some things right and wrong about diversity, 0
https://www.usatoday.com/https://www.usatoday.com/story/news/50-states/2021/03/15/yo-yo-ma-flowing-green-brooklyn-bridge-news-around-states/115559556/, Yo-Yo Ma| flowing green: News from around our 50 states, 0
https://www.usatoday.com/https://www.usatoday.com/story/entertainment/music/2021/03/15/grammys-2021-top-moments-beyonce-billie-eilish/4695948001/, Grammys 2021 top moments: Beyonce| Billie Eilish| Lil Baby| more, 0
https://www.usatoday.com/https://www.usatoday.com/videos/news/nation/2021/03/15/wwii-era-japanese-internee-reburied-family/4698021001/, WWII-era Japanese internee reburied by family, 0
https://www.usatoday.com/https://www.usatoday.com/videos/news/nation/2021/03/15/beyonce-makes-history-grammy-awards/4698070001/, Beyonce makes history at Grammy Awards, 0
https://www.usatoday.com/https://www.usatoday.com/videos/entertainment/2021/03/15/beyonce-makes-history-grammy-awards/4698074001/, Beyonce makes history at Grammy Awards, 0
https://www.usatoday.com/https://www.usatoday.com/videos/entertainment/entertainthis/2021/03/15/grammys-2021-beyonce-taylor-swift-megan-thee-stallion-shine/4698109001/, Grammys 2021: Beyoncé| Taylor Swift| Megan Thee Stallion shine, 0
https://www.usatoday.com/https://www.usatoday.com/story/sports/ncaab/2021/03/15/68-teams-punch-their-ticket-now-comes-the-hard-part/43465063/, March Madness: 68 teams punch ticket; the hard part awaits, 0
https://www.usatoday.com/https://www.usatoday.com/story/sports/ncaab/2021/03/15/uconn-returning-to-ncaa-tournament-after-a-five-year-absence/115559604/, UConn returning to NCAA Tournament after a five-year absence, 0
https://www.usatoday.com/https://www.usatoday.com/story/sports/ncaab/2021/03/15/stuck-in-quarantine-virginia-has-spot-in-tournament-waiting/43465073/, Stuck in quarantine| Virginia has spot in tournament waiting, 0
https://www.usatoday.com/https://www.usatoday.com/story/sports/ncaab/2021/03/15/several-top-teams-seeking-1st-title-in-this-ncaa-tournament/115559606/, Several top teams seeking 1st title in this NCAA Tournament, 0
https://www.usatoday.com/https://www.usatoday.com/story/sports/golf/2021/03/15/thomas-battles-through-personal-turmoil-and-a-tough-sawgrass/43465075/, Thomas battles through personal turmoil and a tough Sawgrass, 0
https://www.usatoday.com/https://www.usatoday.com/story/sports/boxing/2021/03/15/column-marvelous-marvin-hagler-got-his-break-and-cashed-in/43465077/, Column: Marvelous Marvin Hagler got his break and cashed in, 0
https://www.usatoday.com/https://www.usatoday.com/videos/news/nation/2021/03/15/ny-marks-year-pandemic-sorrow-honors-victims/4698143001/, NY marks a year of pandemic sorrow| honors victims, 0
https://www.usatoday.com/https://www.usatoday.com/story/tech/news/2021/03/15/covid-vaccine-appointment-facebook-instagram-coronavirus-vaccination/4680803001/, Facebook to help arrange COVID-19 vaccine appointments with new tool, 0
https://www.usatoday.com/https://www.usatoday.com/story/opinion/2021/03/15/domestic-international-terrorism-deserve-same-legal-treatment-column/4684258001/, Domestic and international terrorism deserve same treatment in US law, 0
https://www.usatoday.com/https://www.usatoday.com/videos/news/nation/2021/03/15/beijing-enveloped-worst-sandstorm-decade/4698154001/, Beijing enveloped in worst sandstorm in a decade, 0
https://www.usatoday.com/https://www.usatoday.com/story/news/2021/03/15/winter-storm-grammys-oscar-nominees-5-things-know-monday/4666360001/, Winter storm| the Grammys| Oscar nominees: 5 things to know Monday, 0
https://www.usatoday.com/https://www.usatoday.com/videos/news/nation/2021/03/15/beyonce-makes-history-grammy-awards/4698156001/, Beyonce makes history at Grammy Awards, 0
https://www.usatoday.com/https://www.usatoday.com/videos/entertainment/2021/03/15/beyonce-makes-history-grammy-awards/4698157001/, Beyonce makes history at Grammy Awards, 0
https://www.usatoday.com/https://www.usatoday.com/videos/news/nation/2021/03/15/her-believes-grammy-winning-song-stamp-time/4698160001/, H.E.R. believes Grammy winning song will be 'a stamp in time', 0
https://www.usatoday.com/https://www.usatoday.com/videos/entertainment/2021/03/15/her-believes-grammy-winning-song-stamp-time/4698161001/, H.E.R. believes Grammy winning song will be 'a stamp in time', 0
https://www.usatoday.com/https://www.usatoday.com/videos/news/nation/2021/03/15/dababys-grammy-song-message/4698163001/, DaBaby's Grammy song with a message, 0
https://www.usatoday.com/https://www.usatoday.com/videos/entertainment/2021/03/15/dababys-grammy-song-message/4698164001/, DaBaby's Grammy song with a message, 0
https://www.usatoday.com/https://www.usatoday.com/story/news/health/2021/03/15/covid-vaccines-restrictions-schools-spring-break/4693789001/, COVID updates: European nations halt AstraZeneca vaccine; spring break, 0
https://www.usatoday.com/https://www.usatoday.com/story/opinion/voices/2021/03/15/saudi-arabia-political-prisoners-dissent-jail-freedom-bin-salman-column/4654387001/, Saudi Arabia's crackdown on free speech targets human rights advocates, 0
https://www.usatoday.com/https://www.usatoday.com/story/money/columnist/2021/03/15/investing-spac-stocks-carries-risks-heres-what-know/4691884001/, Investing in SPAC stocks carries risks. Here's what to know, 0
https://www.usatoday.com/https://www.usatoday.com/story/news/politics/2021/03/15/supreme-court-coivid-19-cases-could-affect-philadelphia-same-sex-fight/6867575002/, Supreme Court COVID-19 cases could affect Philadelphia same-sex fight, 0
https://www.usatoday.com/https://www.usatoday.com/story/opinion/2021/03/15/biden-business-defend-black-voting-rights-from-republicans-column/4636042001/, Biden must step in to help block GOP efforts to restrict voting rights, 0
https://www.usatoday.com/https://www.usatoday.com/story/money/2021/03/15/george-floyd-racism-black-board-members-corporations/4674113001/, George Floyd: Most companies still don't have a Black board member, 0
https://www.usatoday.com/https://www.usatoday.com/videos/news/nation/2021/03/15/ap-top-stories-march-15/4698209001/, AP Top Stories March 15, 0
https://www.usatoday.com/https://www.usatoday.com/videos/news/nation/2021/03/15/biden-ny-gov-cuomo-wait-investigation/4698235001/, Biden on NY Gov. Cuomo: wait for investigation, 0
https://www.usatoday.com/https://www.usatoday.com/story/opinion/2021/03/15/equal-rights-amendment-harm-women-too-late-to-ratify-column/4667124001/, Equal Rights Amendment: Too late for ratification and harmful to women, 0
https://www.usatoday.com/https://www.usatoday.com/picture-gallery/money/2021/03/15/beers-performance-and-recovery-breweries-craft-post-workout-brews/4657282001/, Beers for performance and recovery: Breweries craft post-workout brews, 0
https://www.usatoday.com/https://www.usatoday.com/story/money/business/2021/03/15/health-beer-post-workout-performance-beers-electrolytes/6869621002/, Beer| water or Gatorade: What drink should you grab after exercise?, 0
https://www.usatoday.com/https://www.usatoday.com/story/sports/soccer/2021/03/15/french-police-investigate-burglary-at-angel-di-marias-house/115560438/, PSG upgrades security at players homes in wake of robberies, 0
https://www.usatoday.com/https://www.usatoday.com/story/sports/sports-betting/2021/03/15/2021-chicago-white-sox-world-series-win-total-pennant-and-division-odds/115560440/, 2021 Chicago White Sox World Series| win total| pennant and division odds, 0
https://www.usatoday.com/https://www.usatoday.com/story/sports/ncaab/2021/03/15/ncaa-tournament-bracket-watch-out-these-five-ranked-teams/4670721001/, NCAA Tournament predictions: Don't count on these five ranked teams, 0
https://www.usatoday.com/https://www.usatoday.com/story/sports/sports-betting/2021/03/15/2021-cleveland-indians-world-series-win-total-pennant-and-division-odds/115560474/, 2021 Cleveland Indians World Series| win total| pennant and division odds, 0
https://www.usatoday.com/https://www.usatoday.com/videos/entertainment/2021/03/15/day-15-march-1999/4698279001/, On This Day: 15 March 1999, 0
https://www.usatoday.com/https://www.usatoday.com/story/sports/sports-betting/2021/03/15/2021-oakland-as-world-series-win-total-pennant-and-division-odds/115560484/, 2021 Oakland A's World Series| win total| pennant and division odds, 0
https://www.usatoday.com/https://www.usatoday.com/videos/news/nation/2021/03/15/day-15-march-1999/4698288001/, On This Day: 15 March 1999, 0
https://www.usatoday.com/https://www.usatoday.com/story/sports/nfl/2021/03/15/drew-brees-retires-impressive-list-nfl-accomplishments/4697069001/, Drew Brees retires with impressive list of NFL accomplishments, 0
https://www.usatoday.com/https://www.usatoday.com/videos/news/weather/2021/03/15/colorado-and-wyoming-buried-under-feet-snow/4698296001/, Colorado and Wyoming buried under feet of snow, 0
https://www.usatoday.com/https://www.usatoday.com/in-depth/sports/ncaab/2021/03/15/march-madness-expert-predictions-full-2021-ncaa-tournament-picks/4566107001/, March Madness expert predictions: Full 2021 NCAA Tournament picks, 0
https://www.usatoday.com/https://www.usatoday.com/videos/news/nation/2021/03/15/deep-snow-rockies-possible-tornadoes-texas/4698355001/, Deep snow in Rockies| possible tornadoes in Texas, 0
https://www.usatoday.com/https://www.usatoday.com/story/sports/ncaab/2021/03/15/ncaa-tournament-replacements-four-squads-could-get-march-madness-call/4697553001/, NCAA Tournament replacements: Four squads could get March Madness call, 0
https://www.usatoday.com/https://www.usatoday.com/picture-gallery/travel/10best/awards/2021/03/15/best-city-parks-us-according-to-readers/4670012001/, The best city parks in the US| according to readers, 0
https://www.usatoday.com/https://www.usatoday.com/picture-gallery/money/shopping/2021/03/15/target-adds-mondo-llama-brand/4696792001/, Target adds Mondo Llama brand to lineup with nearly 400 crafts items, 0
https://www.usatoday.com/https://www.usatoday.com/story/money/shopping/2021/03/15/target-mondo-llama-arts-and-crafts-brand-coronavirus-diy-crafting/4653125001/, Target Mondo Llama arts and crafts brand launches as crafting grows, 0
https://www.usatoday.com/https://www.usatoday.com/story/opinion/2021/03/15/why-americans-growing-distrust-civic-institutions-warning-column/4668616001/, Why Americans' growing distrust in civic institutions is a warning, 0
https://www.usatoday.com/https://www.usatoday.com/story/money/2021/03/15/stimulus-check-2021-tax-refund-delay-covid-relief-payments/4693907001/, Stimulus check 2021: Millions face tax refund delay as relief arrives, 0
https://www.usatoday.com/https://www.usatoday.com/story/news/health/2021/03/15/covid-19-vaccines-immune-issues-cancer-organ-transplants-hiv/4639884001/, COVID-19 vaccines pose questions for people with immune issues, 0
https://www.usatoday.com/https://www.usatoday.com/story/entertainment/books/2021/03/15/barnes-noble-announces-shortlist-childrens-and-ya-book-awards/4649333001/, Barnes & Noble announces shortlist for Children's and YA Book Awards, 0
https://www.usatoday.com/https://www.usatoday.com/story/nletter/2021/03/15/winter-storm-grammys-oscar-nominees-daily-briefing/4698224001/, Winter storm| the Grammys| Oscar nominees: Daily Briefing, 0
https://www.usatoday.com/https://www.usatoday.com/videos/entertainment/2021/03/15/babies-writing-books-grammy-stars-pandemic-year/4698407001/, From babies to writing books| Grammy stars' pandemic year, 0
https://www.usatoday.com/https://www.usatoday.com/videos/news/nation/2021/03/15/babies-writing-books-grammy-stars-pandemic-year/4698406001/, From babies to writing books| Grammy stars' pandemic year, 0
https://www.usatoday.com/https://www.usatoday.com/story/sports/nba/2021/03/15/sixers-star-ben-simmons-calls-out-wizards-broadcaster-justin-kutcher/4696415001/, Sixers star Ben Simmons calls out Wizards broadcaster Justin Kutcher, 0
https://www.usatoday.com/https://www.usatoday.com/videos/news/nation/2021/03/15/electric-cars-way-but-buyers-may-not-ready/4698419001/, Electric cars on way| but buyers may not be ready, 0
https://www.usatoday.com/https://www.usatoday.com/story/sports/sports-betting/2021/03/15/oral-roberts-vs-ohio-state-odds-ohio-state-expected-to-roll-in-round-1/115560620/, Oral Roberts vs. Ohio State odds: Ohio State expected to roll in Round 1, 0
https://www.usatoday.com/https://www.usatoday.com/story/sports/soccer/2021/03/15/madrid-closer-to-full-strength-for-cl-game-against-atalanta/115560628/, Real Madrid without Hazard for game against Atalanta, 0
https://www.usatoday.com/https://www.usatoday.com/story/sports/sports-betting/2021/03/15/cleveland-state-vs-houston-odds-houston-heavily-favored-in-first-round/115560630/, Cleveland State vs. Houston odds: Houston heavily favored in first round, 0
https://www.usatoday.com/https://www.usatoday.com/story/sports/nfl/saints/2021/03/15/drew-brees-retirement-letter-saints-fans-family/4698342001/, Drew Brees' retirement letter thanks Saints| fans| family, 0
https://www.usatoday.com/https://www.usatoday.com/story/sports/sports-betting/2021/03/15/sacramento-kings-at-charlotte-hornets-odds-picks-and-prediction/115560656/, Sacramento Kings at Charlotte Hornets odds| picks and prediction, 0
https://www.usatoday.com/https://www.usatoday.com/story/travel/airline-news/2021/03/15/winter-storm-colorado-flight-cancellations/4698438001/, Winter Storm: 1|100-plus canceled flights as Colorado digs out, 0
https://www.usatoday.com/https://www.usatoday.com/videos/news/nation/2021/03/15/female-service-members-slam-tucker-carlsons-pathetic-prep-school-his-comments-women-military/4661738001/, Female service members slam Tucker Carlson for his comments on women in the military, 0
https://www.usatoday.com/https://www.usatoday.com/story/sports/soccer/2021/03/15/gladbach-coach-hopes-for-the-extraordinary-against-city/115560676/, Gladbach coach hopes for the 'extraordinary' against City, 0
https://www.usatoday.com/https://www.usatoday.com/story/sports/ncaab/2021/03/15/ncaa-tournament-smartest-first-round-upset-picks-march-madness/4696706001/, NCAA Tournament upset picks: Four smartest early March Madness picks, 0
https://www.usatoday.com/https://www.usatoday.com/videos/news/nation/2021/03/15/dua-lipa-haim-her-rock-grammy-red-carpet/4698633001/, Dua Lipa| HAIM| H.E.R. rock the Grammy red carpet, 0
https://www.usatoday.com/https://www.usatoday.com/videos/entertainment/2021/03/15/dua-lipa-haim-her-rock-grammy-red-carpet/4698636001/, Dua Lipa| HAIM| H.E.R. rock the Grammy red carpet, 0
https://www.usatoday.com/https://www.usatoday.com/story/news/nation/2021/03/15/derek-chauvin-trial-live-half-jury-seated/4642884001/, Derek Chauvin trial live: 7 jurors to be recalled over $27M settlement, 0
https://www.usatoday.com/https://www.usatoday.com/story/sports/ftw/2021/03/15/ncaa-tournament-duke-missed/4698543001/, NCAA Tournament: Duke will be missed, 0
https://www.usatoday.com/https://www.usatoday.com/videos/news/nation/2021/03/15/showbiz-minute-grammy-records-grammy-winners-dababy/4698675001/, ShowBiz Minute: Grammy records| Grammy winners| DaBaby, 0
https://www.usatoday.com/https://www.usatoday.com/videos/entertainment/2021/03/15/showbiz-minute-grammy-records-grammy-winners-dababy/4698679001/, ShowBiz Minute: Grammy records| Grammy winners| DaBaby, 0
https://www.usatoday.com/https://www.usatoday.com/story/sports/ncaab/2021/03/15/ncaa-tournament-bracket-predictions-tips-march-madness-guide/4697287001/, NCAA Tournament bracket tips: Upsets| picks to dominate March Madness, 0
https://www.usatoday.com/https://www.usatoday.com/story/sports/olympics/2021/03/15/comcast-signs-deal-with-la-2028-olympic-organizers/115560752/, Comcast signs deal with LA 2028 Olympic organizers, 0
https://www.usatoday.com/https://www.usatoday.com/story/sports/sports-betting/2021/03/15/boston-bruins-at-pittsburgh-penguins-odds-picks-and-prediction/115560862/, Boston Bruins at Pittsburgh Penguins odds| picks and prediction, 0
https://www.usatoday.com/https://www.usatoday.com/story/entertainment/celebrities/2021/03/15/grammy-winner-kirk-franklin-sorry-threatening-son-kerrion-franklin/4698278001/, Kirk Franklin| Grammy winner| apologizes after threatening son Kerrion, 0
https://www.usatoday.com/https://www.usatoday.com/story/news/nation/2021/03/15/vatican-says-catholic-church-cant-bless-same-sex-unions/4698628001/, Vatican| Pope Francis say Catholic Church can't bless same-sex unions, 0
https://www.usatoday.com/https://www.usatoday.com/story/news/politics/2021/03/15/donald-trump-holds-court-and-his-grip-gop-mar-lago/4698811001/, Donald Trump holds court – and his grip on GOP – at Mar-a-Lago, 0
https://www.usatoday.com/https://www.usatoday.com/story/sports/sports-betting/2021/03/15/philadelphia-flyers-at-new-york-rangers-odds-picks-and-prediction/115560900/, Philadelphia Flyers at New York Rangers odds| picks and prediction, 0
https://www.usatoday.com/https://www.usatoday.com/story/news/politics/2021/03/15/equal-rights-amendment-biden-taking-hands-off-approach-doj-barrier/4691895001/, Equal Rights Amendment: Biden taking hands off approach on DOJ barrier, 0
https://www.usatoday.com/https://www.usatoday.com/story/sports/media/2021/03/15/drew-brees-nbc-notre-dame-football-night-in-america/4698702001/, Drew Brees joins NBC Sports| will call Notre Dame football games, 0
https://www.usatoday.com/https://www.usatoday.com/story/entertainment/movies/2021/03/15/oscar-nominations-2021-mank-leads-10-honors/6934032002/, Oscar nominations 2021: 'Mank' leads with 10| including best picture, 0
https://www.usatoday.com/https://www.usatoday.com/story/sports/nfl/columnist/nate-davis/2021/03/15/nfl-free-agency-2021-top-21-free-agents-trent-williams-kenny-golladay/4693251001/, NFL free agency 2021: Top 21 free agents include Trent Williams, 0
https://www.usatoday.com/https://www.usatoday.com/story/sports/sports-betting/2021/03/15/2021-los-angeles-angels-world-series-win-total-pennant-and-division-odds/115561066/, 2021 Los Angeles Angels World Series| win total| pennant and division odds, 0
https://www.usatoday.com/https://www.usatoday.com/picture-gallery/entertainment/movies/2021/03/15/oscars-2021-top-nominees-photos/4644437001/, Oscars 2021: The top nominees in photos, 0
https://www.usatoday.com/https://www.usatoday.com/story/sports/sports-betting/2021/03/15/2021-masters-odds-justin-thomas-rises-with-players-championship-win/115561074/, 2021 Masters odds: Justin Thomas rises with Players Championship win, 0
https://www.usatoday.com/https://www.usatoday.com/story/sports/wnba/2021/03/15/wnba-rolls-out-plans-for-25th-season-celebration/43465837/, WNBA rolls out plans for 25th season celebration, 0
https://www.usatoday.com/https://www.usatoday.com/story/life/2021/03/15/pandemic-anniversary-craziest-food-trends-year-quarantine/6949989002/, Pandemic anniversary: The craziest food trends from year of quarantine, 0
https://www.usatoday.com/https://www.usatoday.com/videos/sports/olympics/sportspulse/2021/03/15/how-usain-bolt-handling-his-first-olympics-spectator/4663764001/, How Usain Bolt is handling his first Olympics as a spectator?, 0
https://www.usatoday.com/https://www.usatoday.com/story/sports/olympics/2021/03/15/usain-bolt-talks-2021-tokyo-olympics-covid-19-noah-lyles/4664970001/, Usain Bolt talks 2021 Tokyo Olympics| COVID-19 bout and Noah Lyles, 0
https://www.usatoday.com/https://www.usatoday.com/story/entertainment/movies/2021/03/15/oscar-nominations-snubs-jared-leto-tom-hanks/6933975002/, Oscar nominations snubs: Jared Leto| Regina King| Tom Hanks| Alan Kim, 0
https://www.usatoday.com/https://www.usatoday.com/story/news/politics/2021/03/15/andrew-cuomo-new-york-government-workplace-culture-fear-allegations-resign/4699168001/, Andrew Cuomo allegations are part of larger 'culture of fear' in NY, 0
https://www.usatoday.com/https://www.usatoday.com/story/sports/soccer/2021/03/15/big-spending-hertha-berlin-in-battle-for-bundesliga-survival/43465857/, Big-spending Hertha Berlin in battle for Bundesliga survival, 0
https://www.usatoday.com/https://www.usatoday.com/story/news/nation/2021/03/15/snow-storm-colorado-wyoming-heads-midwest-thunderstorms-south/4698376001/, Snow storm in Colorado| Wyoming heads Midwest| thunderstorms in South, 0
https://www.usatoday.com/https://www.usatoday.com/story/news/politics/2021/03/15/ruth-bader-ginsburg-monument-us-capitol-called-house-bill/6938823002/, Ruth Bader Ginsburg monument in US Capitol called for in House bill, 0
https://www.usatoday.com/https://www.usatoday.com/story/sports/soccer/2021/03/15/16-year-old-moukoko-included-in-germanys-under-21-squad/115562252/, 16-year-old Moukoko included in Germany's under-21 squad, 0
https://www.usatoday.com/https://www.usatoday.com/videos/graphics/2021/03/15/simulation-1/4699640001/, Simulation 1, 0
https://www.usatoday.com/https://www.usatoday.com/videos/entertainment/entertainthis/2021/03/15/tom-holland-covid-protocols-and-if-spider-mans-mask-counts-ppe/4673194001/, Tom Holland on COVID protocols and if Spider-Man's mask counts as PPE, 0
https://www.usatoday.com/https://www.usatoday.com/videos/graphics/2021/03/15/simulation-2/4699717001/, Simulation 2, 0
https://www.usatoday.com/https://www.usatoday.com/story/entertainment/music/2021/03/15/yo-yo-ma-gives-surprise-concert-ma-covid-vaccine-site/4699325001/, Yo-Yo Ma gives surprise concert at MA COVID vaccine site after shot, 0
https://www.usatoday.com/https://www.usatoday.com/videos/news/nation/2021/03/15/70-year-old-has-saved-700-cats-trees/4699791001/, This 70-year-old has saved 700 cats from trees, 0
https://www.usatoday.com/https://www.usatoday.com/story/news/nation/2021/03/15/firefighters-continue-containing-170-acre-forest-fire/4699741001/, New Jersey forest fire 100% contained as authorities identify origin, 0
https://www.usatoday.com/https://www.usatoday.com/story/entertainment/movies/2021/03/15/glenn-close-oscar-nod-hillbilly-elegy-her-8th-she-win/4699340001/, Glenn Close Oscar nod for 'Hillbilly Elegy' is her 8th. Will she win?, 0
https://www.usatoday.com/https://www.usatoday.com/videos/news/nation/2021/03/15/mank-leads-oscar-nominations-10-nods/4700229001/, 'Mank' leads Oscar nominations with 10 nods, 0
https://www.usatoday.com/https://www.usatoday.com/videos/entertainment/2021/03/15/mank-leads-oscar-nominations-10-nods/4700232001/, 'Mank' leads Oscar nominations with 10 nods, 0
https://www.usatoday.com/https://www.usatoday.com/story/entertainment/movies/2021/03/15/oscars-2021-women-directors-history-black-led-films-miss-best-picture/4647184001/, Oscar noms: Female directors make history| best picture veers white, 0
https://www.usatoday.com/https://www.usatoday.com/videos/entertainment/tv/2021/03/15/talk-hiatus-after-sharon-osbornes-defense-piers-morgan-heated-comments/4699520001/, CBS' 'The Talk' on hiatus after Sharon Osborne's Piers Morgan comments, 0
https://www.usatoday.com/https://www.usatoday.com/story/sports/cycling/2021/03/15/wiggins-calls-for-fresh-inquiry-into-doctors-doping-case/43465913/, Wiggins calls for fresh inquiry into doctor's doping case, 0
https://www.usatoday.com/https://www.usatoday.com/story/sports/golf/2021/03/15/pga-tour-champions-to-hold-3-way-cup-for-all-parts-of-world/115561388/, PGA Tour Champions to hold 3-way cup for all parts of world, 0
https://www.usatoday.com/https://www.usatoday.com/story/tech/reviewedcom/2021/03/15/justin-bieber-crocs-second-collaboration-where-and-how-buy/4698373001/, Justin Bieber Crocs second collaboration: Where and how to buy, 0
https://www.usatoday.com/https://www.usatoday.com/story/news/nation/2021/03/15/ides-march-why-should-we-beware/4700142001/, Ides of March: What is it and why should we 'beware?', 0
https://www.usatoday.com/https://www.usatoday.com/story/sports/sports-betting/2021/03/15/baylor-vs-hartford-odds-baylor-huge-march-madness-round-1-favorite/115561444/, Baylor vs. Hartford odds: Baylor huge March Madness Round 1 favorite, 0
https://www.usatoday.com/https://www.usatoday.com/videos/news/have-you-seen/2021/03/15/dust-storm-blankets-beijing-china-causing-hazardous-air-quality/4700452001/, Dust storm blankets Beijing| China causing hazardous air quality, 0
https://www.usatoday.com/https://www.usatoday.com/story/sports/nfl/columnist/mike-jones/2021/03/15/nfl-free-agency-2021-different-covid-salary-cap/4699212001/, NFL free agency 2021: This is why salary cap| market look different, 0
https://www.usatoday.com/https://www.usatoday.com/story/sports/sports-betting/2021/03/15/san-antonio-spurs-at-detroit-pistons-odds-picks-and-prediction/115561494/, San Antonio Spurs at Detroit Pistons odds| picks and prediction, 0
https://www.usatoday.com/https://www.usatoday.com/videos/life/militarykind/2021/03/15/sister-tackles-airman-day-surprises/4701303001/, Sister tackles airman in day of surprises, 0
https://www.usatoday.com/https://www.usatoday.com/story/sports/nfl/2021/03/15/next-play-brees-joins-nbc-sports-after-retiring-from-nfl/115561506/, Next play: Brees joins NBC Sports after retiring from NFL, 0
https://www.usatoday.com/https://www.usatoday.com/picture-gallery/sports/nascar/2021/03/15/2021-nascar-cup-series-race-winners/4700129001/, 2021 NASCAR Cup Series race winners, 0
https://www.usatoday.com/https://www.usatoday.com/videos/life/militarykind/2021/03/15/sister-tackles-airman-day-surprises/4701411001/, Sister tackles airman in day of surprises, 0
https://www.usatoday.com/https://www.usatoday.com/story/news/politics/elections/2021/03/15/capitol-riots-parts-campus-fence-come-down-razor-wire-removed/4700471001/, Capitol riots: Parts of campus fence come down| razor wire removed, 0
https://www.usatoday.com/https://www.usatoday.com/story/sports/mlb/2021/03/15/youtube-to-broadcast-21-games-as-part-of-3rd-mlb-season/115561608/, YouTube to broadcast 21 games as part of 3rd MLB season, 0
https://www.usatoday.com/https://www.usatoday.com/story/sports/college/2021/03/15/atlantic-coast-conference-eliminates-intraconference-transfer-rule/4699564001/, Atlantic Coast Conference eliminates intraconference transfer rule, 0
https://www.usatoday.com/https://www.usatoday.com/story/sports/sports-betting/2021/03/15/2021-honda-classic-odds-predictions-and-pga-tour-picks/115561622/, 2021 Honda Classic odds| predictions and PGA Tour picks, 0
https://www.usatoday.com/https://www.usatoday.com/story/sports/tennis/2021/03/15/medvedev-1st-man-other-than-big-4-in-atp-top-2-since-2005/43465927/, Medvedev 1st man other than 'Big 4' in ATP Top 2 since 2005, 0
https://www.usatoday.com/https://www.10best.com/interests/food-travel/plan-your-trip-down-south-according-to-these-seafood-seasons/, Plan your perfect Southern trip around these seafood seasons, 0
https://www.usatoday.com/https://www.10best.com/interests/hotels-resorts/castle-hotels-ireland-best-stay/, These majestic castle hotels in Ireland let you live out your fairytale dreams, 0
https://www.usatoday.com/https://www.usatoday.com/story/sports/sports-betting/2021/03/15/indiana-pacers-at-denver-nuggets-odds-picks-and-prediction/115561668/, Indiana Pacers at Denver Nuggets odds| picks and prediction, 0
https://www.usatoday.com/https://www.usatoday.com/story/sports/ncaab/tourney/2021/03/15/march-madness-game-times-ncaa-tournament-first-round-first-four/4698578001/, March Madness schedule: Game times for NCAA Tournament's first round, 0
https://www.usatoday.com/https://www.usatoday.com/story/news/nation/2021/03/15/police-shoot-pepper-balls-miami-beach-crowd-spring-break-starts/4700932001/, Police shoot pepper balls at Miami Beach crowd as spring break starts, 0
https://www.usatoday.com/https://www.usatoday.com/story/sports/sports-betting/2021/03/15/colorado-vs-georgetown-odds-colorado-favored-in-march-madness-round-1/115561714/, Colorado vs. Georgetown odds: Colorado favored in March Madness Round 1, 0
https://www.usatoday.com/https://www.usatoday.com/videos/news/nation/2021/03/15/vatican-says-catholic-church-cant-bless-same-sex-marriages/4701946001/, Vatican says Catholic Church can't bless same-sex marriages, 0
https://www.usatoday.com/https://www.usatoday.com/story/travel/destinations/2021/03/15/florida-spring-break-siesta-key-village-restaurants-bars/4581366001/, Florida spring break: Siesta Key Village restaurants| bars, 0
https://www.usatoday.com/https://www.usatoday.com/story/news/factcheck/2021/03/15/fact-check-sneaker-photo-doesnt-show-which-side-brain-dominant/4648022001/, Fact check: Sneaker photo doesn't show which side of brain is dominant, 0
https://www.usatoday.com/https://www.usatoday.com/story/entertainment/movies/2021/03/15/justice-league-zack-snyder-cut-burning-questions-review-hbo-max/4657393001/, 'Justice League' Snyder Cut: Everything to know about new HBO Max film, 0
https://www.usatoday.com/https://www.usatoday.com/story/opinion/2021/03/15/elite-universities-lack-diversity-among-top-paid-leaders-column/4649314001/, Women and minorities are scarce in top paid ranks of elite universities, 0
https://www.usatoday.com/https://www.usatoday.com/story/sports/cycling/2021/03/15/wrtz-schmidt-wins-6th-stage-pogaar-keeps-tirreno-lead/115561762/, Würtz Schmidt wins 6th stage; Pogaar keeps Tirreno lead, 0
https://www.usatoday.com/https://www.usatoday.com/story/news/world/2021/03/15/beijing-sandstorm-turns-sky-orange-see-eerie-photos-china/4701097001/, Beijing sandstorm turns sky orange: See the eerie photos from China, 0
https://www.usatoday.com/https://www.usatoday.com/story/sports/ncaab/2021/03/15/ap-source-archie-miller-out-as-indianas-basketball-coach/115561814/, Indiana fires Miller| raises private money to cover buyout, 0
https://www.usatoday.com/https://www.usatoday.com/sitemap/2021/march/15/, 1, 0
https://www.usatoday.com/https://www.usatoday.com/sitemap/2021/march/15/?page=2, 2, 0
