https://www.usatoday.com/https://www.usatoday.com/story/sports/horseracing/2021/03/20/hot-rod-charlie-wins-louisiana-derby-by-2-lengths/43474263/, Hot Rod Charlie wins Louisiana Derby by 2 lengths, 0
https://www.usatoday.com/https://www.usatoday.com/story/sports/mlb/2021/03/20/yanks-star-stanton-off-to-strong-start-after-smashing-finish/43474427/, Yanks star Stanton off to strong start after smashing finish, 0
https://www.usatoday.com/https://www.usatoday.com/story/sports/sports-betting/2021/03/20/colorado-at-florida-state-odds-picks-and-prediction/115585038/, Colorado at Florida State Odds| Picks and Prediction, 0
https://www.usatoday.com/https://www.usatoday.com/story/sports/nba/lakers/2021/03/20/lakers-lebron-james-out-indefinitely-high-right-ankle-sprain/4786308001/, Lakers' LeBron James out indefinitely with high right ankle sprain, 0
https://www.usatoday.com/https://www.usatoday.com/story/sports/ncaab/2021/03/20/howard-back-in-ncaas-takes-top-seeded-michigan-to-2nd-round/115585516/, Howard back in NCAAs| takes top-seeded Michigan to 2nd round, 0
https://www.usatoday.com/https://www.usatoday.com/story/sports/ncaaf/2021/03/20/wilson-kicks-game-winning-fg-chattanooga-tops-furman-20-18/115585662/, Wilson kicks game-winning FG| Chattanooga tops Furman 20-18, 0
https://www.usatoday.com/https://www.usatoday.com/story/sports/nhl/2021/03/20/vasilevskiy-wins-11th-straight-lightning-beat-blackhawks/43474435/, Vasilevskiy wins 11th straight| Lightning beat Blackhawks, 0
https://www.usatoday.com/https://www.usatoday.com/story/sports/nascar/2021/03/20/allgaier-holds-off-truex-to-win-atlanta-xfinity-race/43474533/, Allgaier holds off Truex to win Atlanta Xfinity race, 0
https://www.usatoday.com/https://www.usatoday.com/story/sports/ncaaf/2021/03/20/grays-3-tds-in-4th-quarter-lift-alabama-st-over-jackson-st/115585498/, Gray's 3 TDs in 4th quarter lift Alabama St over Jackson St, 0
https://www.usatoday.com/https://www.usatoday.com/story/sports/ncaaf/2021/03/20/uc-davis-sets-program-records-for-points-total-yards/115585668/, UC Davis sets program records for points| total yards, 0
https://www.usatoday.com/https://www.usatoday.com/story/sports/ncaab/2021/03/20/colorado-bama-lsu-advance-in-east-ewing-pitino-go-home/115585518/, Colorado| Bama| LSU advance in East; Ewing| Pitino go home, 0
https://www.usatoday.com/https://www.usatoday.com/videos/sports/ncaab/whatimhearing/2021/03/21/why-vcu-had-bow-out-ncaa-tournament-due-covid-protocols/4786841001/, Why VCU had to bow out of the NCAA Tournament due to COVID-19 protocols, 0
https://www.usatoday.com/https://www.usatoday.com/story/sports/ncaaf/2021/03/20/mcneese-state-beats-northwestern-state-21-7/115586282/, McNeese State beats Northwestern State 21-7, 0
https://www.usatoday.com/https://www.usatoday.com/story/sports/ncaab/2021/03/20/sharp-shooting-iowa-gets-24-from-garza-to-beat-grand-canyon/43474281/, Sharp-shooting Iowa gets 24 from Garza to beat Grand Canyon, 0
https://www.usatoday.com/https://www.usatoday.com/videos/news/nation/2021/03/21/prosecutor-man-accused-murder-says-he-killed-16/4786978001/, Prosecutor: Man accused of murder says he killed 16, 0
https://www.usatoday.com/https://www.usatoday.com/story/sports/ncaaf/2021/03/20/clark-davis-help-mercer-beat-w-carolina-45-28/43474357/, Clark| Davis help Mercer beat W. Carolina 45-28, 0
https://www.usatoday.com/https://www.usatoday.com/story/sports/ncaab/2021/03/20/ohio-shocks-virginia-knocks-out-ncaa-tournament-defending-champion/4786795001/, March Madness: Ohio shocks Virginia| knocks out defending champion, 0
https://www.usatoday.com/https://www.usatoday.com/story/sports/nba/2021/03/20/lebron-james-sprains-right-ankle-in-loss-out-indefinitely/43474349/, LeBron James sprains right ankle in loss| out indefinitely, 0
https://www.usatoday.com/https://www.usatoday.com/story/sports/ncaab/2021/03/20/jason-preston-ohio-virginia-march-madness/4787191001/, Jason Preston's unlikely rise for Ohio made for March Madness, 0
https://www.usatoday.com/https://www.usatoday.com/story/sports/nhl/2021/03/20/cizikas-scores-2-to-help-islanders-beat-flyers-6-1/43474429/, Cizikas scores 2 to help Islanders beat Flyers 6-1, 0
https://www.usatoday.com/https://www.usatoday.com/story/sports/ncaaf/2021/03/20/struck-defense-lead-missouri-state-to-13-6-win-over-n-iowa/115585612/, Struck| defense lead Missouri State to 13-6 win over N. Iowa, 0
https://www.usatoday.com/https://www.usatoday.com/story/sports/nhl/2021/03/20/zibanejad-scores-late-rangers-end-capitals-win-streak-at-7/43474823/, Zibanejad scores late| Rangers end Capitals' win streak at 7, 0
https://www.usatoday.com/https://www.usatoday.com/story/sports/ncaab/2021/03/20/virginia-loses-62-58-to-preston-ohio-ending-title-defense/115585508/, Virginia loses 62-58 to Preston| Ohio| ending title defense, 0
https://www.usatoday.com/https://www.usatoday.com/story/sports/nhl/2021/03/20/jack-campbell-makes-31-saves-maple-leafs-beat-flames-2-0/43474275/, Jack Campbell makes 31 saves| Maple Leafs beat Flames 2-0, 0
https://www.usatoday.com/https://www.usatoday.com/story/sports/ncaab/2021/03/20/ayala-scores-23-to-push-no-10-maryland-past-uconn/115585496/, Ayala scores 23 to push No. 10 Maryland past UConn, 0
https://www.usatoday.com/https://www.usatoday.com/story/sports/ncaaf/2021/03/20/tarleton-state-beats-midwestern-state-33-21/43474247/, Tarleton State beats Midwestern State 33-21, 0
https://www.usatoday.com/https://www.usatoday.com/videos/sports/nba/whatimhearing/2021/03/21/why-lebron-james-ankle-injury-cause-concern-lakers/4787636001/, Why LeBron James' ankle injury is a cause for concern for Lakers, 0
https://www.usatoday.com/https://www.usatoday.com/story/sports/columnist/nancy-armour/2021/03/20/rick-pitino-loves-life-iona-but-will-he-stay-there/4787206001/, March Madness: Rick Pitino loves life at Iona. But will he stay there?, 0
https://www.usatoday.com/https://www.usatoday.com/story/sports/nhl/2021/03/20/khudobin-earns-3rd-shutout-in-stars-3-0-win-over-red-wings/115585576/, Khudobin earns 3rd shutout in Stars' 3-0 win over Red Wings, 0
https://www.usatoday.com/https://www.usatoday.com/story/sports/college/2021/03/20/ncaa-wrestling-championships-2021-iowa-hawkeyes-spencer-lee/4787787001/, Iowa's Spencer Lee wins third NCAA wrestling title on torn ACL, 0
https://www.usatoday.com/https://www.usatoday.com/story/sports/nba/2021/03/20/valanciunas-brooks-lead-grizzlies-past-warriors-111-103/115585592/, Valanciunas| Brooks lead Grizzlies past Warriors| 111-103, 0
https://www.usatoday.com/https://www.usatoday.com/story/sports/ncaaf/2021/03/20/deion-sanders-jackson-state-alabama-state-scoreboard-stunt-childish/4787853001/, Deion Sanders calls Alabama State scoreboard stunt 'childish', 0
https://www.usatoday.com/https://www.usatoday.com/videos/sports/ncaab/sportspulse/2021/03/21/ncaa-tournament-ohio-one-game-wonder-cinderella-candidate/4787953001/, NCAA Tournament: Is Ohio a one-game wonder or Cinderella candidate?, 0
https://www.usatoday.com/https://www.usatoday.com/videos/news/nation/2021/03/21/victims-family-hurt-after-man-claims-16-murders/4788000001/, Victim's family hurt after man claims 16 murders, 0
https://www.usatoday.com/https://www.usatoday.com/story/sports/nhl/2021/03/20/bjorkstrand-scores-in-so-blue-jackets-rally-past-carolina/43474801/, Bjorkstrand scores in SO| Blue Jackets rally past Carolina, 0
https://www.usatoday.com/https://www.usatoday.com/story/sports/ncaaf/2021/03/20/schmids-6-total-tds-help-sam-houston-beat-lamar-62-7/115585558/, Schmid's 6 total TDs help Sam Houston beat Lamar 62-7, 0
https://www.usatoday.com/https://www.usatoday.com/story/sports/college/hockey/2021/03/20/ncaa-womens-ice-hockey-frozen-four-wisconsin-beats-northeastern/4787894001/, NCAA women's ice hockey: Wisconsin tops Northeastern to win 6th title, 0
https://www.usatoday.com/https://www.usatoday.com/story/sports/nba/2021/03/20/harris-leads-short-handed-76ers-past-kings-129-105/43474251/, Harris leads short-handed 76ers past Kings 129-105, 0
https://www.usatoday.com/https://www.usatoday.com/story/sports/ncaab/2021/03/20/ohio-can-go-deeper-in-march-madness/4786989001/, NCAA men's tournament: 3 reasons Ohio can go deeper in March Madness, 0
https://www.usatoday.com/https://www.usatoday.com/story/sports/nhl/2021/03/20/derick-brassard-has-hat-trick-coyotes-beat-ducks-5-1/115585520/, Derick Brassard has hat trick| Coyotes beat Ducks 5-1, 0
https://www.usatoday.com/https://www.usatoday.com/story/sports/college/columnist/dan-wolken/2021/03/20/ohio-virginia-dont-be-surprised-bobcats-ncaa-tournament-run/4787952001/, Ohio's master class against Virginia makes Bobcats a real threat, 0
https://www.usatoday.com/https://www.usatoday.com/story/sports/ncaab/2021/03/20/oklahoma-slips-past-former-big-12-rival-missouri-in-ncaas/115585800/, Oklahoma slips past former Big 12 rival Missouri in NCAAs, 0
https://www.usatoday.com/https://www.usatoday.com/story/sports/ncaab/2021/03/19/castleton-mann-carry-florida-past-virginia-tech-75-70-in-ot/115580354/, Short-handed Florida outlasts Virginia Tech in NCAA opener, 0
https://www.usatoday.com/https://www.usatoday.com/story/sports/nhl/2021/03/20/tomas-tatar-scores-shootout-winner-canadiens-edge-canucks/115586302/, Tomas Tatar scores shootout winner| Canadiens edge Canucks, 0
https://www.usatoday.com/https://www.usatoday.com/story/sports/ncaaw/2021/03/20/tara-vanderveer-stanford-ncaa-blatant-sexism/4788106001/, March Madness: Hall of Fame coach feels 'betrayed' by NCAA's 'sexism', 0
https://www.usatoday.com/https://www.usatoday.com/story/sports/ncaab/2021/03/21/ucla-upsets-byu-advances-second-round-ncaa-tournament/4788392001/, UCLA upsets BYU| advances to second round in men's NCAA Tournament, 0
https://www.usatoday.com/https://www.usatoday.com/story/sports/ncaab/2021/03/21/kispert-gonzaga-roll-past-norfolk-state-98-55-in-ncaas/43474377/, Kispert| Gonzaga roll past Norfolk State 98-55 in NCAAs, 0
https://www.usatoday.com/https://www.usatoday.com/story/sports/ncaaf/2021/03/21/skelton-southern-cruise-past-texas-southern-51-23/43474409/, Skelton| Southern cruise past Texas Southern| 51-23, 0
https://www.usatoday.com/https://www.usatoday.com/story/sports/nhl/2021/03/21/faceoff-violation-penalty-helps-blues-beat-sharks-5-2/115585648/, Faceoff violation penalty helps Blues beat Sharks 5-2, 0
https://www.usatoday.com/https://www.usatoday.com/story/sports/nba/2021/03/21/bucks-beat-spurs-120-113-for-season-best-6th-straight-win/115585714/, Bucks beat Spurs 120-113 for season-best 6th straight win, 0
https://www.usatoday.com/https://www.usatoday.com/story/sports/ncaab/2021/03/21/kansas-hoping-to-get-jalen-wilson-back-for-ncaa-round-2/115585736/, Kansas hoping to get Jalen Wilson back for NCAA Round 2, 0
https://www.usatoday.com/https://www.usatoday.com/story/sports/ncaab/2021/03/21/cinderella-abilene-christian-upsets-texas-bust-mens-ncaa-brackets/4788360001/, Cinderella! Abilene Christian upsets Texas to bust men's NCAA brackets, 0
https://www.usatoday.com/https://www.usatoday.com/story/sports/nhl/2021/03/21/vasilevskiy-wins-11th-straight-lightning-top-blackhawks-4-1/115585690/, Vasilevskiy wins 11th straight| Lightning top Blackhawks 4-1, 0
https://www.usatoday.com/https://www.usatoday.com/story/sports/ncaab/2021/03/21/juzang-carries-no-11-ucla-past-sixth-seeded-byu-73-62/43474375/, Juzang carries No. 11 UCLA past sixth-seeded BYU| 73-62, 0
https://www.usatoday.com/https://www.usatoday.com/story/sports/nhl/2021/03/21/mcdavid-records-goal-assist-as-oilers-rally-past-jets-4-2/43474331/, McDavid records goal| assist as Oilers rally past Jets 4-2, 0
https://www.usatoday.com/https://www.usatoday.com/story/sports/nba/2021/03/21/george-leonard-lead-clippers-125-98-rout-of-hornets/43474233/, George| Leonard lead Clippers' 125-98 rout of Hornets, 0
https://www.usatoday.com/https://www.usatoday.com/story/sports/olympics/2021/03/21/explainer-tokyo-olympics-march-on-without-fans-from-abroad/115585524/, EXPLAINER: Tokyo Olympics march on without fans from abroad, 0
https://www.usatoday.com/https://www.usatoday.com/story/sports/ncaab/2021/03/21/texas-stunner-no-14-abilene-christian-ousts-horns-53-52/43474447/, Texas stunner: No. 14 Abilene Christian ousts 'Horns 53-52, 0
https://www.usatoday.com/https://www.usatoday.com/story/sports/ncaab/2021/03/21/coronavirus-doesnt-care-that-its-the-ncaa-tournament/43474613/, Coronavirus doesn't care that it's the NCAA Tournament, 0
https://www.usatoday.com/https://www.usatoday.com/story/sports/nfl/2021/03/21/cb-kyle-fuller-released-by-bears-signs-with-broncos/115585560/, CB Kyle Fuller| released by Bears| signs with Broncos, 0
https://www.usatoday.com/https://www.usatoday.com/story/money/business/2021/03/21/us-mexico-border-businesses-struggle-closure-amid-pandemic/4789101001/, US-Mexico border: Businesses struggle with closure amid pandemic, 0
https://www.usatoday.com/https://www.usatoday.com/story/sports/ncaab/2021/03/21/texas-upset-again-as-smart-fails-to-recapture-march-glory/43474227/, Texas upset again as Smart fails to recapture March glory, 0
https://www.usatoday.com/https://www.usatoday.com/story/opinion/voices/2021/03/21/we-all-americans-anti-asian-shootings-living-fear-column/4757072001/, Atlanta shootings: We are all Americans| but now I'm living in fear, 0
https://www.usatoday.com/https://www.usatoday.com/in-depth/news/politics/elections/2021/03/21/police-charged-capitol-riot-reignite-concerns-racism-extremism/4738348001/, Police charged in Capitol riot reignite concerns of racism| extremism, 0
https://www.usatoday.com/https://www.usatoday.com/story/opinion/2021/03/21/anti-asian-violence-folly-defunding-police-movement-column/4753712001/, Anti-Asian violence shows folly of defunding police movement, 0
https://www.usatoday.com/https://www.usatoday.com/story/money/taxes/2021/03/21/how-to-avoid-tax-on-up-to-10200-of-unemployment-benefits/43470057/, How to avoid tax on up to $10|200 of unemployment benefits, 0
https://www.usatoday.com/https://www.usatoday.com/in-depth/news/education/2021/03/21/covid-online-school-1-year-teachers-kids-share-powerful-quotes/4652348001/, COVID-19 online school hits 1 year: Teachers| kids share powerful quotes, 0
https://www.usatoday.com/https://www.usatoday.com/story/sports/sports-betting/2021/03/21/march-madness-baylor-vs-wisconsin-odds-picks-and-prediction/115584480/, March Madness: Baylor vs. Wisconsin odds| picks and prediction, 0
https://www.usatoday.com/https://www.usatoday.com/story/sports/nascar/2021/03/21/atlanta-spring-race-start-time-schedule-lineup-tv-streaming/4775988001/, NASCAR at Atlanta 2021: Start time| lineup| TV| streaming schedule, 0
https://www.usatoday.com/https://www.usatoday.com/videos/news/health/2021/03/21/americans-prefer-telehealth-over-person-care/4537986001/, Americans prefer telehealth over in-person care, 0
https://www.usatoday.com/https://www.usatoday.com/story/news/health/2021/03/21/telehealth-trends-covid-19-mental-health-primary-care-coronavirus/4699979001/, Telehealth trends during COVID-19: Mental health| primary care| more, 0
https://www.usatoday.com/https://www.usatoday.com/story/money/taxes/2021/03/21/we-reduced-our-property-taxes-without-moving-heres-how/115574244/, How to reduce property taxes without moving, 0
https://www.usatoday.com/https://www.usatoday.com/story/sports/sports-betting/2021/03/21/march-madness-florida-vs-oral-roberts-odds-picks-and-prediction/115584574/, March Madness: Florida vs. Oral Roberts odds| picks and prediction, 0
https://www.usatoday.com/https://www.usatoday.com/story/sports/ncaab/2021/03/21/march-madness-6-key-takeaways-saturdays-ncaa-tournament-games/4785494001/, March Madness: 6 key takeaways from Saturday's NCAA Tournament games, 0
https://www.usatoday.com/https://www.usatoday.com/story/sports/sports-betting/2021/03/21/march-madness-villanova-vs-north-texas-odds-picks-and-prediction/115584594/, March Madness: Villanova vs. North Texas odds| picks and prediction, 0
https://www.usatoday.com/https://www.usatoday.com/story/entertainment/tv/2021/03/21/the-simpsons-creator-matt-groening-talks-700-episodes-future-apu/4754144001/, 'The Simpsons' creator Matt Groening talks 700 episodes| future of Apu, 0
https://www.usatoday.com/https://www.usatoday.com/story/tech/columnist/komando/2021/03/21/5-handy-windows-10-shortcuts-help-save-time-and-space/4741428001/, 5 handy Windows 10 shortcuts to help save time and space., 0
https://www.usatoday.com/https://www.usatoday.com/story/sports/ncaab/2021/03/21/ncaa-basketball-march-madness-2021-covid-19-pandemic/4786463001/, NCAA Tournament could lead to COVID case uptick in Indy| experts say, 0
https://www.usatoday.com/https://www.usatoday.com/story/sports/sports-betting/2021/03/21/2021-folds-of-honor-quiktrip-500-odds-picks-and-prediction/115584616/, 2021 Folds of Honor QuikTrip 500 odds| picks and prediction, 0
https://www.usatoday.com/https://www.usatoday.com/story/opinion/2021/03/21/biden-democrats-seize-moment-guns-voting-infrastructure-column/4692410001/, Biden and Democrats should act fast on guns| voting and infrastructure, 0
https://www.usatoday.com/https://www.usatoday.com/story/news/politics/2021/03/21/poll-1-4-americans-has-seen-asians-blamed-covid-19/4740043001/, Poll: 1 in 4 Americans have seen Asians blamed for COVID-19, 0
https://www.usatoday.com/https://www.usatoday.com/story/sports/ncaaw/2021/03/21/dawn-staley-determined-lift-black-women-coaches/4762223001/, Dawn Staley determined to lift Black women coaches, 0
https://www.usatoday.com/https://www.usatoday.com/story/sports/ncaab/tourney/2021/03/21/ncaa-tournament-sunday-second-round-schedule-tv-odds-march-madness/4786272001/, March Madness schedule: Sunday's NCAA Tournament odds| TV channel info, 0
https://www.usatoday.com/https://www.usatoday.com/story/sports/soccer/2021/03/21/albania-coach-wants-fans-at-the-stadium-for-england-match/115585632/, Albania coach wants fans at the stadium for England match, 0
https://www.usatoday.com/https://www.usatoday.com/story/sports/ncaaw/tourney/2021/03/21/ncaa-tournament-washington-state-coach-kamie-ethridge-austin-texas/4787226001/, Texas great Kamie Ethridge leads Washington State to NCAA Tournament, 0
https://www.usatoday.com/https://www.usatoday.com/story/sports/sports-betting/2021/03/21/march-madness-oklahoma-state-vs-oregon-state-odds-picks-and-prediction/115584656/, March Madness: Oklahoma State vs. Oregon State odds| picks and prediction, 0
https://www.usatoday.com/https://www.usatoday.com/story/sports/sports-betting/2021/03/21/march-madness-illinois-vs-loyola-chicago-odds-picks-and-prediction/115584714/, March Madness: Illinois vs. Loyola Chicago odds| picks and prediction, 0
https://www.usatoday.com/https://www.usatoday.com/videos/news/nation/2021/03/21/police-fire-pepper-balls-miami-beach-spring-break-crowds-amid-covid-fears/4789564001/, Police fire pepper balls at Miami Beach spring break crowds, 0
https://www.usatoday.com/https://www.usatoday.com/picture-gallery/travel/destinations/2021/03/21/cancun-spring-break-amid-covid-pandemic-photos/4763209001/, Cancun spring break amid the COVID pandemic: Photos, 0
https://www.usatoday.com/https://www.usatoday.com/videos/travel/2021/03/21/cancun-travel-what-popular-vacation-spot-like-amid-covid-pandemic/4751451001/, Cancun travel: What the popular vacation spot was like amid COVID, 0
https://www.usatoday.com/https://www.usatoday.com/story/travel/destinations/2021/03/21/cancun-mexico-travel-during-covid-pandemic-what-to-know/4767289001/, Cancun vacation during COVID pandemic: What travelers need to know, 0
https://www.usatoday.com/https://www.usatoday.com/story/sports/soccer/2021/03/21/new-look-atalanta-wins-2-0-at-verona-in-serie-a/43474361/, Benevento stuns Juventus 1-0 as pressure grows on Pirlo, 0
https://www.usatoday.com/https://www.usatoday.com/story/news/nation/2021/03/21/atlanta-spa-shootings-gofundme-page-sons-victim-raises-2-6-m/4789462001/, Atlanta spa shootings: GoFundMe page for sons of victim raises $2.7M, 0
https://www.usatoday.com/https://www.usatoday.com/story/news/politics/elections/2021/03/21/louisiana-sends-julia-letlow-congress-after-husband-dies-covid/4789548001/, Louisiana sends Julia Letlow to Congress after husband dies from COVID, 0
https://www.usatoday.com/https://www.usatoday.com/in-depth/travel/destinations/2021/03/21/cancun-spring-break-tourists-in-mexico-covid-explain-why-traveled/4669009001/, Cancun spring break: Tourists in Mexico amid COVID-19 explain why, 0
https://www.usatoday.com/https://www.usatoday.com/story/sports/ncaab/pac12/2021/03/21/pac-12-undefeated-start-mens-ncaa-tournament/4787750001/, March Madness: Unbeaten Pac-12 makes case in men's NCAA Tournament, 0
https://www.usatoday.com/https://www.usatoday.com/story/sports/sports-betting/2021/03/21/march-madness-arkansas-vs-texas-tech-odds-picks-and-prediction/115584838/, March Madness: Arkansas vs. Texas Tech odds| picks and prediction, 0
https://www.usatoday.com/https://www.usatoday.com/story/sports/ncaab/2021/03/21/ncaa-tournament-schedule-ranking-picks-march-madness-sunday/4781757001/, NCAA Tournament schedule: Ranking| picks for March Madness on Sunday, 0
https://www.usatoday.com/https://www.usatoday.com/story/sports/sports-betting/2021/03/21/loyola-chicago-at-illinois-odds-picks-and-prediction/115584890/, Loyola Chicago at Illinois Odds| Picks and Prediction, 0
https://www.usatoday.com/https://www.usatoday.com/story/sports/sports-betting/2021/03/21/wisconsin-at-baylor-odds-picks-and-prediction/115584894/, Wisconsin at Baylor Odds| Picks and Prediction, 0
https://www.usatoday.com/https://www.usatoday.com/story/sports/sports-betting/2021/03/21/oral-roberts-at-florida-odds-picks-and-prediction/115584924/, Oral Roberts at Florida Odds| Picks and Prediction, 0
https://www.usatoday.com/https://www.usatoday.com/story/sports/sports-betting/2021/03/21/toronto-raptors-at-cleveland-cavaliers-odds-picks-and-prediction/115584928/, Toronto Raptors at Cleveland Cavaliers odds| picks and prediction, 0
https://www.usatoday.com/https://www.usatoday.com/story/news/health/2021/03/21/covid-news-death-critical-illness-draw-scrutiny-astrazeneca-vaccine/4767434001/, COVID news: Florida leads surge of variant cases in the United States, 0
https://www.usatoday.com/https://www.usatoday.com/story/sports/sports-betting/2021/03/21/texas-tech-at-arkansas-odds-picks-and-prediction/115585026/, Texas Tech at Arkansas Odds| Picks and Prediction, 0
https://www.usatoday.com/https://www.usatoday.com/story/sports/sports-betting/2021/03/21/los-angeles-lakers-at-phoenix-suns-odds-picks-and-prediction/115585018/, Los Angeles Lakers at Phoenix Suns odds| picks and prediction, 0
https://www.usatoday.com/https://www.usatoday.com/story/sports/nfl/2021/03/21/infant-son-of-browns-wr-ryan-switzer-back-in-hospital/115585672/, Infant son of Browns WR Ryan Switzer back in hospital, 0
https://www.usatoday.com/https://www.usatoday.com/story/news/politics/2021/03/21/lloyd-austin-first-trip-afghanistan-pentagon-chief/4789963001/, Lloyd Austin visits Kabul on 1st trip to Afghanistan as Pentagon chief, 0
https://www.usatoday.com/https://www.usatoday.com/story/sports/sports-betting/2021/03/21/dallas-mavericks-at-portland-trail-blazers-odds-picks-and-prediction/115585058/, Dallas Mavericks at Portland Trail Blazers odds| picks and prediction, 0
https://www.usatoday.com/https://www.usatoday.com/story/entertainment/celebrities/2021/03/21/nicki-minaj-mom-sues-150-million-dad-dies-accident/4789944001/, Nicki Minaj’s mom sues for $150M after dad dies in hit-and-run, 0
https://www.usatoday.com/https://www.usatoday.com/videos/sports/ncaab/sportspulse/2021/03/21/gleesons-guarantees-best-march-madness-bets-mondays-second-round-action/4790081001/, Gleeson's Guarantees: Best March Madness bets for Monday's second-round action, 0
https://www.usatoday.com/https://www.usatoday.com/story/sports/nba/2021/03/21/blake-griffin-expected-to-make-debut-with-nets-vs-wizards/115585506/, Blake Griffin expected to make debut with Nets vs. Wizards, 0
https://www.usatoday.com/https://www.usatoday.com/story/sports/soccer/2021/03/21/chelsea-beats-sheffield-united-2-0-to-reach-fa-cup-semis/115585484/, Chelsea beats Sheffield United 2-0 to reach FA Cup semis, 0
https://www.usatoday.com/https://www.usatoday.com/story/sports/sports-betting/2021/03/21/abilene-christian-at-ucla-ncaa-tournament-second-round-odds-picks-and-prediction/115585188/, Abilene Christian at UCLA NCAA Tournament Second Round Odds| Picks and Prediction, 0
https://www.usatoday.com/https://www.usatoday.com/story/sports/sports-betting/2021/03/21/north-texas-at-villanova-odds-picks-and-prediction/115585198/, North Texas at Villanova Odds| Picks and Prediction, 0
https://www.usatoday.com/https://www.usatoday.com/story/sports/sports-betting/2021/03/21/oregon-state-at-oklahoma-state-odds-picks-and-prediction/115585196/, Oregon State at Oklahoma State Odds| Picks and Prediction, 0
https://www.usatoday.com/https://www.usatoday.com/story/sports/ncaab/2021/03/21/the-latest-nine-double-digit-seeds-in-round-of-32-at-ncaas/43474285/, The Latest: Power outage delays Oklahoma St-Oregon St game, 0
https://www.usatoday.com/https://www.usatoday.com/story/news/nation/2021/03/21/nerf-gun-glock-pistol-disguised-toy-seized-north-carolina-raid/4790036001/, Nerf gun: Glock pistol disguised as toy seized in North Carolina raid, 0
https://www.usatoday.com/https://www.usatoday.com/story/sports/ncaab/2021/03/21/there-is-still-madness-in-the-ncaas-its-just-a-bit-quieter/43474583/, There is still madness in the NCAAs| it's just a bit quieter, 0
https://www.usatoday.com/https://www.usatoday.com/story/sports/nba/2021/03/21/raptors-nurse-fined-50000-for-mask-throwing-profanity/43474443/, Raptors' Nurse fined $50|000 for mask-throwing| profanity, 0
https://www.usatoday.com/https://www.usatoday.com/story/sports/soccer/2021/03/21/hertha-beats-leverkusen-3-0-to-leave-bundesliga-drop-zone/43474421/, Hertha beats Leverkusen 3-0 to leave Bundesliga drop zone, 0
https://www.usatoday.com/https://www.usatoday.com/story/sports/christinebrennan/2021/03/21/march-madness-treat-ncaa-women-same-men-call-spring-sexism/4790316001/, March Madness: Treat NCAA women same as men or call it 'Spring Sexism', 0
https://www.usatoday.com/https://www.usatoday.com/story/news/politics/2021/03/21/alejandro-mayorkas-defends-biden-administration-response-unaccompanied-minors-border/4789495001/, Alejandro Mayorkas defends handling of unaccompanied minors at border, 0
https://www.usatoday.com/https://www.usatoday.com/story/news/health/2021/03/21/covid-19-husband-wife-married-66-years-die-minutes-apart/4790473001/, COVID-19: Husband| wife married 66 years die minutes apart, 0
https://www.usatoday.com/https://www.usatoday.com/story/sports/nba/raptors/2021/03/21/nba-fines-raptors-nick-nurse-throwing-mask-profanity-refs/4790417001/, NBA fines Raptors' Nick Nurse for throwing mask| profanity at refs, 0
https://www.usatoday.com/https://www.usatoday.com/story/sports/mlb/2021/03/21/indians-send-struggling-outfielder-scar-mercado-to-minors/43474625/, Indians send struggling outfielder Óscar Mercado to minors, 0
https://www.usatoday.com/https://www.usatoday.com/story/opinion/2021/03/21/washington-dc-pays-taxes-deserves-statehood-senators-column/4757857001/, DC is locked out of democracy. We deserve statehood and senators., 0
https://www.usatoday.com/https://www.usatoday.com/story/entertainment/celebrities/2021/03/21/demi-lovato-nearly-died-youtube-docuseries-dancing-with-devil/4790900001/, Demi Lovato sings live| talks sobriety in moderation in YouTube doc, 0
https://www.usatoday.com/https://www.usatoday.com/story/sports/soccer/2021/03/21/quadruple-chasing-man-city-faces-chelsea-in-fa-cup-semifinal/43474925/, Quadruple-chasing Man City faces Chelsea in FA Cup semifinal, 0
https://www.usatoday.com/https://www.usatoday.com/story/news/politics/2021/03/21/gov-kristi-noem-wont-sign-transgender-sports-bill-south-dakota/4791227001/, South Dakota Gov. Kristi Noem won't sign transgender sports bill, 0
https://www.usatoday.com/https://www.usatoday.com/story/sports/ncaab/2021/03/21/illinois-loses-to-loyola-chicago-71-58-in-second-round-of-ncaa-tournament-becoming-first-no-1-seed-t/115585948/, Illinois loses to Loyola Chicago 71-58 in second round of NCAA Tournament| becoming first No. 1 seed to be ousted, 0
https://www.usatoday.com/https://www.usatoday.com/story/sports/ncaab/2021/03/21/march-madness-loyola-chicago-no-1-seed-illinois/4791213001/, March Madness: Loyola-Chicago kicks No. 1 seed Illinois to the curb, 0
https://www.usatoday.com/https://www.usatoday.com/story/sports/ncaab/2021/03/21/nun-and-done-loyola-chicago-stuns-top-seeded-illinois-71-58/115585966/, Nun-and-done: Loyola Chicago stuns top-seeded Illinois 71-58, 0
https://www.usatoday.com/https://www.usatoday.com/story/sports/ncaaw/2021/03/21/no-7-virginia-tech-gets-70-63-win-over-10-seed-marquette/43474643/, No. 7 Virginia Tech gets 70-63 win over 10 seed Marquette, 0
https://www.usatoday.com/https://www.usatoday.com/story/sports/ncaaw/2021/03/21/clark-shines-in-her-ncaa-tournament-debut-iowa-eases-by-cmu/115585986/, Clark shines in her NCAA Tournament debut| Iowa eases by CMU, 0
https://www.usatoday.com/https://www.usatoday.com/story/sports/soccer/2021/03/21/glasgow-rivals-pre-derby-stand-in-solidarity-against-racism/115586050/, Glasgow rivals' pre-derby stand in solidarity against racism, 0
https://www.usatoday.com/https://www.usatoday.com/story/sports/mlb/2021/03/21/pirates-sign-knuckleballer-wright-to-minor-league-deal/43474637/, Pirates sign knuckleballer Wright to minor league deal, 0
https://www.usatoday.com/https://www.usatoday.com/story/sports/ncaab/2021/03/21/loyola-chicago-upsets-illinois-ncaa-tournament-sweet-16/4791389001/, Loyola Chicago upsets No. 1 seed Illinois| heads to NCAA Sweet 16, 0
https://www.usatoday.com/https://www.usatoday.com/story/sports/ncaaw/2021/03/21/difference-in-covid-testing-has-stanford-coach-others-upset/43474639/, Difference in COVID testing has Stanford coach| others upset, 0
https://www.usatoday.com/https://www.usatoday.com/story/sports/tennis/2021/03/21/serena-williams-latest-star-to-withdraw-from-miami-open/115586042/, Serena Williams latest star to withdraw from Miami Open, 0
https://www.usatoday.com/https://www.usatoday.com/story/sports/soccer/2021/03/21/lille-slips-to-2-1-home-defeat-opens-door-for-psg-or-lyon/115586044/, Mbappe scores 2 as PSG beats Lyon 4-2 to top French league, 0
https://www.usatoday.com/https://www.usatoday.com/story/sports/soccer/2021/03/21/german-trip-exemption-allows-bellingham-to-play-for-england/43474657/, German trip exemption allows Bellingham to play for England, 0
https://www.usatoday.com/https://www.usatoday.com/story/sports/sports-betting/2021/03/21/colorado-at-florida-state-ncaa-tournament-second-round-odds-picks-and-prediction/115586056/, Colorado at Florida State NCAA Tournament Second Round Odds| Picks and Prediction, 0
https://www.usatoday.com/https://www.usatoday.com/story/sports/mlb/2021/03/21/d-backs-clippard-has-shoulder-sprain-out-at-least-6-weeks/115586064/, D-backs' Clippard has shoulder sprain| out at least 6 weeks, 0
https://www.usatoday.com/https://www.usatoday.com/videos/entertainment/movies/2021/03/21/teens-navigate-trauma-new-drama-fallout-trailer/4791795001/, 'The Fallout' trailer: Teens navigate aftermath of a school shooting, 0
https://www.usatoday.com/https://www.usatoday.com/story/sports/sports-betting/2021/03/21/ohio-at-creighton-ncaa-tournament-second-round-odds-picks-and-prediction/115586910/, Ohio at Creighton NCAA Tournament Second Round Odds| Picks and Prediction, 0
https://www.usatoday.com/https://www.usatoday.com/story/sports/ncaaw/2021/03/21/mack-with-27-points-leads-cowgirls-over-wake-forest/43474679/, Mack| with 27 points| leads Cowgirls over Wake Forest, 0
https://www.usatoday.com/https://www.usatoday.com/story/sports/soccer/2021/03/21/leicester-beats-man-u-into-1st-fa-cup-semifinal-in-39-years/115586100/, Leicester beats Man U| into 1st FA Cup semifinal in 39 years, 0
https://www.usatoday.com/https://www.usatoday.com/story/sports/ncaab/tourney/2021/03/21/march-madness-ncaa-tournament-what-you-missed/4791441001/, March Madness updates: What you overlooked in NCAA Tournament action, 0
https://www.usatoday.com/https://www.usatoday.com/story/entertainment/celebrities/2021/03/21/sandra-oh-surprise-appearance-stop-asian-hate-protest-atlanta-shootings/4790615001/, Sandra Oh denounces Asian hate in rally speech after Atlanta shootings, 0
https://www.usatoday.com/https://www.usatoday.com/videos/sports/ncaab/sportspulse/2021/03/21/why-loyola-chicago-isnt-cinderella-but-legit-title-contender/4791974001/, Why Loyola Chicago isn't a cinderella but a legit title contender, 0
https://www.usatoday.com/https://www.usatoday.com/story/news/politics/2021/03/21/trump-launch-social-media-platform-coming-months-aide-says/4791721001/, Trump to launch social media platform in coming months| aide says, 0
https://www.usatoday.com/https://www.usatoday.com/picture-gallery/news/nation/2021/03/21/protesters-rally-around-country-stop-asian-hate/4792022001/, Protesters rally around the country to Stop Asian Hate, 0
https://www.usatoday.com/https://www.usatoday.com/story/sports/mlb/2021/03/21/royals-give-prez-4-year-82m-deal-richest-in-team-history/43474701/, Royals give Pérez 4-year| $82M deal; richest in team history, 0
https://www.usatoday.com/https://www.usatoday.com/story/sports/nfl/2021/03/21/ap-source-jets-agree-to-terms-with-former-saints-dt-rankins/43474727/, AP source: Jets agree to terms with former Saints DT Rankins, 0
https://www.usatoday.com/https://www.usatoday.com/story/sports/mlb/royals/2021/03/21/salvador-perez-kansas-city-royals-sign-catcher-4-year-extension/4791732001/, Salvador Perez: Kansas City Royals sign catcher to 4-year extension, 0
https://www.usatoday.com/https://www.usatoday.com/story/sports/soccer/2021/03/21/surez-scores-and-oblak-saves-penalty-to-secure-atltico-win/43474731/, Oblak secures Atlético win; Dest| Messi get 2 each for Barça, 0
https://www.usatoday.com/https://www.usatoday.com/story/sports/ncaab/2021/03/21/loyola-chicago-men-good-enough-win-championship-ncaa-tournament/4791740001/, Loyola Chicago men are good enough to win championship. Here's why., 0
https://www.usatoday.com/https://www.usatoday.com/story/sports/nhl/2021/03/21/bratts-overtime-winner-carries-devils-past-penguins-2-1/43474729/, Bratt's overtime winner carries Devils past Penguins| 2-1, 0
https://www.usatoday.com/https://www.usatoday.com/story/sports/ncaaw/2021/03/21/tennessee-overcomes-mtsu-upset-bid-in-2nd-half-wins-87-62/115586206/, Tennessee overcomes MTSU upset bid in 2nd half| wins 87-62, 0
https://www.usatoday.com/https://www.usatoday.com/story/sports/ncaab/2021/03/21/overlooked-pac-12-teams-making-noise-in-ncaa-tournament/115586230/, Overlooked Pac-12 teams making noise in NCAA Tournament, 0
https://www.usatoday.com/https://www.usatoday.com/story/sports/ncaaw/2021/03/21/howard-patterson-lead-no-18-kentucky-women-in-ncaa-opener/43474759/, Howard| Patterson lead No. 18 Kentucky women in NCAA opener, 0
https://www.usatoday.com/https://www.usatoday.com/story/sports/ncaab/2021/03/21/illinois-return-to-ncaa-tournament-has-disappointing-finish/43474785/, Illinois' return to NCAA Tournament has disappointing finish, 0
https://www.usatoday.com/https://www.usatoday.com/story/news/2021/03/21/dhs-secretary-on-border-atlanta-decries-anti-asian-violence-miami-beach-spring-break-weekends-bigges/4789448001/, Atlanta decries anti-Asian violence| Miami Beach declares state of emergency: Weekend's biggest news, 0
https://www.usatoday.com/https://www.usatoday.com/story/sports/nhl/2021/03/21/caps-sign-trevor-van-riemsdyk-to-2-year-extension/115586232/, Caps sign Trevor van Riemsdyk to 2-year extension, 0
https://www.usatoday.com/https://www.usatoday.com/story/money/taxes/2021/03/21/tax-deduction-2020-coronavirus-covid-medical-teacher/4791818001/, Can I deduct coronavirus medical bills| teacher expenses on my taxes?, 0
https://www.usatoday.com/https://www.usatoday.com/story/sports/ncaaf/2021/03/21/chestnut-helps-lead-sacred-heart-past-merrimack-26-9/115586234/, Chestnut helps lead Sacred Heart past Merrimack 26-9, 0
https://www.usatoday.com/https://www.usatoday.com/story/news/nation/2021/03/21/texas-roadhouse-founder-kent-taylor-coronavirus-employees/4792097001/, Texas Roadhouse founder loved taking care of his employees first, 0
https://www.usatoday.com/https://www.usatoday.com/story/entertainment/celebrities/2021/03/21/bella-thorne-engaged-benjamin-mascolo-she-said-yes/4792094001/, Bella Thorne engaged to Benjamin Mascolo: 'She said YES', 0
https://www.usatoday.com/https://www.usatoday.com/story/sports/nba/2021/03/21/rockets-lose-team-record-20th-straight-game-fall-to-thunder/43474875/, Rockets lose team-record 20th straight game| fall to Thunder, 0
https://www.usatoday.com/https://www.usatoday.com/story/sports/ncaab/2021/03/21/no-1-seed-baylor-beats-wisconsin-76-63-to-reach-sweet-16/115586266/, No. 1 seed Baylor beats Wisconsin 76-63 to reach Sweet 16, 0
https://www.usatoday.com/https://www.usatoday.com/story/sports/columnist/nancy-armour/2021/03/21/loyola-chicago-busting-brackets-shouldnt-surprise/4792409001/, March Madness: Loyola-Chicago busting brackets shouldn't be a surprise, 0
https://www.usatoday.com/https://www.usatoday.com/story/sports/ncaab/2021/03/21/oregon-anxious-to-take-floor-after-advancing-without-playing/115586324/, Oregon anxious to take floor after advancing without playing, 0
https://www.usatoday.com/https://www.usatoday.com/story/sports/ncaaw/2021/03/21/brown-leads-michigan-to-87-66-win-over-florida-gulf-coast/43474849/, Brown leads Michigan to 87-66 win over Florida Gulf Coast, 0
https://www.usatoday.com/https://www.usatoday.com/story/sports/mlb/2021/03/21/reds-star-votto-back-after-covid-19-unsure-when-hell-play/115586378/, Reds star Votto back after COVID-19| unsure when he'll play, 0
https://www.usatoday.com/https://www.usatoday.com/story/sports/nba/2021/03/21/holidays-3-pointers-in-ot-help-pacers-to-win-over-heat/115586358/, Holiday's 3-pointers in OT help Pacers to win over Heat, 0
https://www.usatoday.com/https://www.usatoday.com/story/sports/ncaab/2021/03/21/march-madness-winners-and-losers-ncaa-tournament-second-round/4792253001/, March Madness: Winners and losers from NCAA Tournament second round, 0
https://www.usatoday.com/https://www.usatoday.com/story/news/politics/2021/03/21/vice-president-kamala-harris-jacksonville-florida-visit/4792761001/, Vice President Kamala Harris to visit Fla. Monday to tout COVID relief, 0
https://www.usatoday.com/https://www.usatoday.com/story/sports/ncaaf/2021/03/21/clark-bryant-defense-stymie-wagner-27-7/115586352/, Clark| Bryant defense stymie Wagner 27-7, 0
https://www.usatoday.com/https://www.usatoday.com/story/sports/soccer/2021/03/21/tottenham-beats-aston-villa-2-0-to-keep-cl-spot-in-sight/115586376/, Tottenham beats Aston Villa 2-0 to keep CL spot in sight, 0
https://www.usatoday.com/https://www.usatoday.com/story/sports/mlb/2021/03/21/yankees-rotation-behind-cole-taking-shape/43474887/, Yankees' rotation behind Cole taking shape, 0
https://www.usatoday.com/https://www.usatoday.com/story/sports/ncaab/2021/03/21/loyola-chicago-sister-jean-get-past-illinois-into-sweet-16/43474897/, Loyola Chicago| Sister Jean get past Illinois| into Sweet 16, 0
https://www.usatoday.com/https://www.usatoday.com/story/money/taxes/2021/03/21/taxes-deadline-2020-file-early/115577944/, When should I file my taxes? It could pay to get an early start, 0
https://www.usatoday.com/https://www.usatoday.com/story/sports/nba/2021/03/21/brown-34-pts-10-3s-leads-celtics-past-magic-112-96/115586410/, Brown (34 pts| 10 3s) leads Celtics past Magic 112-96, 0
https://www.usatoday.com/https://www.usatoday.com/story/sports/sports-betting/2021/03/21/march-madness-ucla-vs-abilene-christian-odds-picks-and-prediction/115586406/, March Madness: UCLA vs. Abilene Christian odds| picks and prediction, 0
https://www.usatoday.com/https://www.usatoday.com/story/sports/ncaab/big12/2021/03/21/baylor-men-can-win-national-title-ncaa-tournament-why/4792288001/, Baylor Bears men| a No. 1 seed| can win national title. Here's why., 0
https://www.usatoday.com/https://www.usatoday.com/videos/news/nation/2021/03/21/ap-top-stories-march-21-p/4793213001/, AP Top Stories March 21 P, 0
https://www.usatoday.com/https://www.usatoday.com/story/entertainment/movies/2021/03/21/sxsw-10-best-movies-we-saw-ranked-including-the-fallout/4789080001/, SXSW: 10 best movies we saw| ranked (including 'The Fallout'), 0
https://www.usatoday.com/https://www.usatoday.com/story/sports/ncaaw/2021/03/21/boyd-has-18-to-lead-no-1-wolfpack-over-16-seed-nc-at-79-58/43474913/, Boyd has 18 points| top-seeded NC State beats NC A&T 79-58, 0
https://www.usatoday.com/https://www.usatoday.com/story/sports/golf/2021/03/21/jones-wins-honda-classic-by-5-shots-earns-spot-in-masters/43474929/, Jones wins Honda Classic by 5 shots| earns spot in Masters, 0
https://www.usatoday.com/https://www.usatoday.com/story/sports/ncaaw/2021/03/21/ursin-smith-lead-no-5-baylor-to-big-win-in-ncaa-opener/115586548/, Ursin| Smith lead No. 5 Baylor to big win in NCAA opener, 0
https://www.usatoday.com/https://www.usatoday.com/story/sports/ncaaf/2021/03/21/kuhn-foulkes-lift-eastern-illinois-over-tennessee-tech/43474941/, Kuhn| Foulkes lift Eastern Illinois over Tennessee Tech, 0
https://www.usatoday.com/https://www.usatoday.com/story/sports/ncaaw/2021/03/21/top-seeded-nc-state-beats-nc-at-79-58-win-womens-tourney/115586510/, UConn rolls without Auriemma; Staley reaches 500 victories, 0
https://www.usatoday.com/https://www.usatoday.com/story/entertainment/celebrities/2021/03/21/kylie-jenner-bashed-highlighting-makeup-artist-gofundme-cause/4792481001/, Kylie Jenner speaks out after makeup artist's GoFundMe controversy, 0
https://www.usatoday.com/https://www.usatoday.com/story/sports/nhl/2021/03/21/tyler-johnson-breaks-tie-lightning-beat-panthers-5-3/43474955/, Tyler Johnson breaks tie| Lightning beat Panthers 5-3, 0
https://www.usatoday.com/https://www.usatoday.com/story/news/politics/2021/03/21/associated-press-report-iran-considered-attack-fort-mcnair/4793538001/, AP report: Iran considered attack on DC Army base| top general, 0
https://www.usatoday.com/https://www.usatoday.com/story/sports/nhl/2021/03/21/lightning-beat-panthers-5-3-to-open-4-point-lead-in-central/43474951/, Lightning beat Panthers 5-3 to open 4-point lead in Central, 0
https://www.usatoday.com/https://www.usatoday.com/story/sports/nascar/2021/03/21/blaney-wins-at-atlanta-after-larson-fades-on-old-tires/115586942/, Blaney wins at Atlanta after Larson fades on old tires, 0
https://www.usatoday.com/https://www.usatoday.com/story/sports/nba/2021/03/21/ingram-williamson-score-30-pelicans-beat-nuggets-113-108/43475083/, Ingram| Williamson score 30| Pelicans beat Nuggets 113-108, 0
https://www.usatoday.com/https://www.usatoday.com/story/sports/columnist/dan-wolken/2021/03/21/march-madness-baylor-back-its-old-self-just-right-time/4793550001/, March Madness: Baylor back to its old self at just the right time, 0
https://www.usatoday.com/https://www.usatoday.com/story/sports/nascar/2021/03/21/ryan-blaney-wins-atlanta-folds-honor-quicktrip-500-race/4793316001/, Ryan Blaney overtakes dominant Kyle Larson to win NASCAR Atlanta race, 0
https://www.usatoday.com/https://www.usatoday.com/sitemap/2021/march/21/, 1, 0
https://www.usatoday.com/https://www.usatoday.com/sitemap/2021/march/21/?page=2, 2, 0
