https://www.usatoday.com/https://www.usatoday.com/story/sports/soccer/2021/03/21/live-tv-cash-boost-for-womens-super-league-with-uk-deals/115586656/, Live TV| cash boost for Women's Super League with UK deals, 0
https://www.usatoday.com/https://www.usatoday.com/videos/news/politics/2021/03/22/house-passes-immigration-bill-biden-closes-border/4793530001/, House passes immigration bill| Republicans say it's border crisis 2021, 0
https://www.usatoday.com/https://www.usatoday.com/story/sports/ncaaw/2021/03/21/engstler-leads-syracuse-over-south-dakota-state-72-55/43474991/, Engstler leads Syracuse over South Dakota State 72-55, 0
https://www.usatoday.com/https://www.usatoday.com/story/sports/2021/03/21/big-ten-men-bust-your-bracket-switch-your-viewing-big-ten-women/4793542001/, Big Ten men bust your bracket? Switch your viewing to Big Ten women, 0
https://www.usatoday.com/https://www.usatoday.com/story/sports/ncaab/2021/03/21/buddy-boeheim-gets-dad-back-to-sweet-16-as-syracuse-tops-wvu/43474993/, Buddy Boeheim gets dad back to Sweet 16 as Syracuse tops WVU, 0
https://www.usatoday.com/https://www.usatoday.com/story/sports/ncaaw/2021/03/21/ncaa-womens-tournament-iowa-caitlin-clark-most-exciting-player/4794042001/, NCAA women's tournament: Iowa's Caitlin Clark dazzles in first round, 0
https://www.usatoday.com/https://www.usatoday.com/story/sports/nba/rockets/2021/03/21/rockets-franchise-record-20-game-losing-streak-frustrated-sad/115586396/, Rockets frustrated| sad| angry after 20th consecutive loss, 0
https://www.usatoday.com/https://www.usatoday.com/story/sports/ncaaw/2021/03/21/south-carolina-women-open-ncaa-with-staleys-500th-win/43475029/, South Carolina women open NCAA with Staley's 500th win, 0
https://www.usatoday.com/https://www.usatoday.com/story/sports/hockey/2021/03/21/st-lawrence-coach-tests-positive-covid-ncaa-tournament/4793969001/, St. Lawrence coach tests positive for COVID-19| no NCAA Tournament, 0
https://www.usatoday.com/https://www.usatoday.com/story/sports/ncaab/2021/03/21/smith-arkansas-hold-off-texas-tech-68-66-in-ncaa-2nd-round/115587114/, Smith| Arkansas hold off Texas Tech 68-66 in NCAA 2nd round, 0
https://www.usatoday.com/https://www.usatoday.com/story/sports/nhl/2021/03/21/petersen-stars-as-kings-snap-vegas-5-game-win-streak-3-1/115586748/, Petersen stars as Kings snap Vegas' 5-game win streak| 3-1, 0
https://www.usatoday.com/https://www.usatoday.com/story/news/nation/2021/03/21/headmaster-black-student-mother-new-york/4793350001/, Headmaster on leave after mom says Black son forced to kneel, 0
https://www.usatoday.com/https://www.usatoday.com/story/sports/olympics/2021/03/21/us-scores-late-beats-dominican-4-0-in-olympic-qualifying/115586768/, US scores late| beats Dominican 4-0 in Olympic qualifying, 0
https://www.usatoday.com/https://www.usatoday.com/story/sports/ncaaf/2021/03/21/webb-defense-carry-jacksonville-st-past-se-missouri-st/43475047/, Webb| defense carry Jacksonville St. past SE Missouri St., 0
https://www.usatoday.com/https://www.usatoday.com/story/sports/nfl/2021/03/21/rams-sign-veteran-wr-desean-jackson-for-la-homecoming/115586786/, Rams sign speedy veteran WR DeSean Jackson for LA homecoming, 0
https://www.usatoday.com/https://www.usatoday.com/story/sports/nba/hornets/2021/03/21/lamelo-ball-fractured-bone-right-wrist-out-indefinitely/4794523001/, LaMelo Ball suffers fractured bone in wrist| out indefinitely, 0
https://www.usatoday.com/https://www.usatoday.com/story/news/politics/2021/03/21/tom-reed-new-york-sexual-misconduct-allegations/4794567001/, Rep. Tom Reed will not seek reelection amid sexual misconduct claims, 0
https://www.usatoday.com/https://www.usatoday.com/story/sports/ncaab/2021/03/21/unlv-promotes-kruger-to-head-basketball-coach/115586796/, UNLV promotes Kruger to head basketball coach, 0
https://www.usatoday.com/https://www.usatoday.com/story/sports/nba/2021/03/21/hornets-lamelo-ball-out-with-broken-bone-in-right-wrist/43475049/, AP Source: LaMelo Ball expected to miss rest of season, 0
https://www.usatoday.com/https://www.usatoday.com/story/sports/nba/2021/03/21/markkanen-solid-defense-lead-bulls-over-pistons-100-86/43475051/, Markkanen| solid defense lead Bulls over Pistons 100-86, 0
https://www.usatoday.com/https://www.usatoday.com/story/sports/ncaaw/2021/03/21/goodmans-24-points-lead-oregon-state-women-by-fsu-83-59/115586810/, Goodman's 24 points lead Oregon State women by FSU 83-59, 0
https://www.usatoday.com/https://www.usatoday.com/story/sports/ncaab/2021/03/21/grimes-helps-no-2-seed-houston-rally-past-rutgers-63-60/115586826/, Grimes helps No. 2 seed Houston rally past Rutgers| 63-60, 0
https://www.usatoday.com/https://www.usatoday.com/story/sports/nba/2021/03/21/irving-harden-help-nets-beat-wizards-in-griffins-debut/43475069/, Irving| Harden help Nets beat Wizards in Griffin's debut, 0
https://www.usatoday.com/https://www.usatoday.com/story/sports/ncaab/tourney/2021/03/21/hinkle-fieldhous-power-outage-ncaa-tournament-games/4794803001/, Hinkle Fieldhouse loses power between March Madness games, 0
https://www.usatoday.com/https://www.usatoday.com/picture-gallery/sports/ncaaw/2021/03/22/march-madness-ncaa-womens-basketball-tournament-great-photos/4794536001/, March Madness 2021: Great photo from each women's NCAA tournament game, 0
https://www.usatoday.com/https://www.usatoday.com/story/sports/ncaab/2021/03/21/cinderella-run-continues-no-15-seed-oral-roberts-upsets-florida-sweet-16/4794765001/, Oral Roberts' Cinderella run continues after upset of Florida, 0
https://www.usatoday.com/https://www.usatoday.com/story/entertainment/tv/2021/03/22/american-idol-did-claudia-conway-survive-hollywood-week-round-one/4775297001/, 'American Idol': Did Claudia Conway survive Hollywood Week round one?, 0
https://www.usatoday.com/https://www.usatoday.com/story/sports/ncaab/big12/2021/03/21/texas-tech-coach-chris-beard-not-calling-timeout-late-arkansas/4794446001/, Chris Beard's decisions questioned after Texas Tech's loss to Arkansas, 0
https://www.usatoday.com/https://www.usatoday.com/story/sports/ncaab/tourney/2021/03/21/arkansas-eric-musselman-should-be-new-indiana-mens-basketball-coach/4793839001/, Indiana's new men's basketball coach should come from Arkansas, 0
https://www.usatoday.com/https://www.usatoday.com/story/sports/ncaaw/2021/03/21/bueckers-helps-uconn-rout-high-point-102-59-in-ncaa-opener/43475097/, Bueckers helps UConn rout High Point 102-59 in NCAA opener, 0
https://www.usatoday.com/https://www.usatoday.com/story/sports/ncaab/2021/03/21/sweet-16-bound-no-15-seed-oral-roberts-stuns-florida-81-78/43475095/, Sweet 16 bound: No. 15 seed Oral Roberts tops Florida 81-78, 0
https://www.usatoday.com/https://www.usatoday.com/story/sports/sports-betting/2021/03/21/march-madness-gonzaga-vs-oklahoma-odds-picks-and-prediction/115586854/, March Madness: Gonzaga vs. Oklahoma odds| picks and prediction, 0
https://www.usatoday.com/https://www.usatoday.com/story/sports/ncaaw/2021/03/21/gondrezick-leads-no-17-west-virginia-women-into-2nd-round/43475123/, Gondrezick leads No. 17 WVa women past Lehigh 77-53, 0
https://www.usatoday.com/https://www.usatoday.com/story/sports/sports-betting/2021/03/21/march-madness-creighton-vs-ohio-seed-odds-picks-and-prediction/115586876/, March Madness: Creighton vs. Ohio seed odds| picks and prediction, 0
https://www.usatoday.com/https://www.usatoday.com/story/sports/nba/2021/03/21/sexton-scores-36-cavs-hand-raptors-eighth-straight-loss/43475125/, Sexton scores 36| Cavs hand Raptors eighth straight loss, 0
https://www.usatoday.com/https://www.usatoday.com/videos/news/nation/2021/03/22/today-history-march-22nd/4795224001/, Today in History for March 22nd, 0
https://www.usatoday.com/https://www.usatoday.com/story/sports/ncaab/2021/03/21/same-as-it-ever-was-boeheim-syracuse-rolling-into-sweet-16/115586900/, Same as it ever was; Boeheim| Syracuse rolling into Sweet 16, 0
https://www.usatoday.com/https://www.usatoday.com/story/entertainment/movies/2021/03/21/writers-guild-awards-big-winners-borat-2-promising-young-woman/4794786001/, Writers Guild Awards big winners: 'Borat 2|' 'Promising Young Woman', 0
https://www.usatoday.com/https://www.usatoday.com/story/sports/sports-betting/2021/03/21/march-madness-michigan-vs-lsu-odds-picks-and-prediction/115586914/, March Madness: Michigan vs. LSU odds| picks and prediction, 0
https://www.usatoday.com/https://www.usatoday.com/story/sports/ncaab/2021/03/21/villanova-hits-15-3s-to-knock-off-upstart-north-texas-84-61/43475139/, Villanova hits 15 3s to knock off upstart North Texas 84-61, 0
https://www.usatoday.com/https://www.usatoday.com/story/sports/nba/2021/03/21/76ers-escape-knicks-behind-harris-2-late-free-throws-in-ot/43475137/, 76ers escape Knicks behind Harris' 2 late free throws in OT, 0
https://www.usatoday.com/https://www.usatoday.com/story/sports/nfl/rams/2021/03/21/desean-jackson-los-angeles-rams-agree-one-year-deal/4795315001/, DeSean Jackson| Los Angeles Rams agree to one-year deal, 0
https://www.usatoday.com/https://www.usatoday.com/story/sports/sports-betting/2021/03/21/march-madness-alabama-vs-maryland-odds-picks-and-prediction/115586938/, March Madness: Alabama vs. Maryland odds| picks and prediction, 0
https://www.usatoday.com/https://www.usatoday.com/videos/sports/ncaab/sportspulse/2021/03/22/how-oral-roberts-became-second-ever-no-15-seed-reach-sweet-16/4795366001/, How Oral Roberts became the second ever No. 15 seed to reach Sweet 16, 0
https://www.usatoday.com/https://www.usatoday.com/story/sports/nfl/2021/03/21/bears-sign-former-broncos-lb-attaochu-to-2-year-deal/43475185/, Bears sign former Broncos LB Attaochu to 2-year deal, 0
https://www.usatoday.com/https://www.usatoday.com/story/sports/nhl/2021/03/21/preds-finish-long-trip-with-another-4-3-so-win-over-stars/115587012/, Preds finish long trip with another 4-3 SO win over Stars, 0
https://www.usatoday.com/https://www.usatoday.com/story/sports/ncaaw/2021/03/21/tsineke-leads-south-florida-past-washington-state-57-53/115586990/, Tsineke leads South Florida past Washington State 57-53, 0
https://www.usatoday.com/https://www.usatoday.com/story/sports/ncaaw/2021/03/21/kiana-williams-sets-stanford-3s-record-in-ncaa-opening-win/43475173/, Kiana Williams sets Stanford 3s record in NCAA opening win, 0
https://www.usatoday.com/https://www.usatoday.com/story/sports/columnist/dan-wolken/2021/03/21/oral-roberts-chucks-handbook-dances-way-into-sweet-16/4795302001/, Oral Roberts chucks handbook| dances into March Madness history books, 0
https://www.usatoday.com/https://www.usatoday.com/videos/life/humankind/2021/03/22/musician-brings-joy-strangers-through-music/4768235001/, Musician brings joy to strangers through music, 0
https://www.usatoday.com/https://www.usatoday.com/story/money/food/2021/03/22/covid-vaccine-free-donuts-krispy-kreme-vaccination-card-freebie/4750302001/, Krispy Kreme free donut: Show COVID vaccination card to get freebie, 0
https://www.usatoday.com/https://www.usatoday.com/story/tech/2021/03/22/covid-work-from-home-jobs-zoom-teams-long-workdays/4754008001/, COVID workdays longer with Zoom meetings| Teams| email and more tech, 0
https://www.usatoday.com/https://www.usatoday.com/story/news/50-states/2021/03/22/let-us-cheer-cruises-return-adolescent-trials-news-around-states/115586626/, 50 States, 0
https://www.usatoday.com/https://www.usatoday.com/story/sports/ncaab/2021/03/22/refreshed-baylor-reaches-sweet-16-with-nova-oral-roberts/43475191/, Refreshed Baylor reaches Sweet 16 with 'Nova| Oral Roberts, 0
https://www.usatoday.com/https://www.usatoday.com/story/sports/nba/2021/03/22/suns-roll-past-lebron-less-lakers-for-111-94-win/115587036/, Suns roll past LeBron-less Lakers for 111-94 win, 0
https://www.usatoday.com/https://www.usatoday.com/story/sports/ncaab/tourney/2021/03/21/oral-roberts-ncaa-tournament-bracket-busters-march-madness/4795476001/, Oral Roberts: Meet men's NCAA Tournament bracket busters, 0
https://www.usatoday.com/https://www.usatoday.com/story/sports/nba/2021/03/22/doncic-scores-37-mavericks-rout-trail-blazers-132-92/43475257/, Doncic scores 37| Mavericks rout Trail Blazers 132-92, 0
https://www.usatoday.com/https://www.usatoday.com/story/sports/ncaab/2021/03/21/march-madness-oregon-state-upset-cade-cunningham-oklahoma-state/4795610001/, March Madness: Oregon State topples Cade Cunningham| Oklahoma State, 0
https://www.usatoday.com/https://www.usatoday.com/story/sports/ncaab/2021/03/22/oregon-state-bounces-oklahoma-state-cunningham-from-ncaas/43475207/, Oregon State bounces Oklahoma State| Cunningham from NCAAs, 0
https://www.usatoday.com/https://www.usatoday.com/videos/news/nation/2021/03/22/life-nursing-homes-slowly-returns-normal/4795751001/, Life in nursing homes slowly returns to normal, 0
https://www.usatoday.com/https://www.usatoday.com/story/sports/motor/formula1/2021/03/22/driving-diversity-hamilton-ready-to-chase-8th-f1-title/43475221/, Driving diversity: Hamilton ready to chase 8th F1 title, 0
https://www.usatoday.com/https://www.usatoday.com/videos/news/nation/2021/03/22/cops-facebook-posts-show-hostility-hate/4795784001/, Cops' Facebook posts show hostility| hate, 0
https://www.usatoday.com/https://www.usatoday.com/story/sports/ncaab/2021/03/22/nba-likely-next-stop-for-oklahoma-state-freshman-cunningham/43475241/, NBA likely next stop for Oklahoma State freshman Cunningham, 0
https://www.usatoday.com/https://www.usatoday.com/story/sports/ncaab/2021/03/22/monday-fun-day-march-madness-kicks-off-the-week/43475251/, Monday Fun Day: March Madness kicks off the week, 0
https://www.usatoday.com/https://www.usatoday.com/story/sports/golf/2021/03/22/detroits-tour-stop-to-host-event-to-create-path-for-blacks/43475249/, Detroit to host event to create path for Black golfers, 0
https://www.usatoday.com/https://www.usatoday.com/story/sports/ncaab/2021/03/22/again-syracuse-makes-sweet-16-as-double-digit-seed/115587090/, Again| Syracuse makes Sweet 16 as double-digit seed, 0
https://www.usatoday.com/https://www.usatoday.com/story/opinion/voices/2021/03/22/trump-era-hate-crime-spike-due-to-shameless-public-racism-column/4771805001/, Trump-era hate crime spike reflects shameless public hate and racism, 0
https://www.usatoday.com/https://www.usatoday.com/story/sports/ncaaw/2021/03/22/freshmen-show-no-signs-of-jitters-in-womens-ncaa-tournament/115587080/, Freshmen show no signs of jitters in women's NCAA Tournament, 0
https://www.usatoday.com/https://www.usatoday.com/story/news/2021/03/22/ncaa-kamala-harris-miami-beach-dr-oz-d-c-5-things-know-monday/4766398001/, NCAA| Kamala Harris| Miami Beach| Dr. Oz| D.C.: 5 things to know Monday, 0
https://www.usatoday.com/https://www.usatoday.com/story/sports/nba/2021/03/22/10000-and-counting-the-point-god-shows-no-signs-of-age/115587102/, 10|000 and counting: The 'Point God' shows no signs of age, 0
https://www.usatoday.com/https://www.usatoday.com/videos/news/nation/2021/03/22/miami-beach-curfew-forces-crowds-out-streets/4795900001/, Miami Beach curfew forces crowds out of streets, 0
https://www.usatoday.com/https://www.usatoday.com/story/news/health/2021/03/22/covid-variants-vaccine-reopening-schools-cdc-guidelines/4792168001/, COVID: Harris visits Florida vaccination site; CDC warns spring surge, 0
https://www.usatoday.com/https://www.usatoday.com/in-depth/opinion/2021/03/22/why-covid-lab-leak-theory-wuhan-shouldnt-dismissed-column/4765985001/, Why the COVID lab-leak theory in Wuhan shouldn't be dismissed, 0
https://www.usatoday.com/https://www.usatoday.com/story/sports/ncaab/2021/03/22/big-upset-day-in-ncaas-has-the-mid-major-revolution-begun/115588014/, Big upset day in NCAAs: Has the mid-major revolution begun?, 0
https://www.usatoday.com/https://www.usatoday.com/videos/news/nation/2021/03/22/ap-top-stories-march-22/4795908001/, AP Top Stories March 22, 0
https://www.usatoday.com/https://www.usatoday.com/story/opinion/voices/2021/03/22/pandemic-fatherhood-unprepared-for-covid-being-new-dad-column/4780918001/, Pandemic fatherhood: Nothing prepared me for COVID or being a new dad, 0
https://www.usatoday.com/https://www.usatoday.com/story/news/politics/2021/03/22/joe-bidens-plan-roads-bridges-airports-may-hit-snag-congress/4757270001/, Biden infrastructure: Plan on roads| bridges may hit snag in Congress, 0
https://www.usatoday.com/https://www.usatoday.com/videos/news/nation/2021/03/22/president-biden-visit-us-mexico-border/4795926001/, President Biden to visit US-Mexico border, 0
https://www.usatoday.com/https://www.usatoday.com/in-depth/news/nation/2021/03/22/covid-funeral-homes-impact-js-pelkey-kittery-maine/4716001001/, Funeral homes also suffered during COVID. Here's how one in ME endured, 0
https://www.usatoday.com/https://www.usatoday.com/story/sports/soccer/2021/03/22/chad-disqualified-from-african-cup-of-nations-qualifying/115588374/, Chad disqualified from African Cup of Nations qualifying, 0
https://www.usatoday.com/https://www.usatoday.com/story/opinion/2021/03/22/joe-biden-pursue-peace-iran-end-forever-wars-column/4761023001/, Joe Biden must pursue peace with Iran to end American 'forever wars', 0
https://www.usatoday.com/https://www.usatoday.com/story/money/taxes/2021/03/22/tax-deadlines-extended-owe-money-april-15/115585380/, Do I still have to pay taxes on April 15? Estimated payments| yes., 0
https://www.usatoday.com/https://www.usatoday.com/videos/money/food/2021/03/22/free-donut-krispy-kreme-launches-covid-19-vaccine-support-effort/4795955001/, Free donut: Krispy Kreme launches COVID-19 vaccine support effort, 0
https://www.usatoday.com/https://www.usatoday.com/story/sports/ncaab/2021/03/22/march-madness-6-takeaways-sunday-ncaa-tournament-second-round/4793295001/, March Madness takeaways from NCAA Tournament: ORU| Loyola take charge, 0
https://www.usatoday.com/https://www.usatoday.com/story/sports/ncaaw/2021/03/22/charli-collier-texas-longhorns-ncaa-womens-tournament-wnba-draft/4795200001/, Texas' Charli Collier seeks NCAA Tournament title ahead of WNBA draft, 0
https://www.usatoday.com/https://www.usatoday.com/story/sports/nba/2021/03/22/rockets-stephen-silas-crushing-interview-20-straight-losses/4794422001/, Houston Rockets coach has crushing interview after 20th straight loss, 0
https://www.usatoday.com/https://www.usatoday.com/videos/news/nation/2021/03/22/comic-netflix-staple-jo-koy-talks-race-rejection-memoir/4796038001/, Comic| Netflix staple Jo Koy talks race| rejection in memoir, 0
https://www.usatoday.com/https://www.usatoday.com/videos/entertainment/2021/03/22/comic-netflix-staple-jo-koy-talks-race-rejection-memoir/4796039001/, Comic| Netflix staple Jo Koy talks race| rejection in memoir, 0
https://www.usatoday.com/https://www.usatoday.com/story/news/health/2021/03/22/astrazeneca-covid-vaccine-safe-all-ages-us-data/4796060001/, AstraZeneca COVID vaccine is safe; 79% efficacy rate| company says, 0
https://www.usatoday.com/https://www.usatoday.com/story/nletter/2021/03/22/ncaa-kamala-harris-miami-beach-dr-oz-d-c-daily-briefing/4795931001/, NCAA| Kamala Harris| Miami Beach| Dr. Oz| D.C.: Daily Briefing, 0
https://www.usatoday.com/https://www.usatoday.com/story/sports/highschool/sports-awards/2021/03/22/aaron-rodgers-others-part-west-michigan-high-school-sports-awards/4730016001/, Aaron Rodgers| others part of West Michigan High School Sports Awards, 0
https://www.usatoday.com/https://www.usatoday.com/story/sports/nba/columnist/mark-medina/2021/03/22/can-lakers-absorb-lebron-james-long-absence-sprained-ankle/4795800001/, LeBron James injury: Can the Lakers weather a long absence?, 0
https://www.usatoday.com/https://www.usatoday.com/story/opinion/2021/03/22/raising-minimum-wage-support-from-four-of-five-americans-column/4781221001/, Raising the minimum wage has overwhelming 80% support from Americans, 0
https://www.usatoday.com/https://www.usatoday.com/story/entertainment/books/2021/03/22/red-island-house-andrea-lees-lush-new-novel-worth-wait/4758109001/, 'Red Island House': Andrea Lee's lush new novel worth the wait, 0
https://www.usatoday.com/https://www.usatoday.com/story/sports/highschool/sports-awards/2021/03/22/aaron-rodgers-others-part-oho-high-school-sports-awards/4752408001/, Aaron Rodgers| others part of Oho High School Sports Awards, 0
https://www.usatoday.com/https://www.usatoday.com/story/travel/news/2021/03/22/vaccine-passport-who-covid-travel-will-you-need-one/4762495001/, COVID vaccine passport: Will you need one for international travel?, 0
https://www.usatoday.com/https://www.usatoday.com/story/sports/highschool/sports-awards/2021/03/22/aaron-rodgers-others-part-illinois-high-school-sports-awards/4751864001/, Aaron Rodgers| others part of Illinois High School Sports Awards, 0
https://www.usatoday.com/https://www.usatoday.com/story/sports/highschool/sports-awards/2021/03/22/aaron-rodgers-others-part-south-central-michigan-hs-sports-awards/4726186001/, Aaron Rodgers| others part of South Central Michigan HS Sports Awards, 0
https://www.usatoday.com/https://www.usatoday.com/story/money/2021/03/22/retirement-withdrawal-healthcare-taxes/43473701/, Retirement preparation: 3 things you should know, 0
https://www.usatoday.com/https://www.usatoday.com/story/sports/highschool/sports-awards/2021/03/22/aaron-rodgers-others-part-new-jersey-high-school-sports-awards/4752154001/, Aaron Rodgers| others part of New Jersey High School Sports Awards, 0
https://www.usatoday.com/https://www.usatoday.com/story/sports/sports-betting/2021/03/22/sacramento-kings-at-cleveland-cavaliers-odds-picks-and-prediction/115587816/, Sacramento Kings at Cleveland Cavaliers odds| picks and prediction, 0
https://www.usatoday.com/https://www.usatoday.com/in-depth/life/2021/03/22/potato-head-diverse-kids-books-more-teach-kids-inclusion/6754580002/, Potato Head| diverse kids books| more teach kids about inclusion, 0
https://www.usatoday.com/https://www.usatoday.com/story/sports/sports-betting/2021/03/22/st-louis-blues-at-vegas-golden-knights-odds-picks-and-prediction/115588446/, St. Louis Blues at Vegas Golden Knights odds| picks and prediction, 0
https://www.usatoday.com/https://www.usatoday.com/story/sports/sports-betting/2021/03/22/march-madness-kansas-vs-usc-odds-picks-and-prediction/115587844/, March Madness: Kansas vs. USC odds| picks and prediction, 0
https://www.usatoday.com/https://www.usatoday.com/story/sports/ftw/2021/03/22/rockets-stephen-silas-20-losses/4796153001/, It's impossible to not feel bad for Rockets coach Stephen Silas, 0
https://www.usatoday.com/https://www.usatoday.com/story/sports/ncaab/2021/03/22/ncaa-tournament-monday-second-round-schedule-tv-odds-march-madness/4793484001/, March Madness schedule today: NCAA Tournament Monday TV| channel info, 0
https://www.usatoday.com/https://www.usatoday.com/story/sports/sports-betting/2021/03/22/new-york-islanders-at-philadelphia-flyers-odds-picks-and-prediction/115587852/, New York Islanders at Philadelphia Flyers odds| picks and prediction, 0
https://www.usatoday.com/https://www.usatoday.com/story/news/nation/2021/03/22/derek-chauvin-trial-live-jury-selection-third-week/4722132001/, Derek Chauvin trial live: 3rd week of jury selection; 14 of 15 jurors, 0
https://www.usatoday.com/https://www.usatoday.com/story/sports/sports-betting/2021/03/22/2021-texas-rangers-world-series-win-total-pennant-and-division-odds/115587854/, 2021 Texas Rangers World Series| win total| pennant and division odds, 0
https://www.usatoday.com/https://www.usatoday.com/story/money/shopping/2021/03/22/bed-bath-beyond-coupon-nestwell-brand-private-label/4754598001/, Bed Bath & Beyond coupons can be used on new Nestwell bedding brand, 0
https://www.usatoday.com/https://www.usatoday.com/videos/entertainment/2021/03/22/showbiz-minute-borat-minaj-us-box-office/4796234001/, ShowBiz Minute: 'Borat|' Minaj| US Box Office, 0
https://www.usatoday.com/https://www.usatoday.com/videos/news/nation/2021/03/22/showbiz-minute-borat-minaj-us-box-office/4796233001/, ShowBiz Minute: 'Borat|' Minaj| US Box Office, 0
https://www.usatoday.com/https://www.usatoday.com/story/travel/destinations/2021/03/22/port-huron-pineapple-statue-michigan-google-maps-attraction/4796230001/, Port Huron Pineapple Statue: Michigan attraction is on Google Maps, 0
https://www.usatoday.com/https://www.usatoday.com/story/sports/highschool/sports-awards/2021/03/22/rodgers-morgan-ledecky-among-southeast-florida-hssa-announcers/4750313001/, Rodgers| Morgan| Ledecky among Southeast Florida HSSA announcers, 0
https://www.usatoday.com/https://www.usatoday.com/story/sports/highschool/sports-awards/2021/03/22/rodgers-morgan-ledecky-among-florida-panhandle-hssa-announcers/4748653001/, Rodgers| Morgan| Ledecky among Florida Panhandle HSSA announcers, 0
https://www.usatoday.com/https://www.usatoday.com/story/sports/highschool/sports-awards/2021/03/22/rodgers-morgan-ledecky-among-southwest-florida-hssa-announcers/4750729001/, Rodgers| Morgan| Ledecky among Southwest Florida HSSA announcers, 0
https://www.usatoday.com/https://www.usatoday.com/story/sports/highschool/sports-awards/2021/03/22/rodgers-morgan-ledecky-among-central-florida-hssa-announcers/4747814001/, Rodgers| Morgan| Ledecky among Central Florida HSSA announcers, 0
https://www.usatoday.com/https://www.usatoday.com/story/sports/highschool/sports-awards/2021/03/22/rodgers-morgan-ledecky-among-announcers-alabama-hs-sports-awards/4718320001/, Rodgers| Morgan| Ledecky among announcers for Alabama HS Sports Awards, 0
https://www.usatoday.com/https://www.usatoday.com/story/sports/ncaab/2021/03/22/ncaa-tournament-schedule-today-rankings-picks-mondays-games/4791005001/, NCAA Tournament schedule today: Rankings| picks for Monday's games, 0
https://www.usatoday.com/https://www.reviewed.com/bakeware/best-right-now/best-casserole-dishes?utm_source=usat&utm_medium=referral&utm_campaign=collab, The best casserole dishes of 2021, 0
https://www.usatoday.com/https://www.usatoday.com/story/entertainment/tv/2021/03/22/chuck-lorre-cbs-sitcom-united-states-of-al-backlash/4795934001/, Chuck Lorre's new CBS sitcom 'United States of Al' faces backlash, 0
https://www.usatoday.com/https://www.usatoday.com/story/sports/ncaab/2021/03/22/sister-jean-dwyane-wade-collaborating-over-loyola-chicago-ramblers/4796139001/, Sister Jean| Dwyane Wade collaborating over Loyola Chicago Ramblers?, 0
https://www.usatoday.com/https://www.usatoday.com/story/money/cars/2021/03/22/jeep-concept-vehicles-wrangler-easter-jeep-safari/4796306001/, Jeep Wrangler all-electric is among concept trucks brand will unveil, 0
https://www.usatoday.com/https://www.usatoday.com/picture-gallery/news/world/2021/03/22/iceland-volcano-eruption-attracts-spectators-watch-lava-flow/4796254001/, Iceland volcano eruption attracts spectators to watch lava flow, 0
https://www.usatoday.com/https://www.usatoday.com/videos/money/2021/03/22/homeschooling-gave-new-york-furniture-business-new-market/4776029001/, Homeschooling gave this New York furniture business a new market, 0
https://www.usatoday.com/https://www.usatoday.com/story/money/usaandmain/2021/03/22/career-change-pandemic-chef-furniture-business/4773455001/, Job change: Chef switches to making furniture for kids during COVID, 0
https://www.usatoday.com/https://www.usatoday.com/videos/entertainment/celebrities/2021/03/22/kylie-jenner-criticized-asking-fans-donate-gofundme/4796439001/, Kylie Jenner criticized for asking fans to donate to GoFundMe, 0
https://www.usatoday.com/https://www.usatoday.com/videos/news/weather/2021/03/22/icelanders-flock-volcano-after-eruption/4796418001/, Icelanders flock to volcano after eruption, 0
https://www.usatoday.com/https://www.usatoday.com/story/sports/2021/03/22/aaron-rodgers-alex-morgan-announce-high-school-sports-awards/4733952001/, Aaron Rodgers| Alex Morgan to announce at High School Sports Awards, 0
https://www.usatoday.com/https://www.usatoday.com/story/sports/2021/03/22/aaron-rodgers-alex-morgan-announce-high-school-sports-awards/4728926001/, Aaron Rodgers| Alex Morgan to announce at High School Sports Awards, 0
https://www.usatoday.com/https://www.usatoday.com/story/sports/2021/03/22/aaron-rodgers-alex-morgan-announce-high-school-sports-awards/4741288001/, Aaron Rodgers| Alex Morgan to announce at High School Sports Awards, 0
https://www.usatoday.com/https://www.usatoday.com/story/sports/2021/03/22/aaron-rodgers-alex-morgan-announce-high-school-sports-awards/4726570001/, Aaron Rodgers| Alex Morgan to announce at High School Sports Awards, 0
https://www.usatoday.com/https://www.usatoday.com/story/sports/2021/03/22/aaron-rodgers-alex-morgan-announce-high-school-sports-awards/4727485001/, Aaron Rodgers| Alex Morgan to announce at High School Sports Awards, 0
https://www.usatoday.com/https://www.usatoday.com/story/sports/2021/03/22/aaron-rodgers-alex-morgan-announce-high-school-sports-awards/4729078001/, Aaron Rodgers| Alex Morgan to announce at High School Sports Awards, 0
https://www.usatoday.com/https://www.usatoday.com/story/sports/2021/03/22/aaron-rodgers-alex-morgan-announce-high-school-sports-awards/4727235001/, Aaron Rodgers| Alex Morgan to announce at High School Sports Awards, 0
https://www.usatoday.com/https://www.usatoday.com/videos/news/have-you-seen/2021/03/22/volcano-iceland-unexpectedly-erupts/4796612001/, Drone flies right over erupting volcano in Iceland, 0
https://www.usatoday.com/https://www.usatoday.com/story/news/2021/03/22/economic-recession-causing-more-layoffs-women-than-men/4781318001/, The economic recession is causing more layoffs for women than men, 0
https://www.usatoday.com/https://www.usatoday.com/story/sports/sports-betting/2021/03/22/edmonton-oilers-at-montreal-canadiens-odds-picks-and-prediction/115588122/, Edmonton Oilers at Montreal Canadiens odds| picks and prediction, 0
https://www.usatoday.com/https://www.usatoday.com/story/sports/sports-betting/2021/03/22/toronto-raptors-at-houston-rockets-odds-picks-and-prediction/115588120/, Toronto Raptors at Houston Rockets odds| picks and prediction, 0
https://www.usatoday.com/https://www.usatoday.com/story/sports/olympics/2021/03/22/volunteers-from-abroad-ruled-out-for-tokyo-olympics/115588148/, Volunteers from abroad ruled out for Tokyo Olympics, 0
https://www.usatoday.com/https://www.usatoday.com/story/sports/olympics/2021/03/22/katherine-diaz-olympic-surfing-hopeful-dies-lighting-strike/4796264001/, Katherine Diaz| surfing hopeful for Olymipcs| dies in lighting strike, 0
https://www.usatoday.com/https://www.usatoday.com/story/nletter/2021/03/22/stimulus-check-retirement-planning-covid-vaccines/4796865001/, Stimulus check spending advice; retirement planning; COVID vaccines, 0
https://www.usatoday.com/https://www.usatoday.com/story/sports/nfl/patriots/2021/03/22/new-england-patriots-offseason-like-investing-robert-kraft-says/4796837001/, New England Patriots offseason 'like investing'| Robert Kraft says, 0
https://www.usatoday.com/https://www.usatoday.com/story/news/nation/2021/03/22/world-records-ex-marine-63-attempt-2-920-pushups-hour/4796501001/, World records: Ex-Marine| 63| to attempt 2|920 pushups in an hour, 0
https://www.usatoday.com/https://www.usatoday.com/videos/news/have-you-seen/2021/03/22/father-enters-elephant-habitat-child-san-diego-zoo/4797038001/, Father enters elephant habitat with child at San Diego Zoo, 0
https://www.usatoday.com/https://www.usatoday.com/story/news/politics/2021/03/22/supreme-court-takes-case-boston-marathon-bomber-dzhokhar-tsarnaev/4339396001/, Supreme Court takes case of Boston Marathon bomber Dzhokhar Tsarnaev, 0
https://www.usatoday.com/https://www.usatoday.com/story/entertainment/celebrities/2021/03/22/rupert-grint-why-he-criticized-j-k-rowling-trans-comments/4796412001/, Rupert Grint on why he called out J.K. Rowling's transphobic comments, 0
https://www.usatoday.com/https://www.usatoday.com/story/sports/sports-betting/2021/03/22/colorado-avalanche-at-arizona-coyotes-odds-picks-and-prediction/115588238/, Colorado Avalanche at Arizona Coyotes odds| picks and prediction, 0
https://www.usatoday.com/https://www.usatoday.com/videos/news/nation/2021/03/22/police-seize-glock-pistol-disguised-nerf-toy-drug-raid/4796979001/, Police seize Glock pistol disguised as Nerf toy in drug raid, 0
https://www.usatoday.com/https://www.usatoday.com/videos/entertainment/2021/03/22/day-22-march-1895/4797318001/, On This Day: 22 March 1895, 0
https://www.usatoday.com/https://www.usatoday.com/story/sports/ncaab/2021/03/22/cade-cunningham-oklahoma-state-oregon-state-ncaa-tournament/4797160001/, Oklahoma State's Cade Cunningham needed ball late vs. Oregon State, 0
https://www.usatoday.com/https://www.usatoday.com/videos/news/nation/2021/03/22/day-22-march-1895/4797314001/, On This Day: 22 March 1895, 0
https://www.usatoday.com/https://www.usatoday.com/videos/travel/2021/03/22/northern-lights-gleam-green-and-purple-above-wisconsin/4797376001/, Northern lights gleam green and purple above Wisconsin, 0
https://www.usatoday.com/https://www.usatoday.com/story/travel/news/2021/03/22/spring-break-2021-travel-millions-board-flights-amid-covid-pandemic/4796301001/, Spring break 2021 travel: Millions board flights amid COVID pandemic, 0
https://www.usatoday.com/https://www.usatoday.com/story/sports/ncaaw/2021/03/22/paige-bueckers-makes-uconn-huskies-history-womens-ncaa-tournament/4797166001/, Paige Bueckers makes UConn Huskies history at women's NCAA Tournament, 0
https://www.usatoday.com/https://www.usatoday.com/story/entertainment/celebrities/2021/03/22/duchess-meghan-lawsuit-judge-says-associated-newspapers-can-delay-statement/4797593001/, Meghan Markle lawsuit: UK judge says newspaper can delay statement, 0
https://www.usatoday.com/https://www.usatoday.com/picture-gallery/travel/2021/03/22/miami-beach-spring-break-state-emergency-aims-shut-down-partying-covid-19/4797631001/, Miami Beach spring break state of emergency aims to shut down partying, 0
https://www.usatoday.com/https://www.usatoday.com/story/news/nation/2021/03/22/san-diego-zoo-elephant-charges-dad-brought-child-into-habitat/4797213001/, San Diego Zoo elephant charges dad who brought 2-year-old into habitat, 0
https://www.usatoday.com/https://www.usatoday.com/story/tech/reviewedcom/2021/03/22/how-watch-baketopia-hbo-max/4797389001/, How to watch Baketopia on HBO Max, 0
https://www.usatoday.com/https://www.usatoday.com/story/sports/nfl/draft/2021/03/22/2021-nfl-draft-cleveland-covid-19/4797304001/, 2021 NFL draft: League reveals plans to stage event in Cleveland, 0
https://www.usatoday.com/https://www.usatoday.com/story/entertainment/celebrities/2021/03/22/barack-obama-bruce-springsteen-toxic-masculinity-sasha-malia-podcast/4797307001/, Barack Obama talks masculinity| Malia| Sasha with Bruce Springsteen, 0
https://www.usatoday.com/https://www.reviewed.com/laundry/features/how-to-clean-your-dryer-vent?utm_source=usat&utm_medium=referral&utm_campaign=collab, Your dryer vent is the biggest fire risk in your home—here's how to clean it, 0
https://www.usatoday.com/https://www.usatoday.com/story/sports/soccer/2021/03/22/media-xabi-alonso-to-take-over-at-borussia-mnchengladbach/115588654/, Media: Xabi Alonso to take over at Borussia Mönchengladbach, 0
https://www.usatoday.com/https://www.usatoday.com/story/news/politics/2021/03/22/donald-trump-backs-rival-raffensperger-georgia-election-official/4796110001/, Donald Trump backs rival to Raffensperger| Georgia election official, 0
https://www.usatoday.com/https://www.usatoday.com/story/sports/nfl/2021/03/22/no-basement-blues-goodell-on-hand-for-draft-in-cleveland/115588646/, No basement blues: Goodell on hand for draft in Cleveland, 0
https://www.usatoday.com/https://www.reviewed.com/home-outdoors/features/things-make-your-home-safe-when-aging-place/untitled-page?utm_source=usat&utm_medium=referral&utm_campaign=collab, 7 precautions you can take to make a home safer for aging loved ones, 0
https://www.usatoday.com/https://usatodayspecial-va.newsmemory.com/?special=US+Department+of+Agriculture&date=20210318, Innovations advance agriculture mission, 0
https://www.usatoday.com/https://www.usatoday.com/videos/news/have-you-seen/2021/03/22/toddlers-face-covered-frosting-when-he-tries-deny-eat-cupcakes/4798943001/, Toddler's face is covered in frosting. denies eating the cupcakes, 0
https://www.usatoday.com/https://www.usatoday.com/story/sports/mls/2021/03/22/american-defender-chris-gloster-signs-with-new-york-city/115588730/, American defender Chris Gloster signs with New York City, 0
https://www.usatoday.com/https://www.usatoday.com/story/sports/soccer/2021/03/22/europe-starts-world-cup-qualifying-amid-pause-for-pandemic/43476143/, Europe starts World Cup qualifying amid pause for pandemic, 0
https://www.usatoday.com/https://www.10best.com/destinations/florida/tampa/tips/tarpon-springs-florida-greek-culture-sponge-capital-world/, Why Tarpon Springs| Florida is a great place to soak up Greek culture, 0
https://www.usatoday.com/https://www.usatoday.com/story/sports/soccer/2021/03/22/ap-interview-serie-a-ceo-ready-for-big-tv-rights-fees-drop/43476219/, AP Interview: Serie A CEO ready for big TV rights fees drop, 0
https://www.usatoday.com/https://www.usatoday.com/story/entertainment/movies/2021/03/22/nobody-review-bob-odenkirk-brings-darkly-comic-touch-action-role/4773040001/, 'Nobody' review: Bob Odenkirk brings darkly comic touch to action role, 0
https://www.usatoday.com/https://www.usatoday.com/story/life/health-wellness/2021/03/22/death-doulas-who-they-are-what-they-do-and-riley-keoughs-training/4798489001/, Death doulas: Who they are| what they do and Riley Keough's training, 0
https://www.usatoday.com/https://www.usatoday.com/story/news/world/2021/03/22/saudi-arabia-proposes-new-ceasefire-yemen-after-biden-ends-support/4798585001/, Saudi Arabia proposes cease-fire for Yemen after Biden ends US support, 0
https://www.usatoday.com/https://www.usatoday.com/story/sports/sports-betting/2021/03/22/indiana-pacers-at-milwaukee-bucks-odds-picks-and-prediction/115588854/, Indiana Pacers at Milwaukee Bucks odds| picks and prediction, 0
https://www.usatoday.com/https://www.usatoday.com/story/sports/ncaab/2021/03/22/the-latest-players-seek-fairness-meeting-with-ncaas-emmert/115588950/, The Latest: Colorado's Boyle bemoans shooting in Boulder, 0
https://www.usatoday.com/https://www.reviewed.com/parenting/features/fun-candy-free-easter-basket-ideas-for-kids?utm_source=usat&utm_medium=referral&utm_campaign=collab, 12 candy-free Easter basket ideas for kids, 0
https://www.usatoday.com/https://www.usatoday.com/story/sports/nfl/texans/2021/03/22/deshaun-watson-hit-more-lawsuits-alleging-sexual-misconduct/4797660001/, Deshaun Watson hit with more lawsuits alleging sexual misconduct, 0
https://www.usatoday.com/https://www.usatoday.com/story/sports/sports-betting/2021/03/22/atlanta-hawks-at-los-angeles-clippers-odds-picks-and-prediction/115588888/, Atlanta Hawks at Los Angeles Clippers odds| picks and prediction, 0
https://www.usatoday.com/https://www.usatoday.com/story/news/politics/2021/03/22/biden-border-czar-roberta-jacobson-goes-mexico-discuss-migration/4799428001/, Border crisis? Psaki says no as Biden immigration czar heads to Mexico, 0
https://www.usatoday.com/https://www.usatoday.com/videos/news/nation/2021/03/22/former-astronaut-bill-nelson-nominated-next-nasa-chief/4797478001/, Former astronaut Bill Nelson nominated to be next NASA chief, 0
https://www.usatoday.com/https://www.reviewed.com/cooking/features/la-rue-1680-bridgerton-tea-collection-review?utm_source=usat&utm_medium=referral&utm_campaign=collab, If you loved ‘Bridgerton' you need this tea collection, 0
https://www.usatoday.com/https://www.usatoday.com/story/news/world/2021/03/22/australia-floods-thousands-flee-record-rains-swamp-new-south-wales/4799040001/, Australia floods: Thousands flee as record rains swamp New South Wales, 0
https://www.usatoday.com/https://www.usatoday.com/story/sports/sports-betting/2021/03/22/oklahoma-city-thunder-at-minnesota-timberwolves-odds-picks-and-prediction/115588972/, Oklahoma City Thunder at Minnesota Timberwolves odds| picks and prediction, 0
https://www.usatoday.com/https://www.usatoday.com/story/tech/2021/03/22/lego-space-shuttle-discovery-set-launching-april-1/4798621001/, Lego Space Shuttle Discovery set launching April 1, 0
https://www.usatoday.com/https://www.usatoday.com/story/sports/college/2021/03/22/march-madness-college-basketball-players-mark-emmert-meeting/4799840001/, NCAA president will meet with #NotNCAAProperty basketball players, 0
https://www.usatoday.com/https://www.usatoday.com/story/sports/sports-betting/2021/03/22/2021-corales-puntacana-resort-club-championship-odds-predictions-and-pga-tour-picks/115588986/, 2021 Corales Puntacana Resort & Club Championship odds| predictions and PGA Tour picks, 0
https://www.usatoday.com/https://www.reviewed.com/cooking/features/back-roots-organic-pink-oyster-mushroom-grow-kit-review?utm_source=usat&utm_medium=referral&utm_campaign=collab, I used this kit to grow mushrooms in my kitchen, 0
https://www.usatoday.com/https://www.usatoday.com/story/sports/mlb/2021/03/22/royals-send-4-top-prospects-including-witt-to-minors-camps/43476323/, Royals send 4 top prospects| including Witt| to minors camps, 0
https://www.usatoday.com/https://www.usatoday.com/story/sports/soccer/2021/03/22/durable-ibrahimovic-targets-playing-at-2022-world-cup-at-41/43476325/, Durable Ibrahimovic targets playing at 2022 World Cup| at 41, 0
https://www.usatoday.com/https://www.usatoday.com/story/travel/news/2021/03/22/spring-break-2021-destinations-ditch-cdc-guidelines-beaches/4797370001/, Spring break 2021: Destinations ditch CDC guidelines for beaches, 0
https://www.usatoday.com/https://www.usatoday.com/story/sports/sports-betting/2021/03/22/sports-betting-what-if-you-correctly-bet-every-march-madness-firstround-upset/115589024/, How much would you have won if you correctly bet every March Madness first-round upset?, 0
https://www.usatoday.com/https://www.usatoday.com/story/news/politics/2021/03/22/biden-immigration-proposals-would-expand-legal-immigration-pew-shows/4798081001/, Biden immigration proposals would expand legal immigration| Pew shows, 0
https://www.usatoday.com/https://www.usatoday.com/videos/entertainment/tv/2021/03/22/new-cbs-sitcom-united-states-al-faces-backlash-over-casting-choices/4801022001/, CBS sitcom faces backlash for casting choice of an Afghan character, 0
https://www.usatoday.com/https://www.usatoday.com/story/sports/college/2021/03/22/shane-griffith-ncaa-title-keep-stanford-wrestling/4799900001/, Shane Griffith wins NCAA title after Stanford decided to cut wrestling, 0
https://www.usatoday.com/https://www.usatoday.com/videos/news/nation/2021/03/22/ny-state-expands-vaccines-age-50-and-up/4801553001/, NY state expands vaccines to age 50 and up, 0
https://www.usatoday.com/https://www.usatoday.com/story/entertainment/music/2021/03/22/kenny-chesney-moves-tour-2022-offers-refunds/4801560001/, Kenny Chesney postpones Chillaxification Tour| offers refunds, 0
https://www.usatoday.com/https://www.usatoday.com/story/nletter/health/2021/03/22/coronavirus-watch-vaccinations-speed-up-but-another-infection-surge-coming/4799684001/, Coronavirus Watch: Vaccinations speed up| but is another infection surge coming?, 0
https://www.usatoday.com/https://www.usatoday.com/story/sports/mlb/2021/03/22/rangers-leclerc-to-miss-extended-time-with-elbow-issue/43476349/, Rangers' Leclerc to miss extended time with elbow issue, 0
https://www.usatoday.com/https://www.usatoday.com/sitemap/2021/march/22/, 1, 0
https://www.usatoday.com/https://www.usatoday.com/sitemap/2021/march/22/?page=2, 2, 0
