https://www.usatoday.com/https://www.usatoday.com/story/sports/ncaab/bigten/2021/03/22/indiana-hoosiers-refute-reports-thad-matta-coach-agreement/6958885002/, Indiana refutes reports claiming it had agreement with Thad Matta, 0
https://www.usatoday.com/https://www.usatoday.com/story/news/politics/2021/03/22/democrats-republicans-clash-washington-dc-statehood-bill/4804505001/, DC statehood bill: Democrats| Republicans clash during hearing, 0
https://www.usatoday.com/https://www.usatoday.com/story/sports/nfl/2021/03/22/lions-sign-k-randy-bullock-qb-tim-boyle-wr-perriman/115590740/, Lions sign K Randy Bullock| QB Tim Boyle| WR Perriman, 0
https://www.usatoday.com/https://www.usatoday.com/story/sports/mlb/2021/03/22/diamondbacks-gallen-has-sore-forearm-might-miss-opener/43476829/, Diamondbacks' Gallen has sore forearm| might miss opener, 0
https://www.usatoday.com/https://www.usatoday.com/story/sports/ncaab/2021/03/22/zegarowski-creighton-beat-ohio-72-58-to-reach-ncaa-sweet-16/115590258/, Zegarowski| Creighton beat Ohio 72-58 to reach NCAA Sweet 16, 0
https://www.usatoday.com/https://www.usatoday.com/story/sports/ncaab/2021/03/22/creighton-beats-ohio-sweet-16-first-time-1974-ncaa-tournament/6959304002/, Creighton cruises past Ohio| makes Sweet 16 for first time since 1974, 0
https://www.usatoday.com/https://www.usatoday.com/story/news/politics/2021/03/22/rep-dan-crenshaw-msnbc-host-mehdi-hasan-clash-border-claims/6954749002/, Rep. Dan Crenshaw| MSNBC's Mehdi Hasan clash over border claims, 0
https://www.usatoday.com/https://www.usatoday.com/story/opinion/policing/2021/03/22/atlanta-spa-shootings-fit-us-history-misogyny-asian-female-hate-column/4775571001/, Atlanta spa shootings fit US history of misogyny| Asian female hate, 0
https://www.usatoday.com/https://www.usatoday.com/story/sports/ncaaw/2021/03/22/joens-scores-33-leads-iowa-st-women-past-michigan-st-79-75/115590328/, Joens scores 33| leads Iowa St. women past Michigan St 79-75, 0
https://www.usatoday.com/https://www.usatoday.com/story/entertainment/celebrities/2021/03/22/carrie-underwood-plans-gospel-album-ryman-live-stream/6959396002/, 'My Savior': Carrie Underwood plans gospel album| Ryman livestream, 0
https://www.usatoday.com/https://www.usatoday.com/story/sports/ncaaw/2021/03/22/no-2-texas-am-avoids-historic-upset-84-80-over-no-15-troy/115590376/, No. 2 Texas A&M avoids historic upset 84-80 over No. 15 Troy, 0
https://www.usatoday.com/https://www.usatoday.com/story/sports/nfl/2021/03/22/vikings-enjoy-experience-boost-with-patrick-peterson-arrival/43477021/, Vikings enjoy experience boost with Patrick Peterson arrival, 0
https://www.usatoday.com/https://www.usatoday.com/videos/news/nation/2021/03/23/people-colorado-supermarket-flee-shooting-scene/6959784002/, People in Colorado supermarket flee shooting scene, 0
https://www.usatoday.com/https://www.usatoday.com/story/news/politics/2021/03/22/president-joe-biden-3-trillion-package-infrastructure-schools-families/6959566002/, Biden weighs $3 trillion package for infrastructure| schools| families, 0
https://www.usatoday.com/https://www.usatoday.com/story/news/investigations/2021/03/22/lsu-to-osu-president-f-king-alexander-arrogant-not-truthful-louisiana-oregon/6959303002/, LSU to OSU: President Alexander was arrogant and not entirely truthful, 0
https://www.usatoday.com/https://www.usatoday.com/story/sports/ncaaw/2021/03/22/womens-ncaa-tournament-features-more-madness-parity-grows/6959225002/, Women's NCAA Tournament features more Madness as parity grows, 0
https://www.usatoday.com/https://www.usatoday.com/story/news/2021/03/22/new-covid-19-cases-down-california-and-edd-battles-website-problems/6955634002/, New COVID-19 cases down in California| and EDD battles website problems, 0
https://www.usatoday.com/https://www.usatoday.com/story/sports/nfl/2021/03/22/familiarity-with-coaches-draws-cook-to-sign-with-chargers/43477035/, Familiarity with coaches draws Cook to sign with Chargers, 0
https://www.usatoday.com/https://www.usatoday.com/videos/news/nation/2021/03/23/simu-liu-lorenza-izzo-talk-60-s-coming-age-drama-women-losers/6960156002/, Simu Liu| Lorenza Izzo talk 60s coming of age drama 'Women Is Losers', 0
https://www.usatoday.com/https://www.usatoday.com/videos/entertainment/2021/03/23/simu-liu-lorenza-izzo-talk-60-s-coming-age-drama-women-losers/6960157002/, Simu Liu| Lorenza Izzo talk 60s coming of age drama 'Women Is Losers', 0
https://www.usatoday.com/https://www.usatoday.com/story/sports/ncaab/2021/03/22/big-ten-comeback-michigan-topples-lsu-86-78/43477033/, Big Ten comeback: Michigan topples LSU 86-78, 0
https://www.usatoday.com/https://www.usatoday.com/in-depth/sports/2021/03/22/decade-woman-they-dominate-sports-over-next-ten-years/4550167001/, Decade of the Woman: They will dominate sports over the next ten years, 0
https://www.usatoday.com/https://www.usatoday.com/story/sports/ncaab/2021/03/22/michigan-beats-lsu-ncaa-mens-basketball-second-round/6960107002/, March Madness: Michigan rallies past LSU to keep Big Ten men afloat, 0
https://www.usatoday.com/https://www.usatoday.com/story/tech/reviewedcom/2021/03/22/tuft-needle-mattress-save-15-our-favorite-mattress-box/6959468002/, Tuft & Needle mattress: Save 15% on our favorite mattress-in-a-box, 0
https://www.usatoday.com/https://www.usatoday.com/videos/news/nation/2021/03/23/police-multiple-fatalities-boulder-shooting/6960439002/, Police: Multiple fatalities at Boulder shooting, 0
https://www.usatoday.com/https://www.usatoday.com/story/sports/nhl/2021/03/22/nedeljkovic-hurricanes-shut-out-blue-jackets-3-0/43477057/, Nedeljkovic| Hurricanes shut out Blue Jackets 3-0, 0
https://www.usatoday.com/https://www.usatoday.com/story/sports/ncaaw/2021/03/22/calip-leads-no-5-missouri-st-over-no-12-uc-davis-70-51/115590448/, Calip leads No. 5 Missouri St. over No. 12 UC Davis 70-51, 0
https://www.usatoday.com/https://www.usatoday.com/story/sports/nhl/2021/03/22/beauvillier-scores-in-ot-gives-isles-2-1-win-over-flyers/115590456/, Beauvillier scores in OT| gives Isles 2-1 win over Flyers, 0
https://www.usatoday.com/https://www.usatoday.com/story/entertainment/tv/2021/03/22/american-idol-contestant-collapses-claudia-conway-delivers-duet/4804504001/, 'American Idol' contestant collapses| Claudia Conway delivers duet, 0
https://www.usatoday.com/https://www.usatoday.com/story/entertainment/tv/2021/03/22/the-voice-blake-shelton-jokes-kelly-clarkson-got-adam-levine-fired/4724075001/, 'The Voice': Blake Shelton jokes Kelly Clarkson got Adam Levine fired, 0
https://www.usatoday.com/https://www.usatoday.com/story/sports/nba/2021/03/22/fox-scores-30-haliburton-has-28-as-kings-beat-cavs-119-105/43477079/, Fox scores 30| Haliburton has 28 as Kings beat Cavs 119-105, 0
https://www.usatoday.com/https://www.usatoday.com/story/sports/ncaaw/2021/03/22/louisville-overcomes-slow-start-to-beat-marist-74-43/115590490/, Louisville overcomes slow start to beat Marist 74-43, 0
https://www.usatoday.com/https://www.usatoday.com/story/sports/nhl/2021/03/22/gustavsson-wins-1st-nhl-start-senators-beat-flames-2-1/115590482/, Gustavsson wins 1st NHL start| Senators beat Flames 2-1, 0
https://www.usatoday.com/https://www.usatoday.com/videos/news/nation/2021/03/23/boulder-shooting-multiple-people-including-police-officer-killed/6960691002/, Boulder shooting: Ten people| including police officer| killed, 0
https://www.usatoday.com/https://www.usatoday.com/story/sports/ncaaw/2021/03/22/collier-paces-texas-women-in-win-over-ncaa-1st-timer-bradley/115590518/, Collier paces Texas women in win over NCAA 1st-timer Bradley, 0
https://www.usatoday.com/https://www.usatoday.com/story/sports/ncaab/2021/03/22/florida-state-beats-colorado-reaches-3rd-straight-sweet-16/115590532/, Florida State beats Colorado| reaches 3rd straight Sweet 16, 0
https://www.usatoday.com/https://www.usatoday.com/story/tech/reviewedcom/2021/03/22/amazon-deals-nab-cold-brew-makers-patio-furniture-and-more/4800687001/, Amazon deals: Nab cold brew makers| patio furniture and more for less, 0
https://www.usatoday.com/https://www.usatoday.com/story/sports/nba/lakers/2021/03/22/jerry-west-remembers-elgin-baylor-great-player-better-teammate/6959975002/, Elgin Baylor death: Jerry West remembers friend and Lakers legend, 0
https://www.usatoday.com/https://www.usatoday.com/story/tech/gaming/2021/03/22/nintendo-pikmin-franchise-become-mobile-augmented-reality-game/6959549002/, Nintendo 'Pikmin' franchise will become mobile augmented reality game, 0
https://www.usatoday.com/https://www.usatoday.com/story/sports/nhl/2021/03/22/suter-bjugstad-score-as-wild-beat-ducks-2-1/43477095/, Suter| Bjugstad score as Wild beat Ducks 2-1, 0
https://www.usatoday.com/https://www.usatoday.com/story/sports/nhl/2021/03/22/rangers-send-sabres-to-franchise-record-tying-14th-loss/115590556/, Rangers send Sabres to franchise record-tying 14th loss., 0
https://www.usatoday.com/https://www.usatoday.com/story/sports/nba/2021/03/22/thunder-use-3-point-barrage-to-beat-timberwolves-112-103/115590560/, Thunder use 3-point barrage to beat Timberwolves 112-103, 0
https://www.usatoday.com/https://www.usatoday.com/story/sports/mlb/2021/03/22/blue-jays-rhp-kirby-yates-to-miss-several-weeks/43477111/, Blue Jays RHP Kirby Yates to miss several weeks, 0
https://www.usatoday.com/https://www.usatoday.com/story/sports/mlb/2021/03/22/yankees-lhp-wilson-leaves-outing-with-shoulder-tightness/43477113/, Yankees LHP Wilson leaves outing with shoulder tightness, 0
https://www.usatoday.com/https://www.usatoday.com/story/sports/olympics/2021/03/22/airbnb-asked-to-drop-olympic-ties-over-china-rights-issues/115590570/, Airbnb asked to drop Olympic ties over China rights issues, 0
https://www.usatoday.com/https://www.usatoday.com/story/entertainment/tv/2021/03/22/jeopardy-fans-criticize-dr-oz-guest-host-disgraceful/6959719002/, 'Jeopardy!' fans criticize Dr. Oz as guest host: 'Disgraceful', 0
https://www.usatoday.com/https://www.usatoday.com/story/sports/2021/03/22/creighton-at-gonzaga-ncaa-tournament-sweet-16-odds-picks-and-prediction/115647916/, Creighton at Gonzaga NCAA Tournament Sweet 16 Odds| Picks and Prediction, 0
https://www.usatoday.com/https://www.usatoday.com/videos/sports/ncaab/sportspulse/2021/03/23/setting-stage-sweet-16-loyola-chicago-has-real-chance-title/6961333002/, Setting the stage for Sweet 16: Loyola Chicago has a real chance at title, 0
https://www.usatoday.com/https://www.usatoday.com/story/sports/ncaab/2021/03/22/shackelford-alabama-roll-past-maryland-and-into-sweet-16/115590590/, Shackelford| Alabama roll past Maryland and into Sweet 16, 0
https://www.usatoday.com/https://www.usatoday.com/story/sports/nhl/2021/03/22/kreider-helps-rangers-hand-sabres-14th-straight-loss-5-3/43477187/, Kreider helps Rangers hand Sabres 14th straight loss| 5-3, 0
https://www.usatoday.com/https://www.usatoday.com/story/sports/nba/2021/03/22/hornets-top-spurs-100-97-in-first-game-since-balls-injury/115590614/, Hornets top Spurs 100-97 in first game since Ball's injury, 0
https://www.usatoday.com/https://www.usatoday.com/story/sports/nba/2021/03/22/mitchell-gobert-dominate-as-jazz-beat-bulls-120-95/115590628/, Mitchell| Gobert dominate as Jazz beat Bulls 120-95, 0
https://www.usatoday.com/https://www.usatoday.com/story/sports/ncaab/2021/03/22/colorado-mass-shooting-weighs-heavily-buffaloes-basketball-tad-boyle/6960910002/, Colorado mass shooting weighs heavily on Buffaloes coach| players, 0
https://www.usatoday.com/https://www.usatoday.com/story/sports/nba/2021/03/22/rockets-end-skid-at-20-wall-has-1st-triple-double-since-16/43477117/, Rockets end skid at 20| Wall has 1st triple-double since '16, 0
https://www.usatoday.com/https://www.usatoday.com/story/sports/nba/2021/03/22/morant-brooks-lead-grizzlies-past-celtics-in-overtime/43477131/, Morant| Brooks lead Grizzlies past Celtics in overtime, 0
https://www.usatoday.com/https://www.usatoday.com/story/money/cars/2021/03/23/electric-car-charging-evs-electrical-grid/4796477001/, Electric vehicle boom puts demands on electrical grid, 0
https://www.usatoday.com/https://www.usatoday.com/videos/news/nation/2021/03/23/today-history-march-23rd/6961814002/, Today in History for March 23rd, 0
https://www.usatoday.com/https://www.usatoday.com/story/sports/ncaaw/2021/03/23/onyenwere-leads-third-seeded-ucla-past-wyoming-69-48/115590716/, Onyenwere leads third-seeded UCLA past Wyoming 69-48, 0
https://www.usatoday.com/https://www.usatoday.com/story/sports/ncaaw/2021/03/23/oregon-women-hold-south-dakota-to-9-1st-half-points-cruise/43477145/, Oregon women hold South Dakota to 9 1st-half points| cruise, 0
https://www.usatoday.com/https://www.usatoday.com/story/sports/nba/2021/03/23/bucks-trounce-pacers-140-113-without-injured-antetokounmpo/43477215/, Bucks trounce Pacers 140-113 without injured Antetokounmpo, 0
https://www.usatoday.com/https://www.usatoday.com/story/sports/ncaab/2021/03/23/mobley-bros-lead-no-6-seed-usc-to-85-51-rout-of-kansas/43477243/, Mobley Bros. lead No. 6 seed USC to 85-51 rout of Kansas, 0
https://www.usatoday.com/https://www.usatoday.com/story/news/50-states/2021/03/23/renegade-rodeo-microsoft-returns-texas-roadhouse-news-around-states/115590028/, 50 States, 0
https://www.usatoday.com/https://www.usatoday.com/videos/news/nation/2021/03/23/police-10-killed-colorado-supermarket-shooting/6961948002/, Police: 10 killed in Colorado supermarket shooting, 0
https://www.usatoday.com/https://www.usatoday.com/story/sports/nhl/2021/03/23/kolesar-scores-1st-nhl-goal-golden-knights-top-blues-5-1/115590742/, Kolesar scores 1st NHL goal| Golden Knights top Blues 5-1, 0
https://www.usatoday.com/https://www.usatoday.com/story/sports/nhl/2021/03/23/avalanche-win-7th-straight-rout-coyotes-5-1/115590758/, Avalanche win 7th straight| rout Coyotes 5-1, 0
https://www.usatoday.com/https://www.usatoday.com/story/sports/nhl/2021/03/23/hellebuyck-posts-1st-shutout-of-season-jets-top-canucks-4-0/115590784/, Hellebuyck posts 1st shutout of season| Jets top Canucks 4-0, 0
https://www.usatoday.com/https://www.usatoday.com/story/sports/motor/formula1/2021/03/23/bottas-targets-an-improved-mindset-in-latest-f1-title-bid/43477179/, Bottas targets an improved mindset in latest F1 title bid, 0
https://www.usatoday.com/https://www.usatoday.com/story/sports/nba/2021/03/23/reserves-lead-clippers-huge-rally-to-119-110-win-over-hawks/43477275/, Reserves lead Clippers' huge rally to 119-110 win over Hawks, 0
https://www.usatoday.com/https://www.usatoday.com/story/sports/nhl/2021/03/23/donato-jones-lead-sharks-past-kings-2-1/43477163/, Donato| Jones lead Sharks past Kings 2-1, 0
https://www.usatoday.com/https://www.usatoday.com/story/sports/ncaab/tourney/2021/03/23/kansas-early-ncaa-tournament-exit-finishes-brutal-year-blue-bloods/6961735002/, Kansas early NCAA Tournament exit finishes brutal year for blue bloods, 0
https://www.usatoday.com/https://www.usatoday.com/story/news/2021/03/23/boulder-shooting-miami-beach-derek-chauvin-trial-5-things-know-tuesday/4766423001/, Boulder shooting| Miami Beach| Derek Chauvin trial: 5 things to know Tuesday, 0
https://www.usatoday.com/https://www.usatoday.com/story/sports/olympics/2021/03/23/japan-spends-billions-on-technology-for-absent-olympic-fans/115590844/, Japan spends billions on technology for absent Olympic fans, 0
https://www.usatoday.com/https://www.usatoday.com/story/sports/ncaab/2021/03/23/oral-roberts-protected-from-hype-as-no-15-seed-in-sweet-16/43477207/, Oral Roberts protected from hype as No. 15 seed in Sweet 16, 0
https://www.usatoday.com/https://www.usatoday.com/story/sports/ncaaw/2021/03/23/trio-of-upsets-mark-2nd-day-of-womens-ncaa-tournament/115590860/, Trio of upsets mark 2nd day of women's NCAA Tournament, 0
https://www.usatoday.com/https://www.usatoday.com/story/sports/nba/2021/03/23/analysis-suns-chris-paul-merits-mention-in-nba-mvp-race/43477209/, Analysis: Suns' Chris Paul merits mention in NBA MVP race, 0
https://www.usatoday.com/https://www.usatoday.com/story/sports/ncaab/2021/03/23/in-terms-of-chaos-this-years-sweet-16-field-is-historic/43477211/, In terms of chaos| this year's Sweet 16 field is historic, 0
https://www.usatoday.com/https://www.usatoday.com/story/news/politics/2021/03/23/michelle-obama-billie-eilish-push-congress-pass-voting-rights-bill/6954994002/, Congress: Billie Eilish| Michelle Obama push voting rights bill, 0
https://www.usatoday.com/https://www.usatoday.com/story/opinion/2021/03/23/biden-afghanistan-leave-by-trump-deadline-cut-losses-column/4760920001/, Biden can keep promises and cut US losses by leaving Afghanistan May 1, 0
https://www.usatoday.com/https://www.usatoday.com/story/news/nation/2021/03/23/boulder-shooting-supermarket-king-soopers-what-we-know/6958957002/, Boulder grocery shooting updates: 10 dead; suspect charged, 0
https://www.usatoday.com/https://www.usatoday.com/story/sports/soccer/2021/03/23/world-cup-qualifying-set-to-resume-in-asia-after-16-months/43477235/, World Cup qualifying set to resume in Asia after 16 months, 0
https://www.usatoday.com/https://www.usatoday.com/story/news/nation/2021/03/23/us-astrazeneca-vaccine-trial/6962385002/, AstraZeneca COVID vaccine trial may have used outdated info| US says, 0
https://www.usatoday.com/https://www.usatoday.com/story/opinion/2021/03/23/biden-affordable-care-act-path-to-universal-coverage-column/4763353001/, Biden caps ACA health insurance costs in step toward universal coverage, 0
https://www.usatoday.com/https://www.usatoday.com/story/news/health/2021/03/23/covid-vaccine-variants-miami-lockdown/6957233002/, COVID: New York| Florida| Arizona| Georgia open more vaccine access, 0
https://www.usatoday.com/https://www.usatoday.com/videos/news/nation/2021/03/23/ap-top-stories-march-23/6962411002/, AP Top Stories March 23, 0
https://www.usatoday.com/https://www.usatoday.com/story/sports/ncaab/2021/03/23/march-was-bound-to-be-mad-ncaa-tourney-hasnt-disappointed/43477271/, March was bound to be mad; NCAA tourney hasn't disappointed, 0
https://www.usatoday.com/https://www.usatoday.com/story/news/politics/2021/03/23/house-bills-immigration-guns-womens-rights-waiting-senate/4764065001/, House bills on immigration| guns| women's rights waiting in Senate, 0
https://www.usatoday.com/https://www.usatoday.com/story/opinion/2021/03/23/sexual-addiction-spa-murders-atlanta-column/4771686001/, Atlanta-area spa killings were not about sexual addiction, 0
https://www.usatoday.com/https://www.usatoday.com/story/sports/soccer/2021/03/23/spains-good-problem-under-21s-depleted-as-players-move-up/43477287/, Spain's good problem: Under-21s depleted as players move up, 0
https://www.usatoday.com/https://www.usatoday.com/story/money/personalfinance/retirement/2021/03/23/you-just-got-an-extra-month-to-fund-your-2020-roth-ira/115587896/, How the tax filing deadline push can help your Roth IRA, 0
https://www.usatoday.com/https://www.usatoday.com/story/opinion/2021/03/23/how-primary-care-doctors-can-help-reduce-covid-vaccine-hesitancy-column/4796449001/, How primary care doctors can help reduce COVID vaccine hesitancy, 0
https://www.usatoday.com/https://www.usatoday.com/story/sports/ncaab/2021/03/23/march-madness-ranking-the-sweet-16-mens-teams-from-best-to-worst/4792232001/, March Madness: Ranking the men's Sweet 16 teams from best to worst, 0
https://www.usatoday.com/https://www.usatoday.com/story/sports/columnist/nancy-armour/2021/03/23/isaiah-mobley-joins-brother-evan-unstoppable-force-usc/6962058002/, Isaiah Mobley joins brother Evan as an unstoppable force for USC, 0
https://www.usatoday.com/https://www.usatoday.com/story/entertainment/celebrities/2021/03/23/rush-limbaugh-radio-syndicator-continue-airing-old-archival-audio/6962527002/, Rush Limbaugh's radio syndicator to continue airing old archival audio, 0
https://www.usatoday.com/https://www.usatoday.com/story/nletter/2021/03/23/boulder-shooting-miami-beach-derek-chauvin-trial-daily-briefing/6962469002/, Boulder shooting| Miami Beach| Derek Chauvin trial: Daily Briefing, 0
https://www.usatoday.com/https://www.usatoday.com/story/sports/soccer/2021/03/23/bayer-leverkusen-fires-coach-peter-bosz-after-sudden-decline/43477323/, Bayer Leverkusen fires coach Peter Bosz after sudden decline, 0
https://www.usatoday.com/https://www.usatoday.com/story/entertainment/celebrities/2021/03/23/matthew-mcconaughey-texas-benefit-concert-megan-thee-stallion-post-malone/6962574002/, Megan Thee Stallion| Post Malone on Matthew McConaughey Texas benefit, 0
https://www.usatoday.com/https://www.usatoday.com/story/money/retail/2021/03/23/toys-r-us-is-coming-back/115589368/, Toys R Us comeback: With a new owner| the company plans to open stores, 0
https://www.usatoday.com/https://www.usatoday.com/story/money/columnist/2021/03/23/what-do-when-child-care-issues-disrupt-videoconference-ask-hr/4757244001/, What to do when child care issues disrupt videoconference: Ask HR, 0
https://www.usatoday.com/https://www.usatoday.com/story/travel/cruises/2021/03/23/disney-cruises-not-likely-return-until-fall-ceo-bob-chapek/4802197001/, Disney cruises not likely to return until fall| CEO Bob Chapek says, 0
https://www.usatoday.com/https://www.usatoday.com/story/opinion/voices/2021/03/23/standardized-testing-poor-students-sat-benefit-identify-column/4800781001/, Standardized tests aren't racist| they help poor students to stand out, 0
https://www.usatoday.com/https://www.usatoday.com/videos/news/nation/2021/03/23/massive-fire-ny-state-assisted-living-facility/6962696002/, Massive fire at NY state assisted living facility, 0
https://www.usatoday.com/https://www.usatoday.com/story/sports/nba/2021/03/23/ja-morants-viral-dunk-highlights-grizzlies-win/6958124002/, Ja Morant's spectacular viral dunk highlights latest Grizzlies' win, 0
https://www.usatoday.com/https://www.usatoday.com/story/sports/nfl/columnist/mike-jones/2021/03/23/rams-qb-matt-stafford-good-great-jared-goff-trade/6960620002/, Rams think new QB Matt Stafford can take them from good to great, 0
https://www.usatoday.com/https://www.usatoday.com/story/news/nation/2021/03/23/derek-chauvin-trial-jury-selection/6956046002/, Derek Chauvin trial jury selection| explained: Who are the jurors?, 0
https://www.usatoday.com/https://www.usatoday.com/story/sports/ncaab/tourney/2021/03/23/march-madness-2021-ncaa-tournament-basketball-arenas-indianapolis/6961108002/, March Madness: 12 teams| 6 venues of NCAA Tournament in Indianapolis, 0
https://www.usatoday.com/https://www.usatoday.com/story/sports/sports-betting/2021/03/23/2021-wgc-match-play-fantasy-golf-power-rankings/115591058/, 2021 WGC Match Play Fantasy Golf Power Rankings, 0
https://www.usatoday.com/https://www.usatoday.com/story/sports/sports-betting/2021/03/23/oregon-state-vs-loyola-chicago-odds-loyola-expected-to-roll-in-sweet-16/115591112/, Oregon State vs. Loyola Chicago odds: Loyola expected to roll in Sweet 16, 0
https://www.usatoday.com/https://www.usatoday.com/story/travel/news/2021/03/23/airlines-tourism-groups-push-us-lift-covid-travel-restrictions/6962750002/, Airlines| tourism groups push US to lift COVID travel restrictions, 0
https://www.usatoday.com/https://www.usatoday.com/story/sports/sports-betting/2021/03/23/oregon-vs-usc-odds-usc-mild-favorites-over-oregon-in-sweet-16/115591178/, Oregon vs. USC odds: USC mild favorite over Oregon in Sweet 16, 0
https://www.usatoday.com/https://www.usatoday.com/story/sports/ncaaw/tourney/2021/03/23/troy-texas-a-m-ncaa-tournament-no-call/6962658002/, Troy Trojans nearly upset Texas A&M Aggies at women's NCAA tournament, 0
https://www.usatoday.com/https://www.usatoday.com/videos/news/weather/2021/03/23/dust-storm-leaves-texas-drivers-near-zero-visibility/6959785002/, Dust storm leaves Texas drivers with near-zero visibility, 0
https://www.usatoday.com/https://www.usatoday.com/videos/news/nation/2021/03/23/day-23-march-1964/6962858002/, On This Day: 23 March 1964, 0
https://www.usatoday.com/https://www.usatoday.com/videos/entertainment/2021/03/23/day-23-march-1964/6962861002/, On This Day: 23 March 1964, 0
https://www.usatoday.com/https://www.usatoday.com/story/sports/ftw/2021/03/23/march-madness-gonzaga-clear-favorite/6962789002/, March Madness: Gonzaga proved to be clear favorite, 0
https://www.usatoday.com/https://www.usatoday.com/story/opinion/2021/03/23/purdue-bankruptcy-presents-opportunity-fund-opioid-abatement-effort/4741440001/, Purdue bankruptcy presents opportunity to fund opioid abatement effort, 0
https://www.usatoday.com/https://www.usatoday.com/story/sports/nba/columnist/jeff-zillgitt/2021/03/23/elgin-baylor-dies-led-dr-j-who-led-michael-jordan/6958820002/, Elgin Baylor's style led to Julius Irving who led to Michael Jordan, 0
https://www.usatoday.com/https://www.usatoday.com/videos/news/nation/2021/03/23/showbiz-minute-tyson-brown-jr-john/6962959002/, ShowBiz Minute: Tyson| Brown Jr| John, 0
https://www.usatoday.com/https://www.usatoday.com/videos/entertainment/2021/03/23/showbiz-minute-tyson-brown-jr-john/6962961002/, ShowBiz Minute: Tyson| Brown Jr| John, 0
https://www.usatoday.com/https://www.usatoday.com/story/money/cars/2021/03/23/pedestrian-safety-car-safety-pandemic/6962913002/, Pedestrian safety crisis continues despite pandemic: death rate up, 0
https://www.usatoday.com/https://www.usatoday.com/story/news/politics/2021/03/23/senate-hearing-2-gun-bills-follows-boulder-atlanta-mass-shootings/6962816002/, Senators debate how to stop gun violence in wake of Boulder shooting, 0
https://www.usatoday.com/https://www.usatoday.com/videos/news/health/2021/03/23/americans-gained-some-weight-during-covid-19-lockdown/6962896002/, Americans gained some weight during COVID-19 lockdown, 0
https://www.usatoday.com/https://www.usatoday.com/story/news/nation/2021/03/23/evanston-illinois-approves-first-reparations-plan-black-residents/6962958002/, Reparations: Evanston| Illinois approves plan for Black residents, 0
https://www.usatoday.com/https://www.usatoday.com/videos/news/have-you-seen/2021/03/23/van-fire-rolls-down-steep-driveway-and-hill/6963056002/, Van on fire rolls down steep driveway and hill, 0
https://www.usatoday.com/https://www.usatoday.com/story/sports/sports-betting/2021/03/23/baylor-vs-villanova-odds-bears-favored-in-sweet-16-battle/115591354/, Baylor vs. Villanova odds: Bears favored in Sweet 16 battle, 0
https://www.usatoday.com/https://www.usatoday.com/videos/news/nation/2021/03/23/boulder-shooting-officer-killed-has-been-identified-eric-talley/6963132002/, Boulder shooting: Officer killed and nine other victims identified, 0
https://www.usatoday.com/https://www.usatoday.com/story/sports/sports-betting/2021/03/23/arkansas-vs-oral-roberts-odds-razorbacks-heavily-favored-to-move-on/115591398/, Arkansas vs. Oral Roberts odds: Razorbacks heavily favored to move on, 0
https://www.usatoday.com/https://www.usatoday.com/story/entertainment/celebrities/2021/03/23/ellen-degeneres-details-wife-portia-de-rossi-emergency-appendectomy/6962849002/, Ellen DeGeneres details wife Portia de Rossi's emergency appendectomy, 0
https://www.usatoday.com/https://www.usatoday.com/story/news/nation-now/2021/03/23/spring-valley-fire-tears-through-nursing-home-overnight/6963117002/, Nursing home fire in Spring Valley tears through nursing home overnight, 0
https://www.usatoday.com/https://www.usatoday.com/story/travel/destinations/2021/03/23/maple-syrup-festival-season-vermont-maine-new-hampshire-covid-precautions/4799792001/, Maple syrup festival season back in Northeast| with COVID precautions, 0
https://www.usatoday.com/https://www.usatoday.com/videos/entertainment/entertainthis/2021/03/23/chris-ludacris-bridges-talks-childrens-music-his-netflix-show-interview/6959115002/, Chris 'Ludacris' Bridges talks children's music for his Netflix show, 0
https://www.usatoday.com/https://www.usatoday.com/in-depth/entertainment/tv/2021/03/23/netflix-beefs-up-kids-movies-tv-shows-fend-off-rivals/4766170001/, Netflix beefs up kids and family movies| TV shows to fend off rivals, 0
https://www.usatoday.com/https://www.usatoday.com/videos/life/humankind/2021/03/23/10-year-old-and-pet-pit-bull-share-tearful-reunion/6963413002/, 10-year-old and pet pit bull share tearful reunion, 0
https://www.usatoday.com/https://www.usatoday.com/story/sports/sports-betting/2021/03/23/alabama-vs-ucla-odds-crimson-tide-slight-favorites-in-sweet-16/115591446/, Alabama vs. UCLA odds: Crimson Tide slight favorites in Sweet 16, 0
https://www.usatoday.com/https://www.usatoday.com/story/sports/nascar/2021/03/23/larson-to-highlight-charitable-causes-in-return-to-iracing/115591492/, Larson to highlight charitable causes in return to iRacing, 0
https://www.usatoday.com/https://www.usatoday.com/story/nletter/2021/03/23/daily-money-zoom-roth-ira-deadline-stimulus-checks/6963288002/, Daily Money: Zoom fatigue| Roth IRA deadline extended, 0
https://www.usatoday.com/https://www.usatoday.com/story/sports/sports-betting/2021/03/23/denver-nuggets-at-orlando-magic-odds-picks-and-prediction/115591522/, Denver Nuggets at Orlando Magic odds| picks and prediction, 0
https://www.usatoday.com/https://www.usatoday.com/story/sports/sports-betting/2021/03/23/gonzaga-vs-creighton-odds-bulldogs-heavily-favored-in-sweet-16/115591574/, Gonzaga vs. Creighton odds: Bulldogs heavily favored in Sweet 16, 0
https://www.usatoday.com/https://www.usatoday.com/story/sports/2021/03/23/tennessee-transgender-athlete-ban-passes-legislature/6963531002/, Tennessee's transgender athlete ban passes legislature overwhelmingly, 0
https://www.usatoday.com/https://www.usatoday.com/videos/news/nation/2021/03/23/astrazeneca-covid-19-vaccine-results-may-have-included-outdated-info/6963625002/, AstraZeneca COVID-19 vaccine results may have included outdated info, 0
https://www.usatoday.com/https://www.usatoday.com/story/sports/ncaab/2021/03/23/pac-12-takes-over-mens-ncaa-tournament/6960713002/, Pac-12 takes over men's NCAA Tournament as many 'big dogs' just watch, 0
https://www.usatoday.com/https://www.usatoday.com/story/entertainment/celebrities/2021/03/23/gwyneth-paltrow-reflects-chris-martin-divorce-anna-faris-podcast/6962892002/, Gwyneth Paltrow reflects on Chris Martin divorce in Anna Faris podcast, 0
https://www.usatoday.com/https://www.usatoday.com/story/sports/sports-betting/2021/03/23/tampa-bay-lightning-at-dallas-stars-odds-picks-and-prediction/115591616/, Tampa Bay Lightning at Dallas Stars odds| picks and prediction, 0
https://www.usatoday.com/https://www.usatoday.com/story/sports/sports-betting/2021/03/23/phoenix-suns-at-miami-heat-odds-picks-and-prediction/115591638/, Phoenix Suns at Miami Heat odds| picks and prediction, 0
https://www.usatoday.com/https://www.usatoday.com/story/sports/soccer/2021/03/23/prandelli-resigns-at-fiorentina-citing-darkness-inside/115591672/, Prandelli resigns at Fiorentina citing 'darkness' inside, 0
https://www.usatoday.com/https://www.usatoday.com/story/tech/reviewedcom/2021/03/23/how-watch-big-shot-disney-plus/6963659002/, How to watch Big Shot on Disney Plus, 0
https://www.usatoday.com/https://www.usatoday.com/story/sports/ncaaf/sec/2021/03/23/lane-kiffin-makes-paul-finebaum-blush-bringing-up-miley-cyrus/6963906002/, Lane Kiffin makes Paul Finebaum blush| stutter bringing up USC firing, 0
https://www.usatoday.com/https://www.usatoday.com/story/tech/2021/03/23/zoom-fatigue-citigroup-gives-workers-friday-break-platform/6963484002/, Zoom fatigue: Citigroup gives workers a Friday break from the platform, 0
https://www.usatoday.com/https://www.usatoday.com/story/sports/soccer/2021/03/23/german-soccer-chief-slams-discrimination-facing-female-stars/115591696/, German coach apologizes for sexist remarks to female refs, 0
https://www.usatoday.com/https://www.usatoday.com/videos/entertainment/celebrities/2021/03/23/prince-charles-releases-statement-one-year-after-first-uk-covid-19-lockdown/6963946002/, Prince Charles releases statement one year after first UK COVID-19 lockdown, 0
https://www.usatoday.com/https://www.usatoday.com/story/sports/soccer/2021/03/23/bale-plans-on-returning-to-real-madrid-after-tottenham-loan/115591706/, Bale plans on returning to Real Madrid after Tottenham loan, 0
https://www.usatoday.com/https://www.usatoday.com/story/sports/sports-betting/2021/03/23/colorado-avalanche-at-arizona-coyotes-odds-picks-and-prediction/115591702/, Colorado Avalanche at Arizona Coyotes odds| picks and prediction, 0
https://www.usatoday.com/https://www.usatoday.com/videos/entertainment/celebrities/2021/03/23/bobby-brown-jr-s-autopsy-alcohol-cocaine-and-fentanyl-caused-death/6964061002/, Bobby Brown Jr.'s autopsy: Alcohol| cocaine and fentanyl caused death, 0
https://www.usatoday.com/https://www.usatoday.com/story/sports/mls/2021/03/23/glass-leaving-atlanta-united-2-to-become-aberdeen-coach/43477579/, Glass leaving Atlanta United 2 to become Aberdeen coach, 0
https://www.usatoday.com/https://www.usatoday.com/videos/news/nation/2021/03/23/harris-calls-boulder-shootings-absolutely-tragic/6964273002/, Harris calls Boulder shootings 'absolutely tragic', 0
https://www.usatoday.com/https://www.usatoday.com/story/sports/sports-betting/2021/03/23/2021-corales-puntacana-resort-club-championship-fantasy-golf-power-rankings/115591716/, 2021 Corales Puntacana Resort & Club Championship Fantasy Golf Power Rankings, 0
https://www.usatoday.com/https://www.usatoday.com/story/sports/sports-betting/2021/03/23/michigan-vs-florida-state-odds-wolverines-favored-in-sweet-16/115591738/, Michigan vs. Florida State odds: Wolverines favored in Sweet 16, 0
https://www.usatoday.com/https://www.reviewed.com/beauty/features/how-get-rid-dark-circles?utm_source=usat&utm_medium=referral&utm_campaign=collab, The real reasons behind the dark circles under your eyes, 0
https://www.usatoday.com/https://www.usatoday.com/story/sports/golf/2021/03/23/match-play-returns-with-last-chance-to-secure-masters-invite/115592952/, Match Play returns with last chance to secure Masters invite, 0
https://www.usatoday.com/https://www.usatoday.com/videos/sports/nba/whatimhearing/2021/03/23/whats-wrong-houston-rockets/6964656002/, What's wrong with the Houston Rockets?, 0
https://www.usatoday.com/https://www.usatoday.com/story/entertainment/celebrities/2021/03/23/prince-harry-betterup-new-job-mental-health-organization-employee-coaching/6963234002/, Prince Harry's new mental health job is not publicity stunt| CEO says, 0
https://www.usatoday.com/https://www.usatoday.com/story/nletter/going-for-gold/2021/03/23/going-gold-olympic-torch-start-121-day-journey-across-japan/6963178002/, Going for gold: Olympic torch to start 121-day journey across Japan, 0
https://www.usatoday.com/https://www.usatoday.com/videos/news/nation/2021/03/23/rio-grande-valley-migrant-girl-found-alone/6964939002/, In Rio Grande Valley| migrant girl is found alone, 0
https://www.usatoday.com/https://www.usatoday.com/story/entertainment/celebrities/2021/03/23/george-c-wolfe-anne-carson-receive-pen-career-achievement-awards/6964461002/, George C. Wolfe| Anne Carson receive PEN career achievement awards, 0
https://www.usatoday.com/https://www.usatoday.com/story/sports/ncaaw/tourney/2021/03/23/ncaas-mark-emmert-vows-review-womens-mens-tournament-disparity/6962969002/, NCAA's Mark Emmert vows review of women's| men's tournament disparity, 0
https://www.usatoday.com/https://www.usatoday.com/story/entertainment/celebrities/2021/03/23/boulder-shooting-celebrities-react-gun-reform/6963671002/, Boulder shooting: Michelle Obama| Luke Bryan| more stars urge reform, 0
https://www.usatoday.com/https://www.usatoday.com/story/sports/nfl/texans/2021/03/23/texans-deshaun-watson-hit-14th-suit-alleging-sexual-misconduct/6964245002/, Texans' Deshaun Watson hit with three suits alleging sexual misconduct, 0
https://www.usatoday.com/https://www.usatoday.com/story/entertainment/movies/2021/03/23/award-shows-honor-diverse-groups-underrepresented-oscars-golden-globes/6965395002/, Award shows honor groups underrepresented at Oscars| Golden Globes, 0
https://www.usatoday.com/https://www.10best.com/interests/explore/sint-maarten-dutch-caribbean-beaches-virtual-photo-tour/, Explore Sint Maarten's delightful Dutch sights and shores on this photo tour, 0
https://www.usatoday.com/https://www.usatoday.com/story/news/nation/2021/03/23/boulder-shooting-victims-colorado-identified-eric-talley/6964265002/, Boulder shooting: Eric Talley| other victims in Colorado identified, 0
https://www.usatoday.com/https://www.usatoday.com/story/news/investigations/2021/03/23/oregon-state-university-president-alexander-resigns-amid-lsu-scandal/6965847002/, Oregon State University President Alexander resigns amid LSU scandal, 0
https://www.usatoday.com/https://www.usatoday.com/story/sports/mlb/rockies/2021/03/23/boulder-shooting-colorado-sports-teams-tragedy/6963596002/, Boulder shooting: Colorado sports teams react to 'senseless tragedy', 0
https://www.usatoday.com/https://www.usatoday.com/story/sports/ncaab/2021/03/23/march-madness-ncaa-tournament-seeds-all-falling-record-numbers/6964547002/, March Madness means NCAA Tournament seeds all falling record numbers, 0
https://www.usatoday.com/https://www.usatoday.com/story/sports/nfl/2021/03/23/texans-qb-watson-facing-14-lawsuits-alleging-sex-assault/115592146/, Lawyer: Texans QB's assault suits followed blackmail attempt, 0
https://www.usatoday.com/https://www.usatoday.com/story/sports/olympics/2021/03/23/russian-minister-forced-to-leave-world-college-sports-role/43477641/, Russian minister forced to leave world college sports role, 0
https://www.usatoday.com/https://www.usatoday.com/web-stories/breonna-taylors-movement-and-why-so-many-saw-themselves-her-story/, Breonna Taylor’s movement and why so many saw themselves in her story, 0
https://www.usatoday.com/https://www.usatoday.com/story/sports/nfl/2021/03/23/cb-kevin-king-agrees-to-deal-keeping-him-in-green-bay/43477643/, CB Kevin King agrees to deal keeping him in Green Bay, 0
https://www.usatoday.com/https://www.usatoday.com/story/sports/sports-betting/2021/03/23/syracuse-vs-houston-odds-cougars-favored-in-sweet-16/115592160/, Syracuse vs. Houston odds: Cougars favored in Sweet 16, 0
https://www.usatoday.com/https://www.usatoday.com/story/news/politics/2021/03/23/tennessee-permitless-carry-gov-lee-joins-nra-call-tn-constitutional-gun-bill/6965925002/, Tennessee constitutional carry: Gov. Lee joins NRA call on handgun bill, 0
https://www.usatoday.com/https://www.usatoday.com/story/sports/ncaab/2021/03/23/george-mason-hires-tennessee-assistant-coach-kim-english/115592302/, George Mason hires Tennessee assistant coach Kim English, 0
https://www.usatoday.com/https://www.usatoday.com/web-stories/nashville-still-recovering-march-2020-tornadoes-tennessee/, A year after the tornadoes: North Nashville recovers slowly, 0
https://www.usatoday.com/https://www.reviewed.com/home-outdoors/features/heres-how-paint-any-surface-your-home?utm_source=usat&utm_medium=referral&utm_campaign=collab, Here's how to paint over almost any home surface—and one you should avoid, 0
https://www.usatoday.com/https://www.usatoday.com/story/sports/ncaaf/2021/03/23/dabo-swinney-comments-deshaun-watson-allegations/6965839002/, Clemson's Dabo Swinney comments on allegations against Deshaun Watson, 0
https://www.usatoday.com/https://www.usatoday.com/story/sports/sports-betting/2021/03/23/brooklyn-nets-at-portland-trail-blazers-odds-picks-and-prediction/115592348/, Brooklyn Nets at Portland Trail Blazers odds| picks and prediction, 0
https://www.usatoday.com/https://www.reviewed.com/cooking/features/how-to-make-crispy-caramelized-onion-and-shallot-potato-kugel?utm_source=usat&utm_medium=referral&utm_campaign=collab, This cast-iron skillet recipe is the perfect Passover Seder dish, 0
https://www.usatoday.com/https://www.usatoday.com/story/sports/sports-betting/2021/03/23/new-jersey-devils-at-philadelphia-flyers-odds-picks-and-prediction/115592376/, New Jersey Devils at Philadelphia Flyers odds| picks and prediction, 0
https://www.usatoday.com/https://www.usatoday.com/web-stories/oscars-2021-the-top-nominees-in-photos/, Oscars 2021: The top nominees in photos, 0
https://www.usatoday.com/https://www.usatoday.com/web-stories/whats-in-the-george-floyd-justice-in-policing-act/, What's in the George Floyd Justice in Policing Act, 0
https://www.usatoday.com/https://www.usatoday.com/videos/tech/gaming/2021/03/23/microsoft-said-discuss-buying-discord-inc-over-10-billion/6963622002/, Microsoft said to discuss buying Discord Inc. for over $10 billion, 0
https://www.usatoday.com/https://www.usatoday.com/story/tech/2021/03/23/discord-microsoft-reportedly-talks-buy-app-heres-what-know/6962986002/, Discord: Microsoft reportedly in talks to buy app. Here's what to know, 0
https://www.usatoday.com/https://www.reviewed.com/parenting/features/easter-egg-hunt-ideas-if-youre-staying-inside?utm_source=usat&utm_medium=referral&utm_campaign=collab, 14 fun ideas for an indoor Easter egg hunt, 0
https://www.usatoday.com/https://www.usatoday.com/story/news/nation/2021/03/23/miami-beach-spring-break-2021-arrests-some-visitors-some-locals/6964386002/, Miami Beach spring break 2021 arrests: Some visitors| some locals, 0
https://www.usatoday.com/https://www.usatoday.com/story/travel/experience/america/theme-parks/2021/03/23/disney-tests-optional-facial-recognition-entry-magic-kingdom/6966242002/, Disney tests optional facial recognition entry to Magic Kingdom, 0
https://www.usatoday.com/https://www.usatoday.com/story/entertainment/music/2021/03/23/dolly-parton-netflix-musicares-tribute-concert-arrives-april-7/6967426002/, Dolly Parton's Netflix MusiCares tribute concert arrives April 7, 0
https://www.usatoday.com/https://www.usatoday.com/videos/news/nation/2021/03/23/children-u-s-custody-border-seen-sleeping-mats-foil-blankets/6967268002/, Children in U.S. custody at border seen sleeping on mats with foil blankets, 0
https://www.usatoday.com/https://www.usatoday.com/videos/news/nation/2021/03/23/asian-americans-seek-greater-political-power/6967602002/, Asian Americans seek greater political power, 0
https://www.usatoday.com/https://www.usatoday.com/story/sports/sports-betting/2021/03/23/washington-wizards-at-new-york-knicks-odds-picks-and-prediction/115592472/, Washington Wizards at New York Knicks odds| picks and prediction, 0
https://www.usatoday.com/https://www.usatoday.com/story/sports/2021/03/23/covid-19-vaccine-sports-athletes-regulations/6962133002/, Pro athletes on deck for COVID-19 vaccine: Should they be priority?, 0
https://www.usatoday.com/https://www.usatoday.com/story/tech/reviewedcom/2021/03/23/how-watch-dexter-season-9/6964094002/, How to watch Dexter season 9, 0
https://www.usatoday.com/https://www.usatoday.com/story/sports/ncaab/2021/03/23/wvus-mcneil-entering-nba-draft-mccabe-to-transfer/43477721/, WVU's McNeil entering NBA Draft| McCabe to transfer, 0
https://www.usatoday.com/https://www.usatoday.com/story/sports/nfl/2021/03/23/titans-agree-to-1-year-deal-with-receiver-josh-reynolds/43477723/, Titans agree to 1-year deal with receiver Josh Reynolds, 0
https://www.usatoday.com/https://www.usatoday.com/sitemap/2021/march/23/, 1, 0
https://www.usatoday.com/https://www.usatoday.com/sitemap/2021/march/23/?page=2, 2, 0
