https://www.usatoday.com/https://www.usatoday.com/story/sports/golf/2021/03/24/new-mom-wie-west-looks-forward-to-first-tee-nerves-again/115598146/, New mom Wie West looks forward to first-tee nerves again, 0
https://www.usatoday.com/https://www.usatoday.com/story/sports/mlb/2021/03/24/white-sox-lf-eloy-jimnez-departs-with-shoulder-discomfort/115598162/, White Sox LF Eloy Jiménez departs with shoulder discomfort, 0
https://www.usatoday.com/https://www.usatoday.com/story/sports/nfl/browns/2021/03/24/ryan-switzer-son-update-transfer-boston-hospital/6991077002/, Ryan Switzer's 9-month-old son being 'air lifted' to Boston hospital, 0
https://www.usatoday.com/https://www.usatoday.com/videos/news/nation/2021/03/25/congressional-tour-texas-border-facility/6991315002/, Congressional tour of Texas border facility, 0
https://www.usatoday.com/https://www.usatoday.com/story/news/nation/2021/03/24/joe-biden-climate-change-halted-oil-and-gas-sales/6990895002/, Joe Biden| citing climate change| halted oil and gas sales. What now?, 0
https://www.usatoday.com/https://www.usatoday.com/videos/news/nation/2021/03/25/house-members-react-border-facility-tour/6991384002/, House members react to border facility tour, 0
https://www.usatoday.com/https://www.usatoday.com/story/sports/nhl/2021/03/24/spurgeon-scores-2-wild-beat-ducks-3-2-for-10th-home-win/43479631/, Spurgeon scores 2| Wild beat Ducks 3-2 for 10th home win, 0
https://www.usatoday.com/https://www.usatoday.com/story/news/nation/2021/03/24/atlanta-police-arrest-man-5-guns-publix-atlantic-station/6990675002/, Atlanta police arrest man with 5 guns| body armor inside Publix store, 0
https://www.usatoday.com/https://www.usatoday.com/videos/news/nation/2021/03/25/ceo-excited-welcome-prince-harry-startup/6991645002/, CEO excited to welcome Prince Harry to startup, 0
https://www.usatoday.com/https://www.usatoday.com/story/entertainment/celebrities/2021/03/24/prince-harry-meghan-markle-lawsuits-send-splash-paparazzi-bankruptcy-court/6989081002/, Harry| Meghan's lawsuits send Splash paparazzi into bankruptcy court, 0
https://www.usatoday.com/https://www.usatoday.com/videos/news/nation/2021/03/25/death-penalty-abolished-virginia/6991424002/, Death penalty abolished in Virginia as Gov. Ralph Northam signs bills, 0
https://www.usatoday.com/https://www.usatoday.com/story/sports/nhl/2021/03/24/spurgeon-scores-twice-wild-beat-ducks-3-2-for-2-game-sweep/115598214/, Crosby| Penguins push Buffalo's winless streak to 15 games, 0
https://www.usatoday.com/https://www.usatoday.com/story/news/politics/2021/03/24/new-york-gov-andrew-cuomo-family-given-priority-covid-tests/6991721002/, NY Gov. Andrew Cuomo's family given priority to COVID tests: reports, 0
https://www.usatoday.com/https://www.usatoday.com/story/sports/olympics/2021/03/24/torch-relay-for-tokyo-olympics-kicks-off-its-121-day-journey/43479667/, Torch relay for Tokyo Olympics kicks off its 121-day journey, 0
https://www.usatoday.com/https://www.usatoday.com/story/news/2021/03/24/newsom-taps-rob-bonta-attorney-general-and-california-braces-water-cutbacks/6989807002/, Newsom taps Rob Bonta as attorney general| and California braces for water cutbacks, 0
https://www.usatoday.com/https://www.usatoday.com/story/sports/olympics/2021/03/24/ap-photos-nearly-100-years-of-lighting-the-olympic-flame/43479679/, AP PHOTOS: Nearly 100 years of lighting the Olympic flame, 0
https://www.usatoday.com/https://www.usatoday.com/story/sports/ncaaw/2021/03/24/arizona-women-in-1st-sweet-16-since-98-after-win-over-byu/115598270/, Arizona women in 1st Sweet 16 since '98 after win over BYU, 0
https://www.usatoday.com/https://www.usatoday.com/story/news/health/2021/03/24/astrazeneca-oxford-covid-vaccine-76-effective-not-79-slightly-less-updated-data-shows/6979458002/, AstraZeneca COVID vaccine 76% effective| not 79%| updated data shows, 0
https://www.usatoday.com/https://www.usatoday.com/story/entertainment/tv/2021/03/24/danny-trejo-the-masked-singer-raccoon-eliminated-after-wildcard-orca-makes-splash/6968253002/, Masked Singer: Raccoon sent home after Wildcard Orca splash, 0
https://www.usatoday.com/https://www.usatoday.com/story/news/nation/2021/03/24/zoom-stabbing-deaths-southern-california/6990039002/, Man fatally stabs mom and uncle during Zoom call| authorities say, 0
https://www.usatoday.com/https://www.usatoday.com/story/sports/nba/2021/03/24/pacers-defeat-pistons-116-111-snap-6-game-home-winless-skid/115598284/, Pacers defeat Pistons 116-111| snap 6-game home winless skid, 0
https://www.usatoday.com/https://www.usatoday.com/story/news/world/2021/03/24/south-korea-says-north-korea-fires-2-missiles-into-sea/6992208002/, South Korea says North Korea fires 2 missiles into sea, 0
https://www.usatoday.com/https://www.usatoday.com/story/sports/ncaaw/2021/03/24/nixon-buzzer-beater-in-ot-lifts-am-over-iowa-state-84-82/115598342/, Nixon's overtime bank shot sends Texas A&M past Iowa State, 0
https://www.usatoday.com/https://www.usatoday.com/story/sports/ncaaw/tourney/2021/03/24/texas-am-jordan-nixon-overtime-buzzer-beater-iowa-state/6992301002/, Jordan Nixon buzzer-beater gives Texas A&M win in NCAA Tournament, 0
https://www.usatoday.com/https://www.usatoday.com/story/sports/nba/2021/03/24/grizzlies-top-thunder-116-107-to-move-a-game-over-500/115598380/, Grizzlies top Thunder 116-107 to move a game over .500, 0
https://www.usatoday.com/https://www.usatoday.com/story/sports/nba/2021/03/24/terry-rozier-scores-25-points-hornets-cruise-past-rockets/115598402/, Terry Rozier scores 25 points| Hornets cruise past Rockets, 0
https://www.usatoday.com/https://www.usatoday.com/story/sports/nba/2021/03/24/middleton-bucks-beat-celtics-121-119-for-8th-straight-win/43479741/, Middleton| Bucks beat Celtics 121-119 for 8th straight win, 0
https://www.usatoday.com/https://www.usatoday.com/story/entertainment/movies/2021/03/24/pga-awards-winners-nomadland-pixar-soul-my-octopus-teacher-crown/6991164002/, PGA Awards winners: 'Nomadland|' Pixar's 'Soul|' 'My Octopus Teacher', 0
https://www.usatoday.com/https://www.usatoday.com/story/sports/ncaab/2021/03/24/polk-carries-pepperdine-over-coastal-carolina-for-cbi-title/43479739/, Polk carries Pepperdine over Coastal Carolina for CBI title, 0
https://www.usatoday.com/https://www.usatoday.com/story/sports/nba/2021/03/24/raptors-rout-nuggets-135-111-to-end-9-game-losing-streak/115598412/, Raptors rout Nuggets 135-111 to end 9-game losing streak, 0
https://www.usatoday.com/https://www.usatoday.com/story/sports/nba/2021/03/24/balanced-cavaliers-beat-bulls-103-94-without-sexton/43479761/, Balanced Cavaliers beat Bulls 103-94 without Sexton, 0
https://www.usatoday.com/https://www.usatoday.com/story/news/factcheck/2021/03/24/fact-check-false-border-wall-claim-misattributed-actor-tim-allen/4791636001/, Fact check: False border wall claim misattributed to actor Tim Allen, 0
https://www.usatoday.com/https://www.usatoday.com/story/news/nation/2021/03/24/tallahassee-police-union-pba-billboard-crime-murder-rate-contract-negotiations/6991958002/, Police union purchases billboards blasting Florida's capital city, 0
https://www.usatoday.com/https://www.usatoday.com/story/sports/nba/2021/03/24/evan-fournier-hits-winner-magic-beat-suns-112-111/115598448/, Evan Fournier hits winner| Magic beat Suns 112-111, 0
https://www.usatoday.com/https://www.usatoday.com/story/sports/nba/2021/03/24/porzingis-scores-29-mavericks-beat-timberwolves-128-108/43479795/, Porzingis scores 29| Mavericks beat Timberwolves 128-108, 0
https://www.usatoday.com/https://www.usatoday.com/story/sports/nhl/2021/03/24/sabres-winless-streak-hits-15-as-penguins-roll-to-5-2-win/43479807/, Sabres' winless streak hits 15 as Penguins roll to 5-2 win, 0
https://www.usatoday.com/https://www.usatoday.com/story/news/politics/2021/03/24/gun-control-where-president-biden-stands-legislation-executive-orders/6989667002/, Gun control: Where Biden stands on legislation| executive orders, 0
https://www.usatoday.com/https://www.usatoday.com/story/sports/nba/2021/03/24/leonard-clippers-dominate-spurs-for-4th-straight-victory/115598474/, Leonard| Clippers dominate Spurs for 3rd straight victory, 0
https://www.usatoday.com/https://www.usatoday.com/videos/news/nation/2021/03/25/today-history-march-25th/6992906002/, Today in History for March 25th, 0
https://www.usatoday.com/https://www.usatoday.com/story/news/factcheck/2021/03/24/fact-check-california-rollercoaster-riders-not-banned-screaming/4802158001/, Fact check: California rollercoaster riders not banned from screaming, 0
https://www.usatoday.com/https://www.usatoday.com/picture-gallery/news/nation/2021/03/25/boulder-shooting-mourners-honor-lives-10-victims-murdered/6992908002/, Boulder shooting: Mourners honor the lives of 10 victims murdered, 0
https://www.usatoday.com/https://www.usatoday.com/story/sports/olympics/2021/03/24/mexico-beats-us-1-0-in-men-olympic-soccer-qualifying/43479845/, Mexico beats US 1-0 in men's Olympic soccer qualifying, 0
https://www.usatoday.com/https://www.usatoday.com/story/sports/ncaaw/2021/03/24/texas-advances-to-sweet-16-with-71-62-win-over-ucla/115598540/, Texas advances to Sweet 16 with 71-62 win over UCLA, 0
https://www.usatoday.com/https://www.usatoday.com/story/money/shopping/2021/03/25/lowes-curbside-pickup-free-gardening-kits-april-earth-day-freebie/6975566002/, Lowe's SpringFest includes free curbside kits for families in April, 0
https://www.usatoday.com/https://www.usatoday.com/story/money/2021/03/25/covid-vaccine-dentist-coronavirus-pandemic-biden-emergency-declaration/4668608001/, Dentists to give COVID vaccines to help Americans get vaccinated, 0
https://www.usatoday.com/https://www.usatoday.com/story/sports/nba/2021/03/25/fox-haliburton-lift-kings-past-hawks-110-108/115598612/, Fox| Haliburton lift Kings past Hawks 110-108, 0
https://www.usatoday.com/https://www.usatoday.com/story/sports/nba/2021/03/25/mitchell-scores-27-jazz-rout-short-handed-nets-118-88/43479877/, Mitchell scores 27| Jazz rout short-handed Nets 118-88, 0
https://www.usatoday.com/https://www.usatoday.com/videos/news/nation/2021/03/25/grassroots-efforts-aim-boost-vaccination-rates/6993854002/, Grassroots efforts aim to boost vaccination rates, 0
https://www.usatoday.com/https://www.usatoday.com/videos/news/nation/2021/03/25/migrant-crossings-rise-along-us-mexico-border/6993855002/, Migrant crossings rise along US-Mexico border, 0
https://www.usatoday.com/https://www.usatoday.com/story/sports/nhl/2021/03/25/jones-helps-sharks-sweep-series-vs-kings-with-4-2-win/43479897/, Jones helps Sharks sweep series vs Kings with 4-2 win, 0
https://www.usatoday.com/https://www.usatoday.com/videos/news/nation/2021/03/25/bird-watching-perfect-social-distancing/6993887002/, Bird-watching: Perfect for social distancing, 0
https://www.usatoday.com/https://www.usatoday.com/story/sports/nhl/2021/03/25/copp-scores-4-jets-defeat-canucks-5-1/115598634/, Copp scores 4| Jets defeat Canucks 5-1, 0
https://www.usatoday.com/https://www.usatoday.com/story/sports/nba/2021/03/25/deadline-day-arrives-and-lowrys-future-still-unclear/43479929/, Trade deadline passes| and Kyle Lowry remains with Raptors, 0
https://www.usatoday.com/https://www.usatoday.com/story/sports/nba/raptors/2021/03/25/kyle-lowry-greatest-raptor-ever-prepares-potential-departure-trade-deadline/6993933002/, Kyle Lowry| 'greatest Raptor ever|' prepares for potential trade, 0
https://www.usatoday.com/https://www.usatoday.com/story/sports/ncaab/2021/03/25/transfers-boost-sampsons-cougars-others-into-ncaa-sweet-16/115598652/, Transfers boost Sampson's Cougars| others into NCAA Sweet 16, 0
https://www.usatoday.com/https://www.usatoday.com/story/sports/ncaaw/2021/03/25/few-black-women-coaches-lead-power-five-basketball-programs/43479931/, Few Black women coaches lead Power Five basketball programs, 0
https://www.usatoday.com/https://www.usatoday.com/story/news/2021/03/25/boulder-suspect-biden-press-conference-5-things-know-thursday/4766537001/, Boulder suspect| Biden press conference: 5 things to know Thursday, 0
https://www.usatoday.com/https://www.usatoday.com/story/opinion/2021/03/25/joe-biden-owes-asian-americans-more-than-symbolism-column/6983646002/, Joe Biden owes Asian Americans representation that goes beyond symbols, 0
https://www.usatoday.com/https://www.usatoday.com/story/opinion/2021/03/25/daylight-saving-time-permanent-patty-murray-marco-rubio-column/6956800002/, Make Daylight Saving Time permanent to help America: Murray & Rubio, 0
https://www.usatoday.com/https://www.usatoday.com/story/news/health/2021/03/25/covid-variants-vaccines-cases-biden/6989348002/, COVID updates: Vaccines for all adults by April 15 in 3 biggest states, 0
https://www.usatoday.com/https://www.usatoday.com/story/opinion/2021/03/25/crisis-border-unaccompanied-minor-biden-trying-address-problem-column/4772421001/, Crisis at the border: Biden is trying to address the problem, 0
https://www.usatoday.com/https://www.usatoday.com/story/tech/columnist/komando/2021/03/25/three-critical-steps-protect-your-privacy-amazon/6957534002/, Three critical steps to protect your privacy on Amazon., 0
https://www.usatoday.com/https://www.usatoday.com/story/news/politics/2021/03/25/what-expect-president-joe-biden-first-press-conference/6971426002/, Biden press conference today: Time| place and reason to watch, 0
https://www.usatoday.com/https://www.usatoday.com/videos/news/nation/2021/03/25/ap-top-stories-march-25/6994118002/, AP Top Stories March 25, 0
https://www.usatoday.com/https://www.usatoday.com/story/money/personalfinance/retirement/2021/03/25/social-security-benefits-taxable/115591262/, Social Security benefits are taxable in these 2 cases, 0
https://www.usatoday.com/https://www.usatoday.com/story/news/health/2021/03/25/superbugs-kill-more-than-35-k-americans-each-year-doctors-blame/4796184001/, 'Superbugs' kill more than 35K Americans each year. Doctors to blame?, 0
https://www.usatoday.com/https://www.usatoday.com/videos/news/health/2021/03/25/bacteria-can-change-shape-survive-antibiotics/4336527001/, Bacteria can change shape to survive antibiotics, 0
https://www.usatoday.com/https://www.usatoday.com/story/news/politics/2021/03/25/billions-covid-relief-bill-heading-states-health-centers-vaccines/6991785002/, COVID vaccine: $6 billion goes to health centers to expand access, 0
https://www.usatoday.com/https://www.usatoday.com/story/news/investigations/2021/03/25/health-concerns-despite-climate-commitments-states-ok-fuel-tanks/4769675001/, Health concerns: Despite climate commitments| states OK fuel tanks, 0
https://www.usatoday.com/https://www.usatoday.com/story/opinion/2021/03/25/why-ending-injustice-trumps-travel-ban-only-partial-victory-column/6979303002/, Why ending injustice of Trump's travel ban is only a partial victory, 0
https://www.usatoday.com/https://www.usatoday.com/story/news/nation/2021/03/25/boulder-shooting-mental-illness-likely-not-only-cause-colorado/6979481002/, Boulder shooting: Mental illness likely not only cause in Colorado, 0
https://www.usatoday.com/https://www.usatoday.com/story/news/education/2021/03/25/schools-send-special-education-students-home-early-change-iep/6979733002/, Schools send special education kids home early| change IEP: 'Sneaky', 0
https://www.usatoday.com/https://www.usatoday.com/videos/sports/mlb/sportspulse/2021/03/25/biggest-question-facing-every-al-east-team-2021/6964352002/, The biggest question facing every AL East team in 2021, 0
https://www.usatoday.com/https://www.usatoday.com/story/tech/2021/03/25/covid-remote-work-office-return-survey-zoom-meeting-fatigue/6989446002/, COVID-era work from home preferred to 'business as usual|' survey says, 0
https://www.usatoday.com/https://www.usatoday.com/story/news/politics/2021/03/25/biden-putting-final-touches-potential-3-trillion-economic-package/6986152002/, Biden putting final touches on potential $3 trillion economic package, 0
https://www.usatoday.com/https://www.usatoday.com/videos/entertainment/2021/03/25/cleo-wade-inspired-words-raise-your-kids/6994169002/, Cleo Wade inspired by 'words to raise your kids with', 0
https://www.usatoday.com/https://www.usatoday.com/videos/news/nation/2021/03/25/cleo-wade-inspired-words-raise-your-kids/6994167002/, Cleo Wade inspired by 'words to raise your kids with', 0
https://www.usatoday.com/https://www.usatoday.com/story/entertainment/books/2021/03/25/lord-rings-new-edition-include-original-j-r-r-tolkien-art/6994158002/, 'Lord of The Rings' new edition to include original J.R.R. Tolkien art, 0
https://www.usatoday.com/https://www.usatoday.com/story/sports/nba/2021/03/25/nba-trade-deadline-2021-lebron-james-injury-cause-ripple-effect/6979609002/, NBA trade deadline 2021: LeBron James' injury to cause ripple effect?, 0
https://www.usatoday.com/https://www.usatoday.com/in-depth/news/nation/2021/03/25/black-families-square-off-big-oil-byhalia-pipeline-struggle/6965953002/, Byhalia pipeline: Black families square off with Big Oil, 0
https://www.usatoday.com/https://www.usatoday.com/videos/news/nation/2021/03/25/swizz-beatz-amazing-win-naacp-award-verzuz/6994209002/, Swizz Beatz: 'amazing' to win NAACP Award for 'Verzuz', 0
https://www.usatoday.com/https://www.usatoday.com/videos/entertainment/2021/03/25/swizz-beatz-amazing-win-naacp-award-verzuz/6994210002/, Swizz Beatz: 'amazing' to win NAACP Award for 'Verzuz', 0
https://www.usatoday.com/https://www.usatoday.com/story/entertainment/celebrities/2021/03/25/johnny-depp-amber-heard-loses-bid-appeal-uk-court-ruling/6994186002/, Johnny Depp vs. Amber Heard: Depp loses bid to appeal UK court ruling, 0
https://www.usatoday.com/https://www.usatoday.com/story/nletter/2021/03/25/biden-news-conference-boulder-suspect-daily-briefing/6994022002/, Biden news conference| Boulder suspect: Daily Briefing, 0
https://www.usatoday.com/https://www.usatoday.com/videos/news/nation/2021/03/25/boulder-seeks-grieve-heal-through-vigil/6994268002/, Boulder seeks to grieve| heal through vigil, 0
https://www.usatoday.com/https://www.usatoday.com/videos/entertainment/2021/03/25/true-life-horror-story-aidan-gillens-revenge-drama/6994286002/, 'A true life horror story' - Aidan Gillen's revenge drama, 0
https://www.usatoday.com/https://www.usatoday.com/videos/news/nation/2021/03/25/true-life-horror-story-aidan-gillens-revenge-drama/6994283002/, 'A true life horror story' - Aidan Gillen's revenge drama, 0
https://www.usatoday.com/https://www.usatoday.com/story/money/personalfinance/retirement/2021/03/25/4-factors-to-finding-your-ideal-retirement-withdrawal-rate/43475903/, What to consider when figuring out your retirement withdrawal rate, 0
https://www.usatoday.com/https://www.usatoday.com/story/opinion/2021/03/25/do-not-pay-college-ncaa-athletes-women-inequaity-column/6967702002/, Former NCAA gymnast: Paying college athletes will hurt women's sports, 0
https://www.usatoday.com/https://www.usatoday.com/story/tech/2021/03/25/investment-california-majority-black-venture-capital-firm-entrepreneurs-color/6991796002/, California venture capital firm to invest in entrepreneurs of color, 0
https://www.usatoday.com/https://www.usatoday.com/story/travel/destinations/2021/03/25/astronomy-trips-stargazing-resorts-showcase-night-sky/4235976001/, Astronomy trips: Stargazing resorts that showcase the night sky, 0
https://www.usatoday.com/https://www.usatoday.com/videos/travel/destinations/2021/03/25/astrotourism-5-resorts-check-out/6824651002/, Astrotourism: 5 resorts that will have you seeing stars, 0
https://www.usatoday.com/https://www.usatoday.com/picture-gallery/travel/hotels/2021/03/25/stargazing-trip-bora-bora-utah-astrotourism-travel/6988369002/, Stargazing trip: From Bora Bora to Utah| the sky's the limit, 0
https://www.usatoday.com/https://www.usatoday.com/story/sports/nfl/cowboys/2021/03/25/cowboys-jerry-jones-national-medal-honor-museum-giving-20-million/6986461002/, Cowboys' Jerry Jones giving $20 million for Medal of Honor museum, 0
https://www.usatoday.com/https://www.usatoday.com/story/sports/ftw/2021/03/25/match-play-rory-mcilroy-tee-shot-into-pool-problem/6994332002/, Match Play: Rory McIlroy's tee shot into pool is a problem, 0
https://www.usatoday.com/https://www.usatoday.com/story/sports/sports-betting/2021/03/25/new-york-islanders-at-boston-bruins-odds-picks-and-prediction/115638844/, New York Islanders at Boston Bruins odds| picks and prediction, 0
https://www.usatoday.com/https://www.usatoday.com/story/sports/nba/2021/03/25/giannis-antetokounmpo-nba-mvp-contender/6993215002/, Giannis Antetokounmpo makes charge towards 3rd straight NBA MVP award, 0
https://www.usatoday.com/https://www.usatoday.com/story/news/50-states/2021/03/25/underground-proms-popcorn-problems-lobster-relief-news-around-states/115638782/, Underground proms| popcorn problems: News from around our 50 states, 0
https://www.usatoday.com/https://www.usatoday.com/story/sports/sports-betting/2021/03/25/tampa-bay-lightning-at-dallas-stars-odds-picks-and-prediction/115638906/, Tampa Bay Lightning at Dallas Stars odds| picks and prediction, 0
https://www.usatoday.com/https://www.usatoday.com/videos/news/weather/2021/03/25/storm-survivor-creates-solution-save-cars-flooding/6994135002/, Storm survivor creates solution to save cars from flooding, 0
https://www.usatoday.com/https://www.usatoday.com/videos/news/nation/2021/03/25/showbiz-minute-depp-nomadland-teigen/6994462002/, ShowBiz Minute: Depp| 'Nomadland|' Teigen, 0
https://www.usatoday.com/https://www.usatoday.com/story/sports/soccer/2021/03/25/virus-case-on-germany-team-ahead-of-world-cup-qualifier/115638942/, Virus case on Germany team ahead of World Cup qualifier, 0
https://www.usatoday.com/https://www.usatoday.com/videos/entertainment/2021/03/25/showbiz-minute-depp-nomadland-teigen/6994463002/, ShowBiz Minute: Depp| 'Nomadland|' Teigen, 0
https://www.usatoday.com/https://www.usatoday.com/story/sports/sports-betting/2021/03/25/philadelphia-76ers-at-los-angeles-lakers-odds-picks-and-prediction/115638944/, Philadelphia 76ers at Los Angeles Lakers odds| picks and prediction, 0
https://www.usatoday.com/https://www.usatoday.com/story/sports/soccer/2021/03/25/chairman-quits-after-english-sex-abuse-inquiry-faults-club/115638948/, Chairman quits after English sex abuse inquiry faults club, 0
https://www.usatoday.com/https://www.usatoday.com/story/news/nation/2021/03/25/boulder-shooting-suspect-in-court/6994259002/, Boulder shooting: Suspect Ahmad Al Aliwi Alissa held without bail, 0
https://www.usatoday.com/https://www.usatoday.com/story/sports/soccer/2021/03/25/fans-to-be-allowed-into-matches-in-copenhagen-at-euro-2020/43480049/, Fans to be allowed into matches in Copenhagen at Euro 2020, 0
https://www.usatoday.com/https://www.usatoday.com/story/sports/columnist/nancy-armour/2021/03/25/sweet-16-loyola-center-cameron-krutwig-goofy-he-good/6988191002/, Sweet 16: Loyola center Cameron Krutwig is as goofy as he is good, 0
https://www.usatoday.com/https://www.usatoday.com/story/life/2021/03/25/passover-seder-recipes-matzah-balls-almond-macaroons/6985710002/, Passover: Seder recipes from matzah balls to almond macaroons, 0
https://www.usatoday.com/https://www.usatoday.com/videos/sports/sportskind/2021/03/25/baseball-fan-builds-his-own-field-dreams/4665234001/, Baseball fan builds his own field of dreams, 0
https://www.usatoday.com/https://www.usatoday.com/videos/news/nation/2021/03/25/day-25-march-1974/6994520002/, On This Day: 25 March 1974, 0
https://www.usatoday.com/https://www.usatoday.com/videos/entertainment/2021/03/25/day-25-march-1974/6994522002/, On This Day: 25 March 1974, 0
https://www.usatoday.com/https://www.usatoday.com/videos/sports/olympics/2021/03/25/traditional-torch-relay-postponed-tokyo-olympics-kicked-off/6994483002/, Traditional torch relay for the postponed Tokyo Olympics kicked off, 0
https://www.usatoday.com/https://www.usatoday.com/videos/news/politics/2021/03/25/did-ny-gov-cuomos-family-members-receive-priority-covid-19-testing/6994400002/, Did NY Gov. Cuomo’s family members receive priority COVID-19 testing?, 0
https://www.usatoday.com/https://www.usatoday.com/story/life/2021/03/25/passover-2021-jewish-people-plan-how-safely-celebrate-amid-covid/6994493002/, Passover 2021: Jewish people plan how to safely celebrate amid COVID, 0
https://www.usatoday.com/https://www.usatoday.com/videos/sports/nfl/sportspulse/2021/03/25/jerry-jones-thinks-daks-recovery-resembles-legendary-cowboys-players-journey-back-field/6992322002/, Jerry Jones thinks Dak's recovery resembles this legendary Cowboys player's journey back to the field, 0
https://www.usatoday.com/https://www.usatoday.com/story/news/world/2021/03/25/new-zealand-approves-paid-leave-miscarriages-stillbirths/6994329002/, New Zealand approves paid leave for miscarriages| stillbirths, 0
https://www.usatoday.com/https://www.usatoday.com/story/sports/olympics/2021/03/25/russia-wants-tchaikovsky-music-for-anthem-at-tokyo-olympics/43480095/, Russia wants Tchaikovsky music for anthem at Tokyo Olympics, 0
https://www.usatoday.com/https://www.usatoday.com/story/nletter/2021/03/25/stimulus-checks-covid-vaccines-jcpenney-store-closings/6994756002/, Daily Money newsletter: Stimulus checks| COVID vaccines; JCPenney, 0
https://www.usatoday.com/https://www.usatoday.com/story/entertainment/music/2021/03/25/taylor-swift-maren-morris-you-all-over-me-fearless/6994571002/, Taylor Swift| Maren Morris release 'You All Over Me' from 'Fearless', 0
https://www.usatoday.com/https://www.usatoday.com/story/entertainment/movies/2021/03/25/glenn-close-oscar-nominated-performances-ranked/6977418002/, Oscars 2021: Is this Glenn Close's year? Her nominated roles| ranked, 0
https://www.usatoday.com/https://www.usatoday.com/story/travel/columnist/cox/2021/03/25/plane-crash-causes-human-error-weather-or-aircraft-issues/6986525002/, Plane crash causes: Human error| weather or aircraft issues?, 0
https://www.usatoday.com/https://www.usatoday.com/story/sports/soccer/national/2021/03/25/usmnt-vs-jamaica-how-to-watch-start-time-us-roster/6975839002/, USMNT vs. Jamaica: How to watch| start time| U.S. roster, 0
https://www.usatoday.com/https://www.usatoday.com/videos/news/nation/2021/03/25/godzilla-vs-kong-diva-battle/6994998002/, 'Godzilla vs. Kong' - diva battle, 0
https://www.usatoday.com/https://www.usatoday.com/videos/entertainment/2021/03/25/godzilla-vs-kong-diva-battle/6995003002/, 'Godzilla vs. Kong' - diva battle, 0
https://www.usatoday.com/https://www.usatoday.com/picture-gallery/life/health-wellness/2021/03/25/childrens-mental-health-a-year-into-the-pandemic-and-going-forward/115570254/, COVID: Children’s mental health a year into the pandemic, 0
https://www.usatoday.com/https://www.usatoday.com/picture-gallery/sports/mlb/2021/03/25/highest-paid-mlb-players-2021/6994860002/, MLB 2021: Highest-paid players this season, 0
https://www.usatoday.com/https://www.usatoday.com/story/money/2021/03/25/unemployment-claims-fall-684-000-fewest-since-pandemic/6995023002/, Unemployment claims fall to 684|000| fewest since pandemic, 0
https://www.usatoday.com/https://www.usatoday.com/story/news/world/2021/03/25/suez-canal-ever-given-still-blocking-canal-shippers-look-reroute/6994344002/, Suez Canal blocked: Ever Given still wedged in canal| ships reroute, 0
https://www.usatoday.com/https://www.usatoday.com/story/sports/nfl/bears/2021/03/25/chicago-bears-tweet-andy-dalton-qb-1-starting-quarterback-cowboys/6995025002/, Chicago Bears tweet photo that makes it clear that Andy Dalton is QB1, 0
https://www.usatoday.com/https://www.usatoday.com/videos/sports/nfl/sportspulse/2021/03/25/why-dallas-cowboys-owner-jerry-jones-donated-20-million-national-medal-honor-museum/6995209002/, Why Dallas Cowboys owner Jerry Jones donated $20 million to National Medal of Honor Museum, 0
https://www.usatoday.com/https://www.usatoday.com/videos/sports/sportskind/2021/03/25/football-creates-opportunity-homeless-teen/6995553002/, Football creates opportunity for homeless teen, 0
https://www.usatoday.com/https://www.usatoday.com/story/opinion/2021/03/25/oral-roberts-university-basketball-deserve-cancel-culture-golden-knights-column/6994502002/, Oral Roberts University basketball deserves good Cinderella story, 0
https://www.usatoday.com/https://www.usatoday.com/videos/news/nation/2021/03/25/senior-couple-connects-community-through-music/6995642002/, Senior couple connects community through music, 0
https://www.usatoday.com/https://www.usatoday.com/story/sports/nfl/cowboys/2021/03/25/cowboys-michael-irvin-jerry-jones-confidence-dak-prescotts-rehab/6993672002/, Michael Irvin inspired Jerry Jones’ confidence in Dak Prescott’s rehab, 0
https://www.usatoday.com/https://www.usatoday.com/story/sports/sports-betting/2021/03/25/washington-wizards-at-new-york-knicks-odds-picks-and-prediction/115639434/, Washington Wizards at New York Knicks odds| picks and prediction, 0
https://www.usatoday.com/https://www.usatoday.com/story/entertainment/celebrities/2021/03/25/meghan-mccain-the-view-talked-identity-politics-how-to-approach/6987963002/, Meghan McCain on 'The View' talked identity politics: How to weigh in, 0
https://www.usatoday.com/https://www.usatoday.com/videos/entertainment/2021/03/25/godzilla-vs-kong-promises-message-mayhem/6995923002/, 'Godzilla vs. Kong' promises message in the mayhem, 0
https://www.usatoday.com/https://www.usatoday.com/story/life/health-wellness/2021/03/25/keeping-up-kardashians-kris-jenner-pandemic-covid-19-safely/6988620002/, Keeping Up with the Kardashians' Kris Jenner on 'challenging' year, 0
https://www.usatoday.com/https://www.usatoday.com/story/news/politics/2021/03/25/kim-janey-boston-first-black-female-mayor/6994362002/, Kim Janey: Boston's first Black and female mayor replaces Marty Walsh, 0
https://www.usatoday.com/https://www.usatoday.com/videos/news/nation/2021/03/25/godzilla-vs-kong-promises-message-mayhem/6995993002/, 'Godzilla vs. Kong' promises message in the mayhem, 0
https://www.usatoday.com/https://www.usatoday.com/story/sports/nba/2021/03/25/ap-source-pistons-agree-to-trade-delon-wright-to-kings/43480293/, AP source: Pistons agree to trade Delon Wright to Kings, 0
https://www.usatoday.com/https://www.usatoday.com/story/opinion/2021/03/25/america-im-still-grieving-atlanta-spa-shootings/6989685002/, This is America: I’m still grieving the Atlanta spa shootings, 0
https://www.usatoday.com/https://www.usatoday.com/story/sports/golf/2021/03/25/the-latest-thomas-mcilroy-face-elimination-at-match-play/115639680/, The Latest: Thomas| McIlroy face elimination at Match Play, 0
https://www.usatoday.com/https://www.usatoday.com/story/money/retail/2021/03/25/miller-lite-candles-invoke-bar-smells-covid-bar-rules-relax/6994874002/, Miller Lite candles invoke 'Bar Smells' as COVID bar rules relax, 0
https://www.usatoday.com/https://www.usatoday.com/videos/life/humankind/2021/03/25/cancer-survivor-uses-humor-find-silver-lining/6984691002/, Cancer survivor uses humor to find silver lining, 0
https://www.usatoday.com/https://www.usatoday.com/story/sports/sports-betting/2021/03/25/golden-state-warriors-at-sacramento-kings-odds-picks-and-prediction/115639470/, Golden State Warriors at Sacramento Kings odds| picks and prediction, 0
https://www.usatoday.com/https://www.usatoday.com/story/sports/mlb/2021/03/25/orioles-add-matt-harvey-to-major-league-roster/43480237/, Orioles add Matt Harvey to major league roster, 0
https://www.usatoday.com/https://www.usatoday.com/videos/news/weather/2021/03/25/strong-storms-and-wind-move-into-northeast-close-out-week/6996197002/, Strong storms and wind move into Northeast to close out week, 0
https://www.usatoday.com/https://www.usatoday.com/videos/news/health/2021/03/25/astrazenecas-covid-19-vaccine-found-slightly-less-effective/6995852002/, AstraZeneca's COVID-19 vaccine found to be slightly less effective, 0
https://www.usatoday.com/https://www.usatoday.com/story/sports/sports-betting/2021/03/25/vegas-golden-knights-at-colorado-avalanche-odds-picks-and-prediction/115639516/, Vegas Golden Knights at Colorado Avalanche odds| picks and prediction, 0
https://www.usatoday.com/https://www.usatoday.com/story/sports/ncaab/2021/03/25/march-madness-sweet-16-must-watch-players/6994914002/, March Madness: Players that will impact NCAA Tournament's Sweet 16, 0
https://www.usatoday.com/https://www.usatoday.com/story/entertainment/celebrities/2021/03/25/jane-fonda-talks-dating-83-says-shes-done-relationships/6994983002/, Jane Fonda talks dating at 83| says she's done with relationships, 0
https://www.usatoday.com/https://www.usatoday.com/story/travel/hotels/2021/03/25/family-black-teen-falsely-accused-cell-phone-theft-files-lawsuit/6995877002/, Family of Black teen falsely accused of cell phone theft files lawsuit, 0
https://www.usatoday.com/https://www.usatoday.com/story/sports/ncaaw/2021/03/25/kiana-williams-stanford-basketball-ncaa-tournament/6991306002/, Kiana Williams is the key to Stanford basketball's Final Four run, 0
https://www.usatoday.com/https://www.usatoday.com/story/sports/sports-betting/2021/03/25/march-madness-oregon-state-vs-loyola-chicago-odds-picks-and-prediction/115639574/, March Madness: Oregon State vs. Loyola Chicago odds| picks and prediction, 0
https://www.usatoday.com/https://www.usatoday.com/story/news/factcheck/2021/03/25/fact-check-viral-photo-migrant-detention-center-2014/6971848002/, Fact check: Viral photo of migrant detention center is from 2014, 0
https://www.usatoday.com/https://www.usatoday.com/story/sports/tennis/2021/03/25/stan-wawrinka-out-a-few-weeks-after-foot-surgery/115639586/, Stan Wawrinka out 'a few weeks' after foot surgery, 0
https://www.usatoday.com/https://www.usatoday.com/story/sports/nba/2021/03/25/ap-source-nuggets-acquire-center-javale-mcgee-from-cavs/115639620/, AP source: Nuggets acquire center JaVale McGee from Cavs, 0
https://www.usatoday.com/https://www.usatoday.com/story/life/2021/03/25/womens-history-month-gloria-steinem-violence-and-pandemic/6986660002/, Women's History Month: Gloria Steinem on violence and the pandemic, 0
https://www.usatoday.com/https://www.usatoday.com/story/sports/nba/2021/03/25/ap-source-vucevic-being-traded-by-magic-to-bulls/115639636/, AP source: Vucevic being traded by Magic to Bulls, 0
https://www.usatoday.com/https://www.usatoday.com/story/sports/sports-betting/2021/03/25/march-madness-baylor-vs-villanova-odds-picks-and-prediction/115639628/, March Madness: Baylor vs. Villanova odds| picks and prediction, 0
https://www.usatoday.com/https://www.usatoday.com/story/news/politics/2021/03/25/supreme-court-police-seizure-includes-shots-fired-fleeing-suspect/6995659002/, Supreme Court: Police 'seizure' includes shots fired at fleeing suspect, 0
https://www.usatoday.com/https://www.usatoday.com/videos/entertainment/celebrities/2021/03/25/talladega-nights-child-actor-dies-suicide-28/6997133002/, ‘Talladega Nights’ child actor dies by suicide at 28, 0
https://www.usatoday.com/https://www.10best.com/interests/food-culture/what-is-menudo-tripe-stew-southwest-love-hate/, What is menudo| and why is this stew so controversial in the Southwest?, 0
https://www.usatoday.com/https://www.usatoday.com/story/sports/sports-betting/2021/03/25/march-madness-arkansas-vs-oral-roberts-odds-picks-and-prediction/115639700/, March Madness: Arkansas vs. Oral Roberts odds| picks and prediction, 0
https://www.usatoday.com/https://www.usatoday.com/story/news/politics/2021/03/25/supreme-court-accident-victims-can-sue-ford-state-courts/6997317002/, Supreme Court: Accident victims can sue Ford in state courts, 0
https://www.usatoday.com/https://www.usatoday.com/story/sports/nba/2021/03/25/bulls-aiming-playoffs-trade-land-nikola-vucevic/6997116002/, Bulls get Nikola Vucevic in NBA trade deadline deal with Magic, 0
https://www.usatoday.com/https://www.usatoday.com/story/sports/sports-betting/2021/03/25/detroit-red-wings-at-nashville-predators-odds-picks-and-prediction/115639750/, Detroit Red Wings at Nashville Predators odds| picks and prediction, 0
https://www.usatoday.com/https://www.usatoday.com/story/entertainment/music/2021/03/25/elton-john-releases-rare-music-fans-his-birthday/6996986002/, Elton John releases rare music for fans on his birthday, 0
https://www.usatoday.com/https://www.usatoday.com/videos/money/2021/03/25/effortless-ways-boost-savings/6997558002/, Effortless ways to boost savings, 0
https://www.usatoday.com/https://www.usatoday.com/story/entertainment/music/2021/03/25/michael-stanley-day-roll-hall-fame-honors-late-musician/6997070002/, Michael Stanley Day: Rock & Roll Hall of Fame honors late musician, 0
https://www.usatoday.com/https://www.usatoday.com/story/news/factcheck/2021/03/25/fact-check-astrazeneca-vaccine-blood-clots-not-definitively-linked/4721828001/, Fact check: AstraZeneca vaccine| blood clots not definitively linked, 0
https://www.usatoday.com/https://www.usatoday.com/story/sports/sports-betting/2021/03/25/march-madness-houston-vs-syracuse-odds-picks-and-prediction/115639766/, March Madness: Houston vs. Syracuse odds| picks and prediction, 0
https://www.usatoday.com/https://www.usatoday.com/story/news/education/2021/03/25/can-schools-punish-students-spring-break-who-ignore-covid-rules/6970068002/, Miami spring break: Can schools punish students who ignore COVID rules, 0
https://www.usatoday.com/https://www.usatoday.com/videos/money/2021/03/25/semiconductor-shortage-low-supply-chips-impacts-auto-electronics/6997757002/, Semiconductor shortage: Low supply of chips impacts auto| electronics, 0
https://www.usatoday.com/https://www.usatoday.com/story/news/education/2021/03/25/eastern-michigan-university-sexual-assault-lawsuit/6997144002/, Sexual assault claims: 11 women sue Michigan university| fraternities, 0
https://www.usatoday.com/https://www.usatoday.com/story/sports/sports-betting/2021/03/25/st-louis-blues-at-minnesota-wild-odds-picks-and-prediction/115639930/, St. Louis Blues at Minnesota Wild odds| picks and prediction, 0
https://www.usatoday.com/https://www.usatoday.com/story/sports/nba/2021/03/25/ap-source-magic-sending-fournier-to-celtics-for-draft-picks/43480423/, AP source: Magic sending Fournier to Celtics for draft picks, 0
https://www.usatoday.com/https://www.usatoday.com/story/sports/nba/2021/03/25/gasol-hopes-to-revive-career-in-his-return-to-barcelona/115639958/, Gasol hopes to revive career in his return to Barcelona, 0
https://www.usatoday.com/https://www.usatoday.com/story/money/2021/03/25/peeps-flavored-pepsi-launches-via-sweepstakes-heres-how-enter/6997338002/, Peepsi? Peeps-flavored Pepsi launches with sweepstakes. How to enter, 0
https://www.usatoday.com/https://www.usatoday.com/story/sports/nba/2021/03/25/nba-trade-deadline-tracker-breaking-down-deals/6990654002/, NBA trade deadline 2021 tracker: Breaking down all the deals, 0
https://www.usatoday.com/https://www.usatoday.com/story/entertainment/2021/03/25/broadway-covid-shutdown-end-mayor-de-blasio-shares-reopening-steps/6996647002/, Broadway COVID shutdown end in sight: De Blasio shares reopening steps, 0
https://www.usatoday.com/https://www.usatoday.com/story/sports/sports-betting/2021/03/25/fantasy-baseball-sleepers-count-on-these-first-basemen-to-shine/115640016/, Fantasy Baseball Sleepers: Count on these first basemen to shine, 0
https://www.usatoday.com/https://www.usatoday.com/story/money/shopping/2021/03/25/real-water-recall-fda-warning-hepatitis-liver-disease-amazon/6996755002/, Recall: Real Water recalled after FDA warning of liver disease link, 0
https://www.usatoday.com/https://www.usatoday.com/videos/news/nation/2021/03/25/us-cyber-experts-worked-safeguard-election/6998769002/, US cyber experts worked to safeguard election, 0
https://www.usatoday.com/https://www.reviewed.com/televisions/content/samsung-qn90a-tv-review?utm_source=usat&utm_medium=referral&utm_campaign=collab, Samsung's top 4K TV delivers brilliant performance, 0
https://www.usatoday.com/https://www.usatoday.com/story/sports/sports-betting/2021/03/25/ufc-260-miocic-vs-ngannou-2-odds-fight-card/115640054/, UFC 260: Miocic vs. Ngannou 2 odds & fight card, 0
https://www.usatoday.com/https://www.usatoday.com/story/news/nation/2021/03/25/tornado-outbreak-floods-predicted-south/6996787002/, Severe weather: At least 5 dead after multiple tornadoes slam Alabama, 0
https://www.usatoday.com/https://www.usatoday.com/videos/news/nation/2021/03/25/boulder-shooting-suspect-appears-hearing-being-held-without-bail/6998674002/, Boulder shooting: Suspect appears at hearing| being held without bail, 0
https://www.usatoday.com/https://www.usatoday.com/videos/news/nation/2021/03/25/colorado-supermarket-shooting-suspect-court/6998893002/, Colorado supermarket shooting suspect in court, 0
https://www.usatoday.com/https://www.usatoday.com/story/sports/ncaab/2021/03/25/ncaa-tourney-proof-of-narrowing-talent-gap-in-college-hoops/115640090/, NCAA tourney proof of narrowing talent gap in college hoops, 0
https://www.usatoday.com/https://www.usatoday.com/story/sports/ncaab/2021/03/25/georgia-techs-parham-to-return-devoe-considers-nba-options/43480451/, Georgia Tech's Parham to return| Devoe considers NBA options, 0
https://www.usatoday.com/https://www.usatoday.com/story/tech/reviewedcom/2021/03/25/11-tiktok-famous-products-help-you-organize/6998901002/, 11 TikTok-famous products that will help you organize, 0
https://www.usatoday.com/https://www.usatoday.com/story/sports/nba/2021/03/25/nuggets-acquire-aaron-gordon-push-deep-playoff-run/6998964002/, Nuggets acquire Aaron Gordon in push for deep playoff run, 0
https://www.usatoday.com/https://www.usatoday.com/videos/entertainment/2021/03/25/joe-manganiello-got-brilliance-smiths/6999283002/, Joe Manganiello: 'I got the brilliance of' the Smiths, 0
https://www.usatoday.com/https://www.usatoday.com/videos/news/nation/2021/03/25/joe-manganiello-got-brilliance-smiths/6999372002/, Joe Manganiello: 'I got the brilliance of' the Smiths, 0
https://www.usatoday.com/https://www.usatoday.com/story/news/politics/2021/03/25/president-joe-biden-holds-first-press-conference/6984142002/, Live updates: President Joe Biden holds first press conference, 0
https://www.usatoday.com/https://www.usatoday.com/story/sports/ncaab/2021/03/25/miami-hurricanes-guard-chris-lykes-decides-to-turn-pro/43480455/, Miami Hurricanes guard Chris Lykes decides to turn pro, 0
https://www.usatoday.com/https://www.usatoday.com/story/money/2021/03/25/stocks-wobble-oil-falls-back-wall-street-keeps-churning/6999410002/, Stocks pull mostly higher| shaking off some early wobbles, 0
https://www.usatoday.com/https://www.usatoday.com/sitemap/2021/march/25/, 1, 0
https://www.usatoday.com/https://www.usatoday.com/sitemap/2021/march/25/?page=2, 2, 0
