https://www.usatoday.com/https://www.usatoday.com/story/sports/ncaaw/2021/03/26/ap-interview-emmert-says-poor-communication-led-to-inequity/115644544/, AP Interview: Emmert says poor communication led to inequity, 0
https://www.usatoday.com/https://www.usatoday.com/story/sports/mlb/2021/03/26/red-sox-lefty-rodriguez-scratched-for-opener-with-dead-arm/115644518/, Red Sox lefty Rodriguez scratched for opener with 'dead arm', 0
https://www.usatoday.com/https://www.usatoday.com/story/entertainment/tv/2021/03/26/sharon-osbourne-leaves-the-talk-after-11-seasons/7021208002/, Sharon Osbourne leaves 'The Talk|' Piers Morgan weighs in, 0
https://www.usatoday.com/https://www.usatoday.com/story/sports/ncaaw/2021/03/26/caitlin-clark-paige-bueckers-ncaa-womens-basketball-tournament-iowa-connecticut/7021148002/, Sweet 16: Paige Bueckers| Caitlin Clark to face off in UConn-Iowa game, 0
https://www.usatoday.com/https://www.usatoday.com/videos/news/nation/2021/03/27/georgia-lawmaker-arrested-outside-governors-office/7021757002/, Georgia lawmaker arrested outside governor's office, 0
https://www.usatoday.com/https://www.usatoday.com/story/sports/golf/2021/03/26/campos-zanotti-suh-share-lead-in-dominican-republic/43483217/, Campos| Zanotti| Suh share lead in Dominican Republic, 0
https://www.usatoday.com/https://www.usatoday.com/story/sports/golf/2021/03/26/garcia-comes-up-aces-on-a-frenetic-friday-at-match-play/43483219/, Garcia comes up aces on a frenetic Friday at Match Play, 0
https://www.usatoday.com/https://www.usatoday.com/story/sports/nhl/2021/03/26/canadian-government-oks-reduced-quarantine-for-nhl-players/115644548/, Canadian government OK's reduced quarantine for NHL players, 0
https://www.usatoday.com/https://www.usatoday.com/story/tech/reviewedcom/2021/03/26/nordstrom-sale-spring-shopping-event-has-markdowns-up-50/7002871002/, Nordstrom sale: This spring shopping event has markdowns of up to 50%, 0
https://www.usatoday.com/https://www.usatoday.com/story/news/2021/03/26/which-counties-pushing-hardest-recall-newsom/7018804002/, Which counties are pushing hardest to recall Newsom?, 0
https://www.usatoday.com/https://www.usatoday.com/story/sports/golf/2021/03/26/dylan-frittelli-gives-weekend-at-match-play-a-no-64-seed/115644578/, Dylan Frittelli gives weekend at Match Play a No. 64 seed, 0
https://www.usatoday.com/https://www.usatoday.com/videos/tech/2021/03/27/help-math-homework-photomath-khan-academy-apps/7021983002/, Having math problems? There's an app for that, 0
https://www.usatoday.com/https://www.usatoday.com/videos/news/nation/2021/03/27/vigil-honors-lives-lost-atlanta-spa-shootings/7022203002/, Vigil honors lives lost in Atlanta spa shootings, 0
https://www.usatoday.com/https://www.usatoday.com/story/tech/reviewedcom/2021/03/26/spring-2021-best-deals-shop-season/4801885001/, Spring 2021: The best deals to shop for the season, 0
https://www.usatoday.com/https://www.usatoday.com/story/sports/nhl/2021/03/26/ovechkin-scores-twice-red-hot-capitals-shut-out-devils-4-0/43483239/, Ovechkin scores twice| red-hot Capitals shut out Devils 4-0, 0
https://www.usatoday.com/https://www.usatoday.com/story/nletter/short-list/2021/03/26/your-weekend-long-reads-usa-today/7000145002/, Your weekend long reads from USA TODAY, 0
https://www.usatoday.com/https://www.usatoday.com/videos/entertainment/books/2021/03/27/childrens-book-author-beverly-cleary-dies-104/7022685002/, Children's book author Beverly Cleary dies at 104, 0
https://www.usatoday.com/https://www.usatoday.com/story/tech/reviewedcom/2021/03/26/cordless-stick-vacuum-take-up-100-off-these-samsung-jet-machines/4755629001/, Cordless stick vacuum: Take up to $100 off these Samsung Jet machines, 0
https://www.usatoday.com/https://www.usatoday.com/story/sports/nba/2021/03/26/paul-ayton-lead-suns-past-raptors-for-30th-victory/43483257/, Paul| Ayton lead Suns past Raptors for 30th victory, 0
https://www.usatoday.com/https://www.usatoday.com/story/sports/nba/2021/03/26/tatum-smart-help-celtics-end-bucks-winning-streak/43483281/, Tatum| Smart help Celtics end Bucks' winning streak, 0
https://www.usatoday.com/https://www.usatoday.com/story/sports/golf/2021/03/26/wie-west-misses-cut-park-holds-1-shot-lead-at-kia-classic/43483301/, Wie West misses cut| Park holds 1-shot lead at Kia Classic, 0
https://www.usatoday.com/https://www.usatoday.com/story/sports/nba/2021/03/26/powell-scores-22-in-portland-debut-as-blazers-topple-magic/43483303/, Powell scores 22 in Portland debut as Blazers topple Magic, 0
https://www.usatoday.com/https://www.usatoday.com/story/sports/nba/2021/03/26/towns-scores-29-as-twolves-come-back-to-beat-rockets-107-101/115644642/, Towns scores 29 as TWolves come back to beat Rockets 107-101, 0
https://www.usatoday.com/https://www.usatoday.com/story/sports/nba/2021/03/26/harden-griffin-help-nets-hold-off-pistons-113-111/43483329/, Harden| Griffin help Nets hold off Pistons 113-111, 0
https://www.usatoday.com/https://www.usatoday.com/story/sports/nba/2021/03/26/nikola-jokic-has-37-points-nuggets-beat-pelicans-113-108/115644658/, Nikola Jokic has 37 points| Nuggets beat Pelicans 113-108, 0
https://www.usatoday.com/https://www.usatoday.com/story/sports/nba/2021/03/26/monk-scores-32-as-hornets-hold-on-to-beat-heat-110-105/43483313/, Monk scores 32 as Hornets hold on to beat Heat 110-105, 0
https://www.usatoday.com/https://www.usatoday.com/story/sports/2021/03/26/tennessee-gov-bill-lee-signs-transgender-athlete-bill/7023674002/, Tennessee governor signs transgender athlete bill into law, 0
https://www.usatoday.com/https://www.usatoday.com/story/sports/nhl/2021/03/26/alex-ovechkin-scores-twice-capitals-beat-devils-4-0/115644680/, Alex Ovechkin scores twice| Capitals beat Devils 4-0, 0
https://www.usatoday.com/https://www.usatoday.com/story/sports/nba/2021/03/26/sabonis-brogdon-lead-pacers-past-doncic-less-mavs-109-94/43483339/, Sabonis| Brogdon lead Pacers past Doncic-less Mavs| 109-94, 0
https://www.usatoday.com/https://www.usatoday.com/story/sports/mlb/2021/03/26/oberg-undergoes-surgery-for-blood-clots-in-pitching-elbow/43483353/, Oberg undergoes surgery for blood clots in pitching elbow, 0
https://www.usatoday.com/https://www.usatoday.com/story/sports/mlb/2021/03/26/leblanc-added-to-big-league-roster-by-orioles-davis-on-il/43483355/, LeBlanc added to big league roster by Orioles; Davis on IL, 0
https://www.usatoday.com/https://www.usatoday.com/story/sports/college/baseball/2021/03/26/vanderbilts-jack-leiter-throws-7-more-hitless-innings/115644694/, Vanderbilt's Jack Leiter throws 7 more hitless innings, 0
https://www.usatoday.com/https://www.usatoday.com/story/sports/nfl/2021/03/26/chargers-qb-chase-daniel-agree-to-1-year-deal/115644698/, Chargers| QB Chase Daniel agree to 1-year deal, 0
https://www.usatoday.com/https://www.usatoday.com/story/sports/nhl/2021/03/26/steel-jones-lead-ducks-to-4-1-win-over-blues/43483363/, Steel| Jones lead Ducks to 4-1 win over Blues, 0
https://www.usatoday.com/https://www.usatoday.com/story/sports/nba/2021/03/26/nba-leading-jazz-beat-grizzlies-for-18th-straight-home-win/115644714/, NBA-leading Jazz beat Grizzlies for 18th straight home win, 0
https://www.usatoday.com/https://www.usatoday.com/in-depth/graphics/2021/03/12/when-will-everyone-be-vaccinated-for-covid-19-when-will-we-reach-us-herd-immunity-projection/6840512002/, When will we all be vaccinated?, 0
https://www.usatoday.com/https://www.usatoday.com/story/news/nation/2021/03/24/boulder-shooting-police-eric-talley-colorado-king-soopers/6969779002/, The evolution of police strategy, 0
https://www.usatoday.com/https://www.usatoday.com/story/entertainment/movies/2021/03/26/summer-movie-season-back-2021-but-were-nowhere-near-normal/6974249002/, Info about films and theaters, 0
https://www.usatoday.com/https://www.usatoday.com/story/sports/nba/2021/03/27/john-collins-career-high-38-points-lead-hawks-past-warriors/43483383/, John Collins' career-high 38 points lead Hawks past Warriors, 0
https://www.usatoday.com/https://www.usatoday.com/story/sports/nfl/draft/2021/03/26/nfl-draft-2021-seven-round-order-all-259-picks/7024983002/, NFL draft 2021: Seven-round order for all 259 picks, 0
https://www.usatoday.com/https://www.usatoday.com/story/sports/nhl/2021/03/27/dvorak-scores-twice-coyotes-beat-sharks-5-2/43483405/, Dvorak scores twice| Coyotes beat Sharks 5-2, 0
https://www.usatoday.com/https://www.usatoday.com/story/sports/mlb/redsox/2021/03/26/opening-day-eduardo-rodriguez-scratched-boston-red-sox-starter/7025380002/, Opening day: Eduardo Rodriguez scratched by Boston Red Sox as starter, 0
https://www.usatoday.com/https://www.usatoday.com/story/sports/nba/2021/03/27/lakers-rally-past-cavaliers-to-snap-4-game-losing-streak/43483419/, Lakers rally past Cavaliers to snap 4-game losing streak, 0
https://www.usatoday.com/https://www.usatoday.com/story/sports/nhl/2021/03/27/stastny-has-goal-assist-to-help-jets-hold-off-flames-3-2/115644784/, Stastny has goal| assist to help Jets hold off Flames| 3-2, 0
https://www.usatoday.com/https://www.usatoday.com/story/news/2021/03/26/virginia-beach-oceanfront-shooting-leaves-several-hurt-police/7026202002/, Virginia Beach oceanfront shootings leave 2 dead| 8 injured: Police, 0
https://www.usatoday.com/https://www.usatoday.com/story/sports/ncaab/2021/03/27/scott-thinks-pac-12s-ncaa-run-will-bode-well-for-future/115644806/, Scott thinks Pac-12's NCAA run will bode well for future, 0
https://www.usatoday.com/https://www.usatoday.com/story/news/politics/2021/03/27/trump-tried-defund-doj-peacemakers-used-repair-race-relations/6965530002/, Trump tried to defund DOJ peacemakers used to 'repair race relations', 0
https://www.usatoday.com/https://www.usatoday.com/story/sports/2021/03/27/new-york-rangers-at-philadelphia-flyers-odds-picks-and-prediction/115644818/, New York Rangers at Philadelphia Flyers odds| picks and prediction, 0
https://www.usatoday.com/https://www.usatoday.com/story/sports/2021/03/27/vegas-golden-knights-at-colorado-avalanche-odds-picks-and-prediction/115644822/, Vegas Golden Knights at Colorado Avalanche odds| picks and prediction, 0
https://www.usatoday.com/https://www.usatoday.com/story/sports/2021/03/27/columbus-blue-jackets-at-detroit-red-wings-odds-picks-and-prediction/115644826/, Columbus Blue Jackets at Detroit Red Wings odds| picks and prediction, 0
https://www.usatoday.com/https://www.usatoday.com/story/news/2021/03/27/suez-canal-trouble-passover-5-things-know-weekend/4766631001/, Suez Canal trouble| Passover: 5 things to know this weekend, 0
https://www.usatoday.com/https://www.usatoday.com/story/opinion/2021/03/27/military-should-stick-defense-tucker-carlson-column/6980146002/, Military should stick to defense| not 'smiting' Tucker Carlson, 0
https://www.usatoday.com/https://www.usatoday.com/story/news/politics/2021/03/27/indiana-mask-mandates-end-wasnt-caused-pressure-holcomb-says/6994557002/, Indiana mask mandate's end wasn't caused by pressure| Holcomb says, 0
https://www.usatoday.com/https://www.usatoday.com/story/opinion/2021/03/27/baseball-can-lead-way-american-recovery-column/6983641002/, Baseball can lead the way in American recovery, 0
https://www.usatoday.com/https://www.usatoday.com/story/opinion/2021/03/27/kids-cant-covid-shots-mine-vaccinated-column/7019545002/, Kids can't get COVID-19 shots| but my son may already be vaccinated, 0
https://www.usatoday.com/https://www.usatoday.com/story/news/health/2021/03/27/covid-19-pregnancy-vaccines-safe-protect-moms-babies-study/6979881002/, COVID and pregnancy: Vaccines safe| protect moms and babies: study, 0
https://www.usatoday.com/https://www.usatoday.com/story/news/health/2021/03/27/covid-experts-fear-spring-break-case-spike-study-looks-students/7015625002/, COVID: Experts fear spring break case spike; Study looks at students, 0
https://www.usatoday.com/https://www.usatoday.com/story/tech/columnist/2021/03/27/help-with-math-covid-19-school-home/6967794002/, COVID-19 school at home: Math grades suffering? Here's an app for that, 0
https://www.usatoday.com/https://www.usatoday.com/story/sports/ncaab/tourney/2021/03/27/march-madness-ncaa-tournament-sweet-16-mens-basketball-predictions/7019294002/, March Madness: NCAA Tournament Sweet 16 men's basketball predictions, 0
https://www.usatoday.com/https://www.usatoday.com/story/entertainment/books/2021/03/27/new-books-children-under-fire-targets-gun-violence-libertie/6956173002/, 5 books not to miss: 'Children Under Fire' targets gun violence| more, 0
https://www.usatoday.com/https://www.usatoday.com/story/sports/ncaab/tourney/2021/03/27/ncaa-tournament-saturday-men-sweet-16-schedule-tv-odds/7021505002/, March Madness Sweet 16 schedule: Saturday NCAA Tournament TV channels, 0
https://www.usatoday.com/https://www.usatoday.com/story/sports/ncaaw/tourney/2021/03/27/ncaa-tournament-saturday-women-sweet-16-schedule-tv-odds/7024682002/, March Madness Sweet 16 schedule: Saturday women's NCAA Tournament info, 0
https://www.usatoday.com/https://www.usatoday.com/story/sports/ncaab/tourney/2021/03/27/ncaa-mens-basketball-tournament-15-seeds-sweet-16/7010617002/, Oral Roberts' Sweet 16 run follows path set by USC coach Andy Enfield, 0
https://www.usatoday.com/https://www.usatoday.com/story/sports/ncaab/tourney/2021/03/27/march-madness-most-preseason-polls-missed-mark-sweet-16-teams/7004497002/, March Madness: Most preseason polls missed mark with Sweet 16 teams, 0
https://www.usatoday.com/https://www.usatoday.com/story/sports/2021/03/27/chris-kongo-vs-michael-mckinson-fight-odds-picks-and-prediction/115644988/, Chris Kongo vs. Michael McKinson fight odds| picks and prediction, 0
https://www.usatoday.com/https://www.usatoday.com/story/sports/2021/03/27/alexander-povetkin-vs-dillian-whyte-fight-odds-picks-and-prediction/115645012/, Alexander Povetkin vs. Dillian Whyte fight odds| picks and prediction, 0
https://www.usatoday.com/https://www.usatoday.com/story/sports/2021/03/27/new-york-islanders-at-pittsburgh-penguins-odds-picks-and-prediction/115645052/, New York Islanders at Pittsburgh Penguins odds| picks and prediction, 0
https://www.usatoday.com/https://www.usatoday.com/videos/news/education/2021/03/27/vcu-freshman-found-dead-after-fraternity-party-family-wants-answers/6990480002/, VCU freshman found dead after fraternity party| family wants answers, 0
https://www.usatoday.com/https://www.usatoday.com/in-depth/news/education/2021/03/27/fraternity-deaths-hazing-vcu-bowling-green-state-pledging/6956731002/, Fraternity deaths in Virginia and Ohio: Did COVID rules impact hazing?, 0
https://www.usatoday.com/https://www.usatoday.com/story/money/2021/03/27/ge-climate-friendly-refrigerator-turned-out-to-be-carbon-bomb/6972109002/, GE 'climate friendly' refrigerator turned out to be a carbon bomb, 0
https://www.usatoday.com/https://www.usatoday.com/story/news/health/2021/03/27/covid-19-vaccinated-grandparents-hug-grandkids-coronavirus/6930336002/, COVID-19: Vaccinated grandparents hug grandkids| reconnect with family, 0
https://www.usatoday.com/https://www.usatoday.com/story/travel/news/2021/03/27/daytona-beach-spring-break-2021-families-college-students-covid-travel/7001280002/, Daytona Beach: Spring break 2021 has fewer college students amid COVID, 0
https://www.usatoday.com/https://www.usatoday.com/videos/news/nation/2021/03/27/today-history-march-27th/7026944002/, Today in History for March 27th, 0
https://www.usatoday.com/https://www.usatoday.com/story/news/world/2021/03/27/myanmar-dozens-killed-reportedly-deadliest-day-since-military-coup/7026902002/, Myanmar: Dozens killed in reportedly deadliest day since military coup, 0
https://www.usatoday.com/https://www.usatoday.com/story/sports/soccer/2021/03/27/manchester-united-womens-team-makes-its-old-trafford-debut/115645172/, Manchester Utd women's team wins 2-0 in Old Trafford debut, 0
https://www.usatoday.com/https://www.usatoday.com/story/tech/2021/03/27/talking-tech-what-parents-and-kids-learning-tech/7014955002/, Talking Tech: What are parents and kids learning about tech, 0
https://www.usatoday.com/https://www.usatoday.com/story/entertainment/celebrities/2021/03/27/inspirational-quotes-women-entertainment-womens-history-month/6940515002/, Women's History Month: Meghan Markle| Rita Wilson| more moving quotes, 0
https://www.usatoday.com/https://www.usatoday.com/story/tech/reviewedcom/2021/03/27/anthropologie-10-great-items-buy-stores-extra-40-off-sale/7002187002/, Anthropologie: 10 great items to buy from the store's extra 40% off sale, 0
https://www.usatoday.com/https://www.usatoday.com/story/sports/nfl/columnist/bell/2021/03/27/nfl-offseason-calendar-otas-owners-meeting-agenda/7022172002/, NFL owners meetings: 17-game season could be announced soon, 0
https://www.usatoday.com/https://www.usatoday.com/story/sports/motor/formula1/2021/03/27/verstappen-leads-practice-for-bahrain-gp-ahead-of-qualifying/115645270/, Verstappen takes superb pole at Bahrain GP ahead of Hamilton, 0
https://www.usatoday.com/https://www.usatoday.com/story/news/politics/2021/03/27/iowa-2nd-congressional-district-what-you-need-know-closest-election-results-rita-hart-miller-meeks/6996411002/, Iowa's 2nd District: What to know about the nation's closest election, 0
https://www.usatoday.com/https://www.usatoday.com/picture-gallery/news/nation/2021/03/27/us-mexico-border-migrant-families/7010031002/, US-Mexico border: Migrant families seek entry, 0
https://www.usatoday.com/https://www.usatoday.com/story/news/nation/2021/03/27/migrant-families-released-us-border-immigration-rules-biden/6992761002/, Biden immigration: Migrants at border tested for COVID| put on planes, 0
https://www.usatoday.com/https://www.usatoday.com/story/sports/nfl/draft/2021/03/27/nfl-mock-draft-2021-trades-niners-dolphins-free-agency-first-round/7021948002/, NFL mock draft 2021: 49ers-Dolphins trade| free agency make impact, 0
https://www.usatoday.com/https://www.usatoday.com/videos/entertainment/tv/2021/03/27/police-deal-multiple-shooting-crimes-scenes-virginia-beach/7027335002/, Police deal with multiple shooting crimes scenes in Virginia Beach, 0
https://www.usatoday.com/https://www.usatoday.com/videos/sports/nfl/sportspulse/2021/03/27/hes-grown-man-he-can-deal-george-kittle-jimmy-g-handling-trade-rumors/7027344002/, 'He's a grown man| he can deal with it': George Kittle on Jimmy G handling trade rumors, 0
https://www.usatoday.com/https://www.usatoday.com/story/news/politics/2021/03/27/dov-ducey-asks-money-dispatch-national-guard-border/7027223002/, Dov. Ducey asks for money to dispatch National Guard to border, 0
https://www.usatoday.com/https://www.usatoday.com/videos/sports/mlb/sportspulse/2021/03/27/biggest-question-facing-every-al-west-team-2021/7027529002/, The biggest question facing every AL West team in 2021, 0
https://www.usatoday.com/https://www.usatoday.com/story/sports/ncaaf/2021/03/27/howard-schnellenberger-legendary-college-football-coach-dies-87/7027365002/, Howard Schnellenberger| legendary college football coach| dies at 87, 0
https://www.usatoday.com/https://www.usatoday.com/story/sports/2021/03/27/detroit-pistons-at-washington-wizards-odds-picks-and-prediction/115645538/, Detroit Pistons at Washington Wizards odds| picks and prediction, 0
https://www.usatoday.com/https://www.usatoday.com/in-depth/sports/ncaaw/2021/03/27/march-madness-why-cant-ncaa-get-womens-basketball-right/7012017002/, March Madness: Why can't the NCAA get women's basketball right?, 0
https://www.usatoday.com/https://www.usatoday.com/story/sports/2021/03/27/houston-rockets-at-minnesota-timberwolves-odds-picks-and-prediction/115645552/, Houston Rockets at Minnesota Timberwolves odds| picks and prediction, 0
https://www.usatoday.com/https://www.usatoday.com/story/sports/ncaaw/2021/03/27/sweet-16-coaches-staley-and-fortner-share-olympic-bond/43483729/, Sweet 16 coaches Staley and Fortner share Olympic bond, 0
https://www.usatoday.com/https://www.usatoday.com/story/life/health-wellness/2021/03/27/why-spring-cleaning-actually-fun-year/7015024002/, Why spring cleaning is actually fun this year, 0
https://www.usatoday.com/https://www.usatoday.com/videos/sports/ncaab/sportspulse/2021/03/27/gleeson-guarantees-best-march-madness-bets-sweet-16-sunday-action/7026854002/, Gleeson Guarantees: Best March Madness bets for Sweet 16 Sunday action, 0
https://www.usatoday.com/https://www.usatoday.com/story/sports/ncaaw/2021/03/27/missouri-state-set-or-womens-sweet-16-rematch-vs-stanford/43483739/, Missouri State set for women's Sweet 16 rematch vs Stanford, 0
https://www.usatoday.com/https://www.usatoday.com/story/sports/2021/03/27/cleveland-cavaliers-at-sacramento-kings-odds-picks-and-prediction/115645562/, Cleveland Cavaliers at Sacramento Kings odds| picks and prediction, 0
https://www.usatoday.com/https://www.usatoday.com/story/news/nation/2021/03/27/andre-hill-fatal-police-shooting-autopsy/7027019002/, Andre Hill police shooting: Columbus autopsy shows shot 4 times, 0
https://www.usatoday.com/https://www.usatoday.com/story/news/politics/2021/03/27/weiser-witches-nessel-whitmer-benson/7027852002/, MIGOP leader mentions assassination| calls Democratic women 'witches', 0
https://www.usatoday.com/https://www.usatoday.com/videos/news/nation/2021/03/27/myanmar-forces-kill-dozens-clear-protesters/7027883002/, Myanmar forces kill dozens to clear protesters, 0
https://www.usatoday.com/https://www.usatoday.com/story/sports/2021/03/27/philadelphia-76ers-at-los-angeles-clippers-odds-picks-and-prediction/115645574/, Philadelphia 76ers at Los Angeles Clippers odds| picks and prediction, 0
https://www.usatoday.com/https://www.usatoday.com/story/sports/ncaab/tourney/2021/03/27/march-madness-oral-roberts-sweet-16-ncaa-tournament-run-brings-spotlight-tulsa/7027847002/, March Madness: Oral Roberts' Sweet 16 run fires up Golden Eagles fans, 0
https://www.usatoday.com/https://www.usatoday.com/story/news/politics/2021/03/27/lee-wong-bares-chest-decry-asian-discrimination/7027916002/, Ohio official Lee Wong bares scarred chest to decry anti-Asian racism, 0
https://www.usatoday.com/https://www.usatoday.com/story/sports/2021/03/27/edmonton-oilers-at-toronto-maple-leafs-odds-picks-and-prediction/115645680/, Edmonton Oilers at Toronto Maple Leafs odds| picks and prediction, 0
https://www.usatoday.com/https://www.usatoday.com/story/sports/ncaaw/2021/03/27/march-madness-brenda-frese-maryland-womens-basketball-dying-father/7014296002/, Maryland women's basketball coach Brenda Frese finds joy amid heartache, 0
https://www.usatoday.com/https://www.usatoday.com/story/nletter/health/2021/03/27/coronavirus-watch-study-suggests-vaccines-protect-moms-and-likely-babies-too/7027986002/, Coronavirus Watch: Study suggests vaccines protect moms and likely babies| too, 0
https://www.usatoday.com/https://www.usatoday.com/story/news/politics/2021/03/27/minnesota-supreme-court-drunk-rape-victim-not-incapacitated/7027981002/, Minnesota Supreme Court: Drunk rape victim not 'incapacitated’, 0
https://www.usatoday.com/https://www.usatoday.com/story/money/2021/03/27/vehicle-recall-check-volkswagen-recalls-audi-a-3-s-air-bag-concerns/7028190002/, Vehicle recall check: Volkswagen recalls Audi A3s on air bag concerns, 0
https://www.usatoday.com/https://www.usatoday.com/story/sports/mlb/2021/03/27/ap-source-jay-bruce-to-make-yankees-opening-day-roster/43483755/, Yanks' Voit needs knee surgery| giving chance for Jay Bruce, 0
https://www.usatoday.com/https://www.usatoday.com/story/sports/soccer/2021/03/27/dzyuba-nears-russia-scoring-record-in-2-1-win-over-slovenia/43483761/, Russia beats Slovenia in WCup qualifying| Croatia wins, 0
https://www.usatoday.com/https://www.usatoday.com/story/sports/tennis/2021/03/27/simona-halep-withdraws-from-miami-open-with-shoulder-injury/43483763/, Tsitsipas| with Big Three missing| makes 4th round in Miami, 0
https://www.usatoday.com/https://www.usatoday.com/story/news/nation/2021/03/27/severe-weather-southern-states-face-tornado-threat-saturday/7027395002/, Severe weather: Southern states face tornado threat Saturday, 0
https://www.usatoday.com/https://www.usatoday.com/story/sports/2021/03/27/winnipeg-jets-at-calgary-flames-odds-picks-and-prediction/115645848/, Winnipeg Jets at Calgary Flames odds| picks and prediction, 0
https://www.usatoday.com/https://www.usatoday.com/in-depth/graphics/2021/03/27/comparing-covid-19-vaccines/6806600002/, Comparing the COVID-19 vaccines. Which vaccine will I get? What about side effects and efficacy comparison?, 0
https://www.usatoday.com/https://www.usatoday.com/story/sports/mlb/2021/03/27/pablo-sandoval-makes-braves-opening-day-roster/115645882/, Pablo Sandoval makes Braves' opening day roster, 0
https://www.usatoday.com/https://www.usatoday.com/story/sports/2021/03/27/nathan-chen-wins-3rd-straight-mens-figure-skating-world-title/7028329002/, Nathan Chen wins 3rd straight men's figure skating world title, 0
https://www.usatoday.com/https://www.usatoday.com/story/sports/ncaab/2021/03/27/utah-hires-utah-states-craig-smith-as-basketball-coach/43483769/, Craig Smith| who fortified Utah State| hired as Utah coach, 0
https://www.usatoday.com/https://www.usatoday.com/story/sports/2021/03/27/ufc-260-stipe-miocic-vs-francis-ngannou-odds-picks-and-prediction/115645894/, UFC 260: Stipe Miocic vs. Francis Ngannou odds| picks and prediction, 0
https://www.usatoday.com/https://www.usatoday.com/story/sports/2021/03/27/ufc-260-tyron-woodley-vs-vicente-luque-odds-picks-and-prediction/115645920/, UFC 260: Tyron Woodley vs. Vicente Luque odds| picks and prediction, 0
https://www.usatoday.com/https://www.usatoday.com/videos/news/nation/2021/03/27/deaths-mandalay-forces-use-lethal-tactics/7028566002/, Deaths in Mandalay as forces use lethal tactics, 0
https://www.usatoday.com/https://www.usatoday.com/story/sports/nfl/2021/03/27/ravens-adding-wide-receiver-sammy-watkins-in-1-year-deal/43483777/, Ravens adding wide receiver Sammy Watkins in 1-year deal, 0
https://www.usatoday.com/https://www.usatoday.com/story/sports/2021/03/27/ufc-260-gillian-robertson-vs-miranda-maverick-odds-picks-and-prediction/115645960/, UFC 260: Gillian Robertson vs. Miranda Maverick odds| picks and prediction, 0
https://www.usatoday.com/https://www.usatoday.com/story/sports/2021/03/27/ufc-260-sean-omalley-vs-thomas-almeida-odds-picks-and-prediction/115645986/, UFC 260: Sean O'Malley vs. Thomas Almeida odds| picks and prediction, 0
https://www.usatoday.com/https://www.usatoday.com/story/sports/mlb/2021/03/27/bruce-sandoval-on-big-league-rosters-maybin-frazier-cut/115646022/, Bruce| Sandoval on big league rosters| Maybin| Frazier cut, 0
https://www.usatoday.com/https://www.usatoday.com/story/sports/2021/03/27/villanova-vs-baylor-ncaa-tournament-sweet-16-odds-picks-and-prediction/115646048/, Villanova vs. Baylor NCAA Tournament Sweet 16 Odds| Picks and Prediction, 0
https://www.usatoday.com/https://www.usatoday.com/story/sports/ncaab/2021/03/27/tyson-walker-transfer-michigan-state/7028761002/, Tyson Walker| a top mid-major guard| to transfer to Michigan State, 0
https://www.usatoday.com/https://www.usatoday.com/story/sports/2021/03/27/ufc-260-jamie-mullarkey-vs-khama-worthy-odds-picks-and-prediction/115646054/, UFC 260: Jamie Mullarkey vs. Khama Worthy odds| picks and prediction, 0
https://www.usatoday.com/https://www.usatoday.com/story/sports/ncaab/2021/03/27/love-and-basketball-ums-howard-faces-his-friend-at-fsu/115646086/, Love and basketball: UM's Howard faces his friend at FSU, 0
https://www.usatoday.com/https://www.usatoday.com/story/sports/ncaab/2021/03/27/duke-guard-goldwire-plans-to-leave-as-graduate-transfer/43483803/, Duke guard Goldwire plans to leave as graduate transfer, 0
https://www.usatoday.com/https://www.usatoday.com/story/sports/ncaab/2021/03/27/unbeaten-zags-hope-to-take-next-step-against-creighton/115646144/, Unbeaten Zags hope to take next step against Creighton, 0
https://www.usatoday.com/https://www.usatoday.com/story/sports/mlb/2021/03/27/brewers-re-sign-jordan-zimmermann-to-minor-league-deal/115646190/, Brewers re-sign Jordan Zimmermann to minor league deal, 0
https://www.usatoday.com/https://www.usatoday.com/story/entertainment/celebrities/2021/03/27/stanley-tucci-fans-upset-prince-william-crowned-sexiest-bald-man/7028544002/, Stanley Tucci fans upset as Prince William crowned 'sexiest bald man', 0
https://www.usatoday.com/https://www.usatoday.com/story/sports/ncaab/2021/03/27/nolley-27-points-memphis-14-3s-over-colorado-st-in-nit-semi/43483809/, Nolley 27 points| Memphis 14 3s over Colorado St in NIT semi, 0
https://www.usatoday.com/https://www.usatoday.com/story/sports/mlb/2021/03/27/cubs-option-infielder-nico-hoerner-to-triple-a-iowa/115646218/, Bote wins Cubs 2B job; Hoerner optioned to Triple-A Iowa, 0
https://www.usatoday.com/https://www.usatoday.com/story/sports/ncaab/2021/03/27/hawkins-northwest-missouri-st-repeat-as-d-ii-champs-80-54/43483821/, Hawkins| Northwest Missouri St. repeat as D-II champs 80-54, 0
https://www.usatoday.com/https://www.usatoday.com/story/sports/golf/2021/03/27/harman-turns-tables-on-watson-kuchar-ousts-spieth-in-austin/115646238/, Scheffler mows down European stalwarts in Match Play, 0
https://www.usatoday.com/https://www.usatoday.com/story/sports/ncaaw/2021/03/27/williams-bueckers-lead-uconn-past-iowa-92-72/115646262/, Williams| Bueckers lead UConn past Iowa in NCAA Sweet 16, 0
https://www.usatoday.com/https://www.usatoday.com/story/sports/2021/03/27/fantasy-baseball-sleepers-count-on-these-starting-pitchers-to-shine/115646288/, Fantasy Baseball Sleepers: Count on these starting pitchers to shine, 0
https://www.usatoday.com/https://www.usatoday.com/story/sports/ncaaf/2021/03/27/san-diego-breaks-fcs-record-in-24-21-win-over-presbyterian/43483827/, Randall throws for 301 yards| 2 TDs in win for San Diego, 0
https://www.usatoday.com/https://www.usatoday.com/story/sports/ncaaf/2021/03/27/lee-runs-for-221-yards-delaware-beats-rhode-island-35-21/115646308/, Lee runs for 221 yards| Delaware beats Rhode Island 35-21, 0
https://www.usatoday.com/https://www.usatoday.com/story/sports/nba/2021/03/27/what-to-watch-michigan-seeks-to-keep-big-ten-alive-in-ncaas/43483829/, What To Watch: Michigan seeks to keep Big Ten alive in NCAAs, 0
https://www.usatoday.com/https://www.usatoday.com/story/sports/2021/03/27/fantasy-baseball-sleepers-count-on-these-relievers-to-shine/115646322/, Fantasy Baseball Sleepers: Count on these relievers to shine, 0
https://www.usatoday.com/https://www.usatoday.com/story/sports/nba/2021/03/27/gordon-mcgee-eager-to-lead-nuggets-toward-deep-playoff-run/43483839/, Gordon| McGee eager to lead Nuggets toward deep playoff run, 0
https://www.usatoday.com/https://www.usatoday.com/story/sports/soccer/2021/03/27/netherlands-beats-latvia-2-0-turkey-downs-norway-3-0/43483843/, Netherlands beats Latvia 2-0; Turkey downs Norway 3-0, 0
https://www.usatoday.com/https://www.usatoday.com/story/sports/ncaab/2021/03/27/march-madness-ncaa-tournament-record-six-religious-schools/7009395002/, Sweet 16 touts record six religious schools in men's tournament, 0
https://www.usatoday.com/https://www.usatoday.com/story/sports/nhl/2021/03/27/morins-1st-career-goal-lifts-flyers-past-rangers-2-1/115646394/, Morin's 1st career goal lifts Flyers past Rangers 2-1, 0
https://www.usatoday.com/https://www.usatoday.com/story/sports/nhl/2021/03/27/bruins-win-3-2-to-extend-sabres-skid-to-17-straight-losses/115646422/, Bruins win 3-2 to extend Sabres skid to 17 straight losses, 0
https://www.usatoday.com/https://www.usatoday.com/story/news/politics/2021/03/27/lankford-braun-describe-conditions-migrants-facility-mexico-border/7028189002/, A look inside a migrant holding facility: GOP senators describe scene, 0
https://www.usatoday.com/https://www.usatoday.com/story/sports/ncaaw/tourney/2021/03/27/connecticut-iowa-ncaa-womens-basketball-tournament/7029377002/, Paige Bueckers| UConn beats Cailtin Clark| Iowa in women's Sweet 16, 0
https://www.usatoday.com/https://www.usatoday.com/story/sports/2021/03/27/fantasy-baseball-sleepers-count-on-these-closers-to-shine/115646438/, Fantasy Baseball Sleepers: Count on these closers to shine, 0
https://www.usatoday.com/https://www.usatoday.com/story/sports/soccer/2021/03/27/matchday-france-seeks-1st-group-win-england-in-albania/43483875/, MATCHDAY: France seeks 1st group win; England in Albania, 0
https://www.usatoday.com/https://www.usatoday.com/story/sports/ncaaf/2021/03/27/bonoffskis-32-yard-fg-gets-davidson-past-morehead-st-24-21/115646456/, Bonoffski's 32-yard FG gets Davidson past Morehead St. 24-21, 0
https://www.usatoday.com/https://www.usatoday.com/story/sports/2021/03/27/oral-roberts-at-arkansas-ncaa-tournament-sweet-16-odds-picks-and-prediction/115646480/, Oral Roberts at Arkansas NCAA Tournament Sweet 16 Odds| Picks and Prediction, 0
https://www.usatoday.com/https://www.usatoday.com/story/sports/ncaaf/2021/03/27/top-ranked-james-madison-grinds-past-william-mary-38-10/43483881/, Top-ranked James Madison grinds past William & Mary 38-10, 0
https://www.usatoday.com/https://www.usatoday.com/story/entertainment/celebrities/2021/03/27/hilary-duff-husband-matthew-kona-new-baby-mae-james-bair/7029191002/, Hilary Duff and husband Matthew Kona welcome new baby| Mae James Bair, 0
https://www.usatoday.com/https://www.usatoday.com/story/money/2021/03/27/suez-canal-shipping-snarl-could-spark-toilet-paper-coffee-shortages/7030623002/, The Suez Canal: Shipping snarl could spark toilet paper| coffee shortages, 0
https://www.usatoday.com/https://www.usatoday.com/story/sports/ncaaf/2021/03/27/hoosman-leads-northern-iowa-over-western-illinois-34-20/115646496/, Hoosman leads Northern Iowa over Western Illinois 34-20, 0
https://www.usatoday.com/https://www.usatoday.com/videos/news/nation/2021/03/27/2-dead-virginia-beach-oceanfront-shootings/7031009002/, 2 dead in Virginia Beach oceanfront shootings, 0
https://www.usatoday.com/https://www.usatoday.com/story/sports/ncaaw/2021/03/27/iowa-caitlin-clark-lose-but-womens-basketball-gets-big-win/7030568002/, Iowa| Caitlin Clark lose but women's basketball gets big win, 0
https://www.usatoday.com/https://www.usatoday.com/story/sports/ncaab/2021/03/27/ncaa-tournament-oregon-state-stuns-loyola-chicago-elite-eight/7029680002/, NCAA Tournament: Oregon State men stun Loyola Chicago| make history, 0
https://www.usatoday.com/https://www.usatoday.com/story/sports/mlb/2021/03/27/oberg-on-60-day-injured-list-after-blood-clot-issue-in-arm/115646530/, Oberg on 60-day injured list after blood-clot issue in arm, 0
https://www.usatoday.com/https://www.usatoday.com/videos/news/nation/2021/03/27/temporary-shelter-migrants-opens-san-diego/7031344002/, Temporary shelter for migrants opens in San Diego, 0
https://www.usatoday.com/https://www.usatoday.com/story/sports/ncaaf/2021/03/27/sluka-ignites-holy-cross-in-34-24-win-over-fordham/115646534/, Sluka ignites Holy Cross in 34-24 win over Fordham, 0
https://www.usatoday.com/https://www.usatoday.com/story/sports/ncaaf/2021/03/27/nicholls-st-scores-41-unanswered-points-wallops-uiw-75-45/115646536/, Nicholls St. scores 41 unanswered points| wallops UIW 75-45, 0
https://www.usatoday.com/https://www.usatoday.com/videos/news/nation/2021/03/27/bodycam-shows-officers-berating-5-year-old-boy/7031430002/, Bodycam shows officers berating 5-year-old boy, 0
https://www.usatoday.com/https://www.usatoday.com/story/sports/nascar/2021/03/27/what-a-mess-nascar-worried-about-first-bristol-dirt-race/115646542/, What a Mess: NASCAR worried about first Bristol dirt race, 0
https://www.usatoday.com/https://www.usatoday.com/story/sports/ncaab/2021/03/27/beavers-bound-for-elite-eight-with-65-58-win-over-loyola/43483933/, Picked last| Oregon now Elite: Beavers beat Loyola in NCAAs, 0
https://www.usatoday.com/https://www.usatoday.com/story/sports/ncaaf/2021/03/27/monmouth-opens-its-season-beats-charleston-southern-35-17/43483967/, Monmouth opens its season| beats Charleston Southern 35-17, 0
https://www.usatoday.com/https://www.usatoday.com/story/sports/ncaab/2021/03/27/oregon-state-men-beat-loyola-chicago-sweet-16-ncaa-tournament/7029908002/, Oregon State men beat Loyola Chicago in Sweet 16 of NCAA Tournament, 0
https://www.usatoday.com/https://www.usatoday.com/story/sports/ncaab/2021/03/27/mississippi-state-in-nit-final-after-84-62-win-over-la-tech/115646562/, Mississippi State in NIT final after 84-62 win over La Tech, 0
https://www.usatoday.com/https://www.usatoday.com/story/entertainment/celebrities/2021/03/27/seth-rogen-emma-watson-walked-off-this-end-set/7030113002/, Seth Rogen: Emma Watson did not storm off 'This is the End' set, 0
https://www.usatoday.com/https://www.usatoday.com/story/sports/nhl/2021/03/27/pickard-blue-jackets-beat-red-wings-3-1/115646600/, Calvin Pickard makes 21 stops as Red Wings beat Blue Jackets, 0
https://www.usatoday.com/https://www.usatoday.com/story/sports/ncaaf/2021/03/27/morgan-leads-late-vmi-comeback-in-36-31-win-over-wofford/115646606/, Morgan leads late VMI comeback in 36-31 win over Wofford, 0
https://www.usatoday.com/https://www.usatoday.com/story/sports/mlb/2021/03/27/nationals-send-projected-starting-3b-kieboom-to-minors/115646616/, Nationals send projected starting 3B Kieboom to minors, 0
https://www.usatoday.com/https://www.usatoday.com/story/sports/golf/2021/03/27/campos-birdies-18th-for-share-of-lead-in-dominican-republic/115646608/, Campos birdies 18th for share of lead in Dominican Republic, 0
https://www.usatoday.com/https://www.usatoday.com/story/news/factcheck/2021/03/27/fact-check-claims-kamala-harris-refused-salute-missing-context/6995336002/, Fact check: Claims that Kamala Harris refused salute missing context, 0
https://www.usatoday.com/https://www.usatoday.com/story/money/2021/03/27/krispy-kreme-donuts-ceo-responds-backlash-against-covid-vaccine-promotion/7031938002/, Krispy Kreme donuts. CEO responds to backlash against COVID vaccine promotion, 0
https://www.usatoday.com/https://www.usatoday.com/story/sports/ncaaw/2021/03/27/ncaa-sweet-16-baylor-beats-michigan-in-ot-78-75/115646654/, NCAA Sweet 16: Baylor beats Michigan in OT 78-75, 0
https://www.usatoday.com/https://www.usatoday.com/story/sports/college/2021/03/27/ncaa-tournament-sweet-16-mens-womens-scores-bracket/7029371002/, NCAA Tournament scores: How Sweet 16 results affect both brackets, 0
https://www.usatoday.com/https://www.usatoday.com/story/sports/ncaaw/2021/03/27/baylor-beats-michigan-ncaa-womens-basketball-sweet-16/7031719002/, Sweet 16: Baylor edges Michigan in OT in women's NCAA Tournament, 0
https://www.usatoday.com/https://www.usatoday.com/story/sports/nhl/2021/03/27/max-pacioretty-scores-in-ot-knights-beat-avalanche-3-2/115646676/, Max Pacioretty scores in OT| Knights beat Avalanche 3-2, 0
https://www.usatoday.com/https://www.usatoday.com/story/sports/olympics/2021/03/27/us-plays-honduras-for-berth-in-mens-olympic-soccer-in-japan/115646690/, US plays Honduras for berth in men's Olympic soccer in Japan, 0
https://www.usatoday.com/https://www.usatoday.com/story/sports/ncaaw/2021/03/27/staley-ready-for-day-hoops-the-sole-focus-of-womens-tourney/43483987/, Staley ready for day hoops the sole focus of women's tourney, 0
https://www.usatoday.com/https://www.usatoday.com/story/sports/nba/2021/03/27/ncaa-board-of-governors-chair-expresses-confidence-in-emmert/115646696/, NCAA Board of Governors chair expresses confidence in Emmert, 0
https://www.usatoday.com/https://www.usatoday.com/story/sports/ncaaf/2021/03/27/holmes-leads-east-tennessee-st-over-western-carolina-24-17/43483991/, Holmes leads East Tennessee St. over Western Carolina 24-17, 0
https://www.usatoday.com/https://www.usatoday.com/story/sports/nhl/2021/03/27/pacioretty-lifts-golden-knights-past-avs-in-west-showdown/115646698/, Pacioretty lifts Golden Knights past Avs in West showdown, 0
https://www.usatoday.com/https://www.usatoday.com/videos/sports/ncaab/sportspulse/2021/03/27/putting-no-12-oregon-states-historic-run-into-perspective/7032270002/, Putting No. 12 Oregon State's historic run into perspective, 0
https://www.usatoday.com/https://www.usatoday.com/story/sports/mlb/2021/03/27/mariners-uncertain-about-kyle-lewis-status-for-opening-day/43483993/, Mariners uncertain about Kyle Lewis' status for opening day, 0
https://www.usatoday.com/https://www.usatoday.com/story/sports/soccer/2021/03/27/lukaku-to-rescue-as-belgium-salvages-draw-vs-czech-republic/115646802/, Lukaku to rescue as Belgium salvages draw vs Czech Republic, 0
https://www.usatoday.com/https://www.usatoday.com/videos/news/nation/2021/03/27/migrant-families-share-their-experiences-u-s-mexico-border/7016025002/, Migrant families share their experiences at the US-Mexico border, 0
https://www.usatoday.com/https://www.usatoday.com/videos/news/nation/2021/03/27/rally-los-angeles-against-asian-hate-crimes/7032601002/, Rally in Los Angeles against Asian hate crimes, 0
https://www.usatoday.com/https://www.usatoday.com/story/sports/ncaaf/2021/03/27/mercer-outlast-chattanooga-and-lightning-in-35-28-win/115646714/, Mercer outlast Chattanooga and lightning in 35-28 win, 0
https://www.usatoday.com/https://www.usatoday.com/story/sports/ncaaf/2021/03/27/weber-state-scores-50-yard-td-on-final-play-beats-nau/115646734/, Weber State scores 50-yard TD on final play| beats NAU, 0
https://www.usatoday.com/https://www.usatoday.com/videos/news/nation/2021/03/27/today-history-march-28th/7032776002/, Today in History for March 28th, 0
https://www.usatoday.com/https://www.usatoday.com/story/sports/ncaab/2021/03/27/loyola-chicagos-moser-says-hes-not-ready-to-discuss-future/43484015/, Loyola Chicago's Moser says he's not ready to discuss future, 0
https://www.usatoday.com/https://www.usatoday.com/story/sports/nba/nets/2021/03/27/lamarcus-aldridge-joining-nets-another-former-all-star/7032361002/, LaMarcus Aldridge joining Nets after buyout from Spurs, 0
https://www.usatoday.com/https://www.usatoday.com/story/sports/ncaaf/2021/03/27/pizano-kicks-winner-as-time-expires-missouri-st-tops-siu/43484021/, Pizano kicks winner as time expires| Missouri St. tops SIU, 0
https://www.usatoday.com/https://www.usatoday.com/story/sports/mlb/2021/03/27/veteran-infielder-todd-frazier-opts-out-of-deal-with-pirates/115646740/, Veteran infielder Todd Frazier opts out of deal with Pirates, 0
https://www.usatoday.com/https://www.usatoday.com/story/sports/horseracing/2021/03/27/violas-known-agenda-prevails-in-florida-derby-at-gulfstream/43484023/, Viola's Known Agenda prevails in Florida Derby at Gulfstream, 0
https://www.usatoday.com/https://www.usatoday.com/story/sports/mlb/2021/03/27/indians-trade-rhp-plutko-to-orioles-for-player-or-cash/115646914/, Indians trade RHP Plutko to Orioles for player or cash, 0
https://www.usatoday.com/https://www.usatoday.com/sitemap/2021/march/27/, 1, 0
https://www.usatoday.com/https://www.usatoday.com/sitemap/2021/march/27/?page=2, 2, 0
