https://www.usatoday.com/https://www.usatoday.com/story/sports/nfl/2021/03/02/stefanski-browns-back-at-square-one-after-20-turnaround/115521954/, Stefanski| Browns back at 'square one' after '20 turnaround, 0
https://www.usatoday.com/https://www.usatoday.com/story/sports/ncaaw/2021/03/02/stanford-favored-in-competitive-pac-12-womens-tournament/43448679/, Stanford favored in competitive Pac-12 women's tournament, 0
https://www.usatoday.com/https://www.usatoday.com/story/sports/soccer/2021/03/02/matchday-barcelona-faces-sevilla-in-copa-del-rey-semifinals/115521964/, MATCHDAY: Barcelona faces Sevilla in Copa del Rey semifinals, 0
https://www.usatoday.com/https://www.usatoday.com/videos/news/nation/2021/03/03/former-teacher-sworn-us-education-secretary/6895426002/, Former teacher sworn in as US Education Secretary, 0
https://www.usatoday.com/https://www.usatoday.com/story/news/politics/2021/03/02/gina-raimondo-confirmed-senate-joe-bidens-commerce-secretary/6895360002/, Gina Raimondo confirmed by Senate as Joe Biden's commerce secretary, 0
https://www.usatoday.com/https://www.usatoday.com/videos/news/nation/2021/03/03/space-hurricane-hovered-above-north-pole-2014-study-says/6895365002/, A 'space hurricane' hovered above the North Pole in 2014| study says, 0
https://www.usatoday.com/https://www.usatoday.com/story/news/factcheck/2021/03/02/fact-check-altered-meme-misrepresents-anti-poaching-efforts/6888095002/, Fact check: Altered meme misrepresents anti-poaching efforts, 0
https://www.usatoday.com/https://www.usatoday.com/videos/news/nation/2021/03/03/public-outcry-over-cuomo-harassment-allegations/6895490002/, Public outcry over Cuomo harassment allegations, 0
https://www.usatoday.com/https://www.usatoday.com/story/sports/nfl/2021/03/02/johnny-manziel-pga-tour-nfl-draft-bust-pro-golfer/6895117002/, Johnny Manziel on PGA Tour? NFL draft bust wants to be pro golfer, 0
https://www.usatoday.com/https://www.usatoday.com/story/travel/news/2021/03/02/dr-oz-helps-save-man-suffering-heart-attack-cpr-newark-airport-nj/6895560002/, Dr. Oz helps save man suffering heart attack at Newark Airport, 0
https://www.usatoday.com/https://www.usatoday.com/story/sports/nfl/2021/03/02/packers-barry-says-scars-from-prior-stops-made-him-better/115522578/, Packers' Barry says 'scars' from prior stops made him better, 0
https://www.usatoday.com/https://www.usatoday.com/videos/news/nation/2021/03/03/covid-19-texas-mississippi-remove-mandates/6895247002/, COVID-19: Texas| Mississippi first to return to pre-pandemic standards, 0
https://www.usatoday.com/https://www.usatoday.com/story/sports/ncaaw/2021/03/02/no-15-usf-women-clinch-1st-aac-regular-season-title/43448693/, No. 15 USF women clinch 1st AAC regular-season title, 0
https://www.usatoday.com/https://www.usatoday.com/story/sports/nba/2021/03/02/raptors-will-be-short-handed-when-they-return-to-floor/43448695/, Raptors will be short-handed when they return to floor, 0
https://www.usatoday.com/https://www.usatoday.com/story/sports/ncaab/big12/2021/03/02/baylor-bears-big-12-title-west-virginia-mountaineers-overtime/6895348002/, Baylor wins Big 12 title with overtime win at West Virginia, 0
https://www.usatoday.com/https://www.usatoday.com/story/sports/olympics/2021/03/02/lake-placid-raising-cash-for-olympic-hockey-monument/43448697/, Lake Placid raising cash for Olympic hockey monument, 0
https://www.usatoday.com/https://www.usatoday.com/story/sports/nba/2021/03/02/nba-reveals-all-star-skills-3-point-dunk-participants/43448699/, NBA reveals All-Star skills| 3-point| dunk participants, 0
https://www.usatoday.com/https://www.usatoday.com/story/sports/ncaab/2021/03/02/creightons-mcdermott-apologizes-for-his-plantation-remark/43448701/, Creighton coach McDermott apologizes for 'plantation' remark, 0
https://www.usatoday.com/https://www.usatoday.com/story/sports/ncaaw/2021/03/02/no-24-rutgers-women-win-8th-straight-conference-game/43448705/, No. 24 Rutgers women win 8th straight conference game, 0
https://www.usatoday.com/https://www.usatoday.com/videos/news/nation/2021/03/03/classrooms-different-calf-schools-reopen/6895947002/, Classrooms are different as Calf. schools reopen, 0
https://www.usatoday.com/https://www.usatoday.com/story/sports/ncaab/2021/03/02/no-3-baylor-clinches-b12-title-in-ot-94-89-over-no-6-wvu/115522174/, No. 3 Baylor clinches B12 title in OT| 94-89 over No. 6 WVU, 0
https://www.usatoday.com/https://www.usatoday.com/story/news/investigations/2021/03/02/san-jose-state-athletic-director-sued-retaliation-scott-shaw-hopkins-marie-tuite-sexual-misconduct/6895710002/, San Jose State athletic director sued by her deputy for retaliation, 0
https://www.usatoday.com/https://www.usatoday.com/videos/news/nation/2021/03/03/san-francisco-eases-restrictions-cases-decline/6896102002/, San Francisco eases restrictions as cases decline, 0
https://www.usatoday.com/https://www.usatoday.com/story/nletter/2021/03/02/california-over-dozen-dead-after-imperial-county-collision-native-covid-numbers-wrong/6890070002/, In California: Over a dozen dead after Imperial County collision| Native COVID numbers wrong, 0
https://www.usatoday.com/https://www.usatoday.com/videos/news/nation/2021/03/03/jamie-lee-curtis-leads-childrens-hospital-los-angeles-fundraising-campaign/6896281002/, Jamie Lee Curtis leads a Children's Hospital Los Angeles fundraising campaign, 0
https://www.usatoday.com/https://www.usatoday.com/videos/entertainment/2021/03/03/jamie-lee-curtis-leads-childrens-hospital-los-angeles-fundraising-campaign/6896283002/, Jamie Lee Curtis leads a Children's Hospital Los Angeles fundraising campaign, 0
https://www.usatoday.com/https://www.usatoday.com/story/sports/nfl/2021/03/02/jets-release-de-henry-anderson-save-82-million-on-cap/43448711/, Jets release DE Henry Anderson| save $8.2 million on cap, 0
https://www.usatoday.com/https://www.usatoday.com/story/sports/ncaab/2021/03/02/pittsburgh-eases-past-wake-forest-70-57-to-snap-5-game-skid/115522234/, Pittsburgh eases past Wake Forest 70-57 to snap 5-game skid, 0
https://www.usatoday.com/https://www.usatoday.com/story/sports/ncaab/2021/03/02/graves-triple-double-lifts-buffalo-over-akron-80-78/43448713/, Graves triple-double lifts Buffalo over Akron 80-78, 0
https://www.usatoday.com/https://www.usatoday.com/story/sports/ncaab/2021/03/02/moody-leads-no-12-arkansas-past-south-carolina-101-73/115522264/, Moody leads No. 12 Arkansas past South Carolina 101-73, 0
https://www.usatoday.com/https://www.usatoday.com/story/sports/ncaab/2021/03/02/huffman-carries-central-michigan-over-toledo-81-79/115522270/, Huffman carries Central Michigan over Toledo 81-79, 0
https://www.usatoday.com/https://www.usatoday.com/story/sports/ncaaw/2021/03/02/south-florida-wins-first-aac-regular-season-title/115522276/, South Florida wins first AAC regular-season title, 0
https://www.usatoday.com/https://www.usatoday.com/story/sports/nba/2021/03/02/clippers-leonard-sits-out-celtics-matchup-with-back-spasms/115522278/, Clippers' Leonard sits out Celtics matchup with back spasms, 0
https://www.usatoday.com/https://www.usatoday.com/story/sports/nba/2021/03/02/nba-all-star-skills-3-point-dunk-participants/6896316002/, NBA reveals All-Star skills| dunk| 3-point participants, 0
https://www.usatoday.com/https://www.usatoday.com/story/sports/golf/2021/03/02/tiger-woods-update-sheriff-executes-search-warrant-suv-black-box/6894601002/, Tiger Woods update: Sheriff executes search warrant for SUV black box, 0
https://www.usatoday.com/https://www.usatoday.com/story/sports/nfl/2021/03/02/pace-keeps-bears-qb-options-open-no-decision-on-robinson/43448717/, Pace keeps Bears' QB options open| no decision on Robinson, 0
https://www.usatoday.com/https://www.usatoday.com/videos/news/politics/2021/03/03/biden-budget-pick-neera-tanden-drops-out-nomination-process/6896517002/, Biden budget pick Neera Tanden drops out of nomination process, 0
https://www.usatoday.com/https://www.usatoday.com/picture-gallery/news/nation/2021/03/03/climate-change-threatens-fragile-pacific-coast-highway/6888019002/, Climate change threatens fragile Pacific Coast Highway, 0
https://www.usatoday.com/https://www.usatoday.com/story/news/nation/2021/03/03/pch-climate-change-california-big-sur-highway-1/4560256001/, Climate change: California's 'highway at the edge', 0
https://www.usatoday.com/https://www.usatoday.com/story/sports/2021/03/02/spurs-gregg-popovich-chides-texas-governor-lifting-mask-mandate/6895664002/, Spurs' Gregg Popovich chides Texas governor for lifting mask mandate, 0
https://www.usatoday.com/https://www.usatoday.com/story/entertainment/tv/2021/03/02/golden-globes-ratings-plunge-during-pandemic/6896433002/, Golden Globes ratings plunge 64% to 6.9M viewers during pandemic, 0
https://www.usatoday.com/https://www.usatoday.com/story/sports/ncaab/2021/03/02/edwards-helps-no-18-texas-tech-roll-to-68-49-win-over-tcu/43448721/, Edwards helps No. 18 Texas Tech roll to 69-49 win over TCU, 0
https://www.usatoday.com/https://www.usatoday.com/story/sports/ncaab/2021/03/02/adams-scores-19-to-lift-ucf-over-tulsa-73-69/115522304/, Adams scores 19 to lift UCF over Tulsa 73-69, 0
https://www.usatoday.com/https://www.usatoday.com/story/sports/ncaab/2021/03/02/shackelford-no-5-alabama-hold-off-rival-auburn-70-58/43448731/, Shackelford| No. 8 Alabama hold off rival Auburn| 70-58, 0
https://www.usatoday.com/https://www.usatoday.com/story/news/politics/2021/03/02/what-we-know-sexual-harassment-allegations-rep-madison-cawthorn/6890294002/, Madison Cawthorn: What we know about sexual harassment allegations, 0
https://www.usatoday.com/https://www.usatoday.com/story/sports/ncaab/2021/03/02/no-4-illinois-dismantles-no-2-michigan-76-53/115522310/, Intense No. 4 Illinois makes statement| drubs No. 2 Michigan, 0
https://www.usatoday.com/https://www.usatoday.com/story/news/nation/2021/03/02/ankeny-iowa-pipe-bomb-special-election-polling-place/6896679002/, Iowa police find live pipe bomb outside special election polling place, 0
https://www.usatoday.com/https://www.usatoday.com/story/sports/ncaab/2021/03/02/reserve-kai-jones-17-points-lead-no-15-texas-past-cyclones/43448757/, Reserve Kai Jones' 17 points lead No. 15 Texas past Cyclones, 0
https://www.usatoday.com/https://www.usatoday.com/story/sports/nba/2021/03/02/morant-grizzlies-pull-away-early-beat-wizards-125-111/115522346/, Morant| Grizzlies pull away early| beat Wizards 125-111, 0
https://www.usatoday.com/https://www.usatoday.com/story/sports/ncaab/bigten/2021/03/02/illinois-routs-michigan-ayo-dosunmu-out/6896881002/, Illinois hammers No. 2 Michigan despite missing Ayo Dosunmu in lineup, 0
https://www.usatoday.com/https://www.usatoday.com/story/sports/ncaab/2021/03/02/stroud-scores-16-to-lift-fresno-state-past-boise-state-67-64/43448781/, Stroud scores 16 to lift Fresno State past Boise State 67-64, 0
https://www.usatoday.com/https://www.usatoday.com/story/sports/nhl/2021/03/02/blue-jackets-top-red-wings-4-1-snap-five-game-losing-streak/115522370/, Blue Jackets top Red Wings 4-1| snap five-game losing streak, 0
https://www.usatoday.com/https://www.usatoday.com/story/sports/ncaab/2021/03/02/white-martin-carry-western-michigan-past-northern-illinois/43448779/, White| Martin carry Western Michigan past Northern Illinois, 0
https://www.usatoday.com/https://www.usatoday.com/story/sports/ncaab/2021/03/02/buzzer-beater-bhm-send-n-kentucky-past-detroit-mercy-70-69/115522358/, Buzzer-beater Böhm sends N. Kentucky past Detroit Mercy, 0
https://www.usatoday.com/https://www.usatoday.com/story/sports/nhl/2021/03/02/buchnevich-shesterkin-lead-rangers-to-3-2-win-over-sabres/115522384/, Buchnevich| Shesterkin lead Rangers to 3-2 win over Sabres, 0
https://www.usatoday.com/https://www.usatoday.com/story/sports/highschool/2021/03/02/wallkill-football-player-miguel-lugo-dies-after-practice-on-monday/6896296002/, High School football player dies after first practice in New York, 0
https://www.usatoday.com/https://www.usatoday.com/story/sports/nhl/2021/03/02/kapanen-scores-twice-pens-welcome-back-fans-with-5-2-win/43448783/, Kapanen scores twice; Pens welcome back fans with 5-2 win, 0
https://www.usatoday.com/https://www.usatoday.com/story/sports/nhl/2021/03/02/fans-see-varlamov-make-28-saves-isles-beat-devils-2-1/43448797/, Fans see Varlamov make 28 saves| Isles beat Devils 2-1, 0
https://www.usatoday.com/https://www.usatoday.com/story/entertainment/tv/2021/03/02/the-voice-kelly-clarkson-hits-back-blake-shelton-workaholic-comments/6892993002/, 'The Voice': Kelly Clarkson hits back at Shelton's workaholic comments, 0
https://www.usatoday.com/https://www.usatoday.com/story/sports/nba/2021/03/02/hawks-win-mcmillans-debut-top-heat-94-80/43448811/, Hawks win McMillan's debut as interim coach| top Heat 94-80, 0
https://www.usatoday.com/https://www.usatoday.com/videos/news/nation/2021/03/03/class-band-different-calif-schools-reopen/6897668002/, Class| band are different as Calif. schools reopen, 0
https://www.usatoday.com/https://www.usatoday.com/story/news/nation/2021/03/02/capitol-police-qanon-march-4-theory-claims-trump-president/6894882002/, Capitol police: QAnon March 4 theory claims Trump will be president, 0
https://www.usatoday.com/https://www.usatoday.com/story/sports/nhl/2021/03/02/pens-beat-flyers-5-2-in-front-of-fans-for-1st-time-in-a-year/43448825/, Pens beat Flyers 5-2 in front of fans for 1st time in a year, 0
https://www.usatoday.com/https://www.usatoday.com/story/sports/ncaab/2021/03/02/williams-carries-oakland-over-youngstown-state-87-83-in-ot/115522426/, Williams carries Oakland over Youngstown State 87-83 in OT, 0
https://www.usatoday.com/https://www.usatoday.com/story/sports/ncaaf/2021/03/02/ut-president-calls-emails-defending-school-song-extremist/115522436/, UT president calls emails defending school song 'extremist', 0
https://www.usatoday.com/https://www.usatoday.com/story/sports/nba/2021/03/02/walkers-25-lift-celtics-over-kawhi-less-clippers-117-112/43448833/, Walker's 25 lift Celtics over Kawhi-less Clippers 117-112, 0
https://www.usatoday.com/https://www.usatoday.com/story/tech/reviewedcom/2021/03/02/amazon-deals-save-fitbit-inspire-2-great-pair-beats-and-more/6892228002/, Amazon deals: Save on the Fitbit Inspire 2| a great pair of Beats and more, 0
https://www.usatoday.com/https://www.usatoday.com/story/sports/nhl/2021/03/02/canadiens-beat-senators-3-1-to-give-new-coach-1st-nhl-win/115522446/, Canadiens beat Senators 3-1 to give new coach 1st NHL win, 0
https://www.usatoday.com/https://www.usatoday.com/story/sports/ncaab/2021/03/02/michigan-state-boosts-ncaa-hopes-with-64-58-win-over-indiana/43448855/, Michigan State boosts NCAA hopes with 64-58 win over Indiana, 0
https://www.usatoday.com/https://www.usatoday.com/story/sports/ncaab/2021/03/02/cameron-leads-trio-of-triple-doubles-as-lsu-swarms-vandy/115522466/, Cameron leads trio of triple-doubles as LSU swarms Vandy, 0
https://www.usatoday.com/https://www.usatoday.com/story/sports/nhl/2021/03/02/jets-beat-canucks-5-2-to-earn-split-of-two-game-series/115522472/, Jets beat Canucks 5-2 to earn split of two-game series, 0
https://www.usatoday.com/https://www.usatoday.com/story/sports/ncaab/2021/03/02/brown-lifts-miami-oh-over-bowling-green-84-79-in-ot/43448865/, Brown lifts Miami (OH) over Bowling Green 84-79 in OT, 0
https://www.usatoday.com/https://www.usatoday.com/story/sports/ncaab/2021/03/02/georgia-tech-wins-in-ot-ends-14-game-losing-skid-with-duke/115522492/, Georgia Tech wins in OT| ends 14-game losing skid with Duke, 0
https://www.usatoday.com/https://www.usatoday.com/story/sports/nba/2021/03/02/lyles-murray-lead-spurs-to-victory-snapping-knicks-streak/43448867/, Lyles| Murray lead Spurs to victory| snapping Knicks' streak, 0
https://www.usatoday.com/https://www.usatoday.com/story/sports/ncaab/acc/2021/03/02/georgia-tech-beats-duke-overtime/6898937002/, Georgia Tech snaps 14-game losing streak to Duke with overtime win, 0
https://www.usatoday.com/https://www.usatoday.com/story/sports/ncaab/2021/03/02/curbelo-frazier-lead-no-4-illinois-past-no-2-michigan/43448887/, Curbelo| Frazier lead No. 4 Illinois past No. 2 Michigan, 0
https://www.usatoday.com/https://www.usatoday.com/story/sports/ncaab/2021/03/02/cleveland-st-beats-purdue-fort-wayne-108-104-in-3ot/115522524/, Cleveland St. beats Purdue Fort Wayne 108-104 in 3OT, 0
https://www.usatoday.com/https://www.usatoday.com/story/sports/ncaab/2021/03/02/edey-helps-no-23-purdue-hold-off-no-25-wisconsin-73-69/115522540/, Edey helps No. 23 Purdue hold off No. 25 Wisconsin 73-69, 0
https://www.usatoday.com/https://www.usatoday.com/story/sports/nba/2021/03/02/jokics-triple-double-leads-nuggets-to-128-97-rout-of-bucks/115522554/, Jokic's triple-double leads Nuggets to 128-97 rout of Bucks, 0
https://www.usatoday.com/https://www.usatoday.com/story/sports/nhl/2021/03/02/lightning-andrei-vasilevskiy-shuts-out-stars-stanley-cup-rematch/6899274002/, Lightning's Andrei Vasilevskiy shuts out Stars in Stanley Cup rematch, 0
https://www.usatoday.com/https://www.usatoday.com/story/sports/ncaab/2021/03/02/shuler-buffen-lead-ole-miss-over-kentucky-70-62/43448893/, Shuler| Buffen lead Ole Miss over Kentucky 70-62, 0
https://www.usatoday.com/https://www.usatoday.com/story/sports/nhl/2021/03/02/aho-scores-2-goals-to-lead-hurricanes-over-predators-4-2/43448939/, Aho scores 2 goals to lead Hurricanes over Predators 4-2, 0
https://www.usatoday.com/https://www.usatoday.com/story/news/nation/2021/03/02/california-civil-rights-lawsuit-visalia-police-raymond-rubio/6897509002/, California civil rights lawsuit: Police used 'unjustified violence', 0
https://www.usatoday.com/https://www.usatoday.com/story/sports/nhl/2021/03/03/predators-juuse-saros-injured-nino-niederreiter-hit/6899672002/, Predators' Juuse Saros injured on hit by Hurricanes' Nino Niederreiter, 0
https://www.usatoday.com/https://www.usatoday.com/story/sports/ncaab/2021/03/03/wild-night-of-ots-last-second-shots-in-horizon-tournament/43448895/, Wild night of OTs| last-second shots in Horizon Tournament, 0
https://www.usatoday.com/https://www.usatoday.com/videos/news/nation/2021/03/03/today-history-march-3rd/6899814002/, Today in History for March 3rd, 0
https://www.usatoday.com/https://www.usatoday.com/story/entertainment/celebrities/2021/03/02/chris-delia-accused-soliciting-child-porn-teen-lawsuit/6896537002/, Chris D'Elia accused of soliciting child porn from teen in lawsuit, 0
https://www.usatoday.com/https://www.usatoday.com/story/sports/ncaab/2021/03/03/rice-leads-the-way-in-new-mexico-st-win-over-utrgv/43448897/, Rice leads the way in New Mexico St. win over UTRGV, 0
https://www.usatoday.com/https://www.usatoday.com/story/sports/ftw/2021/03/02/j-j-watt-sends-kyler-murray-nice-text-message-after-joining-cardinals/6899753002/, J.J. Watt sends Kyler Murray nice text message after joining Cardinals, 0
https://www.usatoday.com/https://www.usatoday.com/story/sports/nhl/2021/03/03/vasilevskiy-3rd-straight-shutout-as-lightning-top-stars-2-0/115522662/, Vasilevskiy 3rd shutout in row as Lightning top Stars 2-0, 0
https://www.usatoday.com/https://www.usatoday.com/story/sports/nba/2021/03/03/suns-overcome-bookers-ejection-hold-off-lakers-114-104/115522620/, Suns overcome Booker's ejection| hold off Lakers 114-104, 0
https://www.usatoday.com/https://www.usatoday.com/story/news/50-states/2021/03/03/dropping-mandates-hiking-stress-opening-stadiums-news-around-states/115522630/, Dropping mandates| hiking for stress: News from around our 50 states, 0
https://www.usatoday.com/https://www.usatoday.com/videos/news/nation/2021/03/03/biden-injects-hope-renewable-energy-supporters/6900233002/, Biden injects hope in renewable energy supporters, 0
https://www.usatoday.com/https://www.usatoday.com/story/sports/ncaaw/2021/03/03/ranked-in-top-10-for-first-time-indiana-looks-to-keep-going/43448911/, Ranked in top 10 for first time| Indiana looks to keep going, 0
https://www.usatoday.com/https://www.usatoday.com/story/sports/olympics/2021/03/03/ledecky-returns-to-competition-with-time-ticking-to-tokyo/43448915/, Ledecky wins easily in 1st major swim meet amid pandemic, 0
https://www.usatoday.com/https://www.usatoday.com/story/sports/nhl/2021/03/03/no-fun-nhl-restrictions-help-players-appreciate-hockey-more/43448933/, No Fun NHL? Restrictions help players appreciate hockey more, 0
https://www.usatoday.com/https://www.usatoday.com/story/sports/nfl/2021/03/03/annual-nfl-womens-forum-enhancing-career-opportunities/115522660/, Annual NFL women's forum enhancing career opportunities, 0
https://www.usatoday.com/https://www.usatoday.com/story/news/politics/2021/03/03/biden-stimulus-bill-debate-covid-19-relief-bill/6891189002/, Biden stimulus bill: Ron Johnson threatens to hold up Senate passage, 0
https://www.usatoday.com/https://www.usatoday.com/story/opinion/2021/03/03/pork-spending-local-projects-requirements-prevent-abuse-column/6876840002/, Earmarks return after a decade with new requirements to prevent abuse, 0
https://www.usatoday.com/https://www.usatoday.com/story/sports/sports-betting/2021/03/03/missouri-at-florida-odds-picks-and-prediction/115522678/, Missouri at Florida odds| picks and prediction, 0
https://www.usatoday.com/https://www.usatoday.com/story/opinion/2021/03/03/schools-cant-simply-follow-nfl-example-and-open-covid-column/4576917001/, COVID education: Schools can't simply follow the NFL example and open, 0
https://www.usatoday.com/https://www.usatoday.com/story/news/health/2021/03/03/covid-news-us-variants-joe-biden-coronavirus/6892957002/, COVID update: Biden says lifting mask mandates 'big mistake'; stimulus, 0
https://www.usatoday.com/https://www.usatoday.com/story/news/world/2021/03/03/rockets-strike-iraq-pope-francis-visit-united-states-troops/6900529002/, Iraq: Rockets strike base hosting US troops ahead of papal visit, 0
https://www.usatoday.com/https://www.usatoday.com/story/news/2021/03/03/covid-19-relief-plan-deadly-california-crash-january-6-riot/6838553002/, COVID-19 relief plan| deadly California car crash: 5 things Wednesday, 0
https://www.usatoday.com/https://www.usatoday.com/videos/news/nation/2021/03/03/small-town-bluesman-keeps-aging-music-alive/6900544002/, Small-town bluesman keeps aging music alive, 0
https://www.usatoday.com/https://www.usatoday.com/story/sports/sports-betting/2021/03/03/washington-capitals-at-boston-bruins-odds-picks-and-prediction/115522682/, Washington Capitals at Boston Bruins odds| picks and prediction, 0
https://www.usatoday.com/https://www.usatoday.com/videos/news/nation/2021/03/03/dolly-parton-sings-and-gets-covid-vaccine-shot/6900545002/, Dolly Parton sings and gets COVID vaccine shot, 0
https://www.usatoday.com/https://www.usatoday.com/videos/news/nation/2021/03/03/ap-top-stories-march-3/6900580002/, AP Top Stories March 3, 0
https://www.usatoday.com/https://www.usatoday.com/story/news/health/2021/03/03/covid-strain-what-know-brazil-new-york-california-variants/6884525002/, COVID strain: What to know about Brazil| New York| California variants, 0
https://www.usatoday.com/https://www.usatoday.com/story/news/politics/2021/03/03/whats-in-for-the-people-act-election-reform-legislation/6891622002/, Gerrymandering| absentee voting: What's in the For the People Act?, 0
https://www.usatoday.com/https://www.usatoday.com/in-depth/news/nation/2021/03/03/austin-winter-weather-power-outages-brought-community-together/6884929002/, Strangers who became heroes: How Austinites helped weather the storm, 0
https://www.usatoday.com/https://www.usatoday.com/story/news/politics/2021/03/03/biden-covid-19-relief-bill-heads-senate-3-600-child-tax-credit/6875120002/, Biden COVID-19 relief bill heads to Senate with $3|600 child tax credit, 0
https://www.usatoday.com/https://www.usatoday.com/in-depth/opinion/columnist/2021/03/03/football-team-indy-steelers-defies-expectations-kids-38th-street/6872340002/, Football becomes family as kids navigate poverty| crime| loss| growing up, 0
https://www.usatoday.com/https://www.usatoday.com/story/sports/olympics/2021/03/03/report-no-fans-from-abroad-for-postponed-tokyo-olympics/43448955/, Fans from abroad unlikely for postponed Tokyo Olympics, 0
https://www.usatoday.com/https://www.usatoday.com/videos/news/2021/03/03/als-patient-keeps-physical-fitness-big-part-her-life/3746030001/, ALS patient keeps physical fitness a big part of her life, 0
https://www.usatoday.com/https://www.usatoday.com/story/news/health/2021/03/03/als-clinical-trial-fast-track-slow-lou-gehrigs-disease-progression/6053512002/, ALS: New drug may slow progression of Lou Gehrig's disease, 0
https://www.usatoday.com/https://www.usatoday.com/story/money/personalfinance/2021/03/03/turn-your-child-into-a-tax-free-millionaire-for-25-a-day/43446831/, How to make your child a tax-free millionaire for $25 a day, 0
https://www.usatoday.com/https://www.usatoday.com/story/news/investigations/2021/03/03/covid-19-vaccine-distribution-system-fails-live-up-promise/6878303002/, COVID-19 vaccine: Distribution system fails to live up to promise, 0
https://www.usatoday.com/https://www.usatoday.com/videos/news/2021/03/03/demand-gold-and-precious-metals-has-increased-amidst-pandemic/6894501002/, Demand for gold and precious metals has increased amidst the pandemic, 0
https://www.usatoday.com/https://www.usatoday.com/story/opinion/2021/03/03/working-home-pandemic-has-left-americans-lonely-and-stressed-column/6883765002/, Working from home in pandemic has left Americans lonely and stressed, 0
https://www.usatoday.com/https://www.usatoday.com/story/news/2021/03/03/gold-and-silver-imports-pandemic/6891285002/, Gold and silver imports to U.S. soar during pandemic, 0
https://www.usatoday.com/https://www.usatoday.com/story/opinion/todaysdebate/2021/03/03/covid-vaccination-no-one-should-miss-shot-editorials-debates/6837826002/, COVID-19 vaccination equity: No one should miss their lifesaving shot, 0
https://www.usatoday.com/https://www.usatoday.com/videos/news/nation/2021/03/03/day-3-march-1931/6900624002/, On This Day: 3 March 1931, 0
https://www.usatoday.com/https://www.usatoday.com/videos/entertainment/2021/03/03/day-3-march-1931/6900625002/, On This Day: 3 March 1931, 0
https://www.usatoday.com/https://www.usatoday.com/story/sports/nfl/2021/03/03/nfl-combine-2021-scratched-how-evaluate-draft-prospects/6891217002/, NFL draft prep got complicated with combine scratched| but teams cope, 0
https://www.usatoday.com/https://www.usatoday.com/story/sports/fantasy/2021/03/03/mlb-fantasy-baseball-preview-breakouts-sleepers-2021/6896822002/, MLB fantasy baseball preview: Breakouts| sleepers for 2021, 0
https://www.usatoday.com/https://www.usatoday.com/videos/news/nation/2021/03/03/eddie-murphy-says-goat-compliments-nice/6900700002/, Eddie Murphy says 'GOAT' compliments are 'nice', 0
https://www.usatoday.com/https://www.usatoday.com/videos/entertainment/2021/03/03/eddie-murphy-says-goat-compliments-nice/6900701002/, Eddie Murphy says 'GOAT' compliments are 'nice', 0
https://www.usatoday.com/https://www.usatoday.com/story/sports/ftw/2021/03/03/johnny-manziel-trying-become-pro-golfer-good-luck/6900708002/, Johnny Manziel is trying to become a pro golfer. Good luck!, 0
https://www.usatoday.com/https://www.usatoday.com/story/news/nation/2021/03/03/andrea-sahouri-iowa-reporter-still-faces-george-floyd-protest-charges/6868746002/, Andrea Sahouri: Iowa reporter still faces George Floyd protest charges, 0
https://www.usatoday.com/https://www.usatoday.com/story/sports/nba/2021/03/03/nba-scores-news-devin-booker-ejection-suns-lakers/6896176002/, NBA scores| news: Devin Booker's controversial ejection mars Suns' win, 0
https://www.usatoday.com/https://www.usatoday.com/videos/news/nation/2021/03/03/us-rockets-hit-airbase-iraq-hosting-us-troops/6900747002/, US: Rockets hit airbase in Iraq hosting US troops, 0
https://www.usatoday.com/https://www.usatoday.com/story/money/columnist/2021/03/03/how-successful-happy-passion-talent/6871925002/, How to be successful and happy? Match your passion and talent, 0
https://www.usatoday.com/https://www.usatoday.com/story/life/health-wellness/2021/03/03/lose-weight-while-staying-healthy-how-slash-100-calories-day/6883713002/, Lose weight while staying healthy: How to slash 100 calories a day, 0
https://www.usatoday.com/https://www.usatoday.com/story/opinion/voices/2021/03/03/covid-19-vaccine-autoimmune-infection-risk-column/6875616002/, Getting vaccinated for COVID despite my autoimmune disease, 0
https://www.usatoday.com/https://www.usatoday.com/picture-gallery/travel/destinations/2021/03/03/midwest-road-trip-ideas-lake-ozarks-traverse-city-fort-wayne/6877531002/, Midwest road trip ideas: Lake of the Ozarks| Traverse City Fort Wayne, 0
https://www.usatoday.com/https://www.usatoday.com/story/travel/destinations/2021/03/03/dream-road-trip-midwest-wisconsin-indiana-missouri-ohio-illinois-michigan/6873220002/, Dream road trip in the Midwest: Wisconsin| Indiana| Missouri| more, 0
https://www.usatoday.com/https://www.usatoday.com/story/money/personalfinance/retirement/2021/03/03/not-sure-how-to-invest-your-401k-3-options-to-consider/43446957/, What to do with your 401(k)? Consider these three options, 0
https://www.usatoday.com/https://www.usatoday.com/story/nletter/2021/03/03/covid-19-relief-plan-deadly-california-crash-january-6-riot/6900623002/, COVID-19 relief plan| deadly California car crash: Daily Briefing, 0
https://www.usatoday.com/https://www.usatoday.com/story/sports/sports-betting/2021/03/03/clemson-at-syracuse-odds-picks-and-prediction/115522926/, Clemson at Syracuse odds| picks and prediction, 0
https://www.usatoday.com/https://www.usatoday.com/videos/news/nation/2021/03/03/showbiz-minute-wailer-sussex-parton/6900829002/, ShowBiz Minute: Wailer| Sussex| Parton, 0
https://www.usatoday.com/https://www.usatoday.com/videos/entertainment/2021/03/03/showbiz-minute-wailer-sussex-parton/6900831002/, ShowBiz Minute: Wailer| Sussex| Parton, 0
https://www.usatoday.com/https://www.usatoday.com/story/sports/soccer/2021/03/03/dragan-stojkovic-hired-as-serbia-national-team-coach/115522936/, Dragan Stojkovic hired as Serbia national team coach, 0
https://www.usatoday.com/https://www.usatoday.com/story/sports/sports-betting/2021/03/03/indiana-pacers-at-cleveland-cavaliers-odds-picks-and-prediction/115522980/, Indiana Pacers at Cleveland Cavaliers odds| picks and prediction, 0
https://www.usatoday.com/https://www.usatoday.com/videos/entertainment/music/2021/03/03/dolly-parton-received-her-first-round-moderna-covid-19-vaccine/6900855002/, Dolly Parton received her first round of the Moderna COVID-19 vaccine, 0
https://www.usatoday.com/https://www.usatoday.com/story/news/politics/2021/03/03/san-francisco-transit-money-ny-bridge-pulled-covid-19-stimulus/6900847002/, San Francisco transit money| NY bridge pulled from COVID-19 stimulus, 0
https://www.usatoday.com/https://www.usatoday.com/story/sports/nfl/washington/2021/03/03/washington-football-team-no-cheerleaders-2021-add-coed-dance-squad/6893879002/, WFT will not have cheerleaders in 2021 but is adding coed dance squad, 0
https://www.usatoday.com/https://www.usatoday.com/story/tech/2021/03/03/facebook-extreme-far-right-politics-lies-popular/6895670002/, Facebook: Extreme far right politics and lies are popular| study says, 0
https://www.usatoday.com/https://www.usatoday.com/story/sports/sports-betting/2021/03/03/charlotte-hornets-at-minnesota-timberwolves-odds-picks-and-prediction/115523030/, Charlotte Hornets at Minnesota Timberwolves odds| picks and prediction, 0
https://www.usatoday.com/https://www.usatoday.com/story/sports/nfl/2021/03/03/tom-brady-buccaneers-lombardi-trophy-toss-boat-parade/6900852002/, Tom Brady opens up about viral Lombardi Trophy toss| boat parade, 0
https://www.usatoday.com/https://www.usatoday.com/story/sports/sports-betting/2021/03/03/atlanta-hawks-at-orlando-magic-odds-picks-and-prediction/115523100/, Atlanta Hawks at Orlando Magic odds| picks and prediction, 0
https://www.usatoday.com/https://www.usatoday.com/story/news/politics/2021/03/03/asheville-lgbtq-activist-beach-ferrara-run-cawthorn-house-seat/6901050002/, Asheville LGBTQ activist to run for Madison Cawthorn's House seat, 0
https://www.usatoday.com/https://www.usatoday.com/story/news/nation/2021/03/03/imperial-county-california-suv-truck-deadly-crash-what-to-know/6900800002/, California crash| what to know: 13 dead; 25 people in Ford Expedition, 0
https://www.usatoday.com/https://www.usatoday.com/story/nletter/2021/03/03/daily-money-03-03-21/6901103002/, Daily Money 03-03-21, 0
https://www.usatoday.com/https://www.usatoday.com/story/tech/2021/03/03/amazon-updates-mobile-app-icon-drew-hitler-comparisons/6900832002/, Amazon logo: Mobile app icon that drew Hitler comparisons updated, 0
https://www.usatoday.com/https://www.usatoday.com/story/sports/sports-betting/2021/03/03/boston-college-at-florida-state-odds-picks-and-prediction/115523140/, Boston College at Florida State odds| picks and prediction, 0
https://www.usatoday.com/https://www.usatoday.com/videos/news/nation/2021/03/03/rockets-target-airbase-hosting-u-s-troops-iraq/6901143002/, Rockets target airbase hosting U.S. troops in Iraq, 0
https://www.usatoday.com/https://www.usatoday.com/story/sports/ncaab/2021/03/03/ncaa-tournament-bracketology-baylor-top-seed-michigan/6900920002/, March Madness bracketology: Baylor secures top seed| Michigan falters, 0
https://www.usatoday.com/https://www.usatoday.com/picture-gallery/travel/10best/awards/2021/03/03/us-airports-top-10-small-airports-according-10-best-readers/6888578002/, US airports: The top 10 small airports| according to 10Best readers, 0
https://www.usatoday.com/https://www.usatoday.com/story/life/2021/03/03/barbie-eleanor-roosevelt-doll-released-international-womens-day/6888881002/, Barbie Eleanor Roosevelt doll released for International Women's Day, 0
https://www.usatoday.com/https://www.usatoday.com/story/entertainment/celebrities/2021/03/03/duchess-meghan-responds-report-bullying-claim-former-aide/6900871002/, Meghan Markle questions palace in Oprah clip; Chrissy Teigen defends her, 0
https://www.usatoday.com/https://www.usatoday.com/story/entertainment/celebrities/2021/03/03/michelle-obama-gma-biden-inauguration-capitol-riots/6900622002/, Michelle Obama on 'GMA' talks Biden inauguration| Capitol riots, 0
https://www.usatoday.com/https://www.reviewed.com/smarthome/content/amazon-echo-show-10-review?utm_source=usat&utm_medium=referral&utm_campaign=collab, Amazon’s new Echo Show 10 is the sous chef you never knew you needed, 0
https://www.usatoday.com/https://www.usatoday.com/videos/news/weather/2021/03/03/eastern-kentucky-communities-survey-damage-widespread-flooding/6890032002/, Eastern Kentucky communities survey damage from widespread flooding, 0
https://www.usatoday.com/https://www.usatoday.com/story/sports/mlb/2021/03/03/lefty-gio-gonzlez-agrees-to-minor-league-deal-with-marlins/43449171/, Lefty Gio González agrees to minor league deal with Marlins, 0
https://www.usatoday.com/https://www.usatoday.com/videos/news/have-you-seen/2021/03/03/theres-no-better-view-than-golden-retriever-lake/6901481002/, There's no better view than a golden retriever on a lake, 0
https://www.usatoday.com/https://www.usatoday.com/story/news/world/2021/03/03/greece-earthquake-preliminary-magnitude-6-3-no-injuries-reported/6901336002/, Greece earthquake: Preliminary magnitude at least 6.0, 0
https://www.usatoday.com/https://www.usatoday.com/story/entertainment/celebrities/2021/03/03/prince-philip-still-hospitalized-slightly-improving-camilla/6901610002/, Prince Philip| still hospitalized| is 'slightly improving': Camilla, 0
https://www.usatoday.com/https://www.usatoday.com/videos/news/have-you-seen/2021/03/03/viral-pool-player-shows-off-his-impressive-billiard-skills/6901533002/, Viral pool player shows off his impressive billiard skills, 0
https://www.usatoday.com/https://www.usatoday.com/story/money/2021/03/03/fedex-carbon-neutral-electric-delivery-fleet-by-2040/6901348002/, FedEx aims to be carbon-neutral by 2040| run electric delivery fleet, 0
https://www.usatoday.com/https://www.usatoday.com/story/money/2021/03/03/universal-basic-income-andrew-yang-guaranteed-more-cities-test-monthly-check/6890858002/, What is UBI? More cities test monthly checks for residents, 0
https://www.usatoday.com/https://www.usatoday.com/story/sports/2021/03/03/kenny-smith-offers-inside-look-tnts-inside-nba/6877141002/, Kenny Smith offers an inside look at TNT's 'Inside the NBA', 0
https://www.usatoday.com/https://www.usatoday.com/videos/sports/sportskind/2021/03/03/3-pointer-sends-both-teams-into-frenzy/6901897002/, 3-pointer sends both teams into a frenzy, 0
https://www.usatoday.com/https://www.usatoday.com/story/sports/tennis/2021/03/03/mens-tennis-tour-tweaks-rankings-prize-money-amid-pandemic/115523344/, Men's tennis tour tweaks rankings| prize money amid pandemic, 0
https://www.usatoday.com/https://www.usatoday.com/story/tech/2021/03/03/clubhouse-rival-twitter-launches-spaces-audio-chat-room-android/6901089002/, Clubhouse rival? Twitter launches Spaces audio chat room on Android, 0
https://www.usatoday.com/https://www.usatoday.com/videos/news/nation/2021/03/03/video-shows-arrest-ap-journalist-myanmar/6902001002/, Video shows arrest of AP journalist in Myanmar, 0
https://www.usatoday.com/https://www.usatoday.com/story/sports/tennis/2021/03/03/medvedev-zverev-eliminated-in-1st-round-in-rotterdam/115523372/, Medvedev| Zverev eliminated in 1st round in Rotterdam, 0
https://www.usatoday.com/https://www.usatoday.com/story/entertainment/celebrities/2021/03/03/kristen-bell-dax-shepard-host-nbc-show-family-game-fight/6901395002/, Kristen Bell| Dax Shepard to host NBC game show 'Family Game Fight', 0
https://www.usatoday.com/https://www.usatoday.com/story/sports/soccer/2021/03/03/juventus-makes-weston-mckennies-move-to-turin-permanent/43449233/, Juventus makes Weston McKennie's move to Turin permanent, 0
https://www.usatoday.com/https://www.usatoday.com/story/news/politics/2021/03/03/obamacare-sign-ups-expand-during-special-covid-19-enrollment-period/6901028002/, Obamacare sign-ups expand during special COVID-19 enrollment period, 0
https://www.usatoday.com/https://www.usatoday.com/story/sports/mlb/2021/03/03/nationals-say-lefty-jon-lester-to-have-thyroid-gland-removed/115523384/, Nationals say lefty Jon Lester to have thyroid gland removed, 0
https://www.usatoday.com/https://www.usatoday.com/story/money/shopping/2021/03/03/texas-businesses-react-abbott-dropping-mask-mandate/6902209002/, Texas mask mandate ends: HEB| more businesses react to Abbott's move, 0
https://www.usatoday.com/https://www.usatoday.com/story/news/nation/2021/03/03/jackson-mississippi-water-crisis-city-unsure-how-many-affected/6902171002/, Jackson| Mississippi| water crisis: City unsure how many affected, 0
https://www.usatoday.com/https://www.usatoday.com/story/sports/nba/2021/03/03/nba-says-3-million-going-to-hbcus-through-all-star-game/43449257/, NBA says $3 million going to HBCUs through All-Star Game, 0
https://www.usatoday.com/https://www.reviewed.com/style/features/ll-bean-boots-review-shearling-lined-duck-boots?utm_source=usat&utm_medium=referral&utm_campaign=collab, Which Bean Boots are best for winter? I tried them to find out, 0
https://www.usatoday.com/https://www.usatoday.com/story/travel/news/2021/03/03/irish-travelers-u-k-resort-chain-pontins-blacklisted-nomadic-group/6900804002/, Irish Travelers: U.K. resort chain tried to blacklist nomadic group, 0
https://www.usatoday.com/https://www.usatoday.com/videos/entertainment/tv/2021/03/03/kelly-clarkson-hits-back-blake-shelton-says-she-doesnt-have-time/6902730002/, 'The Voice': Kelly Clarkson hits back at Blake Shelton for comments, 0
https://www.usatoday.com/https://www.usatoday.com/picture-gallery/opinion/contributors/2021/03/03/gunmen-nigeria-abduct-children-school-and-hold-them-ransom/6894030002/, Gunmen in Nigeria abduct children from school and hold them for ransom, 0
https://www.usatoday.com/https://www.usatoday.com/story/opinion/contributors/2021/03/03/kidnapping-becoming-growing-problem-and-economy-nigeria-column/6888121002/, Nigeria sees cycle of student kidnappings grow as ransoms are paid, 0
https://www.usatoday.com/https://www.usatoday.com/story/money/2021/03/03/alamo-drafthouse-bankruptcy-chapter-11-pandemic/6901867002/, Alama Drafthouse bankruptcy: Movie theater chain files Chapter 11, 0
https://www.usatoday.com/https://www.usatoday.com/picture-gallery/travel/news/2021/03/03/tsa-confiscated-items-airport-items-include-baby-shark-possible-ied/6839171002/, TSA confiscated items: Airport items include baby shark| possible IED, 0
https://www.usatoday.com/https://www.usatoday.com/story/sports/sports-betting/2021/03/03/oklahoma-city-thunder-at-dallas-mavericks-odds-picks-and-prediction/115523690/, Oklahoma City Thunder at Dallas Mavericks odds| picks and prediction, 0
https://www.usatoday.com/https://www.usatoday.com/story/news/politics/2021/03/03/capitol-police-chief-says-threats-lawmakers-up-93-2021/6902022002/, Capitol attack: DC National Guard waited 3 hours for Pentagon's OK, 0
https://www.usatoday.com/https://www.usatoday.com/story/sports/mlb/columnist/bob-nightengale/2021/03/03/albert-pujols-angels-contract-ends-remembered/6901599002/, Albert Pujols reflects on what could be his final MLB season, 0
https://www.usatoday.com/https://www.usatoday.com/story/news/politics/2021/03/03/monmouth-poll-americans-more-interested-stimulus-than-bipartisanship/6887484002/, Poll: Americans more interested in stimulus than in bipartisanship, 0
https://www.usatoday.com/https://www.usatoday.com/videos/entertainment/entertainthis/2021/03/03/coming-2-america-arsenio-hall-reveals-tracy-morgan-original-role/6902630002/, 'Coming 2 America': Arsenio Hall reveals Tracy Morgan's original role, 0
https://www.usatoday.com/https://www.usatoday.com/story/sports/mlb/columnist/bob-nightengale/2021/03/03/albert-pujols-700-home-run-club-retire/6903094002/, Albert Pujols would consider playing past 2021 to pursue 700 homers, 0
https://www.usatoday.com/https://www.usatoday.com/story/entertainment/2021/03/03/miss-universe-competition-set-return-may-live-florida/6903053002/, Miss Universe competition set to return in May live from Florida, 0
https://www.usatoday.com/https://www.usatoday.com/story/opinion/voices/2021/03/03/rodney-king-beating-george-floyd-video-police-refrom-karen-bass-column/6890647002/, Thirty years later| Rodney King beating reminds us our fight isn't over, 0
https://www.usatoday.com/https://www.usatoday.com/story/news/politics/2021/03/03/mike-pence-takes-aim-democrats-election-reform-bill-hr-1/6901534002/, Mike Pence takes aim at Democrats| election reform bill HR 1, 0
https://www.usatoday.com/https://www.usatoday.com/sitemap/2021/march/3/, 1, 0
https://www.usatoday.com/https://www.usatoday.com/sitemap/2021/march/3/?page=2, 2, 0
