https://www.usatoday.com/https://www.usatoday.com/story/entertainment/tv/2021/03/30/red-table-talk-exclusive-jada-willow-talk-swooning-women/4811485001/, 'Red Table Talk' exclusive: Jada| Willow talk 'swooning' for women, 0
https://www.usatoday.com/https://www.usatoday.com/story/nletter/in-california/2021/03/30/california-more-counties-move-orange-tier-who-has-signed-recall-gov-newsom/4813071001/, In California: More counties move to orange tier; who has signed on to recall Gov. Newsom?, 0
https://www.usatoday.com/https://www.usatoday.com/story/news/2021/03/30/new-york-legalizes-recreational-marijuana-state-legislature/4813649001/, New York legalizes marijuana: Cuomo signs weed bill into state law, 0
https://www.usatoday.com/https://www.usatoday.com/story/sports/nfl/2021/03/30/bills-set-to-open-stadium-talks-with-state-local-officials/43488263/, Bills set to open stadium talks with state| local officials, 0
https://www.usatoday.com/https://www.usatoday.com/story/sports/nba/grizzlies/2021/03/30/son-coach-taylor-jenkins-felony-filing-false-police-report/4813805001/, Memphis Grizzlies: Coach's son arrested for false police report, 0
https://www.usatoday.com/https://www.usatoday.com/videos/news/nation/2021/03/31/officials-tour-texas-site-migrant-teen-boys/4814040001/, Officials tour Texas site for migrant teen boys, 0
https://www.usatoday.com/https://www.usatoday.com/picture-gallery/news/nation/2021/03/31/watergate-figure-g-gordon-liddy-dies-90/4813978001/, Watergate figure G. Gordon Liddy dies at 90, 0
https://www.usatoday.com/https://www.usatoday.com/story/sports/ncaab/2021/03/30/nc-states-beverly-transferring-to-eastern-kentucky/43488223/, NC State's Beverly transferring to Eastern Kentucky, 0
https://www.usatoday.com/https://www.usatoday.com/story/news/nation/2021/03/30/g-gordon-liddy-mastermind-watergate-burglary-dies-90/4814137001/, G. Gordon Liddy| mastermind of Watergate burglary dies at 90, 0
https://www.usatoday.com/https://www.usatoday.com/story/sports/ncaaw/2021/03/30/final-four-south-carolina-breezes-win-over-texas/4813925001/, Final Four: Dawn Staley beats old foe as South Carolina breezes to win, 0
https://www.usatoday.com/https://www.usatoday.com/story/sports/nfl/2021/03/30/texans-sign-four-free-agents-led-by-rb-phillip-lindsay/43488225/, Texans sign four free agents led by RB Phillip Lindsay, 0
https://www.usatoday.com/https://www.usatoday.com/story/sports/nfl/2021/03/30/giants-sign-three-more-free-agents-including-2-titans-dbs/115656208/, Giants sign three more free agents| including 2 Titans DBs, 0
https://www.usatoday.com/https://www.usatoday.com/videos/news/nation/2021/03/31/derek-chauvin-trial-witnesses-share-regret/4814549001/, Derek Chauvin trial: Witnesses share regret not helping George Floyd, 0
https://www.usatoday.com/https://www.usatoday.com/story/sports/ncaaw/2021/03/30/south-carolina-drubs-texas-62-34-to-reach-final-four/43488229/, South Carolina drubs Texas 62-34 to reach Final Four, 0
https://www.usatoday.com/https://www.usatoday.com/story/sports/nfl/2021/03/30/chargers-sign-cb-ryan-smith-to-1-year-contract/43488375/, Chargers sign CB Ryan Smith to 1-year contract, 0
https://www.usatoday.com/https://www.usatoday.com/videos/sports/ncaab/sportspulse/2021/03/31/still-perfect-gonzaga-reaches-final-four-continues-historic-season/4814530001/, Still perfect: Gonzaga reaches Final Four| continues historic season, 0
https://www.usatoday.com/https://www.usatoday.com/story/sports/ncaab/2021/03/30/gonzaga-beats-usc-elite-eight-stays-undefeated/4813016001/, Elite Eight: Gonzaga: routs USC to reach Final Four| stay undefeated, 0
https://www.usatoday.com/https://www.usatoday.com/videos/news/nation/2021/03/31/los-angeles-expand-reopening-virus-cases-ease/4814748001/, Los Angeles to expand reopening as virus cases ease, 0
https://www.usatoday.com/https://www.usatoday.com/story/sports/ncaab/2021/03/30/quite-a-show-zags-stay-undefeated-with-85-66-win-over-usc/43488241/, Quite a show: Zags stay undefeated with 85-66 win over USC, 0
https://www.usatoday.com/https://www.usatoday.com/story/sports/ncaab/2021/03/30/ncaa-tournament-elite-8-mens-winners-and-losers/4812507001/, NCAA Tournament Elite 8 men's winners and losers, 0
https://www.usatoday.com/https://www.usatoday.com/story/sports/nba/2021/03/30/rozier-scores-27-points-leads-hornets-past-wizards-114-104/115656244/, Rozier scores 27 points| leads Hornets past Wizards 114-104, 0
https://www.usatoday.com/https://www.usatoday.com/story/sports/nhl/2021/03/30/verhaeghe-paces-panthers-over-red-wings-4-1/43488275/, Verhaeghe paces Panthers over Red Wings| 4-1, 0
https://www.usatoday.com/https://www.usatoday.com/story/sports/nba/2021/03/30/nba-vet-lou-williams-joins-hawks-after-pondering-retirement/115656272/, NBA vet Lou Williams joins Hawks after pondering retirement, 0
https://www.usatoday.com/https://www.usatoday.com/story/sports/nhl/2021/03/30/blue-jackets-beat-lightning-3-1-snap-4-game-winless-skid/43488285/, Blue Jackets beat Lightning 3-1| snap 4-game winless skid, 0
https://www.usatoday.com/https://www.usatoday.com/story/sports/ncaab/2021/03/30/final-four-gonzaga-southern-cal-takeaways/4812801001/, Final Four: Will anyone be able to stop Gonzaga's run at perfection?, 0
https://www.usatoday.com/https://www.usatoday.com/story/sports/ncaab/2021/03/30/uscs-early-turnovers-doom-ncaa-upset-bid-against-gonzaga/43488301/, USC's early turnovers doom NCAA upset bid against Gonzaga, 0
https://www.usatoday.com/https://www.usatoday.com/story/news/nation/2021/03/30/organizer-imperial-county-car-crash-immigration-arrested-charged/4813633001/, Imperial County crash: Man charged with organizing smuggling operation, 0
https://www.usatoday.com/https://www.usatoday.com/story/sports/nhl/2021/03/30/panarin-has-goal-2-assists-as-rangers-handle-caps-5-2/115656282/, Panarin has goal| 2 assists as Rangers handle Caps 5-2, 0
https://www.usatoday.com/https://www.usatoday.com/story/sports/ncaaw/2021/03/30/sue-bird-diana-taurasi-olympics-wnba-ncaa-tournament-uconn-baylor/4814768001/, Sue Bird| Diana Taurasi talk UConn-Baylor| Olympics| NCAA inequities, 0
https://www.usatoday.com/https://www.usatoday.com/story/sports/nhl/2021/03/30/price-gets-1st-shutout-of-season-montreal-tops-oilers-4-0/43488311/, Price gets 1st shutout of season| Montreal tops Oilers 4-0, 0
https://www.usatoday.com/https://www.usatoday.com/story/sports/nhl/2021/03/30/bruins-rally-for-5-4-shootout-win-over-devils/43488331/, Bruins rally for 5-4 shootout win over Devils, 0
https://www.usatoday.com/https://www.usatoday.com/story/tech/reviewedcom/2021/03/30/overstock-sale-shop-stores-red-tag-sale-up-70-off/4631816001/, Overstock sale: Shop the store's Red Tag event for up to 70% off, 0
https://www.usatoday.com/https://www.usatoday.com/story/sports/nhl/2021/03/30/strome-debrincat-score-blackhawks-cool-off-canes-2-1/43488351/, Strome| DeBrincat score| Blackhawks cool off Canes 2-1, 0
https://www.usatoday.com/https://www.usatoday.com/story/sports/nfl/2021/03/30/cardinals-add-veteran-qb-mccoy-to-back-up-murray/115656300/, Cardinals add veteran QB McCoy to back up Murray, 0
https://www.usatoday.com/https://www.usatoday.com/story/sports/nhl/2021/03/30/canadiens-return-from-covid-related-break-blank-oilers-4-0/115656326/, Canadiens return from COVID-related break| blank Oilers 4-0, 0
https://www.usatoday.com/https://www.usatoday.com/story/sports/ncaab/2021/03/30/gonzagas-bid-for-a-perfect-season-moves-on-to-final-four/115656328/, Gonzaga's bid for a perfect season moves on to Final Four, 0
https://www.usatoday.com/https://www.usatoday.com/story/entertainment/celebrities/2021/03/30/jennifer-love-hewitt-reacts-gross-media-treatment-early-career/4814672001/, Jennifer Love Hewitt reacts to 'gross' media treatment early in career, 0
https://www.usatoday.com/https://www.usatoday.com/story/sports/ncaab/2021/03/30/two-south-carolina-basketball-players-plan-to-transfer/115656500/, Two South Carolina basketball players plan to transfer, 0
https://www.usatoday.com/https://www.usatoday.com/story/entertainment/celebrities/2021/03/30/rochelle-hager-tiktok-star-dies-while-calling-fiancee-car-accident/4815211001/, Rochelle Hager: TikTok star killed in accident while calling fiancée, 0
https://www.usatoday.com/https://www.usatoday.com/story/sports/ncaaw/2021/03/30/stanford-rallies-to-beat-louisville-78-63-reach-final-four/115656386/, Stanford rallies to beat Louisville 78-63| reach Final Four, 0
https://www.usatoday.com/https://www.usatoday.com/videos/news/nation/2021/03/31/over-4000-migrants-crowded-into-texas-facility/4816040001/, Over 4|000 migrants crowded into Texas facility, 0
https://www.usatoday.com/https://www.usatoday.com/story/sports/ncaaw/2021/03/30/elite-8-stanford-louisville-womens-ncaa-tournament/4815604001/, Elite 8: Stanford women send Louisville home| reach 14th Final Four, 0
https://www.usatoday.com/https://www.usatoday.com/story/sports/ncaaw/2021/03/30/hull-shines-as-stanford-beats-louisville-to-reach-final-four/43488385/, Hull shines as Stanford beats Louisville to reach Final Four, 0
https://www.usatoday.com/https://www.usatoday.com/story/sports/ncaaw/2021/03/30/1st-timer-arizona-joins-mainstays-in-womens-ncaa-final-four/43488389/, 1st-timer Arizona joins mainstays in women's NCAA Final Four, 0
https://www.usatoday.com/https://www.usatoday.com/story/sports/nba/2021/03/30/murray-porter-lead-nuggets-past-slow-starting-76ers-104-95/43488391/, Murray| Porter lead Nuggets past slow-starting 76ers 104-95, 0
https://www.usatoday.com/https://www.usatoday.com/story/sports/ncaaw/2021/03/30/wbca-sends-letter-to-emmert-asking-for-independent-review/43488411/, Emmert promises WBCA he will work to fix 'stark' inequities, 0
https://www.usatoday.com/https://www.usatoday.com/story/sports/ncaab/2021/03/30/undefeated-gonzaga-beats-usc-85-66-to-reach-final-four/115656478/, Undefeated Gonzaga beats USC 85-66 to reach Final Four, 0
https://www.usatoday.com/https://www.usatoday.com/story/tech/2021/03/31/ftc-google-tougher-protecting-kids-privacy-apps/4809416001/, Groups urge FTC to be tougher on Google shielding kids privacy on apps, 0
https://www.usatoday.com/https://www.usatoday.com/story/sports/ncaab/2021/03/31/elite-8-ucla-upsets-michigan-mens-ncaa-tournament/4815374001/, Elite 8: UCLA shocks Michigan| advances to men's Final Four, 0
https://www.usatoday.com/https://www.usatoday.com/story/sports/ncaab/2021/03/31/juzang-sends-no-11-seed-ucla-past-michigan-to-final-four/43488413/, Juzang sends No. 11 seed UCLA past Michigan to Final Four, 0
https://www.usatoday.com/https://www.usatoday.com/videos/sports/ncaab/sportspulse/2021/03/31/first-four-final-four-ucla-stuns-michigan-reach-final-four/4816810001/, From First Four to Final Four: UCLA stuns Michigan to reach Final Four, 0
https://www.usatoday.com/https://www.usatoday.com/story/sports/nba/2021/03/31/suns-turn-away-late-hawks-rally-for-a-117-110-victory/115656516/, Suns turn away late Hawks rally for a 117-110 victory, 0
https://www.usatoday.com/https://www.usatoday.com/story/sports/nba/2021/03/31/magic-rally-in-fourth-snap-clippers-six-game-win-streak/115656532/, Magic rally in fourth| snap Clippers' six-game win streak, 0
https://www.usatoday.com/https://www.usatoday.com/story/sports/sports-betting/2021/03/31/philadelphia-flyers-at-buffalo-sabres-odds-picks-and-prediction/115656528/, Philadelphia Flyers at Buffalo Sabres odds| picks and prediction, 0
https://www.usatoday.com/https://www.usatoday.com/story/sports/sports-betting/2021/03/31/toronto-raptors-at-oklahoma-city-thunder-odds-picks-and-prediction/115656548/, Toronto Raptors at Oklahoma City Thunder odds| picks and prediction, 0
https://www.usatoday.com/https://www.usatoday.com/story/sports/college/columnist/dan-wolken/2021/03/31/final-four-ncaa-tournament-bizarre-mens-basketball-season/4816908001/, Final Four makes perfect sense| even in a bizarre men's season, 0
https://www.usatoday.com/https://www.usatoday.com/story/sports/olympics/2021/03/31/one-year-on-australian-uniforms-unveiled-for-tokyo-olympics/115656562/, One year on| Australian uniforms unveiled for Tokyo Olympics, 0
https://www.usatoday.com/https://www.usatoday.com/story/sports/ncaab/2021/03/31/big-ten-becomes-big-flop-by-getting-shut-out-of-final-4/43488473/, Big Ten becomes big flop by getting shut out of Final 4, 0
https://www.usatoday.com/https://www.usatoday.com/story/sports/mlb/2021/03/31/gehrig-bat-original-yankee-stadium-home-plate-up-for-bid/43488483/, Gehrig bat| original Yankee Stadium home plate up for bid, 0
https://www.usatoday.com/https://www.usatoday.com/story/sports/nfl/2021/03/31/usa-football-recommends-8-procedures-for-youth-safety/43488485/, USA Football recommends 8 procedures for youth safety, 0
https://www.usatoday.com/https://www.usatoday.com/story/sports/ncaab/2021/03/31/drews-finally-make-final-four-run-after-nearly-2000-games/43488487/, Drews finally make Final Four run after nearly 2|000 games, 0
https://www.usatoday.com/https://www.usatoday.com/story/sports/ncaab/2021/03/31/final-four-set-a-question-left-can-anybody-beat-gonzaga/43488495/, Final Four set| a question left: Can anybody beat Gonzaga?, 0
https://www.usatoday.com/https://www.usatoday.com/story/sports/ncaaw/2021/03/31/bored-games-teams-find-funs-ways-to-fill-gaps-at-tourneys/115656582/, Bored games: Teams find funs ways to fill gaps at tourneys, 0
https://www.usatoday.com/https://www.usatoday.com/story/sports/nfl/2021/03/31/analysis-more-games-more-money-more-flexibility-for-nfl/115656574/, Analysis: More games| more money| more flexibility for NFL, 0
https://www.usatoday.com/https://www.usatoday.com/story/sports/tennis/2021/03/31/a-busy-thursday-in-golf-and-tennis-awaits-the-korda-family/43488503/, A busy Thursday in golf and tennis awaits the Korda family, 0
https://www.usatoday.com/https://www.usatoday.com/story/opinion/2021/03/31/military-low-conviction-rates-sexual-assault-good-reason-column/7036260002/, Military tries sexual assault cases that career prosecutors would decline, 0
https://www.usatoday.com/https://www.usatoday.com/story/news/2021/03/31/matt-gaetz-probe-joe-bidens-infrastructure-plan-5-things-know-wednesday/7012001002/, Matt Gaetz probe| Joe Biden's infrastructure plan: 5 things to know Wednesday, 0
https://www.usatoday.com/https://www.usatoday.com/story/news/health/2021/03/31/covid-cases-hospitalizations-variants-vaccine/4812015001/, COVID: Johnson & Johnson manufacturing error; Wisconsin mask mandate, 0
https://www.usatoday.com/https://www.usatoday.com/videos/sports/mlb/sportspulse/2021/03/31/heres-who-our-experts-have-winning-2021-world-series/7033814002/, Here's who our experts have winning the 2021 World Series, 0
https://www.usatoday.com/https://www.usatoday.com/story/tech/columnist/2021/03/31/best-laptops-small-hp-thinkpad-lenovo-surface/7041745002/, The best laptops now come in small packages. Here's how they stack up., 0
https://www.usatoday.com/https://www.usatoday.com/story/opinion/2021/03/31/covid-19-caution-stay-masked-distanced-as-states-open-up-column/7060624002/, COVID-19 caution: Stay masked and distanced as states lift restrictions, 0
https://www.usatoday.com/https://www.usatoday.com/story/news/politics/2021/03/31/president-joe-biden-proposes-2-trillion-infrastructure-jobs-plan/4809290001/, Joe Biden's infrastructure plan: President pitches plan in Pittsburgh, 0
https://www.usatoday.com/https://www.usatoday.com/videos/news/nation/2021/03/31/female-comedians-team-up-hysterical-special/4817643001/, Female comedians team up for 'Hysterical' special, 0
https://www.usatoday.com/https://www.usatoday.com/videos/entertainment/2021/03/31/female-comedians-team-up-hysterical-special/4817644001/, Female comedians team up for 'Hysterical' special, 0
https://www.usatoday.com/https://www.usatoday.com/videos/entertainment/2021/03/31/day-31-march-1943/4817654001/, On This Day: 31 March 1943, 0
https://www.usatoday.com/https://www.usatoday.com/videos/news/nation/2021/03/31/day-31-march-1943/4817656001/, On This Day: 31 March 1943, 0
https://www.usatoday.com/https://www.usatoday.com/story/opinion/2021/03/31/how-black-and-asian-american-women-are-overcoming-racism-together-column/7058578002/, How Black and Asian American women are overcoming racism together, 0
https://www.usatoday.com/https://www.usatoday.com/in-depth/news/nation/2021/03/31/national-guard-members-who-reported-sexual-assault-retaliated-against/6983139002/, National Guard members who reported sexual assault retaliated against, 0
https://www.usatoday.com/https://www.usatoday.com/story/news/education/2021/03/31/active-shooter-drills-kids-return-person-school-covid/7009223002/, Active shooter drills back as kids return to in-person school: COVID, 0
https://www.usatoday.com/https://www.usatoday.com/story/news/investigations/2021/03/31/georgia-spa-shootings-highlight-worker-vulnerability-threat-arrest/4802368001/, Georgia spa shootings highlight worker vulnerability| threat of arrest, 0
https://www.usatoday.com/https://www.usatoday.com/story/money/columnist/2021/03/31/how-invest-bonds-interest-rates-rising/7051082002/, How to invest in bonds when interest rates are rising, 0
https://www.usatoday.com/https://www.usatoday.com/story/tech/2021/03/31/nfts-music-black-female-artist-shontelle-paves-way/7003803002/, NFTs in music: Black female artist Shontelle paves the way, 0
https://www.usatoday.com/https://www.usatoday.com/story/sports/ncaab/2021/03/31/elite-8-run-ucla-ncaa-tournament-run-end-final-four/4816395001/, Final Four: UCLA celebration of remarkable men's run won't last long, 0
https://www.usatoday.com/https://www.usatoday.com/story/sports/nfl/columnist/nate-davis/2021/03/31/nfl-17-game-season-records-peyton-manning-calvin-johnson/7051414002/, NFL 17-game season: 6 major records in further peril with extra game, 0
https://www.usatoday.com/https://www.usatoday.com/story/sports/nba/2021/03/31/russell-westbrook-hits-back-at-stephen-a-smith/4816687001/, Russell Westbrook to Stephen A. Smith: 'A championship don't change my life', 0
https://www.usatoday.com/https://www.usatoday.com/story/sports/ncaab/2021/03/31/elite-8-takeaways-gonzaga-final-four-undefeated/4815040001/, Elite 8 takeaways: Can Final Four-bound Gonzaga go undefeated?, 0
https://www.usatoday.com/https://www.usatoday.com/story/news/health/2021/03/31/pfizer-biontech-covid-19-vaccine-safe-effective-adolescents-coronavirus/4811287001/, COVID vaccine for teens: Pfizer-BioNTech shot is safe for adolescents, 0
https://www.usatoday.com/https://www.usatoday.com/story/news/nation/2021/03/31/derek-chauvin-trial-live-day-3-witness-genevieve-hansen/7019123002/, Derek Chauvin trial day 3: Witness to George Floyd's arrest cries, 0
https://www.usatoday.com/https://www.usatoday.com/story/news/50-states/2021/03/31/chef-initiative-ice-fishing-trash-tribeca-plans-news-around-states/115656660/, Chef initiative| ice fishing trash: News from around our 50 states, 0
https://www.usatoday.com/https://www.usatoday.com/story/nletter/2021/03/31/matt-gaetz-probe-joe-biden-infrastructure-plan-daily-briefing/4817592001/, Matt Gaetz probe| Joe Biden's infrastructure plan: Daily Briefing, 0
https://www.usatoday.com/https://www.usatoday.com/picture-gallery/travel/hotels/2021/03/31/epic-hotel-bathrooms-around-world/4805174001/, Bathroom inspiration: 25 epic hotel bathrooms from around the world, 0
https://www.usatoday.com/https://www.usatoday.com/story/entertainment/music/2021/03/31/artists-empowering-women-through-music-beyonce-demi-lovato/6948345002/, Beyonce| Demi Lovato| more artists empowering women through music, 0
https://www.usatoday.com/https://www.usatoday.com/story/opinion/voices/2021/03/31/female-veterans-affairs-va-military-sexaul-assault-column/7060360002/, VA system should serve| protect female veterans| not endanger them, 0
https://www.usatoday.com/https://www.usatoday.com/story/sports/ncaab/2021/03/31/ucla-celebration-final-four-berth-michigan/4817791001/, UCLA fans party in streets near campus after men's Final Four berth, 0
https://www.usatoday.com/https://www.usatoday.com/story/sports/sports-betting/2021/03/31/chicago-bulls-at-phoenix-suns-odds-picks-and-prediction/115656808/, Chicago Bulls at Phoenix Suns odds| picks and prediction, 0
https://www.usatoday.com/https://www.usatoday.com/story/sports/ftw/2021/03/31/nfl-17-game-schedule-presidents-day-holiday/4817863001/, NFL: 17-game schedule means Presidents Day should be floating holiday, 0
https://www.usatoday.com/https://www.usatoday.com/story/sports/mlb/2021/03/31/2021-mlb-schedule-dates-know-baseball/4461892001/, 2021 MLB opening day: Schedule to know for the new baseball season, 0
https://www.usatoday.com/https://www.usatoday.com/story/sports/sports-betting/2021/03/31/milwaukee-bucks-at-los-angeles-lakers-odds-picks-and-prediction/115656824/, Milwaukee Bucks at Los Angeles Lakers odds| picks and prediction, 0
https://www.usatoday.com/https://www.usatoday.com/story/travel/news/2021/03/31/hawaiian-tourism-surge-rental-car-inventory-low-prices-high/4817854001/, Hawaiian tourism surge: Rental car inventory low| prices high, 0
https://www.usatoday.com/https://www.usatoday.com/videos/news/nation/2021/03/31/showbiz-minute-spears-worthy-farm-hamill/4817916001/, ShowBiz Minute: Spears| Worthy Farm| Hamill, 0
https://www.usatoday.com/https://www.usatoday.com/videos/entertainment/2021/03/31/showbiz-minute-spears-worthy-farm-hamill/4817918001/, ShowBiz Minute: Spears| Worthy Farm| Hamill, 0
https://www.usatoday.com/https://www.usatoday.com/story/news/nation/2021/03/31/nyc-attack-asian-woman-suspect-charged-hate-crime/4817796001/, NYC attack on Asian woman: Brandon Elliot charged with hate crime, 0
https://www.usatoday.com/https://www.usatoday.com/story/sports/columnist/nancy-armour/2021/03/31/final-four-women-dawn-staley-south-carolina-adia-barnes-arizona/4816180001/, Dawn Staley| Adia Barnes making Final Four history. ADs| pay attention, 0
https://www.usatoday.com/https://www.usatoday.com/story/sports/soccer/2021/03/31/ac-milan-signs-multi-year-partnership-deal-with-bmw/115656870/, AC Milan signs multi-year partnership deal with BMW, 0
https://www.usatoday.com/https://www.usatoday.com/story/sports/sports-betting/2021/03/31/portland-trail-blazers-at-detroit-pistons-odds-picks-and-prediction/115656872/, Portland Trail Blazers at Detroit Pistons odds| picks and prediction, 0
https://www.usatoday.com/https://www.usatoday.com/story/entertainment/movies/2021/03/31/concrete-cowboy-idris-elba-netflix-life-after-covid/6999178002/, 'Concrete Cowboy': Idris Elba talks new Netflix film| life after COVID, 0
https://www.usatoday.com/https://www.usatoday.com/videos/entertainment/entertainthis/2021/03/31/actor-idris-elba-calls-covid-19-recovery-new-lease-life-concrete-cowboy-netflix-interview/4815390001/, Actor Idris Elba calls COVID-19 recovery 'a new lease on life', 0
https://www.usatoday.com/https://www.usatoday.com/story/money/2021/03/31/sabra-recall-classic-hummus-recalled-due-possible-salmonella-risk/4817819001/, Sabra recall: Classic Hummus recalled due to possible salmonella risk, 0
https://www.usatoday.com/https://www.usatoday.com/story/news/politics/2021/03/31/texas-senate-anti-abortion-ban-heartbeat-outlaw-prohibit/4818000001/, Texas Senate approves 'fetal heartbeat' anti-abortion bill, 0
https://www.usatoday.com/https://www.usatoday.com/story/travel/news/2021/03/31/puerto-rico-travel-aggressive-tourists-police-fines/6979905002/, Puerto Rico travel: Aggressive tourists lead to more police| fines, 0
https://www.usatoday.com/https://www.usatoday.com/story/news/nation/2021/03/31/michigan-man-pleads-guilty-smashing-black-teens-face-lock/4818170001/, Michigan man pleads guilty to smashing Black teen's face with lock, 0
https://www.usatoday.com/https://www.usatoday.com/story/money/2021/03/31/roku-activation-setup-tech-support-scam/4817991001/, Roku activation scam: How it's happening| what to watch for, 0
https://www.usatoday.com/https://www.usatoday.com/videos/news/nation/2021/03/31/g-gordon-liddy-watergate-mastermind-and-radio-host-has-died/4818277001/, G. Gordon Liddy| Watergate mastermind and radio host| has died, 0
https://www.usatoday.com/https://www.usatoday.com/story/entertainment/celebrities/2021/03/31/michael-strahan-gap-teeth-gone-gma-hosts-confused/4817921001/, Michael Strahan: Closing signature tooth gap was April Fools' prank, 0
https://www.usatoday.com/https://www.usatoday.com/story/entertainment/celebrities/2021/03/31/chrissy-teigen-people-beautiful-issue-talks-racism-miscarriage/4818268001/, Chrissy Teigen| in People's Beautiful Issue| talks racism| miscarriage, 0
https://www.usatoday.com/https://www.usatoday.com/videos/news/nation/2021/03/31/today-history-march-31st/4818499001/, Today in History for March 31st, 0
https://www.usatoday.com/https://www.reviewed.com/style/features/top-rated-pairs-mens-shorts-summer-huckberry-everlane-lululemon?utm_source=usat&utm_medium=referral&utm_campaign=collab, 14 top-rated pairs of men's shorts to buy now for summer, 0
https://www.usatoday.com/https://www.usatoday.com/videos/news/nation/2021/03/31/bidens-dog-major-involved-second-biting-incident-white-house/4818194001/, Biden's dog Major involved in second biting incident at White House, 0
https://www.usatoday.com/https://www.usatoday.com/story/sports/ncaab/tourney/2021/03/31/gonzagas-jalen-suggs-praises-uconns-paige-buckers-goat/4818211001/, Gonzaga's Jalen Suggs praises UConn's Paige Buckers as 'GOAT', 0
https://www.usatoday.com/https://www.usatoday.com/videos/life/humankind/2021/03/31/firefighters-rally-boy-after-losing-his-dad/4818854001/, Firefighters rally for boy after losing his dad, 0
https://www.usatoday.com/https://www.usatoday.com/story/sports/nba/2021/03/31/women-thriving-nba-assistant-coaches-becky-hammon-jenny-boucek/7018990002/, Women like Becky Hammon| Jenny Boucek are thriving as NBA assistants, 0
https://www.usatoday.com/https://www.usatoday.com/story/entertainment/celebrities/2021/03/31/luke-bryan-details-fishing-accident-this-gonna-leave-mark/4818195001/, Luke Bryan details fishing accident: 'This is gonna leave a mark', 0
https://www.usatoday.com/https://www.usatoday.com/story/news/politics/2021/03/31/matt-gaetz-what-we-know-investigation-into-florida-congressman/4817868001/, Matt Gaetz: What we know about investigation into Florida congressman, 0
https://www.usatoday.com/https://www.usatoday.com/story/travel/airline-news/2021/03/31/covid-travel-delta-flights-wont-block-block-middle-seats-anymore/4811018001/, COVID travel: Delta flights won't block block middle seats anymore, 0
https://www.usatoday.com/https://www.usatoday.com/videos/sports/nba/sportspulse/2021/03/31/why-nba-players-havent-batted-eye-female-coaches/7013505002/, Why NBA players haven't batted an eye at female coaches, 0
https://www.usatoday.com/https://www.usatoday.com/picture-gallery/entertainment/2021/03/31/photos-take-a-walk-through-concords-sleepy-hollow-cemetery/42564297/, PHOTOS: Take a walk through Concord's Sleepy Hollow Cemetery, 0
https://www.usatoday.com/https://www.usatoday.com/videos/news/weather/2021/03/31/northeast-weather-winterlike-conditions-return-rain-snow-morning-commute/4818988001/, Winterlike conditions to return in Northeast, 0
https://www.usatoday.com/https://www.usatoday.com/story/sports/sports-betting/2021/03/31/arizona-coyotes-at-colorado-avalanche-odds-picks-and-prediction/115657764/, Arizona Coyotes at Colorado Avalanche odds| picks and prediction, 0
https://www.usatoday.com/https://www.usatoday.com/story/sports/mlb/2021/03/31/mlb-2021-bold-predictions-new-baseball-season/6743835002/, MLB 2021: Bold predictions for the new baseball season, 0
https://www.usatoday.com/https://www.usatoday.com/story/news/education/2021/03/31/vermont-macys-turned-high-school-what-downtown-burlington-looks-like/4818514001/, Vermont Macy's turned high school: What Downtown Burlington looks like, 0
https://www.usatoday.com/https://www.usatoday.com/story/tech/2021/03/31/facebook-news-feed-tool-lets-users-control-what-they-see/4818321001/, Facebook's new News Feed tool lets users control what they see, 0
https://www.usatoday.com/https://www.usatoday.com/story/sports/ncaaw/2021/03/31/final-four-stanford-women-capable-winning-ncaa-tournament/4817299001/, In Final Four| Stanford women are capable of winning NCAA Tournament, 0
https://www.usatoday.com/https://www.usatoday.com/videos/news/nation/2021/03/31/vermont-macys-store-transformed-into-high-school/4819143001/, Burlington VT Macy's store transformed into high school, 0
https://www.usatoday.com/https://www.usatoday.com/story/sports/nba/2021/03/31/how-nbas-march-madness-having-impact-championship-contenders/4808243001/, How NBA's March Madness is having an impact on championship contenders, 0
https://www.usatoday.com/https://www.usatoday.com/story/sports/sports-betting/2021/03/31/minnesota-wild-at-san-jose-sharks-odds-picks-and-prediction/115657774/, Minnesota Wild at San Jose Sharks odds| picks and prediction, 0
https://www.usatoday.com/https://www.usatoday.com/videos/news/nation/2021/03/31/nyc-attack-asian-woman-suspect-arrested-charged-hate-crime/4819032001/, NYC attack on Asian woman: Suspect arrested| charged with hate crime, 0
https://www.usatoday.com/https://www.usatoday.com/story/sports/soccer/2021/03/31/uefa-ends-cap-on-fan-limits-in-stadiums-ahead-of-euro-2020/115657800/, UEFA ends cap on fan limits in stadiums ahead of Euro 2020, 0
https://www.usatoday.com/https://www.reviewed.com/home-outdoors/features/sunday-lawn-care-review, This DIY-lawn care plan brought my yard back to life, 0
https://www.usatoday.com/https://www.usatoday.com/story/sports/soccer/2021/03/31/chelsea-advances-to-womens-champions-league-semifinals/43489271/, Chelsea| Barcelona reach Women's Champions League semifinals, 0
https://www.usatoday.com/https://www.usatoday.com/story/sports/ncaaw/2021/03/31/marylands-brenda-frese-is-the-ap-womens-coach-of-the-year/43489275/, Maryland's Brenda Frese is the AP women's coach of the year, 0
https://www.usatoday.com/https://www.reviewed.com/style/features/platform-crocs-review-new-clogs?utm_source=usat&utm_medium=referral&utm_campaign=collab, These platform Crocs are my new favorite shoes for spring, 0
https://www.usatoday.com/https://www.usatoday.com/story/sports/mlb/2021/03/31/welcome-back-fans-mlb-openers-bring-soto-tatis-and-crowds/115657924/, Welcome back| fans! MLB openers bring Soto| Tatis and crowds, 0
https://www.usatoday.com/https://www.usatoday.com/story/nletter/2021/03/31/daily-money-newsletter-social-security-stimulus-checks-bonds/4819065001/, Daily Money newsletter: Social Security and stimulus checks; bonds, 0
https://www.usatoday.com/https://www.usatoday.com/story/sports/mlb/2021/03/31/miami-marlins-ballpark-to-be-renamed-loandepot-park/43489361/, Despite revenue hike| Marlins' emphasis will be on prospects, 0
https://www.usatoday.com/https://www.reviewed.com/home-outdoors/features/12-best-places-order-flowers-online?utm_source=usat&utm_medium=referral&utm_campaign=collab, The 12 best places to order flowers online for Mother's Day, 0
https://www.usatoday.com/https://www.usatoday.com/story/sports/ncaaw/2021/03/31/uconns-paige-bueckers-is-ap-womens-player-of-the-year/43489367/, UConn's Paige Bueckers is AP women's player of the year, 0
https://www.usatoday.com/https://www.usatoday.com/story/money/usaandmain/2021/03/31/new-jersey-hotel-gets-dining-revamp-from-real-housewives-sons/4819328001/, New Jersey hotel gets dining revamp from 'Real Housewives' sons, 0
https://www.usatoday.com/https://www.reviewed.com/parenting/features/parents-disabilities-swear-these-helpful-products?utm_source=usat&utm_medium=referral&utm_campaign=collab, Parents with disabilities swear by these 10 helpful products, 0
https://www.usatoday.com/https://www.usatoday.com/videos/news/nation/2021/03/31/new-yorkers-30-and-over-get-covid-19-vaccine/4820332001/, New Yorkers 30 and over get COVID-19 vaccine, 0
https://www.usatoday.com/https://www.usatoday.com/story/news/world/2021/03/31/suez-canal-incident-costly-calamity-fuels-support-seafarers/4818534001/, Suez Canal incident: Costly calamity fuels support for seafarers, 0
https://www.usatoday.com/https://www.usatoday.com/story/sports/nfl/columnist/bell/2021/03/31/nfl-17-game-regular-season-leaves-question-player-toll/4819304001/, NFL's 17-game season leaves question of toll on players, 0
https://www.usatoday.com/https://www.usatoday.com/videos/news/nation/2021/03/31/ap-top-stories-march-31/4820602001/, AP Top Stories March 31 A, 0
https://www.usatoday.com/https://www.usatoday.com/story/sports/sports-betting/2021/03/31/detroit-tigers-and-betmgm-partner-on-multiyear-deal/115658098/, Detroit Tigers and BetMGM partner on multi-year deal, 0
https://www.usatoday.com/https://www.usatoday.com/story/news/nation/2021/03/31/wisconsin-mask-mandate-lifted-state-supreme-court-rules-order-invalid/4819939001/, Wisconsin mask mandate lifted: State Supreme Court rules order invalid, 0
https://www.usatoday.com/https://www.usatoday.com/story/news/nation/2021/03/31/severe-weather-tornadoes-possible-southeast-snow-northeast/4820139001/, Severe weather| tornadoes possible in Southeast; snow in Northeast, 0
https://www.usatoday.com/https://www.usatoday.com/videos/news/health/2021/03/31/pfizer-biontech-covid-vaccine-proven-safe-children-over-12/4820848001/, Pfizer-BioNTech COVID vaccine proven safe for children over 12, 0
https://www.usatoday.com/https://www.usatoday.com/story/sports/sports-betting/2021/03/31/los-angeles-kings-at-vegas-golden-knights-odds-picks-and-prediction/115658130/, Los Angeles Kings at Vegas Golden Knights odds| picks and prediction, 0
https://www.usatoday.com/https://www.usatoday.com/story/news/nation/2021/03/31/bears-mysterious-disease-unfazed-humans-worrying-officials/7061297002/, Bears with mysterious disease unfazed by humans| worrying officials, 0
https://www.usatoday.com/https://www.10best.com/interests/galleries-venues/best-places-art-united-states-vote-readers-choice-awards/, What are the best places to see art in the United States?, 0
https://www.usatoday.com/https://www.usatoday.com/story/sports/mlb/2021/03/31/leading-off-crowds-back-on-opening-day-cole-starts-season/43489619/, LEADING OFF: Crowds back on opening day| Cole starts season, 0
https://www.usatoday.com/https://www.usatoday.com/story/entertainment/music/2021/03/31/bonnaroo-lineup-2021-headliners-foo-fighters-lizzo-megan-thee-stallion/4821042001/, Bonnaroo 2021 performers: Megan Thee Stallion| Lizzo| Foo Fighters, 0
https://www.usatoday.com/https://www.usatoday.com/story/news/politics/2021/03/31/two-u-s-capitol-police-officers-sue-trump-inciting-riot/4819740001/, Two U.S. Capitol police officers sue Trump for inciting riot, 0
https://www.usatoday.com/https://www.usatoday.com/videos/life/humankind/2021/03/31/cute-couple-celebrates-vaccine-victory-dance/4821237001/, Cute couple celebrates vaccine with victory dance, 0
https://www.usatoday.com/https://www.usatoday.com/story/sports/ncaab/2021/03/31/final-four-mens-preview-baylor-houston-gonzaga-ucla/4815352001/, Final Four men's preview: Breaking down Baylor-Houston| Gonzaga-UCLA, 0
https://www.usatoday.com/https://www.reviewed.com/smarthome/content/ring-video-doorbell-pro-2-review?utm_source=usat&utm_medium=referral&utm_campaign=collab, Ring’s new video doorbell is a premium (but pricey) way to guard your door, 0
https://www.usatoday.com/https://www.usatoday.com/story/news/nation/2021/03/31/california-redwood-tree-falls-car-kills-couple/4821330001/, California redwood tree falls on car| kills couple, 0
https://www.usatoday.com/https://www.usatoday.com/videos/news/nation/2021/03/31/nyc-mayor-urges-new-yorkers-report-hate-crimes/4821727001/, NYC mayor urges New Yorkers to report hate crimes, 0
https://www.usatoday.com/https://www.usatoday.com/story/money/retail/2021/03/31/the-voice-coach-blake-shelton-smithworks-hard-seltzer-lemonade-country/7047828002/, 'The Voice' coach Blake Shelton is taking hard seltzer country, 0
https://www.usatoday.com/https://www.usatoday.com/videos/news/weather/2021/03/31/massive-wind-driven-fire-engulfs-chicago-paper-recycling-plant/4813598001/, Massive wind-driven fire engulfs Chicago paper recycling plant, 0
https://www.usatoday.com/https://www.usatoday.com/videos/news/weather/2021/03/31/schroeder-fire-firefighters-battle-wildfire-south-dakota/4812591001/, Schroeder Fire: Firefighters battle wildfire in South Dakota, 0
https://www.usatoday.com/https://www.usatoday.com/story/sports/ncaaf/2021/03/31/supreme-court-grills-ncaa-compensation-case/4821059001/, Supreme Court grills NCAA in compensation case, 0
https://www.usatoday.com/https://www.usatoday.com/story/news/nation/2021/03/31/florida-senate-hears-fwc-report-ume-manatee-death-crisis-indian-river-lagoon-starvation-seagrasses/4819576001/, Florida manatee deaths are spiking this year. Pollution may be why., 0
https://www.usatoday.com/https://www.usatoday.com/story/sports/ncaaf/2021/03/31/georgia-louisville-schedule-football-games-in-2026-27/43489611/, Georgia-Louisville schedule football games in 2026-27, 0
https://www.usatoday.com/https://www.usatoday.com/story/sports/soccer/2021/03/31/african-qualifier-re-scheduled-after-covid-19-test-dispute/43489613/, African qualifier re-scheduled after COVID-19 test dispute, 0
https://www.usatoday.com/https://www.usatoday.com/in-depth/sports/2021/03/31/mlb-opening-day-covid-19-infections-rise-stadiums-open-fans/7020066002/, MLB opening day: COVID-19 infections rise as stadiums open to fans, 0
https://www.usatoday.com/https://www.usatoday.com/story/sports/sports-betting/2021/03/31/2021-valero-texas-open-matchups-placings-and-firstround-leader-predictions/115658258/, 2021 Valero Texas Open matchups| placings and first-round leader predictions, 0
https://www.usatoday.com/https://www.usatoday.com/story/tech/reviewedcom/2021/03/31/macys-shop-hundreds-bras-less-than-20-right-now/4807951001/, Macy's: Shop hundreds of bras less than $20 right now, 0
https://www.usatoday.com/https://www.usatoday.com/story/sports/college/2021/03/31/ncaa-president-mark-emmert-gender-equity-march-madness/4821957001/, NCAA president Mark Emmert vows commitment to gender equity, 0
https://www.usatoday.com/https://www.usatoday.com/story/sports/nba/columnist/jeff-zillgitt/2021/03/31/james-harden-declares-himself-mvp-vegas-oddsmakers-agree/4818922001/, James Harden declares himself the MVP| and Vegas oddsmakers may agree, 0
https://www.usatoday.com/https://www.reviewed.com/home-outdoors/features/heres-how-plan-perfect-outdoor-easter-gathering?utm_source=usat&utm_medium=referral&utm_campaign=collab, Here’s how to plan the perfect outdoor Easter gathering, 0
https://www.usatoday.com/https://www.usatoday.com/story/sports/sports-betting/2021/03/31/utah-jazz-at-memphis-grizzlies-odds-picks-and-prediction/115658294/, Utah Jazz at Memphis Grizzlies odds| picks and prediction, 0
https://www.usatoday.com/https://www.usatoday.com/story/sports/sports-betting/2021/03/31/miami-heat-at-indiana-pacers-odds-picks-and-prediction/115658296/, Miami Heat at Indiana Pacers odds| picks and prediction, 0
https://www.usatoday.com/https://www.usatoday.com/story/news/nation/2021/03/31/trans-visibility-day-history-celebration/4820902001/, Trans Visibility Day: The history of Transgender Day of Visibility, 0
https://www.usatoday.com/https://www.reviewed.com/lifestyle/features/women-owned-business-series-blacklit-nia-tayler-clark?utm_source=usat&utm_medium=referral&utm_campaign=collab, BlackLIT celebrates Black authors—meet the founder, 0
https://www.usatoday.com/https://www.usatoday.com/videos/news/nation/2021/03/31/crews-battling-black-hills-fires-gaining-control/4822549001/, Crews battling Black Hills fires gaining control, 0
https://www.usatoday.com/https://www.usatoday.com/videos/sports/sportspulse/2021/03/31/heres-what-watch-womens-final-four/4822705001/, Here's what to watch for at Women's Final Four, 0
https://www.usatoday.com/https://www.usatoday.com/story/entertainment/celebrities/2021/03/31/blake-shelton-gwen-stefani-wedding-plans-hopefully-summer/4821863001/, Blake Shelton| Gwen Stefani's wedding plans: 'Hopefully this summer', 0
https://www.usatoday.com/https://www.usatoday.com/story/sports/horseracing/2021/03/31/9-horses-added-as-late-nominations-to-triple-crown-series/115658342/, 9 horses added as late nominations to Triple Crown series, 0
https://www.usatoday.com/https://www.usatoday.com/story/sports/mlb/2021/03/31/indians-not-allowing-headdresses-painted-faces-at-games/43489633/, Cleveland MLB team not allowing headdresses| painted faces at games, 0
https://www.usatoday.com/https://www.usatoday.com/story/life/health-wellness/2021/03/31/gwyneth-paltrows-beauty-routine-has-experts-decrying-her-spf-advice/4818281001/, Gwyneth Paltrow's beauty routine has experts decrying her SPF advice, 0
https://www.usatoday.com/https://www.usatoday.com/story/money/markets/2021/03/31/wall-street-ticks-higher-led-tech-and-smaller-stocks/4823003001/, Wall Street ticks higher| led by tech and smaller stocks, 0
https://www.usatoday.com/https://www.usatoday.com/story/news/factcheck/2021/03/31/fact-check-false-nike-lil-nas-x-mschf-satan-shoes/7047412002/, Fact check: False claims tie Nike to Lil Nas X and MSCHF 'Satan Shoes', 0
https://www.usatoday.com/https://www.usatoday.com/story/sports/ncaab/2021/03/31/uconns-james-bouknight-says-hell-enter-the-nba-draft/115658494/, UConn's James Bouknight says he'll enter the NBA draft, 0
https://www.usatoday.com/https://www.usatoday.com/story/sports/mlb/2021/03/31/royals-put-ss-adalberto-mondesi-on-il-to-begin-season/115658520/, Royals put SS Adalberto Mondesi on IL to begin season, 0
https://www.usatoday.com/https://www.usatoday.com/videos/news/nation/2021/03/31/virus-pushed-us-2020-deaths-beyond-33-million/4823251001/, Virus pushed US 2020 deaths beyond 3.3 million, 0
https://www.usatoday.com/https://www.usatoday.com/story/sports/nfl/2021/03/31/ap-source-seahawks-lockett-reach-4-year-contract-extension/115658590/, AP Source: Seahawks| Lockett reach 4-year contract extension, 0
https://www.usatoday.com/https://www.usatoday.com/story/travel/airline-news/2021/03/31/georgia-election-law-delta-ceo-calls-new-voting-rules-unacceptable/4823216001/, Georgia election law: Delta CEO calls new voting rules 'unacceptable', 0
https://www.usatoday.com/https://www.usatoday.com/story/sports/ncaaf/2021/03/31/leonhard-says-he-has-unfinished-business-at-wisconsin/115658618/, Leonhard says he has 'unfinished business' at Wisconsin, 0
https://www.usatoday.com/https://www.usatoday.com/story/sports/nfl/texans/2021/03/31/deshaun-watson-lawsuits-18-therapists-defend-texans-qbs-conduct/4819006001/, Deshaun Watson lawsuits: 18 therapists defend Texans QB's conduct, 0
https://www.usatoday.com/https://www.usatoday.com/story/sports/nfl/2021/03/31/nfl-planning-to-remove-restrictions-for-vaccinated-personnel/115658644/, NFL planning to remove restrictions for vaccinated personnel, 0
https://www.usatoday.com/https://www.usatoday.com/sitemap/2021/march/31/, 1, 0
https://www.usatoday.com/https://www.usatoday.com/sitemap/2021/march/31/?page=2, 2, 0
