https://www.usatoday.com/https://www.usatoday.com/story/tech/reviewedcom/2021/03/04/nordstrom-sale-shop-up-60-off-clearance-styles-right-now/4578854001/, Nordstrom sale: Shop up to 60% off clearance styles right now, 0
https://www.usatoday.com/https://www.usatoday.com/story/sports/ncaaw/2021/03/04/no-4-stanford-women-throttle-usc-92-53-in-pac-12-quarters/43451743/, No. 4 Stanford women throttle USC 92-53 in Pac 12 quarters, 0
https://www.usatoday.com/https://www.usatoday.com/story/sports/ncaab/2021/03/04/no-1-gonzaga-2-wins-away-from-joining-rare-ncaa-company/115529096/, No. 1 Gonzaga 2 wins away from joining rare NCAA company, 0
https://www.usatoday.com/https://www.usatoday.com/story/sports/ncaab/bigeast/2021/03/04/villanova-collin-gillespie-torn-mcl-left-knee/4585635001/, Villanova's Collin Gillespie tears MCL in left knee, 0
https://www.usatoday.com/https://www.usatoday.com/story/sports/nba/2021/03/04/sanford-health-to-conduct-virus-testing-at-nba-all-star-game/43451761/, Sanford Health to conduct virus testing at NBA All-Star Game, 0
https://www.usatoday.com/https://www.usatoday.com/story/sports/mls/2021/03/04/sounders-bring-back-forward-fredy-montero-on-1-year-deal/115529120/, Sounders bring back forward Fredy Montero on 1-year deal, 0
https://www.usatoday.com/https://www.usatoday.com/story/sports/ncaab/2021/03/04/ncaa-bubble-trouble-pandemic-pushes-mid-majors-to-margins/115529162/, NCAA bubble trouble: Pandemic pushes mid-majors to margins, 0
https://www.usatoday.com/https://www.usatoday.com/story/sports/ncaaw/2021/03/04/kaba-defense-lift-ucf-women-to-58-45-win-over-no-15-usf/115529190/, Kaba| defense lift UCF women to 58-45 win over No. 15 USF, 0
https://www.usatoday.com/https://www.usatoday.com/story/sports/mlb/2021/03/04/reds-of-akiyama-returns-to-camp-after-wife-seriously-injured/115529192/, Reds OF Akiyama returns to camp after wife seriously injured, 0
https://www.usatoday.com/https://www.usatoday.com/videos/news/world/2021/03/05/new-zealand-3-earthquakes-tsunami-threat/4586177001/, New Zealand coast hit with 3 earthquakes: No tsunami threat in US, 0
https://www.usatoday.com/https://www.usatoday.com/story/sports/ncaab/2021/03/04/villanova-loses-gillespie-to-season-ending-knee-injury/115529224/, Villanova loses Gillespie to season-ending knee injury, 0
https://www.usatoday.com/https://www.usatoday.com/videos/news/nation/2021/03/05/biden-applauds-nasa-team-mars-rover-landing/4586511001/, Biden applauds NASA team on Mars rover landing, 0
https://www.usatoday.com/https://www.usatoday.com/videos/news/nation/2021/03/05/gov-dewine-victory-sight-virus-fight/4586582001/, Gov. Dewine: 'Victory in sight' in virus fight, 0
https://www.usatoday.com/https://www.usatoday.com/story/sports/nhl/2021/03/04/sharks-blichfeld-suspended-2-games-for-hit-on-mackinnon/115531376/, Sharks Blichfeld suspended 2 games for hit on MacKinnon, 0
https://www.usatoday.com/https://www.usatoday.com/story/news/nation/2021/03/04/north-carolina-police-k-9-training-video-investigation/4586104001/, North Carolina police K-9 training video prompts investigation, 0
https://www.usatoday.com/https://www.usatoday.com/story/sports/mlb/2021/03/04/belt-making-progress-from-illness-resumes-baseball-activity/115529242/, Belt making progress from illness| resumes baseball activity, 0
https://www.usatoday.com/https://www.usatoday.com/videos/news/nation/2021/03/05/new-documentary-takes-viewers-inside-secretive-world-truffle-hunters/4586873001/, A new documentary takes viewers inside the secretive world of truffle hunters, 0
https://www.usatoday.com/https://www.usatoday.com/videos/entertainment/2021/03/05/new-documentary-takes-viewers-inside-secretive-world-truffle-hunters/4586874001/, A new documentary takes viewers inside the secretive world of truffle hunters, 0
https://www.usatoday.com/https://www.usatoday.com/story/sports/ncaab/2021/03/04/silins-scores-15-to-lead-fau-past-middle-tennessee-80-50/43451779/, Silins scores 15 to lead FAU past Middle Tennessee 80-50, 0
https://www.usatoday.com/https://www.usatoday.com/story/sports/nba/2021/03/04/cavs-love-honored-for-mental-health-advocacy-charity-work/115529246/, Cavs' Love honored for mental health advocacy| charity work, 0
https://www.usatoday.com/https://www.usatoday.com/story/sports/ncaab/2021/03/04/miller-carries-george-mason-past-george-washington-73-59/115529250/, Miller carries George Mason past George Washington 73-59, 0
https://www.usatoday.com/https://www.usatoday.com/story/sports/nhl/2021/03/04/sharks-joachim-blichfeld-suspended-hit-avalanche-nathan-mackinnon/4586806001/, Sharks' Joachim Blichfeld suspended for hit on Nathan MacKinnon, 0
https://www.usatoday.com/https://www.usatoday.com/story/sports/ncaaw/2021/03/04/maryland-routs-michigan-to-wrap-up-share-of-big-ten-title/115529258/, Maryland routs Michigan to wrap up share of Big Ten title, 0
https://www.usatoday.com/https://www.usatoday.com/story/sports/ncaaw/2021/03/04/virginia-tech-holds-off-miami-without-sheppard-in-2nd-half/43451781/, Virginia Tech holds off Miami without Sheppard in 2nd half, 0
https://www.usatoday.com/https://www.usatoday.com/story/sports/mlb/2021/03/04/mets-lugo-on-track-to-resume-throwing-around-opening-day/115529268/, Mets' Lugo on track to resume throwing around opening day, 0
https://www.usatoday.com/https://www.usatoday.com/story/sports/ncaaw/2021/03/04/copeland-alabama-women-top-mizzou-82-74-in-sec-tourney/115529272/, Copeland| Alabama women top Mizzou 82-74 in SEC tourney, 0
https://www.usatoday.com/https://www.usatoday.com/story/news/factcheck/2021/03/04/fact-check-jill-biden-visited-asylum-seekers-2019-not-recently/4578253001/, Fact check: Jill Biden visited asylum-seekers in 2019| not recently, 0
https://www.usatoday.com/https://www.usatoday.com/story/sports/ncaab/tourney/2021/03/04/ncaa-tournament-2021-final-four-fan-cutout-program-unveiled/4586045001/, NCAA Tournament 2021: Final Four fan cutout program unveiled, 0
https://www.usatoday.com/https://www.usatoday.com/story/sports/2021/03/04/boston-marathon-2021-plan-hand-out-70-000-medals-roils-runners/4585778001/, Boston Marathon 2021: Plan to hand out 70|000 medals roils runners, 0
https://www.usatoday.com/https://www.usatoday.com/videos/news/nation/2021/03/05/calif-seeks-vaccine-equity-hard-hit-communities/4587178001/, Calif. seeks vaccine equity for hard hit communities, 0
https://www.usatoday.com/https://www.usatoday.com/story/sports/ncaab/2021/03/04/harveys-24-lifts-s-illinois-past-bradley-73-63-in-mvc/115529286/, Harvey's 24 lifts S. Illinois past Bradley 73-63 in MVC, 0
https://www.usatoday.com/https://www.usatoday.com/story/sports/nfl/2021/03/04/denver-broncos-want-miller-back-but-legal-money-issues-loom/43451783/, Denver Broncos want Miller back but legal| money issues loom, 0
https://www.usatoday.com/https://www.usatoday.com/story/sports/nba/2021/03/04/james-durant-choose-their-teams-for-sundays-all-star-game/115529296/, James| Durant choose their teams for Sunday's All-Star Game, 0
https://www.usatoday.com/https://www.usatoday.com/story/sports/mlb/2021/03/04/hoskins-makes-spring-debut-for-phillies-after-elbow-surgery/43451785/, Hoskins makes spring debut for Phillies after elbow surgery, 0
https://www.usatoday.com/https://www.usatoday.com/story/nletter/in-california/2021/03/04/california-more-changes-vaccine-rules/4578178001/, In California: More changes in COVID vaccine rules., 0
https://www.usatoday.com/https://www.usatoday.com/story/sports/nba/2021/03/04/nba-all-star-game-draft-lebron-james-kevin-durant-captains/4586754001/, NBA All-Star draft: Jazz's Donovan Mitchell| Rudy Gobert picked last, 0
https://www.usatoday.com/https://www.usatoday.com/story/sports/ncaab/2021/03/04/lusane-carries-campbell-over-radford-in-big-south-tourney/43451791/, Lusane carries Campbell over Radford in Big South tourney, 0
https://www.usatoday.com/https://www.usatoday.com/videos/entertainment/movies/2021/03/05/honeydew-trailer-sawyer-spielberg-headlines-new-rural-horror-movie/4587478001/, 'Honeydew' trailer: Sawyer Spielberg headlines new rural horror movie, 0
https://www.usatoday.com/https://www.usatoday.com/story/sports/ncaab/2021/03/04/watson-scores-25-to-carry-dayton-over-rhode-island-in-a-10/43451795/, Watson scores 25 to carry Dayton over Rhode Island in A-10, 0
https://www.usatoday.com/https://www.usatoday.com/story/sports/nba/2021/03/04/pelicans-zion-williamson-sits-out-against-miami-heat/115529332/, Pelicans' Zion Williamson sits out against Miami Heat, 0
https://www.usatoday.com/https://www.usatoday.com/story/entertainment/celebrities/2021/03/04/aaron-rodgers-says-looking-forward-being-father-shailene-woodley/4586517001/, Aaron Rodgers says he's looking forward to being a father, 0
https://www.usatoday.com/https://www.usatoday.com/story/sports/ncaab/2021/03/04/mcclung-leads-no-18-texas-tech-to-81-54-rout-of-iowa-state/115529340/, McClung leads No. 18 Texas Tech to 81-54 rout of Iowa State, 0
https://www.usatoday.com/https://www.usatoday.com/story/sports/nfl/2021/03/04/saints-cut-12-year-punter-thomas-morstead/43451799/, Saints cut 12-year punter Thomas Morstead, 0
https://www.usatoday.com/https://www.usatoday.com/story/sports/ncaab/2021/03/04/no-2-michigan-wraps-up-big-ten-beats-michigan-state-69-50/115529358/, No. 2 Michigan clinches Big Ten| beats Michigan State 69-50, 0
https://www.usatoday.com/https://www.usatoday.com/videos/news/nation/2021/03/05/dr-fauci-reflects-year-fighting-pandemic/4587656001/, Dr. Fauci reflects on a year fighting the pandemic, 0
https://www.usatoday.com/https://www.usatoday.com/story/sports/ncaab/2021/03/04/big-12-champ-no-3-baylor-beats-no-17-oklahoma-state-81-70/115529394/, Big 12 champ No. 3 Baylor beats No. 17 Oklahoma State 81-70, 0
https://www.usatoday.com/https://www.usatoday.com/story/sports/ncaab/2021/03/04/pippen-jr-scores-career-high-36-vandy-tops-cincinnati/115531420/, Pippen Jr. scores career-high 36| Vandy tops Cincinnati, 0
https://www.usatoday.com/https://www.usatoday.com/story/sports/ncaab/2021/03/04/bridges-leads-no-6-west-virginia-past-tcu-76-67/43451815/, Bridges leads No. 6 West Virginia past TCU 76-67, 0
https://www.usatoday.com/https://www.usatoday.com/story/sports/nfl/2021/03/04/tom-brady-backs-baker-mayfield-colin-cowherd-beef-ufo-sighting/4587645001/, Tom Brady backs Baker Mayfield in Colin Cowherd beef after seeing UFO, 0
https://www.usatoday.com/https://www.usatoday.com/story/sports/ncaaf/2021/03/04/weah-has-career-high-north-dakota-beats-south-dakota-21-10/115529432/, Weah has career high| North Dakota beats South Dakota 21-10, 0
https://www.usatoday.com/https://www.usatoday.com/story/sports/olympics/2021/03/04/ban-ki-moon-asked-to-act-on-complaint-against-beijing-games/115529442/, Ban Ki-moon asked to act on complaint against Beijing Games, 0
https://www.usatoday.com/https://www.usatoday.com/story/sports/nhl/2021/03/04/martin-scores-2-to-help-islanders-beat-sabres-5-2/43451843/, Martin scores 2 to help Islanders beat Sabres 5-2, 0
https://www.usatoday.com/https://www.usatoday.com/story/sports/nhl/2021/03/04/kreiders-2nd-hat-trick-in-5-games-lifts-rangers-past-devils/43451831/, Kreider's 2nd hat trick in 5 games lifts Rangers past Devils, 0
https://www.usatoday.com/https://www.usatoday.com/story/sports/nhl/2021/03/04/hurricanes-take-over-in-3rd-period-beat-red-wings-5-2/115529452/, Hurricanes take over in 3rd period| beat Red Wings 5-2, 0
https://www.usatoday.com/https://www.usatoday.com/story/sports/nhl/2021/03/04/flyers-rally-from-early-deficit-to-stun-penguins-4-3/115529474/, Flyers overcame early 3-goal deficit to stun Penguins 4-3, 0
https://www.usatoday.com/https://www.usatoday.com/story/sports/nba/2021/03/04/randle-knicks-reach-break-over-500-beat-pistons-114-104/43451857/, Randle| Knicks reach break over .500| beat Pistons 114-104, 0
https://www.usatoday.com/https://www.usatoday.com/story/sports/nba/2021/03/04/tatum-scores-27-celtics-outlast-depleted-raptors-132-125/43451859/, Tatum scores 27| Celtics outlast depleted Raptors 132-125, 0
https://www.usatoday.com/https://www.usatoday.com/story/sports/nhl/2021/03/04/dubois-scores-in-ot-to-lift-jets-past-canadiens-4-3/43451855/, Dubois scores in OT to lift Jets past Canadiens| 4-3, 0
https://www.usatoday.com/https://www.usatoday.com/story/sports/nba/2021/03/04/wizards-beat-clippers-119-117-behind-33-from-beal/43451917/, Wizards beat Clippers 119-117 behind 33 from Beal, 0
https://www.usatoday.com/https://www.usatoday.com/story/sports/ncaab/2021/03/04/no-13-kansas-rallies-from-15-point-hole-beats-utep-67-62/115529508/, No. 13 Kansas rallies from 15-point hole| beats UTEP 67-62, 0
https://www.usatoday.com/https://www.usatoday.com/story/sports/ncaab/2021/03/04/no-2-michigan-wraps-up-big-ten-title-in-howards-2nd-year/115529520/, No. 2 Michigan wraps up Big Ten title in Howard's 2nd year, 0
https://www.usatoday.com/https://www.usatoday.com/story/sports/ncaaw/2021/03/04/no-11-arizona-women-beat-washington-state-60-44/43451933/, No. 11 Arizona women beat Washington State 60-44, 0
https://www.usatoday.com/https://www.usatoday.com/story/sports/ncaab/2021/03/04/garvin-lifts-nicholls-st-over-mcneese-st-80-67/43451943/, Garvin lifts Nicholls St. over McNeese St. 80-67, 0
https://www.usatoday.com/https://www.usatoday.com/story/sports/nhl/2021/03/04/kreider-has-another-hat-trick-rangers-rout-devils-6-1/43451945/, Kreider has another hat trick| Rangers rout Devils 6-1, 0
https://www.usatoday.com/https://www.usatoday.com/story/sports/ncaab/2021/03/04/largie-leads-florida-gulf-coast-past-lipscomb-72-60/115529532/, Largie leads Florida Gulf Coast past Lipscomb 72-60, 0
https://www.usatoday.com/https://www.usatoday.com/story/sports/nba/2021/03/04/nuggets-close-out-1st-half-with-113-103-win-at-indiana/43451951/, Nuggets close out 1st half with 113-103 win at Indiana, 0
https://www.usatoday.com/https://www.usatoday.com/story/sports/nhl/2021/03/04/martin-scores-2-to-help-islanders-beat-sabres-5-2/115529534/, Martin scores 2 to help Islanders beat Sabres 5-2, 0
https://www.usatoday.com/https://www.usatoday.com/story/sports/ncaab/2021/03/04/creighton-suspends-greg-mcdermott-for-plantation-remark/43451969/, Creighton suspends Greg McDermott for 'plantation' remark, 0
https://www.usatoday.com/https://www.usatoday.com/story/sports/ncaab/2021/03/04/bohannon-no-5-iowa-run-away-from-nebraska-102-64/115529546/, Bohannon| No. 5 Iowa run away from Nebraska 102-64, 0
https://www.usatoday.com/https://www.usatoday.com/story/sports/nhl/2021/03/04/lightning-top-blackhawks-on-hedmans-horn-beating-ot-goal/43451971/, Lightning top Blackhawks on Killorn's horn-beating OT goal, 0
https://www.usatoday.com/https://www.usatoday.com/story/sports/ncaaw/2021/03/04/austin-ole-miss-women-upend-no-13-arkansas-in-sec-tourney/115529556/, Austin| Ole Miss women upend No. 13 Arkansas in SEC tourney, 0
https://www.usatoday.com/https://www.usatoday.com/story/sports/ncaab/bigeast/2021/03/04/greg-mcdermott-suspended-creighton-racially-insensitive-remarks/4589016001/, Greg McDermott suspended by Creighton for racially insensitive remarks, 0
https://www.usatoday.com/https://www.usatoday.com/story/sports/ncaab/2021/03/04/winthrop-tops-longwood-82-61-in-big-south-tourney/115529558/, Winthrop tops Longwood 82-61 in Big South tourney, 0
https://www.usatoday.com/https://www.usatoday.com/story/sports/nhl/2021/03/04/svechnikov-brothers-meet-red-wings-hurricanes/4588905001/, Hurricanes| Andrei Svechnikov win game vs. Red Wings| brother Evgeny, 0
https://www.usatoday.com/https://www.usatoday.com/story/sports/ncaab/2021/03/04/palmer-scores-17-to-lead-nc-central-over-florida-am-74-71/43451991/, Palmer scores 17 to lead NC Central over Florida A&M 74-71, 0
https://www.usatoday.com/https://www.usatoday.com/story/sports/ncaab/2021/03/04/wright-scores-24-no-24-colorado-beats-arizona-state-75-61/115529588/, Wright scores 24| No. 24 Colorado beats Arizona State 75-61, 0
https://www.usatoday.com/https://www.usatoday.com/story/sports/ncaaw/2021/03/04/elliot-scores-25-clemson-women-beat-notre-dame-68-63/115529578/, Elliot scores 25| Clemson women beat Notre Dame 68-63, 0
https://www.usatoday.com/https://www.usatoday.com/story/sports/nfl/packers/2021/03/04/aaron-rodgers-envisions-fatherhood-in-his-future/4589502001/, Green Bay Packers QB Aaron Rodgers envisions fatherhood in his future, 0
https://www.usatoday.com/https://www.usatoday.com/story/sports/ncaab/2021/03/04/sims-leads-no-15-texas-past-no-16-oklahoma-69-65/43452011/, Sims leads No. 15 Texas past No. 16 Oklahoma 69-65, 0
https://www.usatoday.com/https://www.usatoday.com/story/sports/ncaab/2021/03/04/jacksonville-st-tops-murray-st-68-65-in-ot-in-ovc-tourney/115529600/, Jacksonville St. tops Murray St. 68-65 in OT in OVC tourney, 0
https://www.usatoday.com/https://www.usatoday.com/story/sports/nhl/2021/03/04/walter-gretzky-father-of-nhl-star-wayne-gretzky-dies-at-82/43452019/, Walter Gretzky| father of NHL star Wayne Gretzky| dies at 82, 0
https://www.usatoday.com/https://www.usatoday.com/story/sports/ncaab/2021/03/04/weathers-carries-texas-southern-past-alcorn-st-80-78/115529612/, Weathers carries Texas Southern past Alcorn St. 80-78, 0
https://www.usatoday.com/https://www.usatoday.com/story/sports/ncaab/2021/03/04/san-francisco-ousts-san-diego-67-51-in-wcc-tourney-67-51/115531422/, San Francisco ousts San Diego 67-51 in WCC tourney| 67-51, 0
https://www.usatoday.com/https://www.usatoday.com/story/sports/ncaab/2021/03/04/mckinnis-leads-jackson-st-past-alabama-am-50-35/115529614/, McKinnis leads Jackson St. past Alabama A&M 50-35, 0
https://www.usatoday.com/https://www.usatoday.com/story/money/taxes/2021/03/05/irs-tax-season-2021-9-costly-tax-mistakes-avoid/6890573002/, IRS tax season 2021: 9 costly tax mistakes to avoid, 0
https://www.usatoday.com/https://www.usatoday.com/videos/money/taxes/2021/03/05/tax-season-2021-5-things-avoid/4587602001/, Tax season 2021: 5 things to avoid when filing your returns, 0
https://www.usatoday.com/https://www.usatoday.com/story/sports/ncaab/2021/03/05/moss-carries-grambling-st-over-alabama-st-91-68/115529624/, Moss carries Grambling St. over Alabama St. 91-68, 0
https://www.usatoday.com/https://www.usatoday.com/story/sports/nba/2021/03/05/gilgeous-alexander-has-33-helps-thunder-rally-past-spurs/43452069/, Gilgeous-Alexander has 33| helps Thunder rally past Spurs, 0
https://www.usatoday.com/https://www.usatoday.com/story/news/2021/03/04/climate-point-space-hurricanes-deadly-flea-collars-and-life-mars/6877078002/, Climate Point: Space hurricanes| deadly flea collars and life on Mars, 0
https://www.usatoday.com/https://www.usatoday.com/story/sports/nhl/2021/03/05/dube-gets-1st-hat-trick-flames-beat-senators-7-3/43452023/, Dube gets 1st hat trick| Flames beat Senators 7-3, 0
https://www.usatoday.com/https://www.usatoday.com/story/opinion/2021/03/05/miguel-cardona-abramos-las-puertas-para-nuestros-estudiantes/6900068002/, Miguel Cardona: Abramos las puertas para nuestros estudiantes, 0
https://www.usatoday.com/https://www.usatoday.com/story/sports/nhl/2021/03/05/blue-jackets-hang-on-to-edge-struggling-stars-3-2/115529710/, Blue Jackets hang on to edge struggling Stars 3-2, 0
https://www.usatoday.com/https://www.usatoday.com/story/sports/nba/2021/03/05/holiday-hits-baseline-jumper-to-lift-bucks-past-grizzlies/43452055/, Holiday hits baseline jumper to lift Bucks past Grizzlies, 0
https://www.usatoday.com/https://www.usatoday.com/story/sports/ncaab/bigten/2021/03/04/michigan-basketball-game-michigan-state-hunter-dickinson-franz-wagner/4590100001/, Michigan basketball clinches Big Ten title with win vs. Michigan State, 0
https://www.usatoday.com/https://www.usatoday.com/story/sports/ncaab/2021/03/05/weber-state-edges-n-colorado-60-59-on-last-second-foul/115529656/, Weber State edges N. Colorado 60-59 on last-second foul, 0
https://www.usatoday.com/https://www.usatoday.com/story/sports/nba/2021/03/05/butler-takes-over-heat-top-pelicans-103-93/115529722/, Butler takes over| Heat top Pelicans 103-93, 0
https://www.usatoday.com/https://www.usatoday.com/story/sports/nhl/2021/03/05/canucks-open-2-game-set-with-3-1-win-over-maple-leafs/115529658/, Canucks open 2-game set with 3-1 win over Maple Leafs, 0
https://www.usatoday.com/https://www.usatoday.com/story/news/nation/2021/03/04/cuomo-administration-covid-nursing-home-deaths-new-york-coronavirus/4589988001/, Cuomo administration altered report on nursing home deaths: reports, 0
https://www.usatoday.com/https://www.usatoday.com/story/sports/ncaab/2021/03/05/knight-scores-26-southern-utah-beats-portland-state-68-58/115529670/, Knight scores 26| Southern Utah beats Portland State 68-58, 0
https://www.usatoday.com/https://www.usatoday.com/story/sports/nhl/2021/03/05/calgary-flames-name-darryl-sutter-head-coach-after-relieving-geoff-ward-of-duties/43452045/, Calgary Flames name Darryl Sutter head coach after relieving Geoff Ward of duties, 0
https://www.usatoday.com/https://www.usatoday.com/story/sports/nba/2021/03/05/suns-cruise-past-short-handed-warriors-120-98/43452125/, Suns cruise past short-handed Warriors 120-98, 0
https://www.usatoday.com/https://www.usatoday.com/story/sports/ftw/2021/03/04/j-j-watt-workout-ends-ice-bath-frozen-lake/4590469001/, J.J. Watt workout ends with ice bath in frozen lake, 0
https://www.usatoday.com/https://www.usatoday.com/story/sports/nba/2021/03/05/lillard-has-44-and-blazers-down-kings-123-119/43452099/, Lillard has 44 and Blazers down Kings 123-119, 0
https://www.usatoday.com/https://www.usatoday.com/story/sports/ncaaw/2021/03/05/ucla-holds-off-washington-58-46-advances-to-pac-12-semis/115531394/, UCLA holds off Washington| 58-46| advances to Pac 12 semis, 0
https://www.usatoday.com/https://www.usatoday.com/story/sports/nhl/2021/03/05/flames-fire-coach-geoff-ward-replace-him-with-darryl-sutter/115529752/, Flames fire coach Geoff Ward| replace him with Darryl Sutter, 0
https://www.usatoday.com/https://www.usatoday.com/story/sports/nhl/2021/03/04/flames-hire-darryl-sutter-fire-coach-geoff-ward/4590537001/, Flames hire Darryl Sutter after firing coach Geoff Ward, 0
https://www.usatoday.com/https://www.usatoday.com/story/sports/ncaab/2021/03/05/syracuse-happy-for-break-before-acc-tournament/115529686/, Syracuse happy for break before ACC Tournament, 0
https://www.usatoday.com/https://www.usatoday.com/story/sports/mlb/2021/03/05/braves-of-inciarte-looks-to-bounce-back-from-miserable-year/115529690/, Braves OF Inciarte looks to bounce back from miserable year, 0
https://www.usatoday.com/https://www.usatoday.com/story/news/politics/2021/03/05/americans-trust-black-lives-matter-declines-usa-today-ipsos-poll/6903470002/, Views on race| police shift a year after George Floyd death| poll shows, 0
https://www.usatoday.com/https://www.usatoday.com/story/sports/olympics/2021/03/05/simone-says-olympic-champ-pushes-for-change-in-out-of-pool/43452053/, Simone says: Olympic champ pushes for change in| out of pool, 0
https://www.usatoday.com/https://www.usatoday.com/story/opinion/2021/03/05/covid-vaccines-immunity-science-path-to-reopen-america-column/6875835002/, COVID-19 vaccines and immunity are our ticket to reopening US society, 0
https://www.usatoday.com/https://www.usatoday.com/story/sports/mlb/2021/03/05/no-flinch-for-rangers-calhoun-year-after-fastball-broke-jaw/43452543/, No flinch for Rangers' Calhoun year after fastball broke jaw, 0
https://www.usatoday.com/https://www.usatoday.com/story/sports/ncaab/2021/03/05/stakes-high-when-louisville-faces-no-21-virginia-in-acc/115529738/, Stakes high when Louisville faces No. 21 Virginia in ACC, 0
https://www.usatoday.com/https://www.usatoday.com/story/opinion/2021/03/05/biden-restore-gay-lesbian-transgender-rights-trump-sabotage-column/6921195002/, Biden must restore and advance gay| trans rights after Trump sabotage, 0
https://www.usatoday.com/https://www.usatoday.com/story/news/health/2021/03/05/covid-news-us-cases-deaths-california-maryland-texas-coronavirus/4581833001/, COVID news: Disneyland to reopen next month; Cuomo changed nursing home deaths, 0
https://www.usatoday.com/https://www.usatoday.com/story/news/2021/03/05/pope-francis-iraq-february-jobs-report-coming-2-america-wandavision/6838802002/, Pope visits Iraq| February jobs report: 5 things to know Friday, 0
https://www.usatoday.com/https://www.usatoday.com/story/sports/ncaab/2021/03/05/florida-visits-tennessee-sec-tournament-seeding-on-the-line/43452089/, Florida visits Tennessee| SEC Tournament seeding on the line, 0
https://www.usatoday.com/https://www.usatoday.com/videos/news/nation/2021/03/05/myanmar-protesters-defy-military-coup-leaders/4590706001/, Myanmar protesters defy military coup leaders, 0
https://www.usatoday.com/https://www.usatoday.com/story/news/politics/2021/03/05/does-it-matter-president-joe-biden-no-press-conference/6920568002/, President Joe Biden hasn't had a press conference. Does it matter?, 0
https://www.usatoday.com/https://www.usatoday.com/story/opinion/2021/03/05/veterans-affairs-wait-time-medical-appointment-trump-mcdonough-column/6820715002/, Trump's Department of Veterans Affairs left a time bomb for Biden team, 0
https://www.usatoday.com/https://www.usatoday.com/story/news/politics/2021/03/05/covid-19-mask-mandates-lift-biden-faces-limits-bully-pulpit/6921836002/, As COVID-19 mask mandates lift| Biden faces limits of bully pulpit, 0
https://www.usatoday.com/https://www.usatoday.com/story/news/politics/2021/03/05/biden-covid-stimulus-bill-why-relief-legislation-so-partisan/6889189002/, Biden COVID stimulus bill: Why this relief legislation is so partisan, 0
https://www.usatoday.com/https://www.usatoday.com/story/news/politics/2021/03/05/tennessee-lawmakers-bible-resolution-state-book-religion-legislation/6918915002/, Push to make Bible Tennessee's state book returns to legislature, 0
https://www.usatoday.com/https://www.usatoday.com/story/news/nation/2021/03/05/derek-chauvin-trial-george-floyd-murder-case-video/6916878002/, Derek Chauvin trial: 'Video is everything' in George Floyd murder case, 0
https://www.usatoday.com/https://www.usatoday.com/videos/news/nation/2021/03/05/ap-top-stories-march-5/4590738001/, AP Top Stories March 5, 0
https://www.usatoday.com/https://www.usatoday.com/videos/news/nation/2021/03/05/mel-gibson-enjoys-being-face-evil-action-flick-boss-level/4590739001/, Mel Gibson enjoys being ‘face of evil’ in action flick ‘Boss Level’, 0
https://www.usatoday.com/https://www.usatoday.com/videos/entertainment/2021/03/05/mel-gibson-enjoys-being-face-evil-action-flick-boss-level/4590741001/, Mel Gibson enjoys being ‘face of evil’ in action flick ‘Boss Level’, 0
https://www.usatoday.com/https://www.usatoday.com/story/opinion/2021/03/05/press-freedom-reporters-face-charges-after-black-lives-matter-protests/6896041002/, Press freedom: Reporters arrested at protests still face charges, 0
https://www.usatoday.com/https://www.usatoday.com/story/opinion/2021/03/05/why-bipartisan-transportation-bill-can-fuel-u-s-economy-sen-capito-column/6919520002/, Why bipartisan transportation bill can fuel U.S. economy: Sen. Capito, 0
https://www.usatoday.com/https://www.usatoday.com/story/money/investing/2021/03/05/dont-waste-your-money-on-penny-stocks-these-3-stocks-are-better-buys/115519566/, Forget penny stocks| these 3 stocks are better buys, 0
https://www.usatoday.com/https://www.usatoday.com/videos/news/nation/2021/03/05/dallas-police-officer-arrested-2-murder-counts/4590778001/, Dallas police officer arrested on 2 murder counts, 0
https://www.usatoday.com/https://www.usatoday.com/story/sports/ncaab/2021/03/05/ncaa-tournament-indiana-wisconsin-oklahoma-creighton-ucla/6920819002/, March Madness momentum missing for Creighton| Indiana basketball, 0
https://www.usatoday.com/https://www.usatoday.com/story/sports/nba/2021/03/05/nba-scores-news-l-a-clippers-stats-crunch-time-staggering/4590546001/, NBA scores| news: L.A. Clippers' stats in crunch time are staggering, 0
https://www.usatoday.com/https://www.usatoday.com/story/news/education/2021/03/05/covid-playtime-toys-quarantine-pretend-vaccines-normal/6873543002/, COVID-19 playtime: Toys in quarantine| pretend vaccines are normal, 0
https://www.usatoday.com/https://www.usatoday.com/videos/news/nation/2021/03/05/day-5-march-2009/4590869001/, On This Day: 5 March 2009, 0
https://www.usatoday.com/https://www.usatoday.com/videos/entertainment/2021/03/05/day-5-march-2009/4590871001/, On This Day: 5 March 2009, 0
https://www.usatoday.com/https://www.usatoday.com/story/sports/ncaab/2021/03/05/for-washington-states-abogidi-basketball-is-a-global-game/115529840/, For Washington State's Abogidi| basketball is a global game, 0
https://www.usatoday.com/https://www.usatoday.com/story/money/investing/2021/03/05/4-things-your-portfolio-needs-to-survive-a-stock-market-crash/115519192/, How to prepare your portfolio needs to survive a stock market crash, 0
https://www.usatoday.com/https://www.usatoday.com/story/sports/nba/2021/03/05/lebron-james-going-to-all-star-with-elections-on-his-mind/43452151/, LeBron James going to All-Star with elections on his mind, 0
https://www.usatoday.com/https://www.usatoday.com/story/travel/advice/2021/03/05/pandemic-customer-service-delta-holland-america-get-high-marks/4579078001/, Pandemic customer service: Delta| Holland America get high marks, 0
https://www.usatoday.com/https://www.usatoday.com/story/opinion/voices/2021/03/05/mother-daughter-resiliency-covid-strength-column/6921368002/, COVID: Encouraging children to get through change| rather than go back, 0
https://www.usatoday.com/https://www.usatoday.com/story/news/2021/03/05/black-voting-rights-reconstruction-jim-crow/6919352002/, Challenges to Black voting rights rooted in Reconstruction| Jim Crow, 0
https://www.usatoday.com/https://www.usatoday.com/videos/news/nation/2021/03/05/showbiz-minute-amfar-phish-bts/4590890001/, ShowBiz Minute: amfAR| Phish| BTS, 0
https://www.usatoday.com/https://www.usatoday.com/story/sports/nba/2021/03/05/lebron-james-more-than-a-vote-ad-nba/4582373001/, LeBron James narrates NBA All-Star Game ad on TNT for More Than A Vote, 0
https://www.usatoday.com/https://www.usatoday.com/videos/entertainment/2021/03/05/showbiz-minute-amfar-phish-bts/4590891001/, ShowBiz Minute: amfAR| Phish| BTS, 0
https://www.usatoday.com/https://www.usatoday.com/videos/news/nation/2021/03/05/pope-francis-arrives-iraq/4590902001/, Pope Francis arrives in Iraq, 0
https://www.usatoday.com/https://www.usatoday.com/story/sports/fantasy/2021/03/05/mlb-fantasy-baseball-preview-potential-busts-2021/6908874002/, MLB fantasy baseball preview: Potential busts for 2021, 0
https://www.usatoday.com/https://www.usatoday.com/story/news/politics/2021/03/05/covid-stimulus-updates-senate-republicans-try-delay-bidens-bill/6921453002/, COVID stimulus updates: Senate extends unemployment benefit in bill, 0
https://www.usatoday.com/https://www.usatoday.com/story/money/personalfinance/retirement/2021/03/05/social-security-scam-text-photo-badge/4590893001/, Social Security scam: Crooks text pictures of fake badges, 0
https://www.usatoday.com/https://www.usatoday.com/story/nletter/2021/03/05/pope-francis-iraq-february-jobs-report-coming-2-america-wandavision/4590755001/, We made it a week into March 2021, 0
https://www.usatoday.com/https://www.usatoday.com/story/sports/2021/03/05/womens-sports-working-group-path-transgender-inclusion/6718287002/, Path to transgender inclusion in sports has had its stumbles along way, 0
https://www.usatoday.com/https://www.usatoday.com/videos/news/nation/2021/03/05/body-missing-man-found-grand-canyon/4590937001/, Body of missing man found at Grand Canyon, 0
https://www.usatoday.com/https://www.usatoday.com/story/sports/ftw/2021/03/05/browns-baker-mayfield-ufos/4590959001/, Browns: Baker Mayfield| QBs should tell us if they see UFOs, 0
https://www.usatoday.com/https://www.usatoday.com/story/opinion/2021/03/05/how-bidens-american-rescue-plan-help-americans-families-children-column/4555214001/, How Biden's American Rescue Plan will help working families with kids, 0
https://www.usatoday.com/https://www.usatoday.com/picture-gallery/news/world/2021/03/05/pope-francis-visits-iraq/4590872001/, Pope Francis visits Iraq for historic first-ever papal trip, 0
https://www.usatoday.com/https://www.usatoday.com/story/money/cars/2021/03/05/pandemic-travel-traffic-deaths-up-8-2020-despite-driving-less/4590942001/, Pandemic travel: Traffic deaths up 8% in 2020 despite driving less, 0
https://www.usatoday.com/https://www.usatoday.com/story/money/personalfinance/2021/03/05/credit-report-mistakes-duing-covid-how-to-dispute-them/4590975001/, Credit report problem? If you spot mistakes| here's how to fight them, 0
https://www.usatoday.com/https://www.usatoday.com/story/opinion/2021/03/05/cpac-covid-education-and-trump-top-columns/4581906001/, CPAC| COVID| education| and Trump: Top columns, 0
https://www.usatoday.com/https://www.usatoday.com/story/news/world/2021/03/05/us-demands-myanmar-junta-release-journalists-protesters/4591061001/, Myanmar junta must release detained journalists| protesters| US says, 0
https://www.usatoday.com/https://www.usatoday.com/story/sports/soccer/2021/03/05/accidental-handballs-to-be-allowed-before-teammate-scores/115530062/, Soccer eases law to allow accidental handballs before goals, 0
https://www.usatoday.com/https://www.usatoday.com/story/sports/nfl/buccaneers/2021/03/05/tom-brady-patriots-rookie-card-fitbit-ceo-james-park/4590861001/, Tom Brady's rookie card sells for $1.32M to FitBit CEO James Park, 0
https://www.usatoday.com/https://www.usatoday.com/story/entertainment/tv/2021/03/05/disney-plus-wandavision-finale-sets-up-marvel-movie-future-spoilers/4590702001/, 'WandaVision' finale on Disney+ sets up Marvel movie future: spoilers, 0
https://www.usatoday.com/https://www.usatoday.com/story/sports/sports-betting/2021/03/05/claressa-shields-vs-marieeve-dicaire-fight-odds-picks-and-prediction/115530106/, Claressa Shields vs. Marie-Eve Dicaire fight odds| picks and prediction, 0
https://www.usatoday.com/https://www.usatoday.com/videos/news/nation/2021/03/05/views-race-and-policing-shift-derek-chauvin-trial-begins/4591082001/, Views on race and policing shift as Derek Chauvin trial begins, 0
https://www.usatoday.com/https://www.usatoday.com/story/sports/sports-betting/2021/03/05/washington-capitals-at-boston-bruins-odds-picks-and-prediction/115530160/, Washington Capitals at Boston Bruins odds| picks and prediction, 0
https://www.usatoday.com/https://www.usatoday.com/story/money/2021/03/05/jobs-near-me-u-s-added-379-000-jobs-february/4584934001/, Jobs near me: U.S. added 379|000 jobs in February, 0
https://www.usatoday.com/https://www.usatoday.com/story/sports/sports-betting/2021/03/05/vegas-golden-knights-at-san-jose-sharks-odds-picks-and-prediction/115530178/, Vegas Golden Knights at San Jose Sharks odds| picks and prediction, 0
https://www.usatoday.com/https://www.usatoday.com/videos/news/have-you-seen/2021/03/05/starling-birds-form-into-shape-giant-bird/4591159001/, Starling birds form into the shape of a giant bird, 0
https://www.usatoday.com/https://www.usatoday.com/story/life/health-wellness/2021/03/05/wandavision-finale-series-grief-mourning-covid-america/4590726001/, WandaVision episode 9 closes door on grief exploration| teaches lesson, 0
https://www.usatoday.com/https://www.usatoday.com/videos/news/weather/2021/03/05/flooding-kentucky-causes-landslide-swallows-ambulance/4591272001/, Flooding in Kentucky causes landslide that swallows ambulance, 0
https://www.usatoday.com/https://www.usatoday.com/videos/life/humankind/2021/03/05/so-much-celebrating-dad-lands-rover-mars/4591487001/, So much celebrating as dad lands rover on Mars, 0
https://www.usatoday.com/https://www.usatoday.com/story/nletter/deals-we-love/2021/03/05/resources-reviewed-march-5/6868156002/, Resources by Reviewed: March 5, 0
https://www.usatoday.com/https://www.usatoday.com/videos/money/business/2021/03/05/chipotle-collabs-elf-cosmetics-launch-makeup-collection/4591443001/, Chipotle collabs with e.l.f. Cosmetics to launch makeup collection, 0
https://www.usatoday.com/https://www.usatoday.com/story/opinion/todaysdebate/2021/03/05/capitol-attack-investigation-panel-must-follow-911-commission-editorials-debates/6904745002/, Congress: US Capitol attack investigation must follow 9/11 Commission, 0
https://www.usatoday.com/https://www.usatoday.com/story/travel/airline-news/2021/03/05/flight-attendant-stops-nashville-frontier-plane-taking-off-icy-wing/4591517001/, Frontier flight attendant stopped plane from taking off with icy wing, 0
https://www.usatoday.com/https://www.usatoday.com/story/sports/motor/formula1/2021/03/05/hackers-thwart-f1-team-williams-innovative-car-launch/115530314/, F1 team Williams unveils new car after hackers foil launch, 0
https://www.usatoday.com/https://www.usatoday.com/story/entertainment/2021/03/05/ta-nehisi-coates-more-join-american-academy-arts-and-letters/4591698001/, Ta-Nehisi Coates| more to join American Academy of Arts and Letters, 0
https://www.usatoday.com/https://www.usatoday.com/story/sports/2021/03/05/arlington-girls-basketball-removed-playoffs-after-coach-punched/4591625001/, High school girls basketball team out of playoffs after coach punched, 0
https://www.usatoday.com/https://www.usatoday.com/story/sports/motor/formula1/2021/03/05/no-fans-allowed-at-azerbaijan-f1-gp-amid-virus-concerns/43452263/, No fans allowed at Azerbaijan F1 GP amid virus concerns, 0
https://www.usatoday.com/https://www.usatoday.com/story/sports/motor/formula1/2021/03/05/portuguese-gp-to-be-held-on-may-2-at-portimao-circuit/43452265/, Portuguese GP set for May 2| F1 hope spectators allowed, 0
https://www.usatoday.com/https://www.usatoday.com/story/news/politics/2021/03/05/california-rep-eric-swalwell-sues-trump-allies-over-riot/4592001001/, California Rep. Eric Swalwell sues Trump| allies over riot, 0
https://www.usatoday.com/https://www.usatoday.com/story/sports/nfl/2021/03/05/maia-chaka-first-black-woman-named-nfl-official/4592032001/, Maia Chaka named first Black female official in NFL history, 0
https://www.usatoday.com/https://www.usatoday.com/videos/news/nation/2021/03/05/1-dead-senegal-protests-backing-opposition-lead/4592193001/, 1 dead in Senegal protests backing opposition lead, 0
https://www.usatoday.com/https://www.usatoday.com/storytelling/quiz/news-quiz/2021-03-05/, USA TODAY News Quiz: Test your knowledge this week, 0
https://www.usatoday.com/https://www.usatoday.com/story/sports/nba/magic/2021/03/05/aaron-gordon-has-more-perfect-dunks-than-jordan-but-no-slam-dunk-titles/6912344002/, Aaron Gordon has more perfect dunks than Jordan but no slam dunk titles, 0
https://www.usatoday.com/https://www.usatoday.com/story/news/health/2021/03/05/fewer-americans-getting-covid-tests-amid-vaccines-doctors-worry/4578032001/, Coronavirus testing slows down amid vaccines| and doctors concerned, 0
https://www.usatoday.com/https://www.usatoday.com/story/news/politics/2021/03/05/stimulus-check-updates-what-we-know-covid-19-relief-bill/4584058001/, Stimulus check updates: What we know about the COVID-19 relief bill, 0
https://www.usatoday.com/https://www.usatoday.com/story/sports/columnist/dan-wolken/2021/03/05/creighton-greg-mcdermott-suspension-shows-priorities-skewed/4591942001/, Creighton botches Greg McDermott suspension| shows priorities skewed, 0
https://www.usatoday.com/https://www.usatoday.com/story/sports/nfl/2021/03/05/ap-source-washington-tells-alex-smith-hes-being-released/43452277/, Washington releases Comeback Player of the Year Alex Smith, 0
https://www.usatoday.com/https://www.usatoday.com/story/sports/ncaab/big12/2021/03/05/cade-cunningham-injures-ankle-oklahoma-states-loss-baylor/4591994001/, Cade Cunningham injures ankle in Oklahoma State's loss to Baylor, 0
https://www.usatoday.com/https://www.usatoday.com/story/entertainment/celebrities/2021/03/05/michelle-obama-dwyane-wade-daughter-zaya-wade-talk-becoming/4591171001/, Michelle Obama| Dwyane Wade's daughter Zaya Wade talk 'Becoming', 0
https://www.usatoday.com/https://www.usatoday.com/videos/news/nation/2021/03/05/detroit-fights-slow-pace-coronavirus-city/4592570001/, Detroit fights to slow pace of coronavirus in city, 0
https://www.usatoday.com/https://www.usatoday.com/story/entertainment/music/2021/03/05/kings-leon-new-album-when-you-see-yourself/4592668001/, Kings of Leon new album: Caleb Followill on 'When You See Yourself', 0
https://www.usatoday.com/https://www.usatoday.com/story/news/nation/2021/03/05/men-working-girls-get-indiana-city-council-act-old-sign/4592491001/, 'Men working': Girls get Indiana city council to act on old sign, 0
https://www.usatoday.com/https://www.usatoday.com/story/sports/nhl/2021/03/05/blackhawks-seabrook-calls-it-a-career-because-of-injury/115530696/, Blackhawks' Seabrook calls it a career because of injury, 0
https://www.usatoday.com/https://www.usatoday.com/videos/sports/sportskind/2021/03/05/coachs-speech-ends-life-changing-news-walk-ons/4593028001/, Coach's speech ends in life-changing news for walk-ons, 0
https://www.usatoday.com/https://www.usatoday.com/story/sports/mls/2021/03/05/mls-investigating-beckhams-miami-team-over-matuidi-signing/43452297/, MLS investigating Beckham's Miami team over Matuidi signing, 0
https://www.usatoday.com/https://www.usatoday.com/story/sports/nfl/2021/03/05/nfl-hires-first-black-female-game-official-maia-chaka/115530724/, NFL hires first Black female game official| Maia Chaka, 0
https://www.usatoday.com/https://www.usatoday.com/story/sports/ncaab/2021/03/05/ncaa-tournament-implications-line-these-five-matchups/4585280001/, NCAA Tournament implications on the line in these five matchups, 0
https://www.usatoday.com/https://www.usatoday.com/story/travel/destinations/2021/03/05/las-vegas-buffets-disappear-covid-pandemic-workers-unemployed/4591710001/, Las Vegas buffets disappear amid COVID pandemic; workers unemployed, 0
https://www.usatoday.com/https://www.usatoday.com/sitemap/2021/march/5/, 1, 0
https://www.usatoday.com/https://www.usatoday.com/sitemap/2021/march/5/?page=2, 2, 0
