https://www.usatoday.com/https://www.usatoday.com/videos/news/nation/2021/03/06/today-history-march-6th/4603166001/, Today in History for March 6th, 0
https://www.usatoday.com/https://www.usatoday.com/story/sports/ncaaw/2021/03/05/no-2-texas-am-women-open-sec-tournament-with-win-over-lsu/43452963/, No. 2 Texas A&M women open SEC Tournament with win over LSU, 0
https://www.usatoday.com/https://www.usatoday.com/story/tech/2021/03/05/minneapolis-influencers-george-floyd-death-derek-chauvin-trial/6907903002/, Derek Chauvin trial: Minneapolis looked to social media to keep peace, 0
https://www.usatoday.com/https://www.usatoday.com/videos/news/nation/2021/03/06/gop-using-obama-era-strategy-fight-relief-bill/4603331001/, GOP using Obama-era strategy to fight relief bill, 0
https://www.usatoday.com/https://www.usatoday.com/story/sports/mlb/2021/03/05/of-jarrod-dyson-finalizes-15m-deal-returns-to-royals/115532416/, OF Jarrod Dyson finalizes $1.5M deal| returns to Royals, 0
https://www.usatoday.com/https://www.usatoday.com/story/money/shopping/2021/03/05/texas-mask-requirement-albertsons-covid-policy-tom-thumb-face-covering/4602518001/, Texas lifts mask mandate but Albertsons will still require masks, 0
https://www.usatoday.com/https://www.usatoday.com/story/sports/mlb/2021/03/05/ohtani-fans-5-in-return-to-mound-harper-hr-on-1st-swing/115532214/, Ohtani fans 5 in return to mound; Harper HR on 1st swing, 0
https://www.usatoday.com/https://www.usatoday.com/story/sports/ncaab/2021/03/05/donyell-marshall-out-as-head-coach-at-central-connecticut/115532224/, Donyell Marshall out as head coach at Central Connecticut, 0
https://www.usatoday.com/https://www.usatoday.com/story/sports/ncaaw/2021/03/05/cunane-no-3-nc-state-top-virginia-tech-68-55-in-accs/43453073/, Cunane| No. 3 NC State top Virginia Tech 68-55 in ACCs, 0
https://www.usatoday.com/https://www.usatoday.com/story/sports/ncaaw/2021/03/05/no-7-gamecocks-hold-off-alabama-75-63-at-sec-tournament/115532246/, No. 7 Gamecocks hold off Alabama 75-63 at SEC Tournament, 0
https://www.usatoday.com/https://www.usatoday.com/story/travel/airline-news/2021/03/05/boeing-ceo-salary-david-calhoun-stock-options/4603549001/, Boeing CEO waived pay but still got compensation worth $21 million, 0
https://www.usatoday.com/https://www.usatoday.com/story/news/nation/2021/03/05/theme-parks-mlb-reopen-april-1-placer-county-restaurants-sue-governor/4598814001/, Theme parks| MLB to reopen April 1; Placer County restaurants sue governor, 0
https://www.usatoday.com/https://www.usatoday.com/story/travel/cruises/2021/03/05/alaska-proposes-rules-allow-cruises-skip-stops-canada-covid/4602987001/, Alaska proposes rules to allow cruises to skip stops in Canada, 0
https://www.usatoday.com/https://www.usatoday.com/story/sports/ncaaf/sec/2021/03/05/kevin-steele-buyout-tennessee-volunteers/4603553001/, Tennessee owes fired assistant Kevin Steele up to $860|870, 0
https://www.usatoday.com/https://www.usatoday.com/story/news/investigations/2021/03/05/les-miles-placed-on-leave-as-kansas-football-coach-after-investigation-lsu/4591583001/, Les Miles on leave as Kansas football coach after investigation at LSU, 0
https://www.usatoday.com/https://www.usatoday.com/story/news/factcheck/2021/03/05/fact-check-no-bill-gates-and-ghislaine-maxwell-not-cousins/4594850001/, Fact check: No| Bill Gates and Ghislaine Maxwell are not cousins, 0
https://www.usatoday.com/https://www.usatoday.com/videos/travel/2021/03/06/disney-world-adds-more-partitions-sectioned-areas-monorails/4603795001/, Disney World adds more partitions| sectioned areas on monorails, 0
https://www.usatoday.com/https://www.usatoday.com/story/sports/ncaab/2021/03/05/williams-scores-21-to-lead-buffalo-past-kent-st-81-67/43453093/, Williams scores 21 to lead Buffalo past Kent St. 81-67, 0
https://www.usatoday.com/https://www.usatoday.com/story/sports/mlb/2021/03/05/as-third-baseman-matt-chapman-thrilled-to-be-back-on-field/43453197/, A's third baseman Matt Chapman thrilled to be back on field, 0
https://www.usatoday.com/https://www.usatoday.com/story/sports/ncaab/2021/03/05/forrest-scores-16-to-lead-fau-past-middle-tennessee-63-54/115532260/, Forrest scores 16 to lead FAU past Middle Tennessee 63-54, 0
https://www.usatoday.com/https://www.usatoday.com/story/sports/ncaab/2021/03/05/mcgusty-scores-27-rallies-miami-over-boston-college-80-76/43453095/, McGusty scores 27| rallies Miami over Boston College 80-76, 0
https://www.usatoday.com/https://www.usatoday.com/story/sports/ncaab/2021/03/05/grady-scores-32-to-lift-davidson-past-george-mason-99-67/115532264/, Grady scores 32 to lift Davidson past George Mason 99-67, 0
https://www.usatoday.com/https://www.usatoday.com/story/sports/ncaab/2021/03/05/brown-leads-the-citadel-past-western-carolina-100-86/115532274/, Brown leads The Citadel past Western Carolina 100-86, 0
https://www.usatoday.com/https://www.usatoday.com/story/sports/nhl/2021/03/05/tom-wilson-hit-brandon-carlo-capitals-bruins/4603712001/, Tom Wilson's hit forces Brandon Carlo out of Capitals-Bruins game, 0
https://www.usatoday.com/https://www.usatoday.com/story/sports/nba/jazz/2021/03/05/jazz-mike-conley-all-star-first-time-replacement-devin-booker/4604087001/, Mike Conley named NBA All-Star for first time in 14-year career, 0
https://www.usatoday.com/https://www.usatoday.com/story/tech/reviewedcom/2021/03/05/sony-noise-canceling-headphones-get-wh-ch-710-n-headphones-50-off/4598308001/, Sony noise-canceling headphones: Get the WH-CH710N headphones for 50% off, 0
https://www.usatoday.com/https://www.usatoday.com/story/sports/ncaaw/2021/03/05/no-23-missouri-st-women-win-15th-straight-beat-evansville/115532292/, No. 23 Missouri St. women win 15th straight| beat Evansville, 0
https://www.usatoday.com/https://www.usatoday.com/story/entertainment/celebrities/2021/03/05/nicolas-cage-ties-knot-fifth-time-riko-shibata/4603110001/, Nicolas Cage ties the knot for the fifth time to Riko Shibata, 0
https://www.usatoday.com/https://www.usatoday.com/story/sports/nba/2021/03/05/injured-booker-wont-play-in-all-star-game-conley-replaces/115532296/, Injured Booker won't play in All-Star Game| Conley replaces, 0
https://www.usatoday.com/https://www.usatoday.com/story/sports/ncaab/2021/03/05/kinsey-taylor-lead-marshall-over-charlotte-75-67/43453119/, Kinsey| Taylor lead Marshall over Charlotte 75-67, 0
https://www.usatoday.com/https://www.usatoday.com/story/sports/ncaab/2021/03/05/farrington-carries-arkansas-st-past-georgia-southern-62-58/115532306/, Farrington carries Arkansas St. past Georgia Southern 62-58, 0
https://www.usatoday.com/https://www.usatoday.com/story/sports/ncaab/2021/03/05/flowers-scores-34-to-lift-south-alabama-past-ul-monroe-80-72/115532302/, Flowers scores 34 to lift South Alabama past UL Monroe 80-72, 0
https://www.usatoday.com/https://www.usatoday.com/story/sports/ncaab/2021/03/05/pullin-lifts-uc-riverside-over-cs-northridge-72-68/115532304/, Pullin lifts UC Riverside over CS Northridge 72-68, 0
https://www.usatoday.com/https://www.usatoday.com/story/sports/ncaab/2021/03/05/wojcik-scores-33-to-carry-fairfield-past-manhattan-85-67/115532308/, Wojcik scores 33 to carry Fairfield past Manhattan 85-67, 0
https://www.usatoday.com/https://www.usatoday.com/story/sports/ncaab/2021/03/05/jackson-triple-double-carries-toledo-over-ball-st-89-70/43453125/, Jackson triple-double carries Toledo over Ball St. 89-70, 0
https://www.usatoday.com/https://www.usatoday.com/story/sports/ncaab/mvc/2021/03/05/drake-northern-iowa-game-canceled-missouri-valley-conference-tournament/4604609001/, COVID-19 cancels Drake-UNI Missouri Valley Conference tournament game, 0
https://www.usatoday.com/https://www.usatoday.com/story/sports/nhl/2021/03/05/bruins-respond-to-head-shot-with-5-1-victory-over-capitals/115532366/, Bruins respond to head shot with 5-1 victory over Capitals, 0
https://www.usatoday.com/https://www.usatoday.com/story/sports/ncaab/2021/03/05/morgans-late-free-throw-sends-e-michigan-past-w-michigan/115532378/, Morgan's late free throw sends E. Michigan past W. Michigan, 0
https://www.usatoday.com/https://www.usatoday.com/story/sports/ncaab/2021/03/05/webster-scores-17-to-carry-hawaii-past-uc-davis-73-68/115532380/, Webster scores 17 to carry Hawaii past UC Davis 73-68, 0
https://www.usatoday.com/https://www.usatoday.com/story/sports/olympics/2021/03/05/ledecky-wins-3rd-title-in-texas-lochte-reaches-1st-final/43453131/, Ledecky wins 3rd title in Texas; Lochte reaches 1st final, 0
https://www.usatoday.com/https://www.usatoday.com/story/sports/ncaab/2021/03/05/arizona-releases-ncaas-notice-of-allegations/115532382/, Arizona releases NCAA's Notice of Allegations, 0
https://www.usatoday.com/https://www.usatoday.com/story/sports/ncaaw/2021/03/05/no-4-stanford-women-beat-oregon-state-to-reach-pac-12-final/43453133/, No. 4 Stanford women rout Oregon State to reach Pac-12 final, 0
https://www.usatoday.com/https://www.usatoday.com/story/sports/nhl/2021/03/05/sharks-sorensen-avs-gilbert-added-to-covid-19-list/43453151/, Sharks' Sorensen| Avs' Gilbert added to COVID-19 list, 0
https://www.usatoday.com/https://www.usatoday.com/story/news/politics/2021/03/05/kyrsten-sinema-thumbs-down-minimum-wage-hike-compared-john-mccain/4603069001/, Kyrsten Sinema's thumbs-down on minimum wage hike compared to McCain, 0
https://www.usatoday.com/https://www.usatoday.com/story/sports/ncaab/2021/03/05/devoe-wright-lead-georgia-tech-over-wake-forest-75-63/115532688/, Devoe| Wright lead Georgia Tech over Wake Forest 75-63, 0
https://www.usatoday.com/https://www.usatoday.com/story/sports/ncaaw/2021/03/05/no-24-rutgers-women-downs-22nd-ranked-ohio-state-71-63/115532388/, No. 24 Rutgers women downs 22nd-ranked Ohio State 71-63, 0
https://www.usatoday.com/https://www.usatoday.com/story/tech/reviewedcom/2021/03/05/rubbermaid-storage-save-64-these-top-rated-food-containers/6886553002/, Rubbermaid storage: Save 64% on these top-rated food containers, 0
https://www.usatoday.com/https://www.usatoday.com/story/sports/ncaaf/2021/03/05/albany-holds-off-new-hampshire-24-20-in-caa-opener/43453155/, Albany holds off New Hampshire 24-20 in CAA opener, 0
https://www.usatoday.com/https://www.usatoday.com/story/news/politics/2021/03/05/minimum-wage-amendment-defeated-senate-democrats-against/4595331001/, Minimum wage amendment defeated in Senate| with Democrats against it, 0
https://www.usatoday.com/https://www.usatoday.com/story/sports/ncaab/2021/03/05/mclaughlin-lifts-uc-santa-barbara-over-cal-poly-71-57/43453231/, McLaughlin lifts UC Santa Barbara over Cal Poly 71-57, 0
https://www.usatoday.com/https://www.usatoday.com/story/entertainment/celebrities/2021/03/05/amanda-gorman-racially-profiled-security-guard/4604848001/, Amanda Gorman says she was racially profiled by security guard, 0
https://www.usatoday.com/https://www.usatoday.com/videos/news/health/2021/03/06/covid-iowa-hospital-infectious-disease-doctor-dan-fulton-caring-medicine/4585389001/, COVID-19 doctor: Humanity in medicine essential to coronavirus fight, 0
https://www.usatoday.com/https://www.usatoday.com/story/sports/ncaab/2021/03/05/belmont-edges-jacksonville-st-72-69-in-ovc-tourney/115532412/, Belmont edges Jacksonville St. 72-69 in OVC tourney, 0
https://www.usatoday.com/https://www.usatoday.com/story/sports/ncaab/2021/03/05/mvc-quarterfinal-between-n-iowa-and-drake-canceled/43453159/, MVC quarterfinal between N Iowa and Drake canceled, 0
https://www.usatoday.com/https://www.usatoday.com/story/sports/ncaaw/2021/03/05/davis-carries-no-14-lady-vols-into-sec-semifinals/43453233/, Davis carries No. 14 Lady Vols into SEC semifinals, 0
https://www.usatoday.com/https://www.usatoday.com/story/sports/ncaab/2021/03/05/brandons-late-shot-carries-canisius-past-siena-76-75/43453161/, Brandon's late shot carries Canisius past Siena 76-75, 0
https://www.usatoday.com/https://www.usatoday.com/story/sports/ncaaw/2021/03/05/georgia-tech-beats-back-upset-minded-clemson-in-acc-quarters/115532420/, Georgia Tech beats back upset-minded Clemson in ACC quarters, 0
https://www.usatoday.com/https://www.usatoday.com/story/sports/ncaab/2021/03/05/davis-carries-uc-irvine-past-long-beach-st-71-68-in-ot/43453163/, Davis carries UC Irvine past Long Beach St. 71-68 in OT, 0
https://www.usatoday.com/https://www.usatoday.com/story/sports/nhl/2021/03/05/kurashev-scores-in-shootout-blackhawks-beat-lightning-4-3/43453217/, Kurashev scores in shootout| Blackhawks beat Lightning 4-3, 0
https://www.usatoday.com/https://www.usatoday.com/story/sports/ncaab/2021/03/05/forrest-scores-24-leads-appalachian-state-past-ualr-67-60/43453167/, Forrest scores 24| leads Appalachian State past UALR 67-60, 0
https://www.usatoday.com/https://www.usatoday.com/story/sports/nhl/2021/03/05/kahkonen-stops-24-shots-in-wilds-5-1-win-over-coyotes/115532436/, Kahkonen stops 24 shots in Wild's 5-1 win over Coyotes, 0
https://www.usatoday.com/https://www.usatoday.com/story/sports/nhl/2021/03/05/blues-rally-for-3-2-win-over-kings-on-hoffmans-goal-in-ot/43453169/, Blues rally for 3-2 win over Kings on Hoffman's goal in OT, 0
https://www.usatoday.com/https://www.usatoday.com/story/sports/ncaab/2021/03/05/scott-lifts-lmu-over-san-francisco-70-66-in-wcc-tourney/115532456/, Scott lifts LMU over San Francisco 70-66 in WCC tourney, 0
https://www.usatoday.com/https://www.usatoday.com/story/sports/nascar/2021/03/05/nemechek-beats-boss-busch-to-win-truck-series-race-at-vegas/43453183/, Nemechek beats boss Busch to win Truck Series race at Vegas, 0
https://www.usatoday.com/https://www.usatoday.com/story/sports/ncaab/2021/03/06/north-alabama-defeats-florida-gulf-coast-96-81/43453191/, North Alabama defeats Florida Gulf Coast 96-81, 0
https://www.usatoday.com/https://www.usatoday.com/story/sports/ncaab/2021/03/06/sherfields-late-bomb-leads-nevada-over-colorado-st-85-82/115532474/, Sherfield's late bomb leads Nevada over Colorado St. 85-82, 0
https://www.usatoday.com/https://www.usatoday.com/story/sports/ncaab/2021/03/06/hadley-carries-uc-san-diego-over-cs-fullerton-89-85/43453193/, Hadley carries UC San Diego over CS Fullerton 89-85, 0
https://www.usatoday.com/https://www.usatoday.com/story/sports/ncaab/2021/03/06/ark-pine-bluff-routs-mississippi-valley-st-82-59/43453251/, Ark.-Pine Bluff routs Mississippi Valley St. 82-59, 0
https://www.usatoday.com/https://www.usatoday.com/story/sports/ncaab/2021/03/06/trammell-leads-seattle-over-california-baptist-80-79/43453195/, Trammell leads Seattle over California Baptist 80-79, 0
https://www.usatoday.com/https://www.usatoday.com/story/sports/nhl/2021/03/06/nichushkin-scores-twice-avs-beat-ducks-3-2-in-overtime/43453235/, Nichushkin scores twice| Avs beat Ducks 3-2 in overtime, 0
https://www.usatoday.com/https://www.usatoday.com/story/sports/ncaab/2021/03/06/morehead-st-survives-e-kentucky-heads-to-ovc-championship/43453203/, Morehead St. survives E. Kentucky| heads to OVC championship, 0
https://www.usatoday.com/https://www.usatoday.com/story/sports/ncaab/2021/03/06/troy-dumps-texas-arlington-91-86-in-sun-belts-first-round/115532506/, Troy dumps Texas-Arlington 91-86 in Sun Belt's first round, 0
https://www.usatoday.com/https://www.usatoday.com/story/sports/nhl/2021/03/06/paciorettys-ot-goal-gives-golden-knights-5-4-win-vs-sharks/115532508/, Pacioretty's OT goal gives Golden Knights 5-4 win vs Sharks, 0
https://www.usatoday.com/https://www.usatoday.com/story/sports/boxing/2021/03/06/shields-wins-unanimous-decision-over-dicaire/43453205/, Shields wins unanimous decision over Dicaire, 0
https://www.usatoday.com/https://www.usatoday.com/story/sports/nhl/2021/03/06/bruins-respond-to-wilsons-head-shot-with-5-1-win-over-caps/115532550/, Bruins respond to Wilson's head shot with 5-1 win over Caps, 0
https://www.usatoday.com/https://www.usatoday.com/story/news/world/2021/03/05/pope-francis-iraqi-grand-ayatollah-ali-al-sistani-muslims-christians/4608031001/, Pope Francis and Grand Ayatollah Ali al-Sistani meet in Iraq, 0
https://www.usatoday.com/https://www.usatoday.com/story/sports/ncaab/2021/03/06/missouri-st-ousts-valparaiso-66-55-in-mvc-quarterfinals/115532522/, Missouri St. ousts Valparaiso 66-55 in MVC quarterfinals, 0
https://www.usatoday.com/https://www.usatoday.com/story/sports/ncaab/2021/03/06/rice-lifts-new-mexico-st-over-dixie-state-76-66/115532528/, Rice lifts New Mexico St. over Dixie State 76-66, 0
https://www.usatoday.com/https://www.usatoday.com/story/sports/ncaab/atlanticsun/2021/03/05/liberty-claims-asun-conferences-automatic-ncaa-tournament-berth/4608232001/, Liberty claims ASUN Conference's automatic NCAA tournament berth, 0
https://www.usatoday.com/https://www.usatoday.com/story/sports/ncaab/2021/03/06/santa-clara-advances-in-wcc-eliminating-pacific-81-76/115532534/, Santa Clara advances in WCC eliminating Pacific 81-76, 0
https://www.usatoday.com/https://www.usatoday.com/story/sports/ncaaw/2021/03/06/no-9-ucla-women-into-pac-12-final-58-49-vs-no-11-arizona/115532558/, No. 9 UCLA women into Pac-12 final| 58-49 vs No. 11 Arizona, 0
https://www.usatoday.com/https://www.usatoday.com/story/sports/nba/2021/03/06/at-the-nba-all-star-game-hbcus-will-take-center-stage/115532536/, At the NBA All-Star Game| HBCUs will take center stage, 0
https://www.usatoday.com/https://www.usatoday.com/story/tech/reviewedcom/2021/03/06/best-buy-shop-top-picks-stores-huge-3-day-sale-right-now/4601028001/, Best Buy: Shop top picks from the store's huge 3-day sale right now, 0
https://www.usatoday.com/https://www.usatoday.com/story/opinion/voices/2021/03/06/age-fifty-exercise-workout-hair-column/4600010001/, Turning 50 means biological changes| reading glasses and inner peace, 0
https://www.usatoday.com/https://www.usatoday.com/story/news/2021/03/06/meghan-harry-oprah-interview-nba-all-star-game-coronavirus-bill/6838812002/, Meghan-Harry Oprah interview| NBA All-Stars: What to know this weekend, 0
https://www.usatoday.com/https://www.usatoday.com/story/opinion/2021/03/06/climate-change-answer-cant-include-gas-risky-column/6910793002/, Climate change answer can't include gas; it's too risky, 0
https://www.usatoday.com/https://www.usatoday.com/story/news/politics/2021/03/06/after-khashoggi-murder-saudi-arabia-shifts-lobbying-middle-america/4497449001/, After Khashoggi murder| Saudi Arabia shifts lobbying to middle America, 0
https://www.usatoday.com/https://www.usatoday.com/story/news/health/2021/03/06/covid-news-cdc-study-looks-mask-mandates-supreme-court-vaccinated/4594713001/, COVID news: Senate passes stimulus; CDC study looks at mask mandates, 0
https://www.usatoday.com/https://www.usatoday.com/story/news/nation/2021/03/06/migrant-children-facility-used-house-minors-separated-family/4587455001/, Migrant children facility used to house minors separated from family, 0
https://www.usatoday.com/https://www.usatoday.com/story/news/politics/2021/03/06/politics-updates-coronavirus-stimulus-senate/4595357001/, COVID stimulus updates: Biden praises Senate passage of relief plan, 0
https://www.usatoday.com/https://www.usatoday.com/story/opinion/voices/2021/03/06/pro-life-abortion-fetal-abnormlity-statistics-column/4579657001/, Adverse prenatal diagnosis is not a death sentence for babies, 0
https://www.usatoday.com/https://www.usatoday.com/story/news/education/2021/03/06/lgbtq-history-equality-education-act-teachers/6648601002/, LGBTQ history not taught at school| but Equality Act may change that, 0
https://www.usatoday.com/https://www.usatoday.com/story/news/health/2021/03/06/covid-vaccine-cdc-states-prioritize-people-obesity-heres-why/6883235002/, COVID vaccine: CDC| states prioritize people with obesity. Here's why., 0
https://www.usatoday.com/https://www.usatoday.com/story/sports/sports-betting/2021/03/06/new-york-rangers-at-new-jersey-devils-odds-picks-and-prediction/115532592/, New York Rangers at New Jersey Devils odds| picks and prediction, 0
https://www.usatoday.com/https://www.usatoday.com/story/sports/sports-betting/2021/03/06/buffalo-sabres-at-new-york-islanders-odds-picks-and-prediction/115532602/, Buffalo Sabres at New York Islanders odds| picks and prediction, 0
https://www.usatoday.com/https://www.usatoday.com/story/nletter/2021/03/06/your-weekend-long-reads-usa-today/4579454001/, Your weekend long reads from USA TODAY, 0
https://www.usatoday.com/https://www.usatoday.com/story/sports/sports-betting/2021/03/06/villanova-at-providence-odds-picks-and-prediction/115532608/, Villanova at Providence odds| picks and prediction, 0
https://www.usatoday.com/https://www.usatoday.com/story/news/nation/2021/03/06/for-people-voting-rights-bill-could-stop-gop-election-laws/4583707001/, 'For the People' voting rights bill could stop GOP election laws, 0
https://www.usatoday.com/https://www.usatoday.com/story/sports/sports-betting/2021/03/06/butler-at-creighton-odds-picks-and-prediction/115532616/, Butler at Creighton odds| picks and prediction, 0
https://www.usatoday.com/https://www.usatoday.com/story/news/nation/2021/03/06/storm-tragedy-hyannis-familys-coronavirus-story-mi-pueblo/6909957002/, Cape Cod family| hard hit by COVID-19 deaths| honors those they lost, 0
https://www.usatoday.com/https://www.usatoday.com/story/entertainment/books/2021/03/06/new-books-imbolo-mbue-how-beautiful-we-were-more/4586577001/, 5 books not to miss: Imbolo Mbue’s ‘How Beautiful We Were|' more, 0
https://www.usatoday.com/https://www.usatoday.com/story/sports/ncaab/acc/2021/03/06/duke-north-carolina-ncaa-tournament-hopes/4599554001/, College basketball: Duke in must-win game against North Carolina, 0
https://www.usatoday.com/https://www.usatoday.com/story/sports/nfl/columnist/bell/2021/03/06/nfl-owners-rejecting-black-head-coaches-legal-action/4593280001/, NFL owners keep rejecting Black men as coaches. Time for legal action?, 0
https://www.usatoday.com/https://www.usatoday.com/story/sports/sports-betting/2021/03/06/ufc-259-jan-blachowicz-vs-israel-adesanya-odds-picks-and-prediction/115532682/, UFC 259: Jan Blachowicz vs. Israel Adesanya odds| picks and prediction, 0
https://www.usatoday.com/https://www.usatoday.com/story/sports/nfl/draft/2021/03/06/nfl-draft-quinn-meinerz-trained-canadian-wilderness/4593674001/, NFL draft prospect Quinn Meinerz trained in Canadian wilderness, 0
https://www.usatoday.com/https://www.usatoday.com/videos/life/humankind/2021/03/06/so-much-celebrating-dad-lands-rover-mars/4591474001/, So much celebrating as dad lands rover on Mars, 0
https://www.usatoday.com/https://www.usatoday.com/story/sports/nba/bulls/2021/03/06/ach-lavines-bulls-offseason-work-all-star/4604831001/, Bulls guard Zach LaVine's offseason work raised game to All-Star level, 0
https://www.usatoday.com/https://www.usatoday.com/story/sports/sports-betting/2021/03/06/ufc-259-amanda-nunes-vs-megan-anderson-odds-picks-and-prediction/115532756/, UFC 259: Amanda Nunes vs. Megan Anderson odds| picks and prediction, 0
https://www.usatoday.com/https://www.usatoday.com/story/sports/sports-betting/2021/03/06/ufc-259-petr-yan-vs-aljamain-sterling-odds-picks-and-prediction/115532770/, UFC 259: Petr Yan vs. Aljamain Sterling odds| picks and prediction, 0
https://www.usatoday.com/https://www.usatoday.com/story/travel/destinations/2021/03/06/las-vegas-south-point-hot-dog-cart-stand-enduring-popularity/6836015002/, In Las Vegas| this hot dog cart is one of the few things that's sacred, 0
https://www.usatoday.com/https://www.usatoday.com/story/money/taxes/2021/03/06/covid-relief-bill-how-improve-federal-stimulus-payment-program/4608676001/, Stimulus checks: How to improve the federal COVID-19 relief program, 0
https://www.usatoday.com/https://www.usatoday.com/story/sports/sports-betting/2021/03/06/ufc-259-islam-makhachev-vs-drew-dober-odds-picks-and-prediction/115532802/, UFC 259: Islam Makhachev vs. Drew Dober odds| picks and prediction, 0
https://www.usatoday.com/https://www.usatoday.com/story/sports/sports-betting/2021/03/06/toronto-maple-leafs-at-vancouver-canucks-odds-picks-and-prediction/115532800/, Toronto Maple Leafs at Vancouver Canucks odds| picks and prediction, 0
https://www.usatoday.com/https://www.usatoday.com/story/news/world/2021/03/06/somalia-bombing-mogadishu-restaurant-leaves-20-dead/4608755001/, Somalia bombing at Mogadishu restaurant leaves 20 dead| 30 wounded, 0
https://www.usatoday.com/https://www.usatoday.com/story/sports/sports-betting/2021/03/06/ufc-259-thiago-santos-vs-aleksandar-rakic-odds-picks-and-prediction/115532856/, UFC 259: Thiago Santos vs. Aleksandar Rakic odds| picks and prediction, 0
https://www.usatoday.com/https://www.usatoday.com/story/sports/sports-betting/2021/03/06/anaheim-ducks-at-colorado-avalanche-odds-picks-and-prediction/115532878/, Anaheim Ducks at Colorado Avalanche odds| picks and prediction, 0
https://www.usatoday.com/https://www.usatoday.com/story/life/health-wellness/2021/03/06/covid-19-pandemic-fatigue-ignoring-safety-measures-what-do/4579747001/, COVID-19 pandemic fatigue has you ignoring safety measures. What to do, 0
https://www.usatoday.com/https://www.usatoday.com/story/sports/sports-betting/2021/03/06/usc-at-ucla-odds-picks-and-prediction/115532946/, USC at UCLA odds| picks and prediction, 0
https://www.usatoday.com/https://www.usatoday.com/story/tech/2021/03/06/buying-tv-what-worry-and-what-not-to-talking-tech/4598794001/, Buying a TV? What to worry about and what not to: Talking Tech, 0
https://www.usatoday.com/https://www.usatoday.com/story/sports/2021/03/06/les-miles-lsu-investigation-accountability-fired/4608859001/, Why haven't more people been fired yet for enabling Les Miles?, 0
https://www.usatoday.com/https://www.usatoday.com/story/sports/sports-betting/2021/03/06/oklahoma-state-at-west-virginia-odds-picks-and-prediction/115533034/, Oklahoma State at West Virginia odds| picks and prediction, 0
https://www.usatoday.com/https://www.usatoday.com/story/sports/soccer/2021/03/06/xhakas-blunder-costs-arsenal-in-1-1-draw-with-burnley/115533058/, Xhaka's blunder costs Arsenal in 1-1 draw with Burnley, 0
https://www.usatoday.com/https://www.usatoday.com/story/entertainment/movies/2021/03/06/coming-2-america-sexual-chocolate-best-throwbacks-original-comedy/6911946002/, 'Coming 2 America': Sexual Chocolate| best nods to original (spoilers), 0
https://www.usatoday.com/https://www.usatoday.com/videos/news/nation/2021/03/06/myanmar-forces-set-fires-yangon-amid-protests/4609083001/, Myanmar forces set fires in Yangon amid protests, 0
https://www.usatoday.com/https://www.usatoday.com/videos/news/nation/2021/03/06/pope-francis-meets-grand-ayatollah-al-sistani-najaf/4609115001/, Pope Francis meets Grand Ayatollah al-Sistani in Najaf, 0
https://www.usatoday.com/https://www.usatoday.com/story/sports/sports-betting/2021/03/06/illinois-at-ohio-state-odds-picks-and-prediction/115533216/, Illinois at Ohio State odds| picks and prediction, 0
https://www.usatoday.com/https://www.usatoday.com/videos/news/nation/2021/03/06/indian-farmers-protest-new-laws-road-block/4609307001/, Indian farmers protest new laws with road block, 0
https://www.usatoday.com/https://www.usatoday.com/videos/entertainment/celebrities/2021/03/06/nicolas-cage-married-fifth-time-riko-shibata/4609382001/, Nicolas Cage| 57| gets married for the fifth time to Riko Shibata| 26, 0
https://www.usatoday.com/https://www.usatoday.com/videos/news/nation/2021/03/06/vigil-held-yangon-those-killed-protests/4609408001/, Vigil held in Yangon for those killed in protests, 0
https://www.usatoday.com/https://www.usatoday.com/story/money/2021/03/06/cocktails-go-kentucky-pandemic-option-become-permanent/4609311001/, Cocktails To Go? In Kentucky| pandemic option to become permanent, 0
https://www.usatoday.com/https://www.usatoday.com/story/entertainment/movies/2021/03/06/pop-smoke-debut-shadowed-by-death-in-boogie-movie-review/4609297001/, Pop Smoke's film debut in 'Boogie' is shadowed by his death, 0
https://www.usatoday.com/https://www.usatoday.com/story/life/health-wellness/2021/03/06/holding-promise-spring/4598423001/, Why spring feels more important than ever in 2021, 0
https://www.usatoday.com/https://www.usatoday.com/story/nletter/health/2021/03/06/coronavirus-watch-senators-continue-debate-over-covid-19-relief-package/4609459001/, Coronavirus Watch: Senators continue debate over COVID-19 relief package, 0
https://www.usatoday.com/https://www.usatoday.com/story/money/2021/03/06/john-mcafee-indicted-fooling-crypto-currency-investors/4609447001/, John McAfee indicted for fooling crypto currency investors, 0
https://www.usatoday.com/https://www.usatoday.com/story/news/nation/2021/03/06/jackson-mississippi-water-crisis-no-end-sight/4609387001/, Jackson| Mississippi water crisis: no end in sight weeks later, 0
https://www.usatoday.com/https://www.usatoday.com/story/money/2021/03/06/new-york-cinemas-reopen-their-doors-signaling-post-pandemic-moment/4609587001/, New York cinemas reopen their doors| signaling post-pandemic moment, 0
https://www.usatoday.com/https://www.usatoday.com/story/sports/cycling/2021/03/06/van-der-poel-masters-the-gravel-roads-to-win-strade-bianche/115533320/, Van der Poel masters the gravel roads to win Strade Bianche, 0
https://www.usatoday.com/https://www.usatoday.com/story/sports/ncaab/2021/03/06/university-arizona-basketball-sean-miller-ncaa-notice-allegations-bribery/4609750001/, Sean Miller| Arizona face NCAA allegations on bribes| fake transcripts, 0
https://www.usatoday.com/https://www.usatoday.com/story/money/2021/03/06/boeing-ceo-waives-salary-gets-21-million-payday-anyway/4609747001/, Boeing CEO waives salary; Gets $21 million payday anyway, 0
https://www.usatoday.com/https://www.usatoday.com/story/sports/tennis/2021/03/06/kvitova-beats-muguruza-6-2-6-1-to-win-qatar-open/43453633/, Kvitova beats Muguruza 6-2| 6-1 to win Qatar Open, 0
https://www.usatoday.com/https://www.usatoday.com/story/sports/nba/2021/03/06/nba-all-star-game-referees-eager-to-represent-peers-atlanta/43453635/, NBA All-Star Game referees eager to represent peers| Atlanta, 0
https://www.usatoday.com/https://www.usatoday.com/story/tech/reviewedcom/2021/03/06/amazon-sale-shop-secret-savings-event-save-all-things-winter/4609110001/, Amazon sale: Shop this secret savings event to save on all things winter, 0
https://www.usatoday.com/https://www.usatoday.com/story/news/politics/2021/03/06/bidens-covid-stimulus-bill-passes-senate-legislation-heads-house/6886446002/, Biden’s COVID stimulus bill passes Senate| legislation heads to House, 0
https://www.usatoday.com/https://www.usatoday.com/story/money/2021/03/06/cuba-entrepreneurs-hope-biden-administration-rekindle-tourism/4610083001/, Cuba entrepreneurs hope Biden administration will rekindle tourism, 0
https://www.usatoday.com/https://www.usatoday.com/story/entertainment/music/2021/03/06/michael-stanley-legendary-musician-and-radio-host-dies-72/4609926001/, Michael Stanley| legendary musician and radio host| dies at 72, 0
https://www.usatoday.com/https://www.usatoday.com/story/tech/reviewedcom/2021/03/06/patio-furniture-shop-overstock-semi-annual-sale-save-big/4609226001/, Patio furniture: Shop the Overstock Semi-Annual Sale to save big, 0
https://www.usatoday.com/https://www.usatoday.com/story/sports/tennis/2021/03/06/federer-to-face-chardy-or-evans-in-comeback-match-in-doha/43453643/, Federer to face Chardy or Evans in comeback match in Doha, 0
https://www.usatoday.com/https://www.usatoday.com/videos/news/politics/2021/03/06/senate-passes-bidens-coronavirus-relief-bill/4610338001/, Senate passes Biden's $1.9 coronavirus relief bill following bipartisan conflict, 0
https://www.usatoday.com/https://www.usatoday.com/story/sports/soccer/2021/03/06/le-puy-red-star-cause-french-cup-upsets-to-reach-last-16/115533558/, PSG| Lyon win in French Cup; Le Puy| Red Star cause upsets, 0
https://www.usatoday.com/https://www.usatoday.com/story/sports/mlb/2021/03/06/mariners-hope-to-have-unearthed-pitching-gem-in-chris-flexen/43453959/, Mariners hope to have unearthed pitching gem in Chris Flexen, 0
https://www.usatoday.com/https://www.usatoday.com/story/sports/mlb/astros/2021/03/06/jake-odorizzi-agreed-deal-astros/4610192001/, Jake Odorizzi| a 2019 All-Star| agreed to a deal with the Astros, 0
https://www.usatoday.com/https://www.usatoday.com/videos/news/nation/2021/03/06/dems-prevail-senate-passes-19-t-virus-aid-bill/4610652001/, Dems prevail as Senate passes $1.9T virus aid bill, 0
https://www.usatoday.com/https://www.usatoday.com/story/news/nation/2021/03/06/covid-relief-child-care-and-domestic-violence-funds-help-women-escaping-abuse/6879449002/, COVID-19 relief: Child care| domestic violence aid helps women, 0
https://www.usatoday.com/https://www.usatoday.com/story/sports/mlb/2021/03/06/mariners-prospect-jarred-kelenic-sidelined-by-knee-strain/43453661/, Mariners prospect Jarred Kelenic sidelined by knee strain, 0
https://www.usatoday.com/https://www.usatoday.com/story/sports/tennis/2021/03/06/teenager-tauson-wins-to-set-up-lyon-final-against-golubic/115533666/, Teenager Tauson wins to set up Lyon final against Golubic, 0
https://www.usatoday.com/https://www.usatoday.com/story/sports/soccer/2021/03/06/southampton-ends-long-winless-run-in-epl-despite-ings-injury/43453791/, Southampton ends long winless run in EPL despite Ings injury, 0
https://www.usatoday.com/https://www.usatoday.com/story/tech/reviewedcom/2021/03/06/ancestrydna-kit-get-heavily-discounted-right-now/4583704001/, AncestryDNA Kit: Get it heavily discounted right now., 0
https://www.usatoday.com/https://golfweek.usatoday.com/2021/03/06/watch-jordan-spieth-aces-second-hole-bay-hill/, Watch: Jordan Spieth hits hole-in-one, 0
https://www.usatoday.com/https://www.usatoday.com/story/entertainment/celebrities/2021/03/06/dwayne-johnson-dedicates-trailblazer-award-his-late-father/4610441001/, Dwayne Johnson dedicates Trailblazer Award to his late father, 0
https://www.usatoday.com/https://www.usatoday.com/videos/news/nation/2021/03/06/democrats-thrilled-after-passage-virus-aid-bill/4611024001/, Democrats thrilled after passage of virus aid bill, 0
https://www.usatoday.com/https://www.usatoday.com/story/sports/ncaab/2021/03/06/mintz-boston-have-6-3s-each-as-kentucky-cruises-92-64/43454019/, Mintz| Boston have 6 3s each as Kentucky cruises 92-64, 0
https://www.usatoday.com/https://www.usatoday.com/story/sports/ncaaw/2021/03/06/bueckers-leads-top-ranked-uconn-over-st-johns-in-big-east/43453667/, Bueckers leads top-ranked UConn over St. John's in Big East, 0
https://www.usatoday.com/https://www.usatoday.com/story/sports/ncaaw/2021/03/06/evans-cochran-lead-no-5-louisville-into-acc-finals-72-59/115533706/, Evans| Cochran lead No. 5 Louisville into ACC finals| 72-59, 0
https://www.usatoday.com/https://www.usatoday.com/story/sports/soccer/2021/03/06/atltico-aims-to-inflict-severe-blow-on-madrid-title-hopes/43453679/, Atlético aims to inflict severe blow on Madrid title hopes, 0
https://www.usatoday.com/https://www.usatoday.com/story/sports/ncaab/2021/03/06/bouknight-scores-21-to-carry-uconn-past-georgetown-98-82/43453683/, Bouknight scores 21 to carry UConn past Georgetown 98-82, 0
https://www.usatoday.com/https://www.usatoday.com/story/sports/ncaab/2021/03/06/dawes-scores-21-as-clemson-defeats-pitt-77-62-in-finale/43453685/, Dawes scores 21 as Clemson defeats Pitt 77-62 in finale, 0
https://www.usatoday.com/https://www.usatoday.com/picture-gallery/entertainment/music/2021/03/06/tyler-creator-turns-30-photos-rappers-life/4610335001/, Tyler| the Creator turns 30: Photos of the rapper's life, 0
https://www.usatoday.com/https://www.usatoday.com/story/sports/nhl/2021/03/06/predators-center-matt-duchene-put-on-ir-out-3-5-weeks/115534244/, Predators center Matt Duchene put on IR| out 3-5 weeks, 0
https://www.usatoday.com/https://www.usatoday.com/story/sports/ncaab/2021/03/06/miller-lifts-top-seeded-uncg-over-the-citadel-80-72-in-socon/115533750/, Miller lifts top-seeded UNCG over The Citadel 80-72 in SoCon, 0
https://www.usatoday.com/https://www.usatoday.com/story/sports/soccer/2021/03/06/samerica-soccer-body-postpones-world-cup-qualifiers-in-march/115533752/, SAmerica soccer body postpones World Cup qualifiers in March, 0
https://www.usatoday.com/https://www.usatoday.com/story/sports/nba/2021/03/06/nba-all-star-2021-the-game-no-one-seemed-to-want/43453695/, NBA All-Star 2021: The game no one seemed to want, 0
https://www.usatoday.com/https://www.usatoday.com/story/sports/ncaab/2021/03/06/youngs-23-points-leads-rutgers-past-minnesota-77-70-in-ot/43453703/, Young's 23 points leads Rutgers past Minnesota 77-70 in OT, 0
https://www.usatoday.com/https://www.usatoday.com/story/sports/ncaaw/2021/03/06/no-10-indiana-women-rout-purdue-team-mark-for-big-ten-wins/43453715/, No. 10 Indiana women rout Purdue| team mark for Big Ten wins, 0
https://www.usatoday.com/https://www.usatoday.com/story/sports/ncaaw/2021/03/06/filer-leads-omaha-women-to-upset-of-no-21-south-dakota-st/115533788/, Filer leads Omaha women to upset of No. 21 South Dakota St, 0
https://www.usatoday.com/https://www.usatoday.com/videos/news/nation/2021/03/06/biden-hails-senate-passage-virus-aid-bill/4611771001/, Biden hails Senate passage of virus aid bill, 0
https://www.usatoday.com/https://www.usatoday.com/story/sports/ncaab/2021/03/06/etienne-carries-wichita-st-past-south-florida-80-63/43453769/, Etienne carries Wichita St. past South Florida 80-63, 0
https://www.usatoday.com/https://www.usatoday.com/story/sports/ncaab/2021/03/06/pearl-gets-600th-win-with-auburns-victory-in-season-finale/43453771/, Pearl gets 600th win with Auburn's victory in season finale, 0
https://www.usatoday.com/https://www.usatoday.com/story/sports/ncaab/2021/03/06/krutwig-leads-no-22-loyola-chicago-past-indiana-state-65-49/115533808/, Krutwig leads No. 22 Loyola Chicago past Indiana State 65-49, 0
https://www.usatoday.com/https://www.usatoday.com/story/sports/ncaab/2021/03/06/chappell-lifts-sacramento-state-over-montana-state-74-73/115534330/, Chappell lifts Sacramento State over Montana State 74-73, 0
https://www.usatoday.com/https://www.usatoday.com/story/sports/ncaab/2021/03/06/bryant-survives-covid-scare-gains-1st-nec-title-game-85-55/43453773/, Bryant survives COVID scare| gains 1st NEC title game 85-55, 0
https://www.usatoday.com/https://www.usatoday.com/story/sports/ncaab/2021/03/06/colgate-beats-boston-u-77-69-in-patriot-league-tourney/43453775/, Colgate beats Boston U. 77-69 in Patriot League tourney, 0
https://www.usatoday.com/https://www.usatoday.com/story/sports/soccer/2021/03/06/lewandowski-hat-trick-as-bayern-rallies-to-beat-dortmund-4-2/115533842/, Leipzig moves top of Bundesliga before Bayern-Dortmund clash, 0
https://www.usatoday.com/https://www.usatoday.com/story/sports/nhl/2021/03/06/barzal-shines-as-islanders-beat-sabres-for-4th-straight-win/115533872/, Barzal shines as Islanders beat Sabres for 4th straight win, 0
https://www.usatoday.com/https://www.usatoday.com/story/sports/nhl/2021/03/06/mccanns-late-goal-lifts-penguins-past-flyers-4-3/43454253/, McCann's late goal lifts Penguins past Flyers 4-3, 0
https://www.usatoday.com/https://www.usatoday.com/story/sports/nhl/2021/03/06/rolling-rangers-sweep-devils-hand-nj-5th-straight-loss/115533852/, Rolling Rangers sweep Devils| hand NJ 5th straight loss, 0
https://www.usatoday.com/https://www.usatoday.com/story/sports/tennis/2021/03/06/andrey-rublev-to-play-marton-fucsovics-in-rotterdam-final/43453781/, Andrey Rublev to play Marton Fucsovics in Rotterdam final, 0
https://www.usatoday.com/https://www.usatoday.com/story/sports/ncaaf/2021/03/06/baker-leads-s-illinois-return-over-youngstown-st/115533850/, Baker leads S. Illinois' return over Youngstown St., 0
https://www.usatoday.com/https://www.usatoday.com/story/sports/ncaaf/2021/03/06/explosive-lee-gets-delaware-going-in-blowout-of-maine/43453867/, Explosive Lee gets Delaware going in blowout of Maine, 0
https://www.usatoday.com/https://www.usatoday.com/story/sports/ncaaf/2021/03/06/mancuso-leads-richmond-past-william-mary-21-14/115533908/, Mancuso leads Richmond past William & Mary 21-14, 0
https://www.usatoday.com/https://www.usatoday.com/videos/news/nation/2021/03/06/ap-top-stories-march-6-p/4612736001/, AP Top Stories March 6 P, 0
https://www.usatoday.com/https://www.usatoday.com/story/sports/mlb/2021/03/06/veteran-lefty-jose-alvarez-giants-reach-115m-1-year-deal/115533914/, Veteran lefty Jose Alvarez| Giants reach $1.15M| 1-year deal, 0
https://www.usatoday.com/https://www.usatoday.com/story/sports/ncaab/2021/03/06/jantunen-plummer-each-score-15-utah-cruises-by-arizona-st/43453869/, Jantunen| Plummer each score 15| Utah cruises by Arizona St, 0
https://www.usatoday.com/https://www.usatoday.com/story/sports/ncaab/2021/03/06/kinsey-taylor-lead-marshall-over-charlotte-75-66/115533916/, Kinsey| Taylor lead Marshall over Charlotte 75-66, 0
https://www.usatoday.com/https://www.usatoday.com/story/sports/ncaaf/2021/03/06/bridy-has-2-td-runs-leads-vmi-over-western-carolina-30-7/43453885/, Bridy has 2 TD runs| leads VMI over Western Carolina 30-7, 0
https://www.usatoday.com/https://www.usatoday.com/story/sports/golf/2021/03/06/tiger-woods-history-ambien-raises-questions-latest-crash/4611397001/, Tiger Woods' history with Ambien raises questions about latest crash, 0
https://www.usatoday.com/https://www.usatoday.com/story/sports/ncaaf/2021/03/06/james-madison-rallies-in-fourth-quarter-to-beat-elon-20-17/115533964/, James Madison rallies in fourth quarter to beat Elon 20-17, 0
https://www.usatoday.com/https://www.usatoday.com/story/sports/ncaaw/2021/03/06/cunane-no-3-nc-state-avoid-upset-reach-acc-title-game/115533962/, Cunane| No. 3 NC State avoid upset| reach ACC title game, 0
https://www.usatoday.com/https://www.usatoday.com/story/sports/nhl/2021/03/06/mathew-barzal-islanders-goal-year-candidate-sabres/4611970001/, Islanders' Mathew Barzal scores goal of the year candidate vs. Sabres, 0
https://www.usatoday.com/https://www.usatoday.com/story/sports/soccer/2021/03/06/morata-scores-twice-in-juves-3-1-comeback-win-over-lazio/115533992/, Morata scores twice in Juve's 3-1 comeback win over Lazio, 0
https://www.usatoday.com/https://www.usatoday.com/story/sports/ncaab/2021/03/06/edey-no-23-purdue-beat-indiana-for-9th-straight-time/43453887/, Edey| No. 23 Purdue beat Indiana for 9th straight time, 0
https://www.usatoday.com/https://www.usatoday.com/sitemap/2021/march/6/, 1, 0
https://www.usatoday.com/https://www.usatoday.com/sitemap/2021/march/6/?page=2, 2, 0
