https://www.usatoday.com/https://www.usatoday.com/story/sports/nba/2021/03/08/hawks-forward-cam-reddish-has-procedure-on-right-achilles/115540556/, Hawks forward Cam Reddish has procedure on right Achilles, 0
https://www.usatoday.com/https://www.usatoday.com/story/sports/soccer/2021/03/08/matchday-juventus-dortmund-injury-fears-ease-ahead-of-cl/115540558/, MATCHDAY: Juventus| Dortmund injury fears ease ahead of CL, 0
https://www.usatoday.com/https://www.usatoday.com/story/sports/sports-betting/2021/03/08/2021-players-championship-fantasy-golf-power-rankings/115540572/, 2021 Players Championship Fantasy Golf Power Rankings, 0
https://www.usatoday.com/https://www.usatoday.com/videos/news/2021/03/09/mothers-biracial-children-react-meghan-and-harry-interview/4637974001/, Mothers of biracial children react to Meghan and Harry interview, 0
https://www.usatoday.com/https://www.usatoday.com/story/sports/nfl/2021/03/08/cowboys-qb-prescott-finally-have-agreement-on-new-contract/115540586/, Cowboys| QB Prescott finally agree on $160 million contract, 0
https://www.usatoday.com/https://www.usatoday.com/story/sports/nfl/cowboys/2021/03/08/cowboys-dak-prescott-agree-four-year-contract-160-million/4637935001/, Dak Prescott| Cowboys agree to terms on 4-year deal worth $160 million, 0
https://www.usatoday.com/https://www.usatoday.com/story/sports/mlb/2021/03/08/white-sox-2b-madrigal-progressing-in-his-return-from-surgery/43456351/, White Sox 2B Madrigal progressing in his return from surgery, 0
https://www.usatoday.com/https://www.usatoday.com/story/opinion/todaysdebate/2021/03/08/meghan-harry-royal-family-lead-diversity-mental-health-editorials-debates/4630414001/, Meghan & Harry: Royal family could have led on diversity| mental health, 0
https://www.usatoday.com/https://www.usatoday.com/story/sports/mlb/2021/03/08/mlb-lefty-cormier-pitched-in-1988-08-olympics-dies-at-53/115540646/, MLB lefty Cormier| pitched in 1988| '08 Olympics| dies at 53, 0
https://www.usatoday.com/https://www.usatoday.com/story/sports/nhl/2021/03/08/blackhawks-f-dach-joins-practice-in-comeback-from-surgery/115540672/, Blackhawks F Dach joins practice in comeback from surgery, 0
https://www.usatoday.com/https://www.usatoday.com/story/news/factcheck/2021/03/08/fact-check-gov-gregg-abbott-tweet-reopening-texas-fake/4619876001/, Fact check: Gov. Gregg Abbott tweet on reopening Texas is fake, 0
https://www.usatoday.com/https://www.usatoday.com/story/sports/nfl/2021/03/08/ap-source-titans-trade-2020-first-round-pick-to-dolphins/115540732/, AP source: Titans trade 2020 first-round pick to Dolphins, 0
https://www.usatoday.com/https://www.usatoday.com/story/sports/nfl/2021/03/08/ap-source-jets-place-franchise-tag-on-safety-marcus-maye/115540736/, AP source: Jets place franchise tag on safety Marcus Maye, 0
https://www.usatoday.com/https://www.usatoday.com/story/tech/reviewedcom/2021/03/08/amazon-deals-get-discounts-everything-tcl-tvs-soil-meters/4635036001/, Amazon deals: Get discounts on everything from TCL TVs to soil meters, 0
https://www.usatoday.com/https://www.usatoday.com/story/sports/nfl/2021/03/08/steelers-re-sign-center-jc-hassenauer-to-1-year-contract/43456411/, Steelers re-sign center J.C. Hassenauer to 1-year contract, 0
https://www.usatoday.com/https://www.usatoday.com/story/sports/nfl/2021/03/08/traffic-case-closed-from-raiders-josh-jacobs-crash-in-vegas/115541044/, Traffic case closed from Raiders' Josh Jacobs crash in Vegas, 0
https://www.usatoday.com/https://www.usatoday.com/story/sports/nfl/jets/2021/03/08/marcus-maye-new-york-jets-gets-franchise-tag-ahead-free-agency/4638640001/, Marcus Maye of New York Jets gets franchise tag ahead of free agency, 0
https://www.usatoday.com/https://www.usatoday.com/story/sports/nfl/titans/2021/03/08/tennessee-titans-isaiah-wilson-trade-miami-dolphins/4638686001/, Tennessee Titans' Isaiah Wilson traded to Miami Dolphins, 0
https://www.usatoday.com/https://www.usatoday.com/videos/news/nation/2021/03/09/oprah-winfrey-asked-his-cell-number-and-now-jesse-collins-producing-oscars/4638754001/, Oprah Winfrey asked for his cell number and now Jesse Collins is producing the Oscars, 0
https://www.usatoday.com/https://www.usatoday.com/story/sports/mlb/2021/03/08/foltynewicz-velo-strong-in-all-stars-fresh-start-with-texas/43456413/, Foltynewicz velo strong in All-Star's fresh start with Texas, 0
https://www.usatoday.com/https://www.usatoday.com/videos/entertainment/2021/03/09/oprah-winfrey-asked-his-cell-number-and-now-jesse-collins-producing-oscars/4638756001/, Oprah Winfrey asked for his cell number and now Jesse Collins is producing the Oscars, 0
https://www.usatoday.com/https://www.usatoday.com/story/sports/ncaaw/2021/03/08/mays-not-returning-as-smu-womens-coach-after-5-seasons/115540856/, Mays not returning as SMU women's coach after 5 seasons, 0
https://www.usatoday.com/https://www.usatoday.com/story/sports/ncaab/2021/03/08/burford-lifts-elon-past-hofstra-76-58-in-caa-tourney/115540874/, Burford lifts Elon past Hofstra 76-58 in CAA tourney, 0
https://www.usatoday.com/https://www.usatoday.com/story/nletter/For-the-love-of-the-game/2021/03/08/high-schooler-excels-sports-without-hands-legs/4624895001/, High schooler excels in sports without hands| legs, 0
https://www.usatoday.com/https://www.usatoday.com/story/sports/mlb/2021/03/08/astros-boost-rotation-by-signing-odorizzi-to-2-year-deal/43456419/, Astros boost rotation with Odorizzi's late deal, 0
https://www.usatoday.com/https://www.usatoday.com/story/sports/nfl/columnist/nate-davis/2021/03/08/dak-prescott-contract-dallas-cowboys-winners-losers/4638266001/, Dak Prescott| Cowboys have new deal; breaking down winners and losers, 0
https://www.usatoday.com/https://www.usatoday.com/story/sports/nfl/2021/03/08/washington-franchise-tags-all-pro-guard-scherff-for-2nd-time/43456425/, Washington franchise tags All-Pro guard Scherff for 2nd time, 0
https://www.usatoday.com/https://www.usatoday.com/story/news/nation/2021/03/08/covid-19-cases-fall-california-but-state-could-experience-fourth-wave/4633659001/, COVID-19 cases fall in California| but state could experience a fourth wave, 0
https://www.usatoday.com/https://www.usatoday.com/story/sports/ncaab/2021/03/08/patton-lifts-cleveland-st-past-milwaukee-71-65-in-horizon/115540948/, Patton lifts Cleveland St. past Milwaukee 71-65 in Horizon, 0
https://www.usatoday.com/https://www.usatoday.com/story/sports/nfl/washington/2021/03/08/brandon-scherff-gets-franchise-tag-washington-football-team/4639288001/, Brandon Scherff gets franchise tag again from Washington Football Team, 0
https://www.usatoday.com/https://www.usatoday.com/story/sports/ncaab/2021/03/08/uncg-wins-socon-gets-ncaa-berth-after-69-61-win-over-mercer/43456609/, UNCG wins SoCon| gets NCAA berth after 69-61 win over Mercer, 0
https://www.usatoday.com/https://www.usatoday.com/story/sports/ncaab/2021/03/08/app-state-returns-to-ncaa-tourney-for-1st-time-since-2000/43456443/, App State returns to NCAA tourney for 1st time since 2000, 0
https://www.usatoday.com/https://www.usatoday.com/story/sports/ncaaw/2021/03/08/no-1-uconn-routs-marquette-for-19th-big-east-championship/43456445/, No. 1 UConn routs Marquette for 19th Big East championship, 0
https://www.usatoday.com/https://www.usatoday.com/story/entertainment/tv/2021/03/09/bachelor-matt-dad-talk-before-rachael-bri-michelle-fantasy-suites/4620429001/, 'Bachelor': Matt| dad talk before Rachael| Bri| Michelle fantasy suite, 0
https://www.usatoday.com/https://www.usatoday.com/story/entertainment/celebrities/2021/03/08/the-voice-nick-jonas-hits-head-button-over-john-legend-block/4635914001/, 'The Voice': Nick Jonas hits head on button over John Legend block, 0
https://www.usatoday.com/https://www.usatoday.com/story/sports/ncaab/2021/03/08/murray-scores-22-to-lift-rider-over-canisius-78-76-in-maac/115540974/, Murray scores 22 to lift Rider over Canisius 78-76 in MAAC, 0
https://www.usatoday.com/https://www.usatoday.com/story/sports/ncaab/2021/03/08/obanor-wins-it-at-buzzer-oral-roberts-beats-sdsu-in-summit/43456461/, Obanor wins it at buzzer| Oral Roberts beats SDSU in Summit, 0
https://www.usatoday.com/https://www.usatoday.com/story/sports/ncaaw/2021/03/08/no-6-baylor-women-end-regular-season-96-73-over-no-17-wvu/43456523/, No. 6 Baylor women end regular season 96-73 over No. 17 WVU, 0
https://www.usatoday.com/https://www.usatoday.com/story/sports/ncaaw/2021/03/08/top-ranked-uconn-routs-marquette-for-19th-big-east-title/43456521/, Top-ranked UConn routs Marquette for 19th Big East title, 0
https://www.usatoday.com/https://www.usatoday.com/story/sports/nhl/2021/03/08/kahkonen-gets-1st-shutout-as-wild-beat-golden-knights-2-0/115540988/, Kahkonen gets 1st shutout as Wild beat Golden Knights 2-0, 0
https://www.usatoday.com/https://www.usatoday.com/story/sports/ncaab/2021/03/08/no-1-gonzaga-blows-out-saint-marys-78-55-in-wcc-semifinals/43456463/, No. 1 Gonzaga blows out Saint Mary's 78-55 in WCC semifinals, 0
https://www.usatoday.com/https://www.usatoday.com/story/sports/ncaaf/big12/2021/03/08/les-miles-kansas-mutually-agree-part-ways-amid-lsu-probe/4626228001/, Les Miles| Kansas mutually agree to part ways amid LSU investigation, 0
https://www.usatoday.com/https://www.usatoday.com/story/sports/ncaaf/2021/03/08/les-miles-ousted-as-head-football-coach-at-kansas-after-revelations-of-inappropriate-behavior-with-w/115541018/, Les Miles ousted as head football coach at Kansas after revelations of inappropriate behavior with women at LSU, 0
https://www.usatoday.com/https://www.usatoday.com/videos/sports/nfl/whatimhearing/2021/03/09/how-dak-prescott-dallas-cowboys-finally-reached-4-year-deal/4639890001/, How Dak Prescott| Dallas Cowboys finally reached a 4-year deal, 0
https://www.usatoday.com/https://www.usatoday.com/story/sports/ncaaf/2021/03/08/miles-out-at-kansas-after-lsu-report-revealed-allegations/43456477/, Miles out at Kansas over behavior with women while at LSU, 0
https://www.usatoday.com/https://www.usatoday.com/story/sports/nhl/2021/03/08/kanes-ot-goal-leads-sharks-past-blues-3-2/115541030/, Kane's goal in OT leads Sharks past Blues 3-2, 0
https://www.usatoday.com/https://www.usatoday.com/story/sports/ncaab/2021/03/08/oladapos-19-leads-oakland-over-n-kentucky-69-58-in-horizon/43456481/, Oladapo's 19 leads Oakland over N. Kentucky 69-58 in Horizon, 0
https://www.usatoday.com/https://www.usatoday.com/story/sports/nhl/2021/03/08/larsson-scores-raanta-enters-late-as-coyotes-beat-avs-3-2/43456483/, Raanta enters late| helps Coyotes hold off Avalanche 3-2, 0
https://www.usatoday.com/https://www.usatoday.com/story/tech/2021/03/09/facebook-instagram-covid-vaccine-suggested-posts-misinformation/4637566001/, COVID-19 vaccine: Instagram suggested anti-vaccine misinformation, 0
https://www.usatoday.com/https://www.usatoday.com/story/money/markets/2021/03/09/harassment-workplace-analyst-claims-anti-arab-muslim-behavior-blackrock/4630721001/, Harassment: Analyst claims anti-Arab| Muslim behavior at BlackRock, 0
https://www.usatoday.com/https://www.usatoday.com/story/money/2021/03/09/stimulus-checks-unemployment-benefits-covid-relief-package-economy/6894224002/, COVID-19 relief package: $1|400 checks| $300 bonus for federal unemployment benefits, 0
https://www.usatoday.com/https://www.usatoday.com/story/sports/nhl/2021/03/09/sharks-close-out-homestand-with-3-2-overtime-win-over-blues/43456501/, Sharks close out homestand with 3-2 overtime win over Blues, 0
https://www.usatoday.com/https://www.usatoday.com/story/sports/ncaab/2021/03/09/butler-carries-drexel-past-northeastern-74-67-in-caa-tourney/43456509/, Butler carries Drexel past Northeastern 74-67 in CAA tourney, 0
https://www.usatoday.com/https://www.usatoday.com/story/sports/ncaab/2021/03/09/kreuser-leads-n-dakota-st-past-s-dakota-79-75-in-summit/115541056/, Kreuser leads N. Dakota St. past S. Dakota 79-75 in Summit, 0
https://www.usatoday.com/https://www.usatoday.com/story/sports/nhl/2021/03/09/henrique-rakell-propel-ducks-to-6-5-win-over-kings-in-ot/115541066/, Henrique| Rakell propel Ducks to 6-5 win over Kings in OT, 0
https://www.usatoday.com/https://www.usatoday.com/story/sports/nhl/2021/03/09/canucks-win-3rd-straight-topping-canadiens-2-1-in-shootout/115541082/, Canucks win 3rd straight| topping Canadiens 2-1 in shootout, 0
https://www.usatoday.com/https://www.usatoday.com/videos/news/nation/2021/03/09/volunteers-fuel-seattle-covid-vaccination-clinic/4640441001/, Volunteers fuel Seattle COVID vaccination clinic, 0
https://www.usatoday.com/https://www.usatoday.com/story/sports/nhl/2021/03/09/draisaitl-ends-drought-oilers-hold-off-senators-3-2/43456551/, Draisaitl ends drought| Oilers hold off Senators 3-2, 0
https://www.usatoday.com/https://www.usatoday.com/story/news/2021/03/09/covid-19-relief-plan-derek-chauvin-trial-5-things-know-tuesday/4595034001/, COVID-19 relief plan| Derek Chauvin trial: 5 things to know Tuesday, 0
https://www.usatoday.com/https://www.usatoday.com/story/news/50-states/2021/03/09/fermenting-skills-exodus-debunked-nurse-strike-news-around-states/115541110/, Fermenting skills| exodus debunked: News from around our 50 states, 0
https://www.usatoday.com/https://www.usatoday.com/story/sports/ncaab/2021/03/09/woeful-washington-season-raising-pressure-on-mike-hopkins/115541122/, Woeful Washington season increasing pressure on Mike Hopkins, 0
https://www.usatoday.com/https://www.usatoday.com/story/sports/nba/2021/03/09/analysis-a-few-days-off-are-just-what-lebron-james-needs/43456519/, Analysis: A few days off are just what LeBron James needs, 0
https://www.usatoday.com/https://www.usatoday.com/story/news/politics/2021/03/09/stimulus-check-updates-covid-relief-bill-verge-house-passage/4630320001/, Stimulus check updates: COVID relief bill on verge of House passage, 0
https://www.usatoday.com/https://www.usatoday.com/story/opinion/2021/03/09/cdc-school-opening-covid-rules-guidance-column/4628552001/, CDC researchers: CDC misinterpreted our research on opening schools, 0
https://www.usatoday.com/https://www.usatoday.com/story/sports/ncaab/2021/03/09/byu-beats-pepperdine-in-ot-to-reach-wcc-final-vs-no-1-zags/43456539/, BYU beats Pepperdine in OT to reach WCC final vs No. 1 Zags, 0
https://www.usatoday.com/https://www.usatoday.com/story/opinion/2021/03/09/its-time-fight-against-passage-voter-suppression-laws-column/4622269001/, Voting laws: Time to fight back against voter suppression bills, 0
https://www.usatoday.com/https://www.usatoday.com/videos/news/nation/2021/03/09/coronavirus-shatters-dreams-brazil-violinist/4640765001/, Coronavirus shatters dreams of Brazil violinist, 0
https://www.usatoday.com/https://www.usatoday.com/story/sports/olympics/2021/03/09/gymnastics-test-event-canceled-ahead-of-tokyo-olympics/43456569/, Gymnastics test event for Tokyo Olympics canceled, 0
https://www.usatoday.com/https://www.usatoday.com/story/opinion/2021/03/09/andrew-cuomo-trump-covid-press-bias-column/4630240001/, Andrew Cuomo made Trump look bad. With Trump gone| Cuomo's gig is up., 0
https://www.usatoday.com/https://www.usatoday.com/story/news/politics/2021/03/09/biden-doj-pick-vanita-gupta-face-senate-hearing-queries-police/4625966001/, Biden DOJ pick Vanita Gupta to face Senate hearing| queries on police, 0
https://www.usatoday.com/https://www.usatoday.com/story/tech/2021/03/09/facebook-apple-iphone-data-privacy-ios-14-lawsuit-feud/6888907002/, Why Facebook| Apple want to control what your iPhone shares, 0
https://www.usatoday.com/https://www.usatoday.com/story/sports/sports-betting/2021/03/09/new-york-rangers-at-pittsburgh-penguins-odds-picks-and-prediction/115541126/, New York Rangers at Pittsburgh Penguins odds| picks and prediction, 0
https://www.usatoday.com/https://www.usatoday.com/videos/news/nation/2021/03/09/tony-hawk-talks-new-extreme-sports-doc-series-go-forth/4640807001/, Tony Hawk talks new extreme sports doc series| 'Go Forth', 0
https://www.usatoday.com/https://www.usatoday.com/videos/entertainment/2021/03/09/tony-hawk-talks-new-extreme-sports-doc-series-go-forth/4640808001/, Tony Hawk talks new extreme sports doc series| 'Go Forth', 0
https://www.usatoday.com/https://www.usatoday.com/story/news/health/2021/03/09/hospitals-report-worst-covid-19-pandemics-third-wave-has-past/4627798001/, Hospitals report worst of COVID-19 pandemic's third wave has past, 0
https://www.usatoday.com/https://www.usatoday.com/story/opinion/2021/03/09/why-reducing-violence-essential-prison-reform-work-column/4626310001/, Why reducing violence is essential for prison reform to work, 0
https://www.usatoday.com/https://www.usatoday.com/story/news/health/2021/03/09/covid-19-vaccine-us-surplus-april-coronavirus/4595458001/, COVID-19 vaccine| scarce now| could be in surplus across US by April, 0
https://www.usatoday.com/https://www.usatoday.com/story/money/investing/2021/03/09/worried-about-a-stock-market-crash-5-ways-to-be-ready/115538622/, How to get your portfolio ready for a stock market crash, 0
https://www.usatoday.com/https://www.usatoday.com/story/sports/sports-betting/2021/03/09/nashville-predators-at-carolina-hurricanes-odds-picks-and-prediction/115541132/, Nashville Predators at Carolina Hurricanes odds| picks and prediction, 0
https://www.usatoday.com/https://www.usatoday.com/story/sports/soccer/2021/03/09/neymar-not-ready-to-face-barcelona-in-champions-league/115541146/, Neymar not ready to face Barcelona in Champions League, 0
https://www.usatoday.com/https://www.usatoday.com/story/sports/ncaab/2021/03/09/march-madness-bubble-tracker-duke-kentucky-ncaa-tournament-bracket/4629393001/, Bubble Tracker: How Duke and Kentucky could blow up the bracket, 0
https://www.usatoday.com/https://www.usatoday.com/story/news/health/2021/03/09/covid-update-cdc-guidelines-school-reoepenings/4638434001/, COVID live updates: CDC vaccination guidelines; stimulus check vote, 0
https://www.usatoday.com/https://www.usatoday.com/story/news/politics/2021/03/09/house-begin-final-debates-over-joe-bidens-covid-19-stimulus-bill/4637246001/, Live stimulus updates: House to vote on Biden's COVID bill Wednesday, 0
https://www.usatoday.com/https://www.usatoday.com/story/sports/sports-betting/2021/03/09/tampa-bay-lightning-at-detroit-red-wings-odds-picks-and-prediction/115541182/, Tampa Bay Lightning at Detroit Red Wings odds| picks and prediction, 0
https://www.usatoday.com/https://www.usatoday.com/videos/news/nation/2021/03/09/ap-top-stories-march-9-2021/4640879001/, AP Top Stories March 9 2021, 0
https://www.usatoday.com/https://www.usatoday.com/story/news/nation/2021/03/09/derek-chauvin-trial-live-jury-selection-begin-tuesday/4635833001/, Derek Chauvin trial live: Jury selection ends for day after 3 seated, 0
https://www.usatoday.com/https://www.usatoday.com/story/sports/ncaaf/big12/2021/03/09/les-miles-out-kansas-jayhawks-football-tough-spot-no-coach/4611887001/, Les Miles out at Kansas: Jayhawks football in tough spot with no coach, 0
https://www.usatoday.com/https://www.usatoday.com/videos/news/nation/2021/03/09/day-9-march-2000/4640898001/, On This Day: 9 March 2000, 0
https://www.usatoday.com/https://www.usatoday.com/videos/entertainment/2021/03/09/day-9-march-2000/4640902001/, On This Day: 9 March 2000, 0
https://www.usatoday.com/https://www.usatoday.com/videos/news/nation/2021/03/09/two-giraffes-dead-after-virginia-zoo-barn-fire/4640938001/, Two giraffes dead after Virginia zoo barn fire, 0
https://www.usatoday.com/https://www.usatoday.com/videos/news/nation/2021/03/09/showbiz-minute-harry-and-meghan-bts-michelle-obama/4640939001/, ShowBiz Minute: Harry and Meghan| BTS| Michelle Obama, 0
https://www.usatoday.com/https://www.usatoday.com/videos/entertainment/2021/03/09/showbiz-minute-harry-and-meghan-bts-michelle-obama/4640940001/, ShowBiz Minute: Harry and Meghan| BTS| Michelle Obama, 0
https://www.usatoday.com/https://www.usatoday.com/videos/money/business/2021/03/09/burger-king-tweets-women-belong-kitchen/4640858001/, Burger King tweets ‘Women belong in the kitchen’, 0
https://www.usatoday.com/https://www.usatoday.com/story/nletter/2021/03/09/covid-19-relief-plan-derek-chauvin-trial-daily-briefing/4640797001/, COVID-19 relief plan| Derek Chauvin trial: Daily Briefing, 0
https://www.usatoday.com/https://www.usatoday.com/story/sports/ftw/2021/03/09/cowboys-jerry-jones-dak-prescott-right-move/4640936001/, Cowboys: Always weird when Jerry Jones does the right thing, 0
https://www.usatoday.com/https://www.usatoday.com/story/entertainment/books/2021/03/09/black-panther-tales-of-wakanda-marvel/6868879002/, 'Tales of Wakanda': Black writers imagine new 'Black Panther' stories, 0
https://www.usatoday.com/https://www.usatoday.com/story/news/nation/2021/03/09/daylight-saving-time-2021-what-to-know-debate/4593968001/, Daylight saving time 2021 is March 14: DST controversy| explained, 0
https://www.usatoday.com/https://www.usatoday.com/story/money/columnist/2021/03/09/parenting-education-programs-can-help-manage-work-life-needs-ask-hr/4598895001/, Parenting education programs can help manage work-life needs. Ask HR., 0
https://www.usatoday.com/https://www.usatoday.com/story/opinion/voices/2021/03/09/shakespeare-cancel-culture-english-literature-disrupt-texts-column/4629748001/, Diversifying literature isn't a 'cancel culture' attack on Shakespeare, 0
https://www.usatoday.com/https://www.usatoday.com/story/travel/advice/2021/03/09/covid-travel-how-plan-perfect-state-road-trip/4632173001/, COVID travel: How to plan the perfect in-state road trip, 0
https://www.usatoday.com/https://www.usatoday.com/story/money/personalfinance/retirement/2021/03/09/retirement-401-k-vs-ira-vs-roth/43453281/, Which retirement account is better: 401(k)| IRA or Roth IRA?, 0
https://www.usatoday.com/https://www.usatoday.com/story/sports/mlb/columnist/bob-nightengale/2021/03/09/spring-training-jackie-bradley-jr-starts-new-milwaukee-brewers/4637318001/, Spring training: Jackie Bradley Jr. starts new with Milwaukee Brewers, 0
https://www.usatoday.com/https://www.usatoday.com/story/news/health/2021/03/09/how-to-get-texts-about-unusued-covid-vaccine-dr-b/4540008001/, COVID vaccine near me: Dr. B standby list texts about unused vaccines, 0
https://www.usatoday.com/https://www.usatoday.com/story/sports/nfl/cardinals/2021/03/09/patrick-peterson-awaits-after-arizona-cardinals-sign-j-j-watt/4629933001/, Patrick Peterson awaits clarity after Arizona Cardinals sign J.J. Watt, 0
https://www.usatoday.com/https://www.usatoday.com/videos/news/nation/2021/03/09/georgia-senate-votes-curb-absentee-ballots/4641012001/, Georgia Senate votes to curb absentee ballots, 0
https://www.usatoday.com/https://brackets.usatoday.com/?itm_source=usat&itm_medium=flag&itm_campaign=brackets-bnm&itm_content=sports, MEN'S & WOMEN'S BRACKETS!, 0
https://www.usatoday.com/https://brackets.usatoday.com/?itm_source=usat&itm_medium=flag&itm_campaign=brackets-bnm&itm_content=home, MEN'S & WOMEN'S BRACKETS!, 0
https://www.usatoday.com/https://www.usatoday.com/story/travel/airline-news/2021/03/09/covid-travel-airlines-ask-biden-create-standardized-documentation/4641104001/, COVID travel: Airlines ask Biden to create standardized documentation, 0
https://www.usatoday.com/https://www.usatoday.com/story/sports/sports-betting/2021/03/09/boston-college-vs-duke-odds-picks-and-prediction/115541408/, Boston College vs. Duke odds| picks and prediction, 0
https://www.usatoday.com/https://www.usatoday.com/story/sports/mlb/royals/2021/03/09/bobby-witt-jr-484-foot-home-run-royals/4641051001/, Bobby Witt Jr.| Royals top prospect| hits a home run 484 feet, 0
https://www.usatoday.com/https://www.usatoday.com/story/life/health-wellness/2021/03/09/what-well-miss-after-going-back-work-post-covid-vaccine/4592661001/, Life after COVID: What we'll miss when we're back to work post-vaccine, 0
https://www.usatoday.com/https://brackets.usatoday.com/?itm_source=usat&itm_medium=discover&itm_campaign=brackets-bnm&itm_content=sports, Create a bracket & pool! 🏀, 0
https://www.usatoday.com/https://www.usatoday.com/videos/news/nation/2021/03/09/workers-creative-industries-struggling-during-pandemic/4641283001/, Workers in the creative industries struggling during pandemic, 0
https://www.usatoday.com/https://www.usatoday.com/videos/entertainment/2021/03/09/workers-creative-industries-struggling-during-pandemic/4641304001/, Workers in the creative industries struggling during pandemic, 0
https://www.usatoday.com/https://www.usatoday.com/story/news/nation/2021/03/09/kaupakalua-dam-maui-evacuations-ordered-after-heavy-rains-breach-dam/4641274001/, Kaupakalua Dam: Maui evacuations ordered after fear of dam breach, 0
https://www.usatoday.com/https://www.usatoday.com/story/sports/soccer/2021/03/09/bundesliga-generated-45-billion-amid-pandemic-last-season/43456717/, Bundesliga generated $4.5 billion amid pandemic last season, 0
https://www.usatoday.com/https://www.usatoday.com/story/sports/nfl/raiders/2021/03/09/trent-brown-traded-raiders-patriots-2022-draft-picks/4641096001/, Trent Brown traded by Raiders to Patriots for 2022 draft pick swaps, 0
https://www.usatoday.com/https://www.usatoday.com/videos/news/nation/2021/03/09/nba-star-russell-westbrook-his-philanthropy/4641376001/, NBA star Russell Westbrook on his philanthropy, 0
https://www.usatoday.com/https://www.usatoday.com/videos/news/nation/2021/03/09/ap-norc-poll-pandemic-still-weakening-us-wallets/4641378001/, AP-NORC poll: Pandemic still weakening US wallets, 0
https://www.usatoday.com/https://www.usatoday.com/story/sports/soccer/2021/03/09/lw-to-quit-as-germany-coach-after-european-championship/43456743/, Löw to quit as Germany coach after European Championship, 0
https://www.usatoday.com/https://www.usatoday.com/story/sports/olympics/2021/03/09/cortina-craves-bobsled-revival-with-2026-olympics/115541682/, Cortina craves bobsled revival with 2026 Olympics, 0
https://www.usatoday.com/https://www.usatoday.com/story/nletter/2021/03/09/daily-money-03-09-21/4641440001/, Daily Money 03-09-21, 0
https://www.usatoday.com/https://brackets.usatoday.com/?itm_source=usat&itm_medium=discover&itm_campaign=brackets-bnm&itm_content=home, Create a bracket & pool! 🏀, 0
https://www.usatoday.com/https://www.usatoday.com/videos/entertainment/movies/2021/03/09/sawyer-spielberg-discusses-starring-role-horror-film-honeydew/4629869001/, Sawyer Spielberg discusses starring role in the horror film 'Honeydew', 0
https://www.usatoday.com/https://www.usatoday.com/story/entertainment/movies/2021/03/09/sawyer-spielberg-steven-spielberg-son-stars-scary-honeydew/4581512001/, Sawyer Spielberg| Steven Spielberg's son| stars in scary 'Honeydew', 0
https://www.usatoday.com/https://www.reviewed.com/cleaning/features/12-myths-killing-coronavirus-home?utm_source=usat&utm_medium=referral&utm_campaign=collab, Busted! 12 myths about killing the coronavirus, 0
https://www.usatoday.com/https://www.usatoday.com/story/entertainment/celebrities/2021/03/09/michelle-obama-mia-hamm-national-women-hall-fame-2021/4641571001/, Michelle Obama| Mia Hamm join National Women's Hall of Fame 2021 class, 0
https://www.usatoday.com/https://www.usatoday.com/story/sports/ncaaf/2021/03/09/report-finds-no-racist-intent-behind-song-eyes-of-texas/115541768/, Report finds 'no racist intent' behind song 'Eyes of Texas', 0
https://www.usatoday.com/https://www.usatoday.com/story/entertainment/celebrities/2021/03/09/biden-dogs-delaware-while-jill-biden-travels-white-house-says/4640961001/, Biden dogs temporarily in Delaware after Major caused 'minor injury', 0
https://www.usatoday.com/https://www.usatoday.com/videos/entertainment/celebrities/2021/03/09/michelle-obama-inducted-into-womens-hall-fame/4641731001/, Michelle Obama will be inducted into Women’s Hall of Fame, 0
https://www.usatoday.com/https://www.usatoday.com/story/tech/2021/03/09/peloton-rival-sams-club-unveils-exercise-bike-stores-799/4641330001/, Peloton rival: Sam's Club unveils exercise bike at stores for $799, 0
https://www.usatoday.com/https://www.usatoday.com/story/news/politics/2021/03/09/psaki-white-house-faces-difficult-choices-surge-migrant-kids/4641357001/, Psaki: White House faces ‘difficult choices’ in surge of migrant kids, 0
https://www.usatoday.com/https://www.usatoday.com/story/sports/sports-betting/2021/03/09/chicago-blackhawks-at-dallas-stars-odds-picks-and-prediction/115541824/, Chicago Blackhawks at Dallas Stars odds| picks and prediction, 0
https://www.usatoday.com/https://www.usatoday.com/story/sports/college/softball/2021/03/09/maya-brady-tom-brady-ucla/4641513001/, Who is Maya Brady? Meet Tom Brady's niece| UCLA softball standout, 0
https://www.usatoday.com/https://www.usatoday.com/story/opinion/2021/03/09/royal-poem-meghan-markle-lesle-honore-racial-justice-black/4637926001/, Meghan Markle poem by Leslé Honoré talks about race| being Black, 0
https://www.usatoday.com/https://www.usatoday.com/story/sports/golf/2021/03/09/players-championship-marks-a-year-since-pandemic-halted-golf/115541886/, Players Championship marks a year since pandemic halted golf, 0
https://www.usatoday.com/https://www.usatoday.com/story/money/2021/03/09/unilever-drops-normal-beauty-products-support-inclusivity/4641160001/, Unilever drops 'normal' from beauty products to support inclusivity, 0
https://www.usatoday.com/https://www.usatoday.com/story/sports/ncaaf/big12/2021/03/09/eyes-of-texas-committee-report-determines-song-no-racist-intent/4642140001/, ‘Eyes of Texas’ committee report determines ‘no racist intent’ in song, 0
https://www.usatoday.com/https://www.usatoday.com/story/sports/media/2021/03/09/eli-manning-college-football-show-espn/4641856001/, Ex-NFL| Giants QB Eli Manning to have college football show on ESPN+, 0
https://www.usatoday.com/https://www.usatoday.com/story/news/nation/2021/03/09/derek-chauvin-trial-impartial-jury-selection/4585597001/, Derek Chauvin trial jury: How will lawyers find impartial jurors?, 0
https://www.usatoday.com/https://www.usatoday.com/story/money/cars/2021/03/09/kia-recall-optima-soul-forte-sorento/4642536001/, Kia recall: Optima| Soul| Forte| Sorento vehicles face fire risk, 0
https://www.usatoday.com/https://www.usatoday.com/picture-gallery/news/nation/2021/03/09/spring-break-2021-college-students-return-beaches-amid-covid-19-coronavirus-pandemic/4642334001/, Spring Break 2021: College students return to beaches amid pandemic, 0
https://www.usatoday.com/https://www.usatoday.com/videos/news/nation/2021/03/09/miami-woman-feeding-thousands-surprised-car/4642676001/, Miami woman feeding thousands surprised with car, 0
https://www.usatoday.com/https://www.reviewed.com/home-outdoors/features/best-things-to-buy-at-staples?utm_source=usat&utm_medium=referral&utm_campaign=collab, Here are the best things to buy at Staples, 0
https://www.usatoday.com/https://www.usatoday.com/videos/money/business/2021/03/09/burger-king-under-fire-women-belong-kitchen-tweet/4642810001/, Burger King under fire for 'Women belong in the kitchen' tweet, 0
https://www.usatoday.com/https://www.usatoday.com/story/sports/nfl/2021/03/09/panthers-increasing-average-ticket-price-by-3-per-game/115542106/, Panthers increasing average ticket price by $3 per game, 0
https://www.usatoday.com/https://www.usatoday.com/story/entertainment/books/2021/03/09/phantom-tollbooth-author-norton-juster-dies-91/4641946001/, 'Phantom Tollbooth' author Norton Juster dies at 9, 0
https://www.usatoday.com/https://www.usatoday.com/story/tech/reviewedcom/2021/03/09/8-best-apple-products-you-can-buy/4642285001/, The 8 best Apple products you can buy, 0
https://www.usatoday.com/https://www.usatoday.com/story/sports/mlb/2021/03/09/world-series-mlb-2021-teams-payroll/4636449001/, MLB 2021: Who's all in on World Series and who's tanking?, 0
https://www.usatoday.com/https://www.usatoday.com/story/sports/mlb/2021/03/09/ramrez-reyes-return-to-indians-after-covid-19-missteps/115542134/, Ramírez| Reyes return to Indians after COVID-19 missteps, 0
https://www.usatoday.com/https://www.usatoday.com/story/sports/ncaab/2021/03/09/alabama-senior-herbert-jones-named-aps-sec-player-of-year/43456865/, Alabama senior Herbert Jones named AP's SEC player of year, 0
https://www.usatoday.com/https://www.usatoday.com/story/news/nation/2021/03/09/jackson-mississippi-water-crisis-how-started-and-what-know/4641990001/, Jackson| Mississippi| water crisis: How it started and what to know, 0
https://www.usatoday.com/https://www.usatoday.com/story/news/world/2021/03/09/meghan-markle-prince-harry-oprah-interview-didnt-shock-black-britons/4640728001/, Meghan Markle| Prince Harry Oprah interview didn't shock Black Britons, 0
https://www.usatoday.com/https://www.usatoday.com/videos/news/world/2021/03/09/faithful-dog-runs-alongside-his-owner-he-snowboards-down-mountain/4641604001/, Faithful dog runs alongside his owner as he snowboards down a mountain, 0
https://www.usatoday.com/https://www.usatoday.com/story/sports/mlb/2021/03/09/yanks-britton-not-throwing-because-of-sore-pitching-elbow/43456887/, Yanks' Britton needs surgery to remove elbow bone chip, 0
https://www.usatoday.com/https://www.usatoday.com/story/money/2021/03/09/chipotle-launch-hand-crafted-quesadilla-mar-11/4641953001/, Chipotle to launch Hand-Crafted Quesadilla on Mar. 11, 0
https://www.usatoday.com/https://www.usatoday.com/story/money/markets/2021/03/09/technology-rebound-leads-stocks-higher/4643404001/, Technology rebound leads stocks higher, 0
https://www.usatoday.com/https://www.usatoday.com/story/entertainment/tv/2021/03/09/katie-couric-jeopardy-host-fans-give-her-mixed-reviews/4641396001/, Katie Couric as 'Jeopardy' host: Fans give her mixed reviews, 0
https://www.usatoday.com/https://www.usatoday.com/story/sports/ncaab/2021/03/09/georgia-techs-wright-named-ap-player-of-the-year-for-acc/115542202/, Georgia Tech's Wright named AP player of the year for ACC, 0
https://www.usatoday.com/https://www.usatoday.com/story/sports/sports-betting/2021/03/09/2021-players-championship-picks-sleepers-and-long-shots-to-target/115542276/, 2021 Players Championship Picks: Sleepers and long shots to target, 0
https://www.usatoday.com/https://www.usatoday.com/videos/entertainment/celebrities/2021/03/09/guy-fieri-talks-new-season-tournament-champions-and-his-pop-up/4643223001/, Guy Fieri talks new season of 'Tournament of Champions' and his pop-up, 0
https://www.usatoday.com/https://www.usatoday.com/story/entertainment/tv/2021/03/09/guy-fieri-interview-tournament-of-champions-covid-relief/4625994001/, Guy Fieri talks Food Network shows| Dolly Parton: 'She's awesome', 0
https://www.usatoday.com/https://www.usatoday.com/videos/sports/sportspulse/2021/03/09/what-expect-2021-ncaa-tournament-after-cancelled-2020/4643846001/, What will March Madness look like this year?, 0
https://www.usatoday.com/https://www.usatoday.com/story/sports/nba/2021/03/09/did-dr-anthony-fauci-help-boston-cweltibob-cousy-wonders-if-dr-anthony-fauci-senator-joe-manchin-hel/4643421001/, Did Dr. Anthony Fauci help NBA legend Bob Cousy get a vaccine?, 0
https://www.usatoday.com/https://www.usatoday.com/story/sports/sports-betting/2021/03/09/2021-players-championship-picks-1-bet-for-each-of-the-favorites/115542308/, 2021 Players Championship Picks: 1 bet for each of the favorites, 0
https://www.usatoday.com/https://www.usatoday.com/story/sports/nfl/2021/03/09/ap-source-raiders-trading-trent-brown-back-to-patriots/43456919/, AP Source: Raiders trading Trent Brown back to Patriots, 0
https://www.usatoday.com/https://www.usatoday.com/story/sports/nfl/2021/03/09/lions-sign-tyrell-williams-adding-needed-depth-at-receiver/43456935/, Lions sign Tyrell Williams| adding needed depth at receiver, 0
https://www.usatoday.com/https://www.usatoday.com/videos/news/nation/2021/03/09/today-history-march-9th/4644155001/, Today in History for March 9th, 0
https://www.usatoday.com/https://www.usatoday.com/story/sports/ncaab/2021/03/09/garza-repeats-as-big-ten-player-of-year-howard-top-coach/115542352/, Garza repeats as Big Ten player of year; Howard top coach, 0
https://www.usatoday.com/https://www.usatoday.com/videos/news/nation/2021/03/09/1960-s-civil-rights-activist-now-vaccine-activist/4644249001/, 1960s civil rights activist now vaccine activist, 0
https://www.usatoday.com/https://www.usatoday.com/story/sports/sports-betting/2021/03/09/2021-atlanta-braves-world-series-win-total-pennant-and-division-odds/115542374/, 2021 Atlanta Braves World Series| win total| pennant and division odds, 0
https://www.usatoday.com/https://www.usatoday.com/story/sports/ncaaf/big12/2021/03/09/takeaways-texas-longhorns-eyes-texas-university-report/4643724001/, Takeaways from Texas Longhorns' 'Eyes of Texas' university report, 0
https://www.usatoday.com/https://www.usatoday.com/story/sports/golf/2021/03/09/players-championship-gift-onsies-more-than-500-newborns/4644154001/, Players Championship will gift onesies to more than 500 newborns, 0
https://www.usatoday.com/https://www.usatoday.com/videos/sports/nba/sportspulse/2021/03/09/which-professional-sports-leagues-have-managed-pandemic-most-efficiently/4644322001/, Which professional sports leagues have managed the pandemic most efficiently?, 0
https://www.usatoday.com/https://www.usatoday.com/videos/life/humankind/2021/03/09/4-people-put-color-blind-glasses-first-time/4644315001/, 4 people put on color blind glasses for the first time, 0
https://www.usatoday.com/https://www.usatoday.com/story/sports/nba/2021/03/09/offense-winning-in-nba-nets-want-to-prove-it-in-playoffs/115542550/, Offense winning in NBA| Nets want to prove it in playoffs, 0
https://www.usatoday.com/https://www.usatoday.com/story/news/health/2021/03/09/lung-cancer-screening-guidelines-double-number-people-eligible/4641108001/, Lung cancer screening guidelines double number of Americans eligible, 0
https://www.usatoday.com/https://www.usatoday.com/story/sports/ncaab/2021/03/09/butler-did-it-baylor-guard-named-ap-big-12-player-of-year/43457619/, Butler did it: Baylor guard named AP Big 12 player of year, 0
https://www.usatoday.com/https://www.usatoday.com/story/sports/nfl/buccaneers/2021/03/09/bucs-franchise-tag-chris-godwin-shaquil-barrett-tampa-bay/4644212001/, Buccaneers franchise tag WR Chris Godwin| Shaquil Barrett unsigned, 0
https://www.usatoday.com/https://www.usatoday.com/videos/news/nation/2021/03/09/judge-rule-next-week-flint-water-motion/6922349002/, Judge to rule by next week on Flint water motion, 0
https://www.usatoday.com/https://www.usatoday.com/videos/sports/nba/sportspulse/2021/03/09/what-its-been-like-covering-sports-without-fans/6922254002/, What it's been like covering sports without fans, 0
https://www.usatoday.com/https://www.usatoday.com/story/sports/college/2021/03/09/college-athletic-directors-overwhelmingly-reject-pro-model-survey/4644200001/, College athletic directors overwhelmingly reject pro model: survey, 0
https://www.usatoday.com/https://www.usatoday.com/story/sports/nfl/columnist/bell/2021/03/09/dak-prescott-beat-cowboys-jerry-jones-money-contract/4643797001/, Dak Prescott beat Cowboys' Jerry Jones at his own game: money, 0
https://www.usatoday.com/https://www.usatoday.com/story/sports/soccer/2021/03/09/roger-vonlanthen-swiss-player-in-world-cup-epic-dies-at-89/115542580/, Roger Vonlanthen| Swiss player in World Cup epic| dies at 89, 0
https://www.usatoday.com/https://www.usatoday.com/story/sports/nfl/2021/03/09/nfl-franchise-tag-2021-deadline-news-what-happened/4643287001/, NFL franchise tag 2021: What happened by Tuesday's deadline, 0
https://www.usatoday.com/https://www.usatoday.com/videos/life/humankind/2021/03/09/7-people-put-color-blind-glasses-first-time/6922359002/, 7 people put on color blind glasses for the first time, 0
https://www.usatoday.com/https://www.usatoday.com/story/sports/nhl/2021/03/09/sabres-captain-eichel-out-vs-flyers-with-upper-body-injury/43457067/, Sabres captain Eichel out vs. Flyers with upper-body injury, 0
https://www.usatoday.com/https://www.usatoday.com/story/sports/mlb/2021/03/09/pedro-strop-back-in-cubs-camp-after-covid-19-issue/115542586/, Pedro Strop back in Cubs camp after COVID-19 issue, 0
https://www.usatoday.com/https://www.usatoday.com/story/news/politics/2021/03/09/vanita-gupta-lisa-monaco-go-autonomy-doj-confirmation-hearings/4641651001/, Vanita Gupta| Lisa Monaco go at autonomy in DOJ confirmation hearings, 0
https://www.usatoday.com/https://www.reviewed.com/style/features/8-shirt-jackets-transition-winter-spring?utm_source=usat&utm_medium=referral&utm_campaign=collab, 8 shirt jackets to help you transition from winter to spring, 0
https://www.usatoday.com/https://www.usatoday.com/story/sports/ncaab/2021/03/09/duarte-voted-pac-12-player-of-year-mobley-is-the-newcomer/115542662/, Duarte voted Pac-12 player of year| Mobley is the newcomer, 0
https://www.usatoday.com/https://www.usatoday.com/videos/news/nation/2021/03/09/cuomo-expands-vaccinations-60-year-olds/6923010002/, Cuomo expands vaccinations to 60-year-olds, 0
https://www.usatoday.com/https://www.usatoday.com/story/sports/ncaaf/bigten/2021/03/09/ohio-state-pauses-football-activity-because-rise-covid-19-cases/6922836002/, Ohio State pauses football activity because of rise in COVID-19 cases, 0
https://www.usatoday.com/https://www.usatoday.com/story/tech/2021/03/09/walmart-host-tiktok-shopping-event-featuring-beauty-products/4644309001/, Walmart to host TikTok shopping event| featuring beauty products, 0
https://www.usatoday.com/https://www.usatoday.com/story/news/nation/2021/03/09/sea-slugs-decapitate-their-own-heads-then-regenerate-new-bodies/4643809001/, Sea slugs decapitate their own heads| then regenerate new bodies, 0
https://www.usatoday.com/https://www.usatoday.com/story/nletter/health/2021/03/09/coronavirus-watch-we-could-soon-swimming-vaccine/4644232001/, Coronavirus Watch: We could soon be swimming in vaccine, 0
https://www.usatoday.com/https://www.usatoday.com/videos/news/weather/2021/03/09/water-rushes-down-road-hawaiis-maui-island-after-heavy-rain/4641013001/, Water rushes down road on Hawaii's Maui Island after heavy rain, 0
https://www.usatoday.com/https://www.usatoday.com/story/sports/columnist/mike-freeman/2021/03/09/eyes-of-texas-lyrics-report-ignores-song-racist-intent/4642339001/, 'Eyes of Texas' lyrics: Report wrongly ignores song's racist intent, 0
https://www.usatoday.com/https://www.usatoday.com/story/sports/mlb/2021/03/09/clevelands-jose-ramirez-franmil-reyes-return-spring-complex-covid/6923170002/, Cleveland's Jose Ramirez| Franmil Reyes return after COVID missteps, 0
https://www.usatoday.com/https://www.usatoday.com/videos/news/world/2021/03/09/sea-slug-detaches-its-head-and-regenerates-new-body/4631661001/, This sea slug detaches its head and regenerates a new body, 0
https://www.usatoday.com/https://www.usatoday.com/sitemap/2021/march/9/, 1, 0
https://www.usatoday.com/https://www.usatoday.com/sitemap/2021/march/9/?page=2, 2, 0
